{"t":"2026-09-10T15:45:19.713Z","path":"/articles/112g-linear-optics-phy","step":"verify","ok":true}
{"t":"2026-09-10T15:45:19.718Z","path":"/articles/224g-serdes-interoperability-ai-hpc","step":"verify","ok":true}
{"t":"2026-09-10T15:45:19.760Z","path":"/articles/112g-ethernet-implementations","step":"verify","ok":true}
{"t":"2026-09-10T15:45:19.821Z","path":"/articles/224g-ethernet-phy-ip","step":"verify","ok":true}
{"t":"2026-09-10T15:45:19.825Z","path":"/articles/112g-ethernet-ip","step":"verify","ok":true}
{"t":"2026-09-10T15:45:26.782Z","path":"/articles/25g-ethernet-ip-for-high-performance-data-center-socs","step":"verify","ok":true}
{"t":"2026-09-10T15:45:27.011Z","path":"/articles/224g-serdes-ip-linear-drive-optics","step":"verify","ok":true}
{"t":"2026-09-10T15:45:27.012Z","path":"/articles/25g-ethernet","step":"verify","ok":true}
{"t":"2026-09-10T15:45:27.169Z","path":"/articles/3dio-multi-die-integration","step":"verify","ok":true}
{"t":"2026-09-10T15:45:27.273Z","path":"/articles/224gbps-electrical-interface","step":"verify","ok":true}
{"t":"2026-09-10T15:45:33.649Z","path":"/articles/5g-dsp-controller-radio-modems","step":"verify","ok":true}
{"t":"2026-09-10T15:45:33.845Z","path":"/articles/5g-asips-communication-socs","step":"verify","ok":true}
{"t":"2026-09-10T15:45:33.902Z","path":"/articles/accelerate-time-to-market-with-interface-ip-subsystems","step":"verify","ok":true}
{"t":"2026-09-10T15:45:33.916Z","path":"/articles/accelerating-32gtps-pcie5-designs","step":"verify","ok":true}
{"t":"2026-09-10T15:45:34.008Z","path":"/articles/40g-ucie-ip-ai-applications","step":"verify","ok":true}
{"t":"2026-09-10T15:45:39.744Z","path":"/articles/adapting-non-volatile-memory","step":"verify","ok":true}
{"t":"2026-09-10T15:45:39.798Z","path":"/articles/accelerating-cryptographic-operations","step":"verify","ok":true}
{"t":"2026-09-10T15:45:40.420Z","path":"/articles/adas-ivi-automotive-grade","step":"verify","ok":true}
{"t":"2026-09-10T15:45:40.511Z","path":"/articles/achieving-10-gbps","step":"verify","ok":true}
{"t":"2026-09-10T15:45:41.558Z","path":"/articles/achieving-iso-compliance","step":"verify","ok":true}
{"t":"2026-09-10T15:45:47.005Z","path":"/articles/adas-ivi-socs-sdv-automotive-ip","step":"verify","ok":true}
{"t":"2026-09-10T15:45:47.114Z","path":"/articles/addressing-functional-safety-in-socs-with-test-solutions","step":"verify","ok":true}
{"t":"2026-09-10T15:45:47.114Z","path":"/articles/adoption-5g-automotive-applications","step":"verify","ok":true}
{"t":"2026-09-10T15:45:47.141Z","path":"/articles/addressing-ai-advanced-packaging-3dio-phy","step":"verify","ok":true}
{"t":"2026-09-10T15:45:48.557Z","path":"/articles/advanced-processors-virtual-reality-interfaces","step":"verify","ok":true}
{"t":"2026-09-10T15:45:53.840Z","path":"/articles/ai-hpc-multi-die-designs","step":"verify","ok":true}
{"t":"2026-09-10T15:45:53.882Z","path":"/articles/ai-powered-analog-design","step":"verify","ok":true}
{"t":"2026-09-10T15:45:53.926Z","path":"/articles/advantages-embedded-mtp-nvm-iot-soc-designs","step":"verify","ok":true}
{"t":"2026-09-10T15:45:54.088Z","path":"/articles/ai-edge-algorithms","step":"verify","ok":true}
{"t":"2026-09-10T15:45:54.893Z","path":"/articles/anatomy-ethernet-phy-for-hpc","step":"verify","ok":true}
{"t":"2026-09-10T15:45:59.816Z","path":"/articles/arc-sem130fs-safety-security-processor","step":"verify","ok":true}
{"t":"2026-09-10T15:45:59.844Z","path":"/articles/asil-d-systematic-iso-26262-compliance","step":"verify","ok":true}
{"t":"2026-09-10T15:46:00.042Z","path":"/articles/artificial-intelligence-soc-nature-nurture","step":"verify","ok":true}
{"t":"2026-09-10T15:46:00.786Z","path":"/articles/augmenting-your-reality","step":"verify","ok":true}
{"t":"2026-09-10T15:46:01.452Z","path":"/articles/automotive-certified-trng-ip","step":"verify","ok":true}
{"t":"2026-09-10T15:46:06.506Z","path":"/articles/automotive-embedded-storage-ufs","step":"verify","ok":true}
{"t":"2026-09-10T15:46:06.572Z","path":"/articles/automotive-ddr-dram","step":"verify","ok":true}
{"t":"2026-09-10T15:46:07.524Z","path":"/articles/automotive-ic-design","step":"verify","ok":true}
{"t":"2026-09-10T15:46:08.927Z","path":"/articles/automotive-macsec-ethernet","step":"verify","ok":true}
{"t":"2026-09-10T15:46:09.270Z","path":"/articles/automotive-nvm-ip-accelerating-design-schedules","step":"verify","ok":true}
{"t":"2026-09-10T15:46:13.121Z","path":"/articles/automotive-puf-unclonable-silicon-identity","step":"verify","ok":true}
{"t":"2026-09-10T15:46:14.063Z","path":"/articles/automotive-safety","step":"verify","ok":true}
{"t":"2026-09-10T15:46:14.387Z","path":"/articles/automotive-security-pcie-ip-solutions","step":"verify","ok":true}
{"t":"2026-09-10T15:46:14.749Z","path":"/articles/automotive-soc-design-platform","step":"verify","ok":true}
{"t":"2026-09-10T15:46:15.731Z","path":"/articles/balancing-security-requirements","step":"verify","ok":true}
{"t":"2026-09-10T15:46:20.265Z","path":"/articles/best-112g-serdes-ip-performance","step":"verify","ok":true}
{"t":"2026-09-10T15:46:20.348Z","path":"/articles/building-efficient-deep-learning","step":"verify","ok":true}
{"t":"2026-09-10T15:46:20.556Z","path":"/articles/benefits-800g-ethernet-implementation","step":"verify","ok":true}
{"t":"2026-09-10T15:46:20.842Z","path":"/articles/bluetooth-5-ready-ip-iot-soc-integration","step":"verify","ok":true}
{"t":"2026-09-10T15:46:21.942Z","path":"/articles/catching-clock-integrity-jitter-issues","step":"verify","ok":true}
{"t":"2026-09-10T15:46:27.128Z","path":"/articles/category-analog-ip","step":"verify","ok":true}
{"t":"2026-09-10T15:46:27.353Z","path":"/articles/category-5g-wireless","step":"verify","ok":true}
{"t":"2026-09-10T15:46:27.815Z","path":"/articles/category-cloud","step":"verify","ok":true}
{"t":"2026-09-10T15:46:28.625Z","path":"/articles/category-automotive","step":"verify","ok":true}
{"t":"2026-09-10T15:46:28.727Z","path":"/articles/category-ai-and-machine-learning","step":"verify","ok":true}
{"t":"2026-09-10T15:46:33.278Z","path":"/articles/category-consideration","step":"verify","ok":true}
{"t":"2026-09-10T15:46:33.380Z","path":"/articles/category-consumer","step":"verify","ok":true}
{"t":"2026-09-10T15:46:33.553Z","path":"/articles/category-custom-design-platform","step":"verify","ok":true}
{"t":"2026-09-10T15:46:35.698Z","path":"/articles/category-design","step":"verify","ok":true}
{"t":"2026-09-10T15:46:35.983Z","path":"/articles/category-data-center","step":"verify","ok":true}
{"t":"2026-09-10T15:46:39.556Z","path":"/articles/category-emulation","step":"verify","ok":true}
{"t":"2026-09-10T15:46:39.851Z","path":"/articles/category-energy-efficient-socs","step":"verify","ok":true}
{"t":"2026-09-10T15:46:41.384Z","path":"/articles/category-foundation-ip","step":"verify","ok":true}
{"t":"2026-09-10T15:46:41.792Z","path":"/articles/category-general-ip","step":"verify","ok":true}
{"t":"2026-09-10T15:46:42.156Z","path":"/articles/category-fpga-design","step":"verify","ok":true}
{"t":"2026-09-10T15:46:46.416Z","path":"/articles/category-hpc-data-center","step":"verify","ok":true}
{"t":"2026-09-10T15:46:47.535Z","path":"/articles/category-interface-ip","step":"verify","ok":true}
{"t":"2026-09-10T15:46:47.842Z","path":"/articles/category-internet-of-things","step":"verify","ok":true}
{"t":"2026-09-10T15:46:48.415Z","path":"/articles/category-multi-die-system","step":"verify","ok":true}
{"t":"2026-09-10T15:46:48.939Z","path":"/articles/category-ip-accelerated","step":"verify","ok":true}
{"t":"2026-09-10T15:46:52.661Z","path":"/articles/category-prototyping","step":"verify","ok":true}
{"t":"2026-09-10T15:46:54.583Z","path":"/articles/category-signoff","step":"verify","ok":true}
{"t":"2026-09-10T15:46:54.961Z","path":"/articles/category-security-ip","step":"verify","ok":true}
{"t":"2026-09-10T15:46:56.307Z","path":"/articles/category-silicon-ip-technical-bulletin","step":"verify","ok":true}
{"t":"2026-09-10T15:46:57.702Z","path":"/articles/category-silicon-ip","step":"verify","ok":true}
{"t":"2026-09-10T15:46:59.484Z","path":"/articles/category-silicon-lifecycle-management","step":"verify","ok":true}
{"t":"2026-09-10T15:47:00.740Z","path":"/articles/category-test","step":"verify","ok":true}
{"t":"2026-09-10T15:47:01.250Z","path":"/articles/category-soc-infrastructure-ip","step":"verify","ok":true}
{"t":"2026-09-10T15:47:03.275Z","path":"/articles/category-verification","step":"verify","ok":true}
{"t":"2026-09-10T15:47:04.280Z","path":"/articles/category-verificationip","step":"verify","ok":true}
{"t":"2026-09-10T15:47:06.314Z","path":"/articles/category-virtualprototyping","step":"verify","ok":true}
{"t":"2026-09-10T15:47:07.604Z","path":"/articles/challenges-of-usb-3-1-ip-certification","step":"verify","ok":true}
{"t":"2026-09-10T15:47:07.614Z","path":"/articles/challenges-of-moving-to-32gts-pcie-designs","step":"verify","ok":true}
{"t":"2026-09-10T15:47:09.982Z","path":"/articles/choosing-embedded-processor","step":"verify","ok":true}
{"t":"2026-09-10T15:47:10.626Z","path":"/articles/cmos-image-sensor-otp-nvm","step":"verify","ok":true}
{"t":"2026-09-10T15:47:13.742Z","path":"/articles/competitive-advantage-sram-puf","step":"verify","ok":true}
{"t":"2026-09-10T15:47:13.853Z","path":"/articles/complete-die-to-die-ip-solution","step":"verify","ok":true}
{"t":"2026-09-10T15:47:15.048Z","path":"/articles/compute-express-link-standard","step":"verify","ok":true}
{"t":"2026-09-10T15:47:16.917Z","path":"/articles/configuring-ddr-subsystems","step":"verify","ok":true}
{"t":"2026-09-10T15:47:19.130Z","path":"/articles/computer-vision-lab-life","step":"verify","ok":true}
{"t":"2026-09-10T15:47:19.825Z","path":"/articles/content-protection","step":"verify","ok":true}
{"t":"2026-09-10T15:47:20.281Z","path":"/articles/considerations-chiplet-designs","step":"verify","ok":true}
{"t":"2026-09-10T15:47:21.076Z","path":"/articles/converging-cloud-computing-infrastucture","step":"verify","ok":true}
{"t":"2026-09-10T15:47:23.212Z","path":"/articles/converting-existing-designs-usb-c","step":"verify","ok":true}
{"t":"2026-09-10T15:47:25.405Z","path":"/articles/cxl-applications","step":"verify","ok":true}
{"t":"2026-09-10T15:47:25.722Z","path":"/articles/cxl-in-memory-solutions","step":"verify","ok":true}
{"t":"2026-09-10T15:47:27.292Z","path":"/articles/cxl2-3-storage-memory-applications","step":"verify","ok":true}
{"t":"2026-09-10T15:47:28.230Z","path":"/articles/data-centers-driving-ethernet-interconnects","step":"verify","ok":true}
{"t":"2026-09-10T15:47:30.208Z","path":"/articles/data-conv-ip-auto-func-safety-socs","step":"verify","ok":true}
{"t":"2026-09-10T15:47:31.335Z","path":"/articles/ddr-hardening-demystified","step":"verify","ok":true}
{"t":"2026-09-10T15:47:31.815Z","path":"/articles/data-fusion-ip-iot-accelerating-application-development","step":"verify","ok":true}
{"t":"2026-09-10T15:47:33.668Z","path":"/articles/ddr5-features","step":"verify","ok":true}
{"t":"2026-09-10T15:47:34.055Z","path":"/articles/ddr4-bank-groups","step":"verify","ok":true}
{"t":"2026-09-10T15:47:37.258Z","path":"/articles/deep-learning-adas-applications","step":"verify","ok":true}
{"t":"2026-09-10T15:47:37.842Z","path":"/articles/demystifying-40-interfaces","step":"verify","ok":true}
{"t":"2026-09-10T15:47:38.085Z","path":"/articles/design-challenges-of-clock-integrity-and-clock-jitter","step":"verify","ok":true}
{"t":"2026-09-10T15:47:39.945Z","path":"/articles/design-precision","step":"verify","ok":true}
{"t":"2026-09-10T15:47:40.102Z","path":"/articles/design-considerations","step":"verify","ok":true}
{"t":"2026-09-10T15:47:44.100Z","path":"/articles/design-verification-environment","step":"verify","ok":true}
{"t":"2026-09-10T15:47:44.299Z","path":"/articles/designing-effective-use-pcie6-bandwidth","step":"verify","ok":true}
{"t":"2026-09-10T15:47:44.772Z","path":"/articles/designing-processors","step":"verify","ok":true}
{"t":"2026-09-10T15:47:45.796Z","path":"/articles/designware-libraries","step":"verify","ok":true}
{"t":"2026-09-10T15:47:46.432Z","path":"/articles/designware-hybrid-ip","step":"verify","ok":true}
{"t":"2026-09-10T15:47:50.505Z","path":"/articles/easing-smart-automotive-design-and-certification","step":"verify","ok":true}
{"t":"2026-09-10T15:47:51.210Z","path":"/articles/ecc-memory-error-correction","step":"verify","ok":true}
{"t":"2026-09-10T15:47:51.908Z","path":"/articles/edge-ai-near-threshold-foundation-ip","step":"verify","ok":true}
{"t":"2026-09-10T15:47:52.190Z","path":"/articles/direct-drive-electro-optical","step":"verify","ok":true}
{"t":"2026-09-10T15:47:52.551Z","path":"/articles/embedded-challenges-superscalar","step":"verify","ok":true}
{"t":"2026-09-10T15:47:57.056Z","path":"/articles/embedded-design-prototyping","step":"verify","ok":true}
{"t":"2026-09-10T15:47:58.084Z","path":"/articles/embedded-linux-system","step":"verify","ok":true}
{"t":"2026-09-10T15:47:58.516Z","path":"/articles/embedding-vision","step":"verify","ok":true}
{"t":"2026-09-10T15:47:58.696Z","path":"/articles/embedded-memory-test","step":"verify","ok":true}
{"t":"2026-09-10T15:47:58.855Z","path":"/articles/embedding-artificial-intelligence-into-our-lives","step":"verify","ok":true}
{"t":"2026-09-10T15:48:03.298Z","path":"/articles/emerging-applications-cxl","step":"verify","ok":true}
{"t":"2026-09-10T15:48:04.504Z","path":"/articles/emmc-and-ufs-inline-encryption","step":"verify","ok":true}
{"t":"2026-09-10T15:48:05.303Z","path":"/articles/ensuring-security-processor-socs","step":"verify","ok":true}
{"t":"2026-09-10T15:48:05.362Z","path":"/articles/enabling-cars","step":"verify","ok":true}
{"t":"2026-09-10T15:48:06.286Z","path":"/articles/emram-low-power-advanced-nodes","step":"verify","ok":true}
{"t":"2026-09-10T15:48:09.504Z","path":"/articles/estimating-power-early-ai-vision","step":"verify","ok":true}
{"t":"2026-09-10T15:48:10.985Z","path":"/articles/ether-time-sens-net-for-auto-adas-socs","step":"verify","ok":true}
{"t":"2026-09-10T15:48:11.667Z","path":"/articles/ethernet-qos-v40","step":"verify","ok":true}
{"t":"2026-09-10T15:48:11.824Z","path":"/articles/ethernet-security-macsec","step":"verify","ok":true}
{"t":"2026-09-10T15:48:12.960Z","path":"/articles/ethernet-standards-scale-up-ai","step":"verify","ok":true}
{"t":"2026-09-10T15:48:15.843Z","path":"/articles/ethernet-terminology","step":"verify","ok":true}
{"t":"2026-09-10T15:48:17.186Z","path":"/articles/eusb2v2-interoperability-fpga-prototyping","step":"verify","ok":true}
{"t":"2026-09-10T15:48:17.769Z","path":"/articles/face-recognition-detection-arc-ev","step":"verify","ok":true}
{"t":"2026-09-10T15:48:18.537Z","path":"/articles/ev-facial-expression","step":"verify","ok":true}
{"t":"2026-09-10T15:48:19.544Z","path":"/articles/faster-iteration","step":"verify","ok":true}
{"t":"2026-09-10T15:48:23.610Z","path":"/articles/finfet-design","step":"verify","ok":true}
{"t":"2026-09-10T15:48:24.378Z","path":"/articles/finfet-process","step":"verify","ok":true}
{"t":"2026-09-10T15:48:24.483Z","path":"/articles/firmware-based-training-ddr-ip","step":"verify","ok":true}
{"t":"2026-09-10T15:48:24.670Z","path":"/articles/flexible-connectivity","step":"verify","ok":true}
{"t":"2026-09-10T15:48:25.628Z","path":"/articles/flexible-processing","step":"verify","ok":true}
{"t":"2026-09-10T15:48:30.166Z","path":"/articles/foundation-ip-low-power-ai","step":"verify","ok":true}
{"t":"2026-09-10T15:48:31.057Z","path":"/articles/future-nvm-memories","step":"verify","ok":true}
{"t":"2026-09-10T15:48:31.191Z","path":"/articles/foundation-ip-optimized-ppa","step":"verify","ok":true}
{"t":"2026-09-10T15:48:31.206Z","path":"/articles/functional-safety-quality-automotive","step":"verify","ok":true}
{"t":"2026-09-10T15:48:32.093Z","path":"/articles/guaranteed-isochronous-traffic-usb31","step":"verify","ok":true}
{"t":"2026-09-10T15:48:36.970Z","path":"/articles/guidelines-for-integration","step":"verify","ok":true}
{"t":"2026-09-10T15:48:37.486Z","path":"/articles/have-linux-your-way-yocto","step":"verify","ok":true}
{"t":"2026-09-10T15:48:37.897Z","path":"/articles/hardware-aware-training-keyword-spotting","step":"verify","ok":true}
{"t":"2026-09-10T15:48:39.333Z","path":"/articles/hardware-mathematics-for-ai","step":"verify","ok":true}
{"t":"2026-09-10T15:48:39.969Z","path":"/articles/hbm3-ip-dwtb","step":"verify","ok":true}
{"t":"2026-09-10T15:48:43.561Z","path":"/articles/hdmi-and-mhl","step":"verify","ok":true}
{"t":"2026-09-10T15:48:43.627Z","path":"/articles/hdmi-fast-switching","step":"verify","ok":true}
{"t":"2026-09-10T15:48:44.563Z","path":"/articles/hdmi21-for-immersive-consumer-experience","step":"verify","ok":true}
{"t":"2026-09-10T15:48:45.085Z","path":"/articles/high-accuracy-computer-vision-isps-vision-processors","step":"verify","ok":true}
{"t":"2026-09-10T15:48:46.738Z","path":"/articles/high-bandwidth-interconnects-224g-phy-ip","step":"verify","ok":true}
{"t":"2026-09-10T15:48:50.243Z","path":"/articles/high-bandwidth-memory-encryption-security","step":"verify","ok":true}
{"t":"2026-09-10T15:48:50.361Z","path":"/articles/high-performance-dsp-for-5g","step":"verify","ok":true}
{"t":"2026-09-10T15:48:51.683Z","path":"/articles/high-speed-test-io","step":"verify","ok":true}
{"t":"2026-09-10T15:48:52.299Z","path":"/articles/high-res-displays-hdcp","step":"verify","ok":true}
{"t":"2026-09-10T15:48:53.882Z","path":"/articles/how-ai-edge-computing-drives-5g-iot","step":"verify","ok":true}
{"t":"2026-09-10T15:48:57.458Z","path":"/articles/impact-of-100g-ethernet-on-edge-computing","step":"verify","ok":true}
{"t":"2026-09-10T15:48:57.952Z","path":"/articles/implementing-high-performance-deep-learning","step":"verify","ok":true}
{"t":"2026-09-10T15:48:58.133Z","path":"/articles/implementing-large-numbers","step":"verify","ok":true}
{"t":"2026-09-10T15:48:58.911Z","path":"/articles/implementing-mipi-camera","step":"verify","ok":true}
{"t":"2026-09-10T15:49:00.139Z","path":"/articles/implementing-usb-type-c","step":"verify","ok":true}
{"t":"2026-09-10T15:49:03.699Z","path":"/articles/improving-quality-of-service-amba","step":"verify","ok":true}
{"t":"2026-09-10T15:49:04.289Z","path":"/articles/in-chip-sensor-pvt","step":"verify","ok":true}
{"t":"2026-09-10T15:49:05.692Z","path":"/articles/integrated-400g-800g-ethernet-ip","step":"verify","ok":true}
{"t":"2026-09-10T15:49:06.118Z","path":"/articles/in-memory-computing-ai","step":"verify","ok":true}
{"t":"2026-09-10T15:49:06.286Z","path":"/articles/integrated-adas-domain-controller-26262","step":"verify","ok":true}
{"t":"2026-09-10T15:49:10.098Z","path":"/articles/integrated-ip-mipi-camera-display","step":"verify","ok":true}
{"t":"2026-09-10T15:49:10.751Z","path":"/articles/interface-ip-avoid-cloud-jams","step":"verify","ok":true}
{"t":"2026-09-10T15:49:12.739Z","path":"/articles/introduction-to-tcam","step":"verify","ok":true}
{"t":"2026-09-10T15:49:12.838Z","path":"/articles/introduction-ccix","step":"verify","ok":true}
{"t":"2026-09-10T15:49:13.888Z","path":"/articles/iot-connectivity-low-power-solution","step":"verify","ok":true}
{"t":"2026-09-10T15:49:16.047Z","path":"/articles/ip-die-to-die-connectivity","step":"verify","ok":true}
{"t":"2026-09-10T15:49:16.809Z","path":"/articles/ip-integration","step":"verify","ok":true}
{"t":"2026-09-10T15:49:19.151Z","path":"/articles/ip-interfaces-reduce-hpc-latency","step":"verify","ok":true}
{"t":"2026-09-10T15:49:19.409Z","path":"/articles/iso-26262-compliance-adas-socs","step":"verify","ok":true}
{"t":"2026-09-10T15:49:20.526Z","path":"/articles/iso-sae-21434-automotive-cybersecurity","step":"verify","ok":true}
{"t":"2026-09-10T15:49:21.937Z","path":"/articles/key-features-about-lpddr5","step":"verify","ok":true}
{"t":"2026-09-10T15:49:22.781Z","path":"/articles/kgd-ucie-ip-article","step":"verify","ok":true}
{"t":"2026-09-10T15:49:25.195Z","path":"/articles/logic-library-capabilities","step":"verify","ok":true}
{"t":"2026-09-10T15:49:25.431Z","path":"/articles/low-power-mobile-storage","step":"verify","ok":true}
{"t":"2026-09-10T15:49:26.585Z","path":"/articles/low-power-processor-solutions","step":"verify","ok":true}
{"t":"2026-09-10T15:49:27.726Z","path":"/articles/lpddr4","step":"verify","ok":true}
{"t":"2026-09-10T15:49:28.855Z","path":"/articles/mac-pcs-ethernet","step":"verify","ok":true}
{"t":"2026-09-10T15:49:31.801Z","path":"/articles/meeting-automotive-functional-safety-gpio","step":"verify","ok":true}
{"t":"2026-09-10T15:49:32.010Z","path":"/articles/maximizing-performance-arc-dsp-plugin-ashling","step":"verify","ok":true}
{"t":"2026-09-10T15:49:32.548Z","path":"/articles/memory-architectures-ai-socs","step":"verify","ok":true}
{"t":"2026-09-10T15:49:33.573Z","path":"/articles/memory-options","step":"verify","ok":true}
{"t":"2026-09-10T15:49:35.175Z","path":"/articles/mhl-protocol","step":"verify","ok":true}
{"t":"2026-09-10T15:49:38.119Z","path":"/articles/minimizing-auto-vulnerabilities","step":"verify","ok":true}
{"t":"2026-09-10T15:49:38.301Z","path":"/articles/mhl-vs-miracast","step":"verify","ok":true}
{"t":"2026-09-10T15:49:38.848Z","path":"/articles/modeling-integration-112g-phy-ip","step":"verify","ok":true}
{"t":"2026-09-10T15:49:40.148Z","path":"/articles/modern-prototyping-systems","step":"verify","ok":true}
{"t":"2026-09-10T15:49:40.727Z","path":"/articles/monitor-test-repair-slm","step":"verify","ok":true}
{"t":"2026-09-10T15:49:44.143Z","path":"/articles/multi-chip-design-technical-article","step":"verify","ok":true}
{"t":"2026-09-10T15:49:44.502Z","path":"/articles/multi-die-design-3d-ip","step":"verify","ok":true}
{"t":"2026-09-10T15:49:45.741Z","path":"/articles/next-gen-npus-physical-ai","step":"verify","ok":true}
{"t":"2026-09-10T15:49:46.865Z","path":"/articles/noc-interconnects-ucie-ip","step":"verify","ok":true}
{"t":"2026-09-10T15:49:48.014Z","path":"/articles/non-volatile-memory","step":"verify","ok":true}
{"t":"2026-09-10T15:49:50.110Z","path":"/articles/nvm-ip-pmics","step":"verify","ok":true}
{"t":"2026-09-10T15:49:51.561Z","path":"/articles/optimal-ppa-16ff","step":"verify","ok":true}
{"t":"2026-09-10T15:49:52.646Z","path":"/articles/optimized-memory-cpu-gpu-dsp","step":"verify","ok":true}
{"t":"2026-09-10T15:49:53.408Z","path":"/articles/optimizing-high-end-designs","step":"verify","ok":true}
{"t":"2026-09-10T15:49:54.719Z","path":"/articles/optimizing-vision-applications-openvx-visualization","step":"verify","ok":true}
{"t":"2026-09-10T15:49:55.844Z","path":"/articles/optimizing","step":"verify","ok":true}
{"t":"2026-09-10T15:49:57.482Z","path":"/articles/overcoming-design-challengse-vesa-dsc-ip","step":"verify","ok":true}
{"t":"2026-09-10T15:49:58.505Z","path":"/articles/pam3-technology-implementation-usb4-v2","step":"verify","ok":true}
{"t":"2026-09-10T15:50:00.353Z","path":"/articles/pam4-400g-ethernet","step":"verify","ok":true}
{"t":"2026-09-10T15:50:01.318Z","path":"/articles/parallel-based-phy-for-die2die","step":"verify","ok":true}
{"t":"2026-09-10T15:50:01.885Z","path":"/articles/pci-design-challenges","step":"verify","ok":true}
{"t":"2026-09-10T15:50:03.081Z","path":"/articles/pci-express-4-lane-margining","step":"verify","ok":true}
{"t":"2026-09-10T15:50:04.485Z","path":"/articles/pci-express","step":"verify","ok":true}
{"t":"2026-09-10T15:50:07.283Z","path":"/articles/pcie-6-designs","step":"verify","ok":true}
{"t":"2026-09-10T15:50:08.347Z","path":"/articles/pcie-7-design-ai-bandwidth","step":"verify","ok":true}
{"t":"2026-09-10T15:50:09.675Z","path":"/articles/pcie-6-hpc-socs","step":"verify","ok":true}
{"t":"2026-09-10T15:50:10.127Z","path":"/articles/pcie-automotive-application","step":"verify","ok":true}
{"t":"2026-09-10T15:50:12.309Z","path":"/articles/pcie-cxl-chip-to-chip-ai-scaling","step":"verify","ok":true}
{"t":"2026-09-10T15:50:14.460Z","path":"/articles/pcie-over-optics","step":"verify","ok":true}
{"t":"2026-09-10T15:50:14.892Z","path":"/articles/pcie-u2-u3-data-centers","step":"verify","ok":true}
{"t":"2026-09-10T15:50:16.575Z","path":"/articles/pcie5-edge-soc-designs","step":"verify","ok":true}
{"t":"2026-09-10T15:50:16.773Z","path":"/articles/pcie3-bandwidth-considerations","step":"verify","ok":true}
{"t":"2026-09-10T15:50:19.410Z","path":"/articles/performance-coding-advantages","step":"verify","ok":true}
{"t":"2026-09-10T15:50:20.764Z","path":"/articles/power-gating","step":"verify","ok":true}
{"t":"2026-09-10T15:50:21.471Z","path":"/articles/processor-configurations","step":"verify","ok":true}
{"t":"2026-09-10T15:50:23.028Z","path":"/articles/processor-safety-adas-automotive-systems","step":"verify","ok":true}
{"t":"2026-09-10T15:50:24.175Z","path":"/articles/protecting-against-side-channel","step":"verify","ok":true}
{"t":"2026-09-10T15:50:26.204Z","path":"/articles/prototyping-your-system","step":"verify","ok":true}
{"t":"2026-09-10T15:50:26.974Z","path":"/articles/pvt-monitoring-ip-gaa-process","step":"verify","ok":true}
{"t":"2026-09-10T15:50:28.231Z","path":"/articles/ras-data-protection","step":"verify","ok":true}
{"t":"2026-09-10T15:50:28.740Z","path":"/articles/reach-your-targets","step":"verify","ok":true}
{"t":"2026-09-10T15:50:30.409Z","path":"/articles/reduce-power-consumption","step":"verify","ok":true}
{"t":"2026-09-10T15:50:33.507Z","path":"/articles/risc-processors","step":"verify","ok":true}
{"t":"2026-09-10T15:50:33.821Z","path":"/articles/reliable-secure-otp-ip","step":"verify","ok":true}
{"t":"2026-09-10T15:50:34.374Z","path":"/articles/secure-connectivity-integrated-sim-isim","step":"verify","ok":true}
{"t":"2026-09-10T15:50:35.563Z","path":"/articles/secure-high-speed-interfaces","step":"verify","ok":true}
{"t":"2026-09-10T15:50:36.821Z","path":"/articles/secure-iot-system","step":"verify","ok":true}
{"t":"2026-09-10T15:50:40.395Z","path":"/articles/securing-high-value-targets","step":"verify","ok":true}
{"t":"2026-09-10T15:50:40.652Z","path":"/articles/secure-storage-solution-otp-ip","step":"verify","ok":true}
{"t":"2026-09-10T15:50:41.382Z","path":"/articles/securing-camera-data-mipi-cse2","step":"verify","ok":true}
{"t":"2026-09-10T15:50:41.972Z","path":"/articles/securing-ualink-security-module","step":"verify","ok":true}
{"t":"2026-09-10T15:50:42.950Z","path":"/articles/security-ide-ip","step":"verify","ok":true}
{"t":"2026-09-10T15:50:47.093Z","path":"/articles/selecting-standard-ip","step":"verify","ok":true}
{"t":"2026-09-10T15:50:47.107Z","path":"/articles/sima-machine-learning-embedded-edge","step":"verify","ok":true}
{"t":"2026-09-10T15:50:47.461Z","path":"/articles/serdes-design-trends-angstrom-era","step":"verify","ok":true}
{"t":"2026-09-10T15:50:48.540Z","path":"/articles/sima-synopsys-multi-die-adas-ivi-solutions","step":"verify","ok":true}
{"t":"2026-09-10T15:50:50.084Z","path":"/articles/slm-pvt-monitoring-advanced-node-gaa","step":"verify","ok":true}
{"t":"2026-09-10T15:50:53.582Z","path":"/articles/software-for-cameras","step":"verify","ok":true}
{"t":"2026-09-10T15:50:53.750Z","path":"/articles/solid-foundation-ai-powered-socs","step":"verify","ok":true}
{"t":"2026-09-10T15:50:54.239Z","path":"/articles/software-image-signal-processor","step":"verify","ok":true}
{"t":"2026-09-10T15:50:55.379Z","path":"/articles/solving-clock-signal-integrity-and-jitter-issues","step":"verify","ok":true}
{"t":"2026-09-10T15:50:56.976Z","path":"/articles/sram-puf-secure-silicon-fingerprint","step":"verify","ok":true}
{"t":"2026-09-10T15:50:59.401Z","path":"/articles/sta-strategies-multi-billion-instance-designs","step":"verify","ok":true}
{"t":"2026-09-10T15:51:00.492Z","path":"/articles/synopsys-and-arm-display-ip","step":"verify","ok":true}
{"t":"2026-09-10T15:51:00.871Z","path":"/articles/super-resolution-with-arc-ev","step":"verify","ok":true}
{"t":"2026-09-10T15:51:02.721Z","path":"/articles/tee-device-interface-secure-protocol","step":"verify","ok":true}
{"t":"2026-09-10T15:51:03.291Z","path":"/articles/techniques-for-improving-qor","step":"verify","ok":true}
{"t":"2026-09-10T15:51:05.595Z","path":"/articles/terabit-ethernet-macsec-security","step":"verify","ok":true}
{"t":"2026-09-10T15:51:07.076Z","path":"/articles/test-die-to-die-phy","step":"verify","ok":true}
{"t":"2026-09-10T15:51:07.949Z","path":"/articles/the-dna-of-an-ai-soc","step":"verify","ok":true}
{"t":"2026-09-10T15:51:08.719Z","path":"/articles/the-next-frontier","step":"verify","ok":true}
{"t":"2026-09-10T15:51:10.017Z","path":"/articles/top-5-features","step":"verify","ok":true}
{"t":"2026-09-10T15:51:13.259Z","path":"/articles/transitioning","step":"verify","ok":true}
{"t":"2026-09-10T15:51:13.667Z","path":"/articles/training-self-driving-cars-video-games","step":"verify","ok":true}
{"t":"2026-09-10T15:51:15.243Z","path":"/articles/true-random-number-generator-security","step":"verify","ok":true}
{"t":"2026-09-10T15:51:15.636Z","path":"/articles/ucie-3-0-64gbps-challenges","step":"verify","ok":true}
{"t":"2026-09-10T15:51:16.227Z","path":"/articles/ucie-memory-ai-hpc-use-cases","step":"verify","ok":true}
{"t":"2026-09-10T15:51:19.724Z","path":"/articles/ucie-multi-die-socs","step":"verify","ok":true}
{"t":"2026-09-10T15:51:21.830Z","path":"/articles/ulsee-designing-neural-network","step":"verify","ok":true}
{"t":"2026-09-10T15:51:22.196Z","path":"/articles/understanding-hardware-roots-of-trust","step":"verify","ok":true}
{"t":"2026-09-10T15:51:22.531Z","path":"/articles/ultra-ethernet-ualink-ai-networks","step":"verify","ok":true}
{"t":"2026-09-10T15:51:22.545Z","path":"/articles/understanding-peripherals","step":"verify","ok":true}
{"t":"2026-09-10T15:51:25.835Z","path":"/articles/understanding-power-profile","step":"verify","ok":true}
{"t":"2026-09-10T15:51:27.904Z","path":"/articles/understanding-sdram-standards","step":"verify","ok":true}
{"t":"2026-09-10T15:51:28.253Z","path":"/articles/understanding-usb3-1-terminology","step":"verify","ok":true}
{"t":"2026-09-10T15:51:28.504Z","path":"/articles/understanding-the-mipi","step":"verify","ok":true}
{"t":"2026-09-10T15:51:28.625Z","path":"/articles/understanding-usb4-soc-design-upgrades","step":"verify","ok":true}
{"t":"2026-09-10T15:51:31.596Z","path":"/articles/usb-3-1-host-ip-certification-guide","step":"verify","ok":true}
{"t":"2026-09-10T15:51:34.081Z","path":"/articles/usb-ip-finfet","step":"verify","ok":true}
{"t":"2026-09-10T15:51:34.268Z","path":"/articles/usb-type-c","step":"verify","ok":true}
{"t":"2026-09-10T15:51:34.404Z","path":"/articles/usb-audio","step":"verify","ok":true}
{"t":"2026-09-10T15:51:34.799Z","path":"/articles/usb-30-superspeed-rises","step":"verify","ok":true}
{"t":"2026-09-10T15:51:37.651Z","path":"/articles/usb31-protocol-layer-changes","step":"verify","ok":true}
{"t":"2026-09-10T15:51:40.455Z","path":"/articles/using-foundation-ip","step":"verify","ok":true}
{"t":"2026-09-10T15:51:40.557Z","path":"/articles/usb4-80gbps-ecosystem","step":"verify","ok":true}
{"t":"2026-09-10T15:51:40.572Z","path":"/articles/using-ai-harness-data-explosion","step":"verify","ok":true}
{"t":"2026-09-10T15:51:41.400Z","path":"/articles/using-threat-models","step":"verify","ok":true}
{"t":"2026-09-10T15:51:44.649Z","path":"/articles/vdk-fast-track","step":"verify","ok":true}
{"t":"2026-09-10T15:51:46.327Z","path":"/articles/virtual-prototyping-interface-ip","step":"verify","ok":true}
{"t":"2026-09-10T15:51:46.815Z","path":"/articles/visually-lossless-compression-for-uhd-displays","step":"verify","ok":true}
{"t":"2026-09-10T15:51:46.863Z","path":"/articles/verifying-arm-amba5","step":"verify","ok":true}
{"t":"2026-09-10T15:51:47.941Z","path":"/articles/when-compute-outruns-io-interface-ip-ai-scaling","step":"verify","ok":true}
{"t":"2026-09-10T15:51:50.766Z","path":"/articles/why-ai-needs-security","step":"verify","ok":true}
{"t":"2026-09-10T15:51:52.887Z","path":"/articles","step":"verify","ok":true}
{"t":"2026-09-10T15:51:53.193Z","path":"/blogs/chip-design/1-6t-ethernet-specification-ip","step":"verify","ok":true}
{"t":"2026-09-10T15:51:53.263Z","path":"/articles/wired-ethernet-speeds","step":"verify","ok":true}
{"t":"2026-09-10T15:51:54.367Z","path":"/blogs/chip-design/10baset1-s-vip-automotive-socs","step":"verify","ok":true}
{"t":"2026-09-10T15:51:56.881Z","path":"/blogs/chip-design/10k-resolution-120hz-display-reality-dsc-1-2-hdmi-2-1","step":"verify","ok":true}
{"t":"2026-09-10T15:51:59.432Z","path":"/blogs/chip-design/2021-eri-summit-and-mto-symposium","step":"verify","ok":true}
{"t":"2026-09-10T15:51:59.837Z","path":"/blogs/chip-design/112g-serdes-ethernet-ip-hpc-soc","step":"verify","ok":true}
{"t":"2026-09-10T15:51:59.990Z","path":"/blogs/chip-design/2022-eda-and-chip-design-advances","step":"verify","ok":true}
{"t":"2026-09-10T15:52:00.693Z","path":"/blogs/chip-design/2022-esg-report","step":"verify","ok":true}
{"t":"2026-09-10T15:52:03.442Z","path":"/blogs/chip-design/2023-big-for-multi-die-systems","step":"verify","ok":true}
{"t":"2026-09-10T15:52:05.933Z","path":"/blogs/chip-design/2023-electronic-design-predictions","step":"verify","ok":true}
{"t":"2026-09-10T15:52:06.245Z","path":"/blogs/chip-design/2023-esg-report","step":"verify","ok":true}
{"t":"2026-09-10T15:52:06.269Z","path":"/blogs/chip-design/2023-community-service-hours","step":"verify","ok":true}
{"t":"2026-09-10T15:52:07.550Z","path":"/blogs/chip-design/2023-hpc-predictions","step":"verify","ok":true}
{"t":"2026-09-10T15:52:09.377Z","path":"/blogs/chip-design/2024-season-of-service","step":"verify","ok":true}
{"t":"2026-09-10T15:52:11.754Z","path":"/blogs/chip-design/2nm-technology-process-design-kit-imec","step":"verify","ok":true}
{"t":"2026-09-10T15:52:11.878Z","path":"/blogs/chip-design/256gb-pcie-gen6-verification-ip","step":"verify","ok":true}
{"t":"2026-09-10T15:52:12.087Z","path":"/blogs/chip-design/2nm-power-efficiency-hyperscale-socs","step":"verify","ok":true}
{"t":"2026-09-10T15:52:14.265Z","path":"/blogs/chip-design/346-chip-simulation-technology-multi-die-systems","step":"verify","ok":true}
{"t":"2026-09-10T15:52:17.316Z","path":"/blogs/chip-design/3d-chip-tape-out-socionext-success","step":"verify","ok":true}
{"t":"2026-09-10T15:52:17.530Z","path":"/blogs/chip-design/3d-ic-design-tools-enhance-productivity","step":"verify","ok":true}
{"t":"2026-09-10T15:52:19.077Z","path":"/blogs/chip-design/3d-pcie-6-0-phy-8-lane-test-chip","step":"verify","ok":true}
{"t":"2026-09-10T15:52:19.578Z","path":"/blogs/chip-design/3dhi-chip-designs","step":"verify","ok":true}
{"t":"2026-09-10T15:52:20.655Z","path":"/blogs/chip-design/3dic-design-optimize-power-performance-area","step":"verify","ok":true}
{"t":"2026-09-10T15:52:23.958Z","path":"/blogs/chip-design/3dic-packaging-design-tools-guc","step":"verify","ok":true}
{"t":"2026-09-10T15:52:24.024Z","path":"/blogs/chip-design/3dics-sparks-innovation-snug-2022","step":"verify","ok":true}
{"t":"2026-09-10T15:52:25.554Z","path":"/blogs/chip-design/4-criteria-for-picking-best-eda-tools","step":"verify","ok":true}
{"t":"2026-09-10T15:52:25.870Z","path":"/blogs/chip-design/3x-verification-performance-hpe-greenlake-flex-synopsys-flexeda","step":"verify","ok":true}
{"t":"2026-09-10T15:52:26.622Z","path":"/blogs/chip-design/4-ways-ualink-2-0-advances-ai-scale-up","step":"verify","ok":true}
{"t":"2026-09-10T15:52:30.216Z","path":"/blogs/chip-design/5-automotive-functional-safety-insights","step":"verify","ok":true}
{"t":"2026-09-10T15:52:30.547Z","path":"/blogs/chip-design/40g-ucie-ip","step":"verify","ok":true}
{"t":"2026-09-10T15:52:32.554Z","path":"/blogs/chip-design/5-challenges-to-achieve-high-level-automated-driving","step":"verify","ok":true}
{"t":"2026-09-10T15:52:32.560Z","path":"/blogs/chip-design/5-key-smart-tech-innovations","step":"verify","ok":true}
{"t":"2026-09-10T15:52:32.633Z","path":"/blogs/chip-design/5-ways-flexeda-saas-model-transforms-chip-design","step":"verify","ok":true}
{"t":"2026-09-10T15:52:36.161Z","path":"/blogs/chip-design/5g-networks-accelerate-development-smart-cities","step":"verify","ok":true}
{"t":"2026-09-10T15:52:36.183Z","path":"/blogs/chip-design/5g-rollout-and-soc-design","step":"verify","ok":true}
{"t":"2026-09-10T15:52:39.589Z","path":"/blogs/chip-design/5g-rollout-with-soc-emulation","step":"verify","ok":true}
{"t":"2026-09-10T15:52:39.675Z","path":"/blogs/chip-design/5g-vs-4g","step":"verify","ok":true}
{"t":"2026-09-10T15:52:40.351Z","path":"/blogs/chip-design/5g-soc-design-virtual-verification-with-keysight","step":"verify","ok":true}
{"t":"2026-09-10T15:52:42.072Z","path":"/blogs/chip-design/600-million-lines-code-cars-2027","step":"verify","ok":true}
{"t":"2026-09-10T15:52:42.146Z","path":"/blogs/chip-design/64g-ucie-ip-high-speed-die-to-die-connectivity","step":"verify","ok":true}
{"t":"2026-09-10T15:52:45.624Z","path":"/blogs/chip-design/7nm-european-ai-chip-innovation","step":"verify","ok":true}
{"t":"2026-09-10T15:52:45.784Z","path":"/blogs/chip-design/800g-ethernet-bandwidth-for-hyperscale-data-centers","step":"verify","ok":true}
{"t":"2026-09-10T15:52:46.810Z","path":"/blogs/chip-design/800g-ethernet-demo-ecoc-2024","step":"verify","ok":true}
{"t":"2026-09-10T15:52:48.047Z","path":"/blogs/chip-design/800g-ethernet-industry-standards","step":"verify","ok":true}
{"t":"2026-09-10T15:52:48.236Z","path":"/blogs/chip-design/8k-uhd-displays-emerging-technologies","step":"verify","ok":true}
{"t":"2026-09-10T15:52:51.154Z","path":"/blogs/chip-design/8k-ultra-hd-evolution","step":"verify","ok":true}
{"t":"2026-09-10T15:52:51.822Z","path":"/blogs/chip-design/aaroh-labs-advanced-node-semiconductor-designs","step":"verify","ok":true}
{"t":"2026-09-10T15:52:53.147Z","path":"/blogs/chip-design/accelerate-ai-silicon-systems-physical-ai","step":"verify","ok":true}
{"t":"2026-09-10T15:52:54.113Z","path":"/blogs/chip-design/accelerate-soc-design-flow-with-ai-enabled-kits","step":"verify","ok":true}
{"t":"2026-09-10T15:52:54.937Z","path":"/blogs/chip-design/accelerate-development-for-soc","step":"verify","ok":true}
{"t":"2026-09-10T15:52:57.232Z","path":"/blogs/chip-design/accelerate-soc-design-flow-with-functional-eco","step":"verify","ok":true}
{"t":"2026-09-10T15:52:58.077Z","path":"/blogs/chip-design/accelerate-soc-verification-experts","step":"verify","ok":true}
{"t":"2026-09-10T15:52:58.884Z","path":"/blogs/chip-design/accelerate-vip-coverage-with-vso","step":"verify","ok":true}
{"t":"2026-09-10T15:53:00.886Z","path":"/blogs/chip-design/accelerating-ai-enabled-vehicles-npx-ces","step":"verify","ok":true}
{"t":"2026-09-10T15:53:01.199Z","path":"/blogs/chip-design/accelerating-accuracy-primesim-spice-gpu","step":"verify","ok":true}
{"t":"2026-09-10T15:53:03.116Z","path":"/blogs/chip-design/accelerating-auto-software-and-processor-design-with-nxp","step":"verify","ok":true}
{"t":"2026-09-10T15:53:03.838Z","path":"/blogs/chip-design/accelerating-development-for-arm-based-automotive-systems","step":"verify","ok":true}
{"t":"2026-09-10T15:53:05.006Z","path":"/blogs/chip-design/accelerating-emib-t-packaging-synopsys-intel-foundry","step":"verify","ok":true}
{"t":"2026-09-10T15:53:06.853Z","path":"/blogs/chip-design/accelerating-product-design-silicon-to-systems","step":"verify","ok":true}
{"t":"2026-09-10T15:53:06.989Z","path":"/blogs/chip-design/accelerating-l0p-verification-in-pcie-6-designs","step":"verify","ok":true}
{"t":"2026-09-10T15:53:08.975Z","path":"/blogs/chip-design/accelerating-rf-designs-keysight-pathwave-ads-custom-design-platform","step":"verify","ok":true}
{"t":"2026-09-10T15:53:10.411Z","path":"/blogs/chip-design/accelerating-system-debug-in-soc-verification-flow","step":"verify","ok":true}
{"t":"2026-09-10T15:53:11.461Z","path":"/blogs/chip-design/access-memory-mapped-registers-cxl","step":"verify","ok":true}
{"t":"2026-09-10T15:53:13.283Z","path":"/blogs/chip-design/achieving-functional-safety-high-reliability-design-synplify-tool","step":"verify","ok":true}
{"t":"2026-09-10T15:53:13.616Z","path":"/blogs/chip-design/achieving-best-arm-ppa-discussion-sudhakar-jilla","step":"verify","ok":true}
{"t":"2026-09-10T15:53:15.481Z","path":"/blogs/chip-design/adaptive-scenario-compression-chip-design-closure","step":"verify","ok":true}
{"t":"2026-09-10T15:53:17.314Z","path":"/blogs/chip-design/advanced-node-physical-verification-ic-validator","step":"verify","ok":true}
{"t":"2026-09-10T15:53:17.917Z","path":"/blogs/chip-design/advanced-node-challenges-primetime-interview-feroze-taraporevala","step":"verify","ok":true}
{"t":"2026-09-10T15:53:19.930Z","path":"/blogs/chip-design/advanced-rpmb-ufs4-authentication","step":"verify","ok":true}
{"t":"2026-09-10T15:53:20.849Z","path":"/blogs/chip-design/advanced-node-physical-verification-nvidia","step":"verify","ok":true}
{"t":"2026-09-10T15:53:22.200Z","path":"/blogs/chip-design/advanced-semiconductor-manufacturing-fab-da","step":"verify","ok":true}
{"t":"2026-09-10T15:53:23.049Z","path":"/blogs/chip-design/advanced-soc-verification-enables-new-era-ai-chips","step":"verify","ok":true}
{"t":"2026-09-10T15:53:23.535Z","path":"/blogs/chip-design/advancing-automotive-with-software-defined-vehicles","step":"verify","ok":true}
{"t":"2026-09-10T15:53:25.629Z","path":"/blogs/chip-design/advancing-quantum-computing-rd","step":"verify","ok":true}
{"t":"2026-09-10T15:53:26.772Z","path":"/blogs/chip-design/aerospace-semiconductor-reliability","step":"verify","ok":true}
{"t":"2026-09-10T15:53:28.280Z","path":"/blogs/chip-design/ag-chip-design-silicon-lifecycle-management","step":"verify","ok":true}
{"t":"2026-09-10T15:53:28.667Z","path":"/blogs/chip-design/agentengineer-technology-transforming-engineering-workflows","step":"verify","ok":true}
{"t":"2026-09-10T15:53:29.600Z","path":"/blogs/chip-design/agentic-ai-chip-design","step":"verify","ok":true}
{"t":"2026-09-10T15:53:31.452Z","path":"/blogs/chip-design/ai-accelerator-data-center-intelligent-edge","step":"verify","ok":true}
{"t":"2026-09-10T15:53:33.342Z","path":"/blogs/chip-design/ai-accelerator-ip-development","step":"verify","ok":true}
{"t":"2026-09-10T15:53:34.471Z","path":"/blogs/chip-design/ai-accelerators-chip-design-eda-tools","step":"verify","ok":true}
{"t":"2026-09-10T15:53:34.720Z","path":"/blogs/chip-design/ai-accelerators-hbm5-verification-ip","step":"verify","ok":true}
{"t":"2026-09-10T15:53:35.182Z","path":"/blogs/chip-design/ai-agents-in-2025","step":"verify","ok":true}
{"t":"2026-09-10T15:53:37.336Z","path":"/blogs/chip-design/ai-analog-design-migration-samsung-safe-forum-2023","step":"verify","ok":true}
{"t":"2026-09-10T15:53:39.291Z","path":"/blogs/chip-design/ai-chip-architecture","step":"verify","ok":true}
{"t":"2026-09-10T15:53:40.752Z","path":"/blogs/chip-design/ai-chip-design-adaptive-flows","step":"verify","ok":true}
{"t":"2026-09-10T15:53:41.930Z","path":"/blogs/chip-design/ai-chip-design-cloud-eda-tools-neureality","step":"verify","ok":true}
{"t":"2026-09-10T15:53:41.931Z","path":"/blogs/chip-design/ai-chip-design-breakthroughs-snug","step":"verify","ok":true}
{"t":"2026-09-10T15:53:44.973Z","path":"/blogs/chip-design/ai-chip-design-dac-2024","step":"verify","ok":true}
{"t":"2026-09-10T15:53:45.277Z","path":"/blogs/chip-design/ai-chip-design-emulation-prototyping-tools","step":"verify","ok":true}
{"t":"2026-09-10T15:53:46.933Z","path":"/blogs/chip-design/ai-chip-design-hot-chips-2024","step":"verify","ok":true}
{"t":"2026-09-10T15:53:48.294Z","path":"/blogs/chip-design/ai-chip-design-retargeting","step":"verify","ok":true}
{"t":"2026-09-10T15:53:48.614Z","path":"/blogs/chip-design/ai-chip-design-opens-new-doors-for-chip-makers","step":"verify","ok":true}
{"t":"2026-09-10T15:53:50.732Z","path":"/blogs/chip-design/ai-chip-design-stmicroelectronics-microsoft","step":"verify","ok":true}
{"t":"2026-09-10T15:53:50.811Z","path":"/blogs/chip-design/ai-chip-design-synopsys-microsoft","step":"verify","ok":true}
{"t":"2026-09-10T15:53:53.695Z","path":"/blogs/chip-design/ai-chip-design-tools-autonomous-insights","step":"verify","ok":true}
{"t":"2026-09-10T15:53:54.368Z","path":"/blogs/chip-design/ai-chip-design-verification-qualcomm","step":"verify","ok":true}
{"t":"2026-09-10T15:53:54.425Z","path":"/blogs/chip-design/ai-chip-design-with-ibm-hybrid-cloud-architecture","step":"verify","ok":true}
{"t":"2026-09-10T15:53:56.553Z","path":"/blogs/chip-design/ai-chip-design-workflow-automation","step":"verify","ok":true}
{"t":"2026-09-10T15:53:57.713Z","path":"/blogs/chip-design/ai-chip-design-with-specialized-soc-ip-solutions","step":"verify","ok":true}
{"t":"2026-09-10T15:54:00.231Z","path":"/blogs/chip-design/ai-chip-pre-silicon-planning-guide","step":"verify","ok":true}
{"t":"2026-09-10T15:54:00.680Z","path":"/blogs/chip-design/ai-chip-silicon-success-tips","step":"verify","ok":true}
{"t":"2026-09-10T15:54:01.195Z","path":"/blogs/chip-design/ai-chip-startups-cloud-eda-tools","step":"verify","ok":true}
{"t":"2026-09-10T15:54:02.385Z","path":"/blogs/chip-design/ai-chiplet-integration-arm-synopsys","step":"verify","ok":true}
{"t":"2026-09-10T15:54:03.496Z","path":"/blogs/chip-design/ai-compute-architecture-evolution","step":"verify","ok":true}
{"t":"2026-09-10T15:54:06.735Z","path":"/blogs/chip-design/ai-driven-analog-digital-node-migration","step":"verify","ok":true}
{"t":"2026-09-10T15:54:06.885Z","path":"/blogs/chip-design/ai-driven-bug-discovery-coverage-closure-chip-design","step":"verify","ok":true}
{"t":"2026-09-10T15:54:07.984Z","path":"/blogs/chip-design/ai-driven-debug-automation-speeds-root-cause-analysis","step":"verify","ok":true}
{"t":"2026-09-10T15:54:09.094Z","path":"/blogs/chip-design/ai-edge-devices-tsmc-n2-silicon-success","step":"verify","ok":true}
{"t":"2026-09-10T15:54:09.336Z","path":"/blogs/chip-design/ai-eda-tools-chip-design","step":"verify","ok":true}
{"t":"2026-09-10T15:54:13.280Z","path":"/blogs/chip-design/ai-hardware-boosts-innovation","step":"verify","ok":true}
{"t":"2026-09-10T15:54:14.599Z","path":"/blogs/chip-design/ai-factories-data-center-infrastructure","step":"verify","ok":true}
{"t":"2026-09-10T15:54:15.639Z","path":"/blogs/chip-design/ai-hardware-design-power-challenges","step":"verify","ok":true}
{"t":"2026-09-10T15:54:15.904Z","path":"/blogs/chip-design/ai-hpc-chip-test-solutions-seq-compression-streaming-fabric","step":"verify","ok":true}
{"t":"2026-09-10T15:54:16.748Z","path":"/blogs/chip-design/ai-hardware-summit-2020-recap","step":"verify","ok":true}
{"t":"2026-09-10T15:54:19.564Z","path":"/blogs/chip-design/ai-impact-chip-design-synopsys-insights","step":"verify","ok":true}
{"t":"2026-09-10T15:54:21.844Z","path":"/blogs/chip-design/ai-in-engineering-role-transformation","step":"verify","ok":true}
{"t":"2026-09-10T15:54:21.948Z","path":"/blogs/chip-design/ai-impact-on-low-power-chip-design","step":"verify","ok":true}
{"t":"2026-09-10T15:54:22.323Z","path":"/blogs/chip-design/ai-infrastructure-hardware-failures-data-corruption","step":"verify","ok":true}
{"t":"2026-09-10T15:54:23.091Z","path":"/blogs/chip-design/ai-iot-impact-power-consumption","step":"verify","ok":true}
{"t":"2026-09-10T15:54:26.081Z","path":"/blogs/chip-design/ai-multi-die-pg-bump-ir-drop-optimization","step":"verify","ok":true}
{"t":"2026-09-10T15:54:28.025Z","path":"/blogs/chip-design/ai-predictions-2023","step":"verify","ok":true}
{"t":"2026-09-10T15:54:28.196Z","path":"/blogs/chip-design/ai-predictions-2022","step":"verify","ok":true}
{"t":"2026-09-10T15:54:29.057Z","path":"/blogs/chip-design/ai-security-silicon-level","step":"verify","ok":true}
{"t":"2026-09-10T15:54:29.635Z","path":"/blogs/chip-design/ai-server-architecture","step":"verify","ok":true}
{"t":"2026-09-10T15:54:32.880Z","path":"/blogs/chip-design/ai-soc-design-for-better-chips","step":"verify","ok":true}
{"t":"2026-09-10T15:54:34.713Z","path":"/blogs/chip-design/ai-soc-design-verification-flow","step":"verify","ok":true}
{"t":"2026-09-10T15:54:35.445Z","path":"/blogs/chip-design/ai-soc-memory-architecture","step":"verify","ok":true}
{"t":"2026-09-10T15:54:36.371Z","path":"/blogs/chip-design/ai-startup-panel-2025","step":"verify","ok":true}
{"t":"2026-09-10T15:54:36.960Z","path":"/blogs/chip-design/ai-sovereignty-strategic-interdependence","step":"verify","ok":true}
{"t":"2026-09-10T15:54:41.339Z","path":"/blogs/chip-design/aiot-edge-ai-chip-design-innovation","step":"verify","ok":true}
{"t":"2026-09-10T15:54:41.834Z","path":"/blogs/chip-design/ai-tool-adoption-semiconductor-engineering","step":"verify","ok":true}
{"t":"2026-09-10T15:54:42.080Z","path":"/blogs/chip-design/aiot-technology-applications","step":"verify","ok":true}
{"t":"2026-09-10T15:54:42.839Z","path":"/blogs/chip-design/aip-vip-technology-benefits","step":"verify","ok":true}
{"t":"2026-09-10T15:54:44.252Z","path":"/blogs/chip-design/ais-impact-on-chip-design-from-ceo-aart-de-geus","step":"verify","ok":true}
{"t":"2026-09-10T15:54:47.145Z","path":"/blogs/chip-design/alessandra-costa-qa","step":"verify","ok":true}
{"t":"2026-09-10T15:54:47.637Z","path":"/blogs/chip-design/alternative-semiconductor-materials","step":"verify","ok":true}
{"t":"2026-09-10T15:54:48.403Z","path":"/blogs/chip-design/amba-chi-c2c-system-verification-solutions","step":"verify","ok":true}
{"t":"2026-09-10T15:54:48.752Z","path":"/blogs/chip-design/amba-chi-g-verification-ip","step":"verify","ok":true}
{"t":"2026-09-10T15:54:49.906Z","path":"/blogs/chip-design/amba5-chi-d-verification-ip-success","step":"verify","ok":true}
{"t":"2026-09-10T15:54:53.709Z","path":"/blogs/chip-design/ams-emulation-dale-donchin-johanness-stahl","step":"verify","ok":true}
{"t":"2026-09-10T15:54:53.710Z","path":"/blogs/chip-design/analog-circuit-design-migration","step":"verify","ok":true}
{"t":"2026-09-10T15:54:54.460Z","path":"/blogs/chip-design/analog-design-verification","step":"verify","ok":true}
{"t":"2026-09-10T15:54:55.364Z","path":"/blogs/chip-design/analog-ic-design-contest","step":"verify","ok":true}
{"t":"2026-09-10T15:54:55.684Z","path":"/blogs/chip-design/analog-design-ai-aimc-innovation","step":"verify","ok":true}
{"t":"2026-09-10T15:54:59.799Z","path":"/blogs/chip-design/analog-ic-design-tools-snug-panel","step":"verify","ok":true}
{"t":"2026-09-10T15:54:59.960Z","path":"/blogs/chip-design/analog-ic-design-migration-ai","step":"verify","ok":true}
{"t":"2026-09-10T15:55:01.386Z","path":"/blogs/chip-design/analyze-semiconductor-power-devices-more-accurately-with-synopsys-powerx","step":"verify","ok":true}
{"t":"2026-09-10T15:55:01.781Z","path":"/blogs/chip-design/analog-layout-synthesis-ai","step":"verify","ok":true}
{"t":"2026-09-10T15:55:02.469Z","path":"/blogs/chip-design/angstrom-scale-chip-design","step":"verify","ok":true}
{"t":"2026-09-10T15:55:05.444Z","path":"/blogs/chip-design/arm-amba-ace5-axi5-test-suite","step":"verify","ok":true}
{"t":"2026-09-10T15:55:05.660Z","path":"/blogs/chip-design/arm-amba-axi5-latest-features","step":"verify","ok":true}
{"t":"2026-09-10T15:55:07.823Z","path":"/blogs/chip-design/arm-hardware-software-compliance","step":"verify","ok":true}
{"t":"2026-09-10T15:55:08.381Z","path":"/blogs/chip-design/arm-automotive-semiconductor-design","step":"verify","ok":true}
{"t":"2026-09-10T15:55:09.928Z","path":"/blogs/chip-design/arm-synopsys-collaboration-interview-deirdre-hanford","step":"verify","ok":true}
{"t":"2026-09-10T15:55:12.317Z","path":"/blogs/chip-design/arm-synopsys-integrated-chip-design-flow","step":"verify","ok":true}
{"t":"2026-09-10T15:55:12.469Z","path":"/blogs/chip-design/asic-hardware-verification-bugs","step":"verify","ok":true}
{"t":"2026-09-10T15:55:14.451Z","path":"/blogs/chip-design/atomic-scale-simulation-resistive-switching-reram","step":"verify","ok":true}
{"t":"2026-09-10T15:55:15.468Z","path":"/blogs/chip-design/asil-d-certification-automation","step":"verify","ok":true}
{"t":"2026-09-10T15:55:16.414Z","path":"/blogs/chip-design/auto-cybersecurity-ota-vehicle-software-updates","step":"verify","ok":true}
{"t":"2026-09-10T15:55:17.920Z","path":"/blogs/chip-design/auto-cybersecurity-vs-aftermarket-car-accessories","step":"verify","ok":true}
{"t":"2026-09-10T15:55:19.884Z","path":"/blogs/chip-design/auto-industry-predictions-2023","step":"verify","ok":true}
{"t":"2026-09-10T15:55:19.940Z","path":"/blogs/chip-design/auto-functional-safety-iso-26262-key-challenges","step":"verify","ok":true}
{"t":"2026-09-10T15:55:21.993Z","path":"/blogs/chip-design/auto-industry-trends-2022","step":"verify","ok":true}
{"t":"2026-09-10T15:55:22.449Z","path":"/blogs/chip-design/auto-soc-design-tools-safe-smart-vehicles","step":"verify","ok":true}
{"t":"2026-09-10T15:55:23.490Z","path":"/blogs/chip-design/automated-soc-performance-pcie-gen4","step":"verify","ok":true}
{"t":"2026-09-10T15:55:25.993Z","path":"/blogs/chip-design/automating-synchronous-signal-distribution","step":"verify","ok":true}
{"t":"2026-09-10T15:55:26.227Z","path":"/blogs/chip-design/automated-soc-performance-verification","step":"verify","ok":true}
{"t":"2026-09-10T15:55:28.152Z","path":"/blogs/chip-design/automating-testbench-network-chip-verification","step":"verify","ok":true}
{"t":"2026-09-10T15:55:28.185Z","path":"/blogs/chip-design/automating-testbench-creation-network-on-chip","step":"verify","ok":true}
{"t":"2026-09-10T15:55:30.825Z","path":"/blogs/chip-design/automating-the-chip-design-flow","step":"verify","ok":true}
{"t":"2026-09-10T15:55:32.320Z","path":"/blogs/chip-design/automotive-cybersecurity-best-practices","step":"verify","ok":true}
{"t":"2026-09-10T15:55:32.333Z","path":"/blogs/chip-design/automotive-ai-vision-chip-design","step":"verify","ok":true}
{"t":"2026-09-10T15:55:34.254Z","path":"/blogs/chip-design/automotive-cybersecurity-data-management","step":"verify","ok":true}
{"t":"2026-09-10T15:55:34.499Z","path":"/blogs/chip-design/automotive-cybersecurity-engineering-standard-iso-sae-21434","step":"verify","ok":true}
{"t":"2026-09-10T15:55:37.472Z","path":"/blogs/chip-design/automotive-cybersecurity-for-ecus-in-vehicle-networks","step":"verify","ok":true}
{"t":"2026-09-10T15:55:38.217Z","path":"/blogs/chip-design/automotive-electronics-design-efficiency","step":"verify","ok":true}
{"t":"2026-09-10T15:55:38.543Z","path":"/blogs/chip-design/automotive-finfet-foundation-ip","step":"verify","ok":true}
{"t":"2026-09-10T15:55:40.182Z","path":"/blogs/chip-design/automotive-industry-trends-2024","step":"verify","ok":true}
{"t":"2026-09-10T15:55:40.492Z","path":"/blogs/chip-design/automotive-innovation-trends-challenges-interview-dr-burkhard-huhnke","step":"verify","ok":true}
{"t":"2026-09-10T15:55:43.596Z","path":"/blogs/chip-design/automotive-mcu-performance-infineon","step":"verify","ok":true}
{"t":"2026-09-10T15:55:44.691Z","path":"/blogs/chip-design/automotive-soc-design-4-requirements","step":"verify","ok":true}
{"t":"2026-09-10T15:55:45.321Z","path":"/blogs/chip-design/automotive-soc-slm","step":"verify","ok":true}
{"t":"2026-09-10T15:55:45.845Z","path":"/blogs/chip-design/autonomous-driving-levels","step":"verify","ok":true}
{"t":"2026-09-10T15:55:46.110Z","path":"/blogs/chip-design/autosens-detroit-2024-automotive-ee-architectures","step":"verify","ok":true}
{"t":"2026-09-10T15:55:49.465Z","path":"/blogs/chip-design/avina-verma-custom-routing-technology-interview","step":"verify","ok":true}
{"t":"2026-09-10T15:55:50.914Z","path":"/blogs/chip-design/avoid-bad-asic-design-with-virtual-prototyping","step":"verify","ok":true}
{"t":"2026-09-10T15:55:51.319Z","path":"/blogs/chip-design/axi-k-arm-support","step":"verify","ok":true}
{"t":"2026-09-10T15:55:51.822Z","path":"/blogs/chip-design/bandwidth-latency-die-to-die-interfaces-data-centers","step":"verify","ok":true}
{"t":"2026-09-10T15:55:52.889Z","path":"/blogs/chip-design/benefits-of-adopting-cloud-technology","step":"verify","ok":true}
{"t":"2026-09-10T15:55:56.670Z","path":"/blogs/chip-design/benefits-of-redundancy-in-cloud-computing","step":"verify","ok":true}
{"t":"2026-09-10T15:55:56.869Z","path":"/blogs/chip-design/bit-error-rates-usb32","step":"verify","ok":true}
{"t":"2026-09-10T15:55:57.232Z","path":"/blogs/chip-design/benefits-of-virtualization-in-a-cloud-environment","step":"verify","ok":true}
{"t":"2026-09-10T15:55:57.662Z","path":"/blogs/chip-design/block-storage-vs-object-storage-vs-file-storage","step":"verify","ok":true}
{"t":"2026-09-10T15:55:58.685Z","path":"/blogs/chip-design/boost-debug-productivity-serial-protocols","step":"verify","ok":true}
{"t":"2026-09-10T15:56:02.875Z","path":"/blogs/chip-design/building-secure-chips-verified-cxl","step":"verify","ok":true}
{"t":"2026-09-10T15:56:03.164Z","path":"/blogs/chip-design/boost-networking-soc-design-cloud-emulation","step":"verify","ok":true}
{"t":"2026-09-10T15:56:03.330Z","path":"/blogs/chip-design/boosting-eco-optimization-overcoming-ppa-challenges-with-machine-learning","step":"verify","ok":true}
{"t":"2026-09-10T15:56:04.086Z","path":"/blogs/chip-design/bumblebee-moment-ai-silicon","step":"verify","ok":true}
{"t":"2026-09-10T15:56:04.670Z","path":"/blogs/chip-design/cache-coherent-verification-amba-chi","step":"verify","ok":true}
{"t":"2026-09-10T15:56:13.356Z","path":"/blogs/chip-design/category-3d-image-processing","step":"verify","ok":true}
{"t":"2026-09-10T15:56:13.542Z","path":"/blogs/chip-design/category-3dic-design","step":"verify","ok":true}
{"t":"2026-09-10T15:56:15.753Z","path":"/blogs/chip-design/category-5nm-and-below","step":"verify","ok":true}
{"t":"2026-09-10T15:56:15.757Z","path":"/blogs/chip-design/category-5g-wireless","step":"verify","ok":true}
{"t":"2026-09-10T15:56:16.582Z","path":"/blogs/chip-design/category-about-synopsys","step":"verify","ok":true}
{"t":"2026-09-10T15:56:22.724Z","path":"/blogs/chip-design/category-amsverification","step":"verify","ok":true}
{"t":"2026-09-10T15:56:22.734Z","path":"/blogs/chip-design/category-ams-simulation","step":"verify","ok":true}
{"t":"2026-09-10T15:56:23.139Z","path":"/blogs/chip-design/category-analog-design","step":"verify","ok":true}
{"t":"2026-09-10T15:56:24.149Z","path":"/blogs/chip-design/category-aerospace-and-government","step":"verify","ok":true}
{"t":"2026-09-10T15:56:24.814Z","path":"/blogs/chip-design/category-ai-and-machine-learning","step":"verify","ok":true}
{"t":"2026-09-10T15:56:28.664Z","path":"/blogs/chip-design/category-atomic-scale-modeling","step":"verify","ok":true}
{"t":"2026-09-10T15:56:28.736Z","path":"/blogs/chip-design/category-atomistic-simulation-software","step":"verify","ok":true}
{"t":"2026-09-10T15:56:29.750Z","path":"/blogs/chip-design/category-ar-vr","step":"verify","ok":true}
{"t":"2026-09-10T15:56:30.617Z","path":"/blogs/chip-design/category-blog","step":"verify","ok":true}
{"t":"2026-09-10T15:56:32.776Z","path":"/blogs/chip-design/category-automotive","step":"verify","ok":true}
{"t":"2026-09-10T15:56:35.512Z","path":"/blogs/chip-design/category-consumer","step":"verify","ok":true}
{"t":"2026-09-10T15:56:35.814Z","path":"/blogs/chip-design/category-custom-implementation","step":"verify","ok":true}
{"t":"2026-09-10T15:56:36.891Z","path":"/blogs/chip-design/category-cloud","step":"verify","ok":true}
{"t":"2026-09-10T15:56:38.588Z","path":"/blogs/chip-design/category-customer-spotlight","step":"verify","ok":true}
{"t":"2026-09-10T15:56:39.834Z","path":"/blogs/chip-design/category-data-center","step":"verify","ok":true}
{"t":"2026-09-10T15:56:43.067Z","path":"/blogs/chip-design/category-debug","step":"verify","ok":true}
{"t":"2026-09-10T15:56:43.259Z","path":"/blogs/chip-design/category-design-technology-co-optimization","step":"verify","ok":true}
{"t":"2026-09-10T15:56:44.707Z","path":"/blogs/chip-design/category-design","step":"verify","ok":true}
{"t":"2026-09-10T15:56:46.571Z","path":"/blogs/chip-design/category-emulation","step":"verify","ok":true}
{"t":"2026-09-10T15:56:47.404Z","path":"/blogs/chip-design/category-energy-efficient-socs","step":"verify","ok":true}
{"t":"2026-09-10T15:56:49.569Z","path":"/blogs/chip-design/category-executive-voices","step":"verify","ok":true}
{"t":"2026-09-10T15:56:50.989Z","path":"/blogs/chip-design/category-engineering-central","step":"verify","ok":true}
{"t":"2026-09-10T15:56:51.659Z","path":"/blogs/chip-design/category-formal-verification","step":"verify","ok":true}
{"t":"2026-09-10T15:56:53.477Z","path":"/blogs/chip-design/category-fpga-design","step":"verify","ok":true}
{"t":"2026-09-10T15:56:53.558Z","path":"/blogs/chip-design/category-foundation-ip","step":"verify","ok":true}
{"t":"2026-09-10T15:56:56.046Z","path":"/blogs/chip-design/category-fusion-design-platform","step":"verify","ok":true}
{"t":"2026-09-10T15:56:56.793Z","path":"/blogs/chip-design/category-fusion-technology","step":"verify","ok":true}
{"t":"2026-09-10T15:56:59.665Z","path":"/blogs/chip-design/category-hpc-data-center","step":"verify","ok":true}
{"t":"2026-09-10T15:56:59.914Z","path":"/blogs/chip-design/category-insights","step":"verify","ok":true}
{"t":"2026-09-10T15:56:59.921Z","path":"/blogs/chip-design/category-ide","step":"verify","ok":true}
{"t":"2026-09-10T15:57:01.835Z","path":"/blogs/chip-design/category-interface-ip-subsystems","step":"verify","ok":true}
{"t":"2026-09-10T15:57:05.720Z","path":"/blogs/chip-design/category-interface-ip","step":"verify","ok":true}
{"t":"2026-09-10T15:57:06.121Z","path":"/blogs/chip-design/category-lowpower","step":"verify","ok":true}
{"t":"2026-09-10T15:57:06.171Z","path":"/blogs/chip-design/category-internet-of-things","step":"verify","ok":true}
{"t":"2026-09-10T15:57:07.511Z","path":"/blogs/chip-design/category-manufacturing","step":"verify","ok":true}
{"t":"2026-09-10T15:57:08.721Z","path":"/blogs/chip-design/category-mask-solutions","step":"verify","ok":true}
{"t":"2026-09-10T15:57:11.873Z","path":"/blogs/chip-design/category-medical","step":"verify","ok":true}
{"t":"2026-09-10T15:57:13.037Z","path":"/blogs/chip-design/category-memory","step":"verify","ok":true}
{"t":"2026-09-10T15:57:13.525Z","path":"/blogs/chip-design/category-multiphysics-fusion","step":"verify","ok":true}
{"t":"2026-09-10T15:57:15.621Z","path":"/blogs/chip-design/category-multi-die-system","step":"verify","ok":true}
{"t":"2026-09-10T15:57:16.603Z","path":"/blogs/chip-design/category-photonic","step":"verify","ok":true}
{"t":"2026-09-10T15:57:18.599Z","path":"/blogs/chip-design/category-physical-implementation","step":"verify","ok":true}
{"t":"2026-09-10T15:57:19.002Z","path":"/blogs/chip-design/category-physical-verification","step":"verify","ok":true}
{"t":"2026-09-10T15:57:20.135Z","path":"/blogs/chip-design/category-platform","step":"verify","ok":true}
{"t":"2026-09-10T15:57:21.614Z","path":"/blogs/chip-design/category-prototyping","step":"verify","ok":true}
{"t":"2026-09-10T15:57:22.678Z","path":"/blogs/chip-design/category-quantum-computing","step":"verify","ok":true}
{"t":"2026-09-10T15:57:24.253Z","path":"/blogs/chip-design/category-rf-design","step":"verify","ok":true}
{"t":"2026-09-10T15:57:24.561Z","path":"/blogs/chip-design/category-risc-v","step":"verify","ok":true}
{"t":"2026-09-10T15:57:26.423Z","path":"/blogs/chip-design/category-rtl-synthesis","step":"verify","ok":true}
{"t":"2026-09-10T15:57:29.629Z","path":"/blogs/chip-design/category-signal-amp-power-integrity","step":"verify","ok":true}
{"t":"2026-09-10T15:57:30.075Z","path":"/blogs/chip-design/category-security-ip","step":"verify","ok":true}
{"t":"2026-09-10T15:57:32.627Z","path":"/blogs/chip-design/category-signoff","step":"verify","ok":true}
{"t":"2026-09-10T15:57:33.573Z","path":"/blogs/chip-design/category-silicon-ip","step":"verify","ok":true}
{"t":"2026-09-10T15:57:36.425Z","path":"/blogs/chip-design/category-silicon-lifecycle-management","step":"verify","ok":true}
{"t":"2026-09-10T15:57:36.432Z","path":"/blogs/chip-design/category-simpleware","step":"verify","ok":true}
{"t":"2026-09-10T15:57:37.601Z","path":"/blogs/chip-design/category-simulation","step":"verify","ok":true}
{"t":"2026-09-10T15:57:39.579Z","path":"/blogs/chip-design/category-smart-manufacturing","step":"verify","ok":true}
{"t":"2026-09-10T15:57:41.700Z","path":"/blogs/chip-design/category-soc-verification-automation","step":"verify","ok":true}
{"t":"2026-09-10T15:57:42.333Z","path":"/blogs/chip-design/category-software-integrity","step":"verify","ok":true}
{"t":"2026-09-10T15:57:43.874Z","path":"/blogs/chip-design/category-static-and-formal-verification","step":"verify","ok":true}
{"t":"2026-09-10T15:57:44.615Z","path":"/blogs/chip-design/category-static-verification","step":"verify","ok":true}
{"t":"2026-09-10T15:57:45.926Z","path":"/blogs/chip-design/category-storage","step":"verify","ok":true}
{"t":"2026-09-10T15:57:47.739Z","path":"/blogs/chip-design/category-synopsys-ip-technical-bulletin","step":"verify","ok":true}
{"t":"2026-09-10T15:57:49.076Z","path":"/blogs/chip-design/category-tcad","step":"verify","ok":true}
{"t":"2026-09-10T15:57:50.483Z","path":"/blogs/chip-design/category-test","step":"verify","ok":true}
{"t":"2026-09-10T15:57:50.678Z","path":"/blogs/chip-design/category-test-automation","step":"verify","ok":true}
{"t":"2026-09-10T15:57:53.424Z","path":"/blogs/chip-design/category-verification","step":"verify","ok":true}
{"t":"2026-09-10T15:57:55.885Z","path":"/blogs/chip-design/category-verificationip","step":"verify","ok":true}
{"t":"2026-09-10T15:57:56.264Z","path":"/blogs/chip-design/ccix-pcie-ai-networking-storage","step":"verify","ok":true}
{"t":"2026-09-10T15:57:56.762Z","path":"/blogs/chip-design/celebrating-40-years-of-hspice","step":"verify","ok":true}
{"t":"2026-09-10T15:57:56.946Z","path":"/blogs/chip-design/category-virtualprototyping","step":"verify","ok":true}
{"t":"2026-09-10T15:57:59.931Z","path":"/blogs/chip-design/celebrating-the-76th-anniversary-of-the-transistor","step":"verify","ok":true}
{"t":"2026-09-10T15:58:02.355Z","path":"/blogs/chip-design/celebrating-women-innovation-nvidia-gtc-2026","step":"verify","ok":true}
{"t":"2026-09-10T15:58:03.411Z","path":"/blogs/chip-design/ces-2024-software-defined-vehicles","step":"verify","ok":true}
{"t":"2026-09-10T15:58:04.437Z","path":"/blogs/chip-design/ceos-synopsys-arm-ai-opportunities-challenges","step":"verify","ok":true}
{"t":"2026-09-10T15:58:05.023Z","path":"/blogs/chip-design/chip-design-data-analytics","step":"verify","ok":true}
{"t":"2026-09-10T15:58:08.049Z","path":"/blogs/chip-design/chip-design-debug-verification-ai","step":"verify","ok":true}
{"t":"2026-09-10T15:58:12.229Z","path":"/blogs/chip-design/chip-design-latest-technology","step":"verify","ok":true}
{"t":"2026-09-10T15:58:14.168Z","path":"/blogs/chip-design/chiplets-multi-die-alchip","step":"verify","ok":true}
{"t":"2026-09-10T15:58:15.295Z","path":"/blogs/chip-design/chiplet-design-best-practices-multi-die","step":"verify","ok":true}
{"t":"2026-09-10T15:58:15.745Z","path":"/blogs/chip-design/chip-design-tools-github-hardware-development","step":"verify","ok":true}
{"t":"2026-09-10T15:58:15.955Z","path":"/blogs/chip-design/chip-floorplan-design-automation","step":"verify","ok":true}
{"t":"2026-09-10T15:58:19.181Z","path":"/blogs/chip-design/chips-act-research-development","step":"verify","ok":true}
{"t":"2026-09-10T15:58:21.665Z","path":"/blogs/chip-design/cloud-access-security-broker","step":"verify","ok":true}
{"t":"2026-09-10T15:58:22.441Z","path":"/blogs/chip-design/chips-and-science-act-semiconductor-industry","step":"verify","ok":true}
{"t":"2026-09-10T15:58:22.560Z","path":"/blogs/chip-design/cloud-adoption-framework-eda-software","step":"verify","ok":true}
{"t":"2026-09-10T15:58:22.698Z","path":"/blogs/chip-design/cloud-ai-chip-emulation","step":"verify","ok":true}
{"t":"2026-09-10T15:58:25.542Z","path":"/blogs/chip-design/cloud-architecture-patterns","step":"verify","ok":true}
{"t":"2026-09-10T15:58:28.093Z","path":"/blogs/chip-design/cloud-based-chip-design-and-verification-2022","step":"verify","ok":true}
{"t":"2026-09-10T15:58:28.446Z","path":"/blogs/chip-design/cloud-based-eda-software-ai-accelerator-mentium","step":"verify","ok":true}
{"t":"2026-09-10T15:58:28.671Z","path":"/blogs/chip-design/cloud-based-chip-design-security","step":"verify","ok":true}
{"t":"2026-09-10T15:58:29.439Z","path":"/blogs/chip-design/cloud-based-chip-design-innovation-snug","step":"verify","ok":true}
{"t":"2026-09-10T15:58:32.217Z","path":"/blogs/chip-design/cloud-based-eda-tools-explained","step":"verify","ok":true}
{"t":"2026-09-10T15:58:34.050Z","path":"/blogs/chip-design/cloud-based-ic-hardware-design-tools-enhance-chip-design","step":"verify","ok":true}
{"t":"2026-09-10T15:58:34.233Z","path":"/blogs/chip-design/cloud-based-soc-virtual-prototyping","step":"verify","ok":true}
{"t":"2026-09-10T15:58:34.401Z","path":"/blogs/chip-design/cloud-capacity-planning","step":"verify","ok":true}
{"t":"2026-09-10T15:58:36.039Z","path":"/blogs/chip-design/cloud-computing-architecture","step":"verify","ok":true}
{"t":"2026-09-10T15:58:37.867Z","path":"/blogs/chip-design/cloud-computing-deployment-models","step":"verify","ok":true}
{"t":"2026-09-10T15:58:39.738Z","path":"/blogs/chip-design/cloud-computing-facts","step":"verify","ok":true}
{"t":"2026-09-10T15:58:39.812Z","path":"/blogs/chip-design/cloud-computing-flexibility","step":"verify","ok":true}
{"t":"2026-09-10T15:58:39.887Z","path":"/blogs/chip-design/cloud-computing-features","step":"verify","ok":true}
{"t":"2026-09-10T15:58:41.830Z","path":"/blogs/chip-design/cloud-computing-infrastructure","step":"verify","ok":true}
{"t":"2026-09-10T15:58:43.349Z","path":"/blogs/chip-design/cloud-computing-overview","step":"verify","ok":true}
{"t":"2026-09-10T15:58:45.470Z","path":"/blogs/chip-design/cloud-computing-vs-traditional-it-structures","step":"verify","ok":true}
{"t":"2026-09-10T15:58:45.691Z","path":"/blogs/chip-design/cloud-configuration-management-tools","step":"verify","ok":true}
{"t":"2026-09-10T15:58:45.765Z","path":"/blogs/chip-design/cloud-computing-security-concerns","step":"verify","ok":true}
{"t":"2026-09-10T15:58:48.716Z","path":"/blogs/chip-design/cloud-consumption","step":"verify","ok":true}
{"t":"2026-09-10T15:58:49.557Z","path":"/blogs/chip-design/cloud-data-center-architecture","step":"verify","ok":true}
{"t":"2026-09-10T15:58:51.826Z","path":"/blogs/chip-design/cloud-eda-tools-fuel-semiconductor-design","step":"verify","ok":true}
{"t":"2026-09-10T15:58:52.004Z","path":"/blogs/chip-design/cloud-eda-tools-enable-preconfigured-chip-design-flows","step":"verify","ok":true}
{"t":"2026-09-10T15:58:52.102Z","path":"/blogs/chip-design/cloud-eda-license-management","step":"verify","ok":true}
{"t":"2026-09-10T15:58:54.428Z","path":"/blogs/chip-design/cloud-eda-tools-scale-soc-design-and-verification","step":"verify","ok":true}
{"t":"2026-09-10T15:58:55.077Z","path":"/blogs/chip-design/cloud-eda-tools-to-saas-model","step":"verify","ok":true}
{"t":"2026-09-10T15:58:57.796Z","path":"/blogs/chip-design/cloud-enabled-chip-design-education-concept-to-tapeout","step":"verify","ok":true}
{"t":"2026-09-10T15:58:57.933Z","path":"/blogs/chip-design/cloud-hpc-for-ai-architecture","step":"verify","ok":true}
{"t":"2026-09-10T15:58:58.135Z","path":"/blogs/chip-design/cloud-interoperability-chip-design","step":"verify","ok":true}
{"t":"2026-09-10T15:59:00.969Z","path":"/blogs/chip-design/cloud-native-benefits","step":"verify","ok":true}
{"t":"2026-09-10T15:59:01.236Z","path":"/blogs/chip-design/cloud-native-technologies","step":"verify","ok":true}
{"t":"2026-09-10T15:59:03.827Z","path":"/blogs/chip-design/cloud-native-vs-cloud-agnostic","step":"verify","ok":true}
{"t":"2026-09-10T15:59:04.593Z","path":"/blogs/chip-design/cloud-predictions-2023","step":"verify","ok":true}
{"t":"2026-09-10T15:59:05.171Z","path":"/blogs/chip-design/cloud-security-architecture","step":"verify","ok":true}
{"t":"2026-09-10T15:59:06.961Z","path":"/blogs/chip-design/cloud-security-challenges","step":"verify","ok":true}
{"t":"2026-09-10T15:59:07.621Z","path":"/blogs/chip-design/cloud-security-strategy","step":"verify","ok":true}
{"t":"2026-09-10T15:59:10.295Z","path":"/blogs/chip-design/cloud-soc-prototyping-fpga-prototyping-tools","step":"verify","ok":true}
{"t":"2026-09-10T15:59:10.792Z","path":"/blogs/chip-design/cloud-storage-security","step":"verify","ok":true}
{"t":"2026-09-10T15:59:12.351Z","path":"/blogs/chip-design/cloud-to-cloud-integration","step":"verify","ok":true}
{"t":"2026-09-10T15:59:13.750Z","path":"/blogs/chip-design/cloud-virtual-prototypes-sdvs","step":"verify","ok":true}
{"t":"2026-09-10T15:59:14.398Z","path":"/blogs/chip-design/cloud-workload-protection","step":"verify","ok":true}
{"t":"2026-09-10T15:59:16.507Z","path":"/blogs/chip-design/color-space-conversions-display","step":"verify","ok":true}
{"t":"2026-09-10T15:59:16.740Z","path":"/blogs/chip-design/community-service-synopsys-for-good","step":"verify","ok":true}
{"t":"2026-09-10T15:59:18.304Z","path":"/blogs/chip-design/comparing-cloud-on-premises-security-chip-design","step":"verify","ok":true}
{"t":"2026-09-10T15:59:19.811Z","path":"/blogs/chip-design/complete-ufs-5-0-m-phy-v6-0-ip-solution-storage","step":"verify","ok":true}
{"t":"2026-09-10T15:59:20.784Z","path":"/blogs/chip-design/compliance-load-board-verification-for-pcie-6-designs","step":"verify","ok":true}
{"t":"2026-09-10T15:59:22.385Z","path":"/blogs/chip-design/compute-capacity","step":"verify","ok":true}
{"t":"2026-09-10T15:59:22.406Z","path":"/blogs/chip-design/computational-lithography-chip-design-with-nvidia","step":"verify","ok":true}
{"t":"2026-09-10T15:59:24.064Z","path":"/blogs/chip-design/connected-vehicle-cybersecurity-wireless-comm","step":"verify","ok":true}
{"t":"2026-09-10T15:59:36.664Z","path":"/blogs/chip-design/copilot-generative-ai-chip-design","step":"verify","ok":false,"why":"fetch failed"}
{"t":"2026-09-10T15:59:43.767Z","path":"/blogs/chip-design/copper-ai-interconnect","step":"verify","ok":true}
{"t":"2026-09-10T15:59:49.001Z","path":"/blogs/chip-design/cpo-multi-die-design","step":"verify","ok":true}
{"t":"2026-09-10T15:59:52.354Z","path":"/blogs/chip-design/create-ai-accelerator-chip-18-months-neuchips","step":"verify","ok":true}
{"t":"2026-09-10T15:59:56.221Z","path":"/blogs/chip-design/cryogenic-cmos-computing-semiwise","step":"verify","ok":true}
{"t":"2026-09-10T15:59:59.294Z","path":"/blogs/chip-design/custom-compiler-design-assistants-part-2","step":"verify","ok":true}
{"t":"2026-09-10T16:00:06.324Z","path":"/blogs/chip-design/custom-compiler-design-assistants","step":"verify","ok":true}
{"t":"2026-09-10T16:00:08.005Z","path":"/blogs/chip-design/custom-compiler-design-insights","step":"verify","ok":true}
{"t":"2026-09-10T16:00:13.428Z","path":"/blogs/chip-design/custom-compiler-layout","step":"verify","ok":true}
{"t":"2026-09-10T16:00:15.264Z","path":"/blogs/chip-design/custom-design-family-customer-testimonials","step":"verify","ok":true}
{"t":"2026-09-10T16:00:21.127Z","path":"/blogs/chip-design/custom-routing-cmos-image-sensors-co-design-flow","step":"verify","ok":true}
{"t":"2026-09-10T16:00:23.304Z","path":"/blogs/chip-design/customizing-foundation-ip-low-voltage-design","step":"verify","ok":true}
{"t":"2026-09-10T16:00:28.282Z","path":"/blogs/chip-design/cxl-2-data-center-interconnects","step":"verify","ok":true}
{"t":"2026-09-10T16:00:32.618Z","path":"/blogs/chip-design/cxl-2-device-discovery-path","step":"verify","ok":true}
{"t":"2026-09-10T16:00:36.459Z","path":"/blogs/chip-design/cxl-3-0-verification-solution-synopsys","step":"verify","ok":true}
{"t":"2026-09-10T16:00:36.477Z","path":"/blogs/chip-design/continuous-integration-practices","step":"verify","ok":false,"why":"fetch failed"}
{"t":"2026-09-10T16:00:40.957Z","path":"/blogs/chip-design/corporate-social-responsibility-report-2021","step":"verify","ok":true}
{"t":"2026-09-10T16:00:41.310Z","path":"/blogs/chip-design/cxl-3-1-standard","step":"verify","ok":true}
{"t":"2026-09-10T16:00:42.671Z","path":"/blogs/chip-design/coverage-models-memory-vip-solutions","step":"verify","ok":true}
{"t":"2026-09-10T16:00:43.179Z","path":"/blogs/chip-design/cxl-3-protocol-standard-demo-sc24","step":"verify","ok":true}
{"t":"2026-09-10T16:00:45.186Z","path":"/blogs/chip-design/cxl-4-bandwidth-first-what-designers-are-solving-next","step":"verify","ok":true}
{"t":"2026-09-10T16:00:49.732Z","path":"/blogs/chip-design/cxl-4-ip-solution-ai-memory-connectivity","step":"verify","ok":true}
{"t":"2026-09-10T16:00:51.943Z","path":"/blogs/chip-design/cxl-compliance-testevent","step":"verify","ok":true}
{"t":"2026-09-10T16:00:54.239Z","path":"/blogs/chip-design/cxl-design-verification-synopsys-protocol","step":"verify","ok":true}
{"t":"2026-09-10T16:00:54.414Z","path":"/blogs/chip-design/cxl-protocol-memory-pooling","step":"verify","ok":true}
{"t":"2026-09-10T16:00:56.208Z","path":"/blogs/chip-design/cxl-secured-network-traffic-specification","step":"verify","ok":true}
{"t":"2026-09-10T16:00:58.209Z","path":"/blogs/chip-design/cybersecurity-qa-cso-deirdre-hanford","step":"verify","ok":true}
{"t":"2026-09-10T16:01:02.384Z","path":"/blogs/chip-design/darpa-aiss-security-deirdre-hanford","step":"verify","ok":true}
{"t":"2026-09-10T16:01:03.596Z","path":"/blogs/chip-design/datapath-validation-artificial-intelligence-mathematical-cores","step":"verify","ok":true}
{"t":"2026-09-10T16:01:03.762Z","path":"/blogs/chip-design/data-volume-growth-and-moores-law","step":"verify","ok":true}
{"t":"2026-09-10T16:01:04.585Z","path":"/blogs/chip-design/ddr-generations-memory-density-speed","step":"verify","ok":true}
{"t":"2026-09-10T16:01:05.770Z","path":"/blogs/chip-design/ddr5-technology-advancements-performance","step":"verify","ok":true}
{"t":"2026-09-10T16:01:09.387Z","path":"/blogs/chip-design/debugging-x-can-be-difficult","step":"verify","ok":true}
{"t":"2026-09-10T16:01:11.600Z","path":"/blogs/chip-design/demanding-chip-complexity-manufacturing-requirements-call-for-data-analytics","step":"verify","ok":true}
{"t":"2026-09-10T16:01:12.097Z","path":"/blogs/chip-design/delivering-lpddr6-read-write-eyes-10-6-gbps","step":"verify","ok":true}
{"t":"2026-09-10T16:01:12.511Z","path":"/blogs/chip-design/design-automation-conference-2022","step":"verify","ok":true}
{"t":"2026-09-10T16:01:13.524Z","path":"/blogs/chip-design/demystifying-pcie-pipe-serdes-architecture","step":"verify","ok":true}
{"t":"2026-09-10T16:01:16.549Z","path":"/blogs/chip-design/designing-ai-chips-interview-thomas-andersen","step":"verify","ok":true}
{"t":"2026-09-10T16:01:18.410Z","path":"/blogs/chip-design/designing-electrostatic-discharge-protection-for-monolithic-socs-and-multi-die-systems","step":"verify","ok":true}
{"t":"2026-09-10T16:01:19.076Z","path":"/blogs/chip-design/designing-chips-with-ai-enabled-tools","step":"verify","ok":true}
{"t":"2026-09-10T16:01:20.724Z","path":"/blogs/chip-design/designing-hbm3-high-bandwidth-memory-interfaces","step":"verify","ok":true}
{"t":"2026-09-10T16:01:21.208Z","path":"/blogs/chip-design/dfi-5-enhances-ddr5-lpddr5-performance","step":"verify","ok":true}
{"t":"2026-09-10T16:01:23.397Z","path":"/blogs/chip-design/die-to-die-connectivity-for-hpc","step":"verify","ok":true}
{"t":"2026-09-10T16:01:25.782Z","path":"/blogs/chip-design/difference-between-mom-mim-mos-capacitor","step":"verify","ok":true}
{"t":"2026-09-10T16:01:27.321Z","path":"/blogs/chip-design/digital-design-tech-symposium-2021","step":"verify","ok":true}
{"t":"2026-09-10T16:01:27.878Z","path":"/blogs/chip-design/digital-engineering-transforms-chips-future","step":"verify","ok":true}
{"t":"2026-09-10T16:01:29.291Z","path":"/blogs/chip-design/digital-media-internship-program","step":"verify","ok":true}
{"t":"2026-09-10T16:01:29.655Z","path":"/blogs/chip-design/digital-twins-drive-innovation-in-auto-industry","step":"verify","ok":true}
{"t":"2026-09-10T16:01:33.253Z","path":"/blogs/chip-design/digital-twins-semiconductor-industry","step":"verify","ok":true}
{"t":"2026-09-10T16:01:34.886Z","path":"/blogs/chip-design/displayport-2-features-20gbps-16k","step":"verify","ok":true}
{"t":"2026-09-10T16:01:35.739Z","path":"/blogs/chip-design/digital-twins-transform-aerospace-defense","step":"verify","ok":true}
{"t":"2026-09-10T16:01:36.439Z","path":"/blogs/chip-design/distributed-object-storage","step":"verify","ok":true}
{"t":"2026-09-10T16:01:36.830Z","path":"/blogs/chip-design/dma-enhances-computer-performance","step":"verify","ok":true}
{"t":"2026-09-10T16:01:40.460Z","path":"/blogs/chip-design/dod-microelectronics-commons-hub-eda-tools","step":"verify","ok":true}
{"t":"2026-09-10T16:01:43.287Z","path":"/blogs/chip-design/dynamic-hdr-hdmi2-for-tv-mobiles","step":"verify","ok":true}
{"t":"2026-09-10T16:01:44.468Z","path":"/blogs/chip-design/dvcon-2024-multi-die-verification-panel","step":"verify","ok":true}
{"t":"2026-09-10T16:01:44.469Z","path":"/blogs/chip-design/driving-the-future-renesas-r-car-gen-5-virtual-prototypes-enable-sdvs","step":"verify","ok":true}
{"t":"2026-09-10T16:01:45.673Z","path":"/blogs/chip-design/eda-cloud-predictions-2024","step":"verify","ok":true}
{"t":"2026-09-10T16:01:47.020Z","path":"/blogs/chip-design/eda-in-the-cloud-snug-2023","step":"verify","ok":true}
{"t":"2026-09-10T16:01:50.809Z","path":"/blogs/chip-design/eda-license-management","step":"verify","ok":true}
{"t":"2026-09-10T16:01:52.209Z","path":"/blogs/chip-design/eda-tools-dso-ai-100-tapeouts","step":"verify","ok":true}
{"t":"2026-09-10T16:01:52.863Z","path":"/blogs/chip-design/eda-tools-help-students-build-ic-design-skills","step":"verify","ok":true}
{"t":"2026-09-10T16:01:53.337Z","path":"/blogs/chip-design/eda-tools-for-aerospace-chip-designers","step":"verify","ok":true}
{"t":"2026-09-10T16:01:58.804Z","path":"/blogs/chip-design/eda-workloads-amd-epyc-processors","step":"verify","ok":true}
{"t":"2026-09-10T16:01:59.273Z","path":"/blogs/chip-design/eda-tools-ip-solutions-and-auto-compliance","step":"verify","ok":true}
{"t":"2026-09-10T16:01:59.521Z","path":"/blogs/chip-design/eda-workloads-hybrid-cloud-solution","step":"verify","ok":true}
{"t":"2026-09-10T16:02:00.543Z","path":"/blogs/chip-design/eda-workloads-amd-processors","step":"verify","ok":true}
{"t":"2026-09-10T16:02:01.138Z","path":"/blogs/chip-design/eda-workloads","step":"verify","ok":true}
{"t":"2026-09-10T16:02:07.059Z","path":"/blogs/chip-design/edge-computing-architecture","step":"verify","ok":true}
{"t":"2026-09-10T16:02:07.312Z","path":"/blogs/chip-design/edge-ai-in-memory-compute","step":"verify","ok":true}
{"t":"2026-09-10T16:02:07.595Z","path":"/blogs/chip-design/edge-ai-where-artificial-intelligence-meets-the-physical-world","step":"verify","ok":true}
{"t":"2026-09-10T16:02:08.148Z","path":"/blogs/chip-design/edge-computing-benefits-and-challenges","step":"verify","ok":true}
{"t":"2026-09-10T16:02:08.594Z","path":"/blogs/chip-design/edge-machine-learning-apps-sima-ai-synopsys","step":"verify","ok":true}
{"t":"2026-09-10T16:02:14.747Z","path":"/blogs/chip-design/edp-verification-challenges-panel-refresh","step":"verify","ok":true}
{"t":"2026-09-10T16:02:14.748Z","path":"/blogs/chip-design/efficient-interconnect-planning-synopsys-ic-compiler-ii","step":"verify","ok":true}
{"t":"2026-09-10T16:02:15.559Z","path":"/blogs/chip-design/electron-beam-lithography-multibeam","step":"verify","ok":true}
{"t":"2026-09-10T16:02:15.893Z","path":"/blogs/chip-design/electronics-digital-twin-automotive-innovation","step":"verify","ok":true}
{"t":"2026-09-10T16:02:16.069Z","path":"/blogs/chip-design/electronic-design-snug-israel-2022","step":"verify","ok":true}
{"t":"2026-09-10T16:02:22.771Z","path":"/blogs/chip-design/electronics-digital-twin-edt","step":"verify","ok":true}
{"t":"2026-09-10T16:02:22.928Z","path":"/blogs/chip-design/electronics-industry-sustainable-world","step":"verify","ok":true}
{"t":"2026-09-10T16:02:23.073Z","path":"/blogs/chip-design/electronics-digital-twin-platform","step":"verify","ok":true}
{"t":"2026-09-10T16:02:24.060Z","path":"/blogs/chip-design/emulation-helps-find-power-bugs-soc-verification","step":"verify","ok":true}
{"t":"2026-09-10T16:02:24.613Z","path":"/blogs/chip-design/emulation-technology-soc-power-verification","step":"verify","ok":true}
{"t":"2026-09-10T16:02:31.940Z","path":"/blogs/chip-design/energy-efficient-ai-accelerator-data-centers","step":"verify","ok":true}
{"t":"2026-09-10T16:02:32.276Z","path":"/blogs/chip-design/enabling-superior-rtl-with-synopsys-rtl-architect-discussion-with-vineet-rashingkar","step":"verify","ok":true}
{"t":"2026-09-10T16:02:32.590Z","path":"/blogs/chip-design/energy-efficient-ai-per-watt","step":"verify","ok":true}
{"t":"2026-09-10T16:02:33.260Z","path":"/blogs/chip-design/enabling-electronics-digital-twins-with-nxp-s32n-processor-vdks","step":"verify","ok":true}
{"t":"2026-09-10T16:02:33.275Z","path":"/blogs/chip-design/energy-efficient-compute-designs-cxl-3-0-verification-ip","step":"verify","ok":true}
{"t":"2026-09-10T16:02:40.256Z","path":"/blogs/chip-design/enhancing-chip-design-simulation-with-artificial-intelligence","step":"verify","ok":true}
{"t":"2026-09-10T16:02:40.295Z","path":"/blogs/chip-design/enhance-chip-verification-with-ai-and-machine-learning","step":"verify","ok":true}
{"t":"2026-09-10T16:02:40.738Z","path":"/blogs/chip-design/enhancing-chip-design-with-ai","step":"verify","ok":true}
{"t":"2026-09-10T16:02:40.754Z","path":"/blogs/chip-design/ensuring-reliability-haps-physical-prototyping-systems","step":"verify","ok":true}
{"t":"2026-09-10T16:02:40.773Z","path":"/blogs/chip-design/engineering-intelligent-systems-multiphysics-world","step":"verify","ok":true}
{"t":"2026-09-10T16:02:48.837Z","path":"/blogs/chip-design/esd-electrostatic-discharge-analysis-prevention","step":"verify","ok":true}
{"t":"2026-09-10T16:02:48.860Z","path":"/blogs/chip-design/enterprise-generative-ai-tools-roi","step":"verify","ok":true}
{"t":"2026-09-10T16:02:48.933Z","path":"/blogs/chip-design/equivalence-checking-and-functional-eco","step":"verify","ok":true}
{"t":"2026-09-10T16:02:49.997Z","path":"/blogs/chip-design/esp-equivalence-checking-custom-design-interview-almitra-pradhan","step":"verify","ok":true}
{"t":"2026-09-10T16:02:57.177Z","path":"/blogs/chip-design/esp-bridging-the-gap-video-series","step":"verify","ok":false,"why":"fetch failed"}
{"t":"2026-09-10T16:02:57.837Z","path":"/blogs/chip-design/essential-cloud-computing-characteristics","step":"verify","ok":true}
{"t":"2026-09-10T16:02:58.826Z","path":"/blogs/chip-design/esp-technology-high-coverage-symbolic-verification","step":"verify","ok":true}
{"t":"2026-09-10T16:02:58.947Z","path":"/blogs/chip-design/ethernet-1-6t-vip-and-protocol-solutions","step":"verify","ok":true}
{"t":"2026-09-10T16:02:59.205Z","path":"/blogs/chip-design/esun-ethernet-ai-scale-up-networking","step":"verify","ok":true}
{"t":"2026-09-10T16:03:11.292Z","path":"/blogs/chip-design/ethernet-802-3ck-800g-terabit-speeds","step":"verify","ok":true}
{"t":"2026-09-10T16:03:12.605Z","path":"/blogs/chip-design/ethernet-interoperability-simulation","step":"verify","ok":true}
{"t":"2026-09-10T16:03:12.966Z","path":"/blogs/chip-design/ethernet-tsn-automotive-avb-applications","step":"verify","ok":true}
{"t":"2026-09-10T16:03:12.997Z","path":"/blogs/chip-design/ethernet-connectivity-for-hyperscale-data-centers","step":"verify","ok":true}
{"t":"2026-09-10T16:03:13.211Z","path":"/blogs/chip-design/ethernet-evolution-trends-challenges-future","step":"verify","ok":true}
{"t":"2026-09-10T16:03:19.116Z","path":"/blogs/chip-design/ethernet-tsn-synopsys-verification","step":"verify","ok":true}
{"t":"2026-09-10T16:03:19.949Z","path":"/blogs/chip-design/europe-semiconductor-workforce-development","step":"verify","ok":true}
{"t":"2026-09-10T16:03:20.654Z","path":"/blogs/chip-design/evolution-of-synthesis-navigating-complex-rules-in-finfet-era","step":"verify","ok":true}
{"t":"2026-09-10T16:03:20.832Z","path":"/blogs/chip-design/evolution-pvt-ip-ams-digitally-assisted-analog-daa","step":"verify","ok":true}
{"t":"2026-09-10T16:03:21.825Z","path":"/blogs/chip-design/examining-data-bus-inversions-for-lpddr-in-stateye","step":"verify","ok":true}
{"t":"2026-09-10T16:03:26.544Z","path":"/blogs/chip-design/explaining-bizarre-results-p2p-resistance-current-density-on-chip-esd-network-simulations","step":"verify","ok":true}
{"t":"2026-09-10T16:03:28.549Z","path":"/blogs/chip-design/exploring-technical-features-of-starrc-merge-corners","step":"verify","ok":true}
{"t":"2026-09-10T16:03:28.945Z","path":"/blogs/chip-design/exploring-resistance-extraction-techniques-starrc","step":"verify","ok":true}
{"t":"2026-09-10T16:03:29.350Z","path":"/blogs/chip-design/exploring-transistor-architecture-for-the-5-nm-node-and-beyond","step":"verify","ok":true}
{"t":"2026-09-10T16:03:29.815Z","path":"/blogs/chip-design/extending-mobile-soc-battery-life","step":"verify","ok":true}
{"t":"2026-09-10T16:03:33.388Z","path":"/blogs/chip-design/extraction-custom-design-advanced-nodes-interview-mo-movahed-ezazi","step":"verify","ok":true}
{"t":"2026-09-10T16:03:34.958Z","path":"/blogs/chip-design/fanout-rdl-routing-design-automation","step":"verify","ok":true}
{"t":"2026-09-10T16:03:36.102Z","path":"/blogs/chip-design/fast-soc-emulation-boost-chip-verification","step":"verify","ok":true}
{"t":"2026-09-10T16:03:36.432Z","path":"/blogs/chip-design/fast-accurate-virtual-prototyping","step":"verify","ok":true}
{"t":"2026-09-10T16:03:37.416Z","path":"/blogs/chip-design/faster-chip-timing-signoff-flexeda","step":"verify","ok":true}
{"t":"2026-09-10T16:03:40.432Z","path":"/blogs/chip-design/faster-chiplet-soc-design-with-arm-collaboration","step":"verify","ok":true}
{"t":"2026-09-10T16:03:42.813Z","path":"/blogs/chip-design/faster-prototyping-haps","step":"verify","ok":true}
{"t":"2026-09-10T16:03:43.683Z","path":"/blogs/chip-design/faster-waveform-dumping-verdi-vcs","step":"verify","ok":true}
{"t":"2026-09-10T16:03:44.369Z","path":"/blogs/chip-design/fault-simulation-techniques-for-safety-critical-chip-designs","step":"verify","ok":true}
{"t":"2026-09-10T16:03:44.378Z","path":"/blogs/chip-design/fault-simulation-techniques","step":"verify","ok":true}
{"t":"2026-09-10T16:03:47.189Z","path":"/blogs/chip-design/finding-hardware-bugs-faster","step":"verify","ok":true}
{"t":"2026-09-10T16:03:49.846Z","path":"/blogs/chip-design/first-mobile-phone-usb-type-c","step":"verify","ok":true}
{"t":"2026-09-10T16:03:51.619Z","path":"/blogs/chip-design/formal-chip-design-verification-in-the-cloud","step":"verify","ok":true}
{"t":"2026-09-10T16:03:51.745Z","path":"/blogs/chip-design/first-verification-ip-arm-amba","step":"verify","ok":true}
{"t":"2026-09-10T16:03:52.414Z","path":"/blogs/chip-design/first-verification-ips-arm-amba","step":"verify","ok":true}
{"t":"2026-09-10T16:03:53.651Z","path":"/blogs/chip-design/formal-verification-increases-soc-design-productivity","step":"verify","ok":true}
{"t":"2026-09-10T16:03:57.709Z","path":"/blogs/chip-design/fpga-prototyping-for-high-rtl-debug-productivity","step":"verify","ok":true}
{"t":"2026-09-10T16:03:59.469Z","path":"/blogs/chip-design/freertos-virtual-ecu-development-validation-silver","step":"verify","ok":true}
{"t":"2026-09-10T16:04:00.394Z","path":"/blogs/chip-design/fpga-prototyping-powers-soc-process","step":"verify","ok":true}
{"t":"2026-09-10T16:04:00.394Z","path":"/blogs/chip-design/fpga-prototyping-scaled-out-chip-design-validation","step":"verify","ok":true}
{"t":"2026-09-10T16:04:01.389Z","path":"/blogs/chip-design/fujitsu-monaka-green-data-centers","step":"verify","ok":true}
{"t":"2026-09-10T16:04:05.370Z","path":"/blogs/chip-design/functional-safety-automotive-digital-mipi-cse","step":"verify","ok":true}
{"t":"2026-09-10T16:04:08.714Z","path":"/blogs/chip-design/future-gaming-displays-advancements","step":"verify","ok":true}
{"t":"2026-09-10T16:04:08.994Z","path":"/blogs/chip-design/functional-safety-implementation-goes-mainstream","step":"verify","ok":true}
{"t":"2026-09-10T16:04:09.438Z","path":"/blogs/chip-design/fusion-compiler-scaling-design","step":"verify","ok":true}
{"t":"2026-09-10T16:04:10.474Z","path":"/blogs/chip-design/fundamentals-of-cloud-computing-and-its-role-in-eda","step":"verify","ok":true}
{"t":"2026-09-10T16:04:12.328Z","path":"/blogs/chip-design/future-mobility-arm-zena-soafee-workflows-ces","step":"verify","ok":true}
{"t":"2026-09-10T16:04:16.278Z","path":"/blogs/chip-design/future-of-auto-sensor-fusion-data-handling","step":"verify","ok":true}
{"t":"2026-09-10T16:04:17.124Z","path":"/blogs/chip-design/future-of-electronic-design-automation","step":"verify","ok":true}
{"t":"2026-09-10T16:04:19.044Z","path":"/blogs/chip-design/future-semiconductor-industry-multi-die","step":"verify","ok":true}
{"t":"2026-09-10T16:04:19.050Z","path":"/blogs/chip-design/gate-all-around-complementary-fets-whats-next-transistor-scaling","step":"verify","ok":true}
{"t":"2026-09-10T16:04:20.098Z","path":"/blogs/chip-design/future-of-ai-in-chip-design","step":"verify","ok":false,"why":"about:error in delivered html"}
{"t":"2026-09-10T16:04:22.359Z","path":"/blogs/chip-design/gate-resistance-ic-design-flow","step":"verify","ok":true}
{"t":"2026-09-10T16:04:23.259Z","path":"/blogs/chip-design/gddr6-ai-vr-autonomous-driving","step":"verify","ok":true}
{"t":"2026-09-10T16:04:26.028Z","path":"/blogs/chip-design/generative-ai-computex-2024","step":"verify","ok":true}
{"t":"2026-09-10T16:04:26.339Z","path":"/blogs/chip-design/generative-agentic-ai-chip-design","step":"verify","ok":true}
{"t":"2026-09-10T16:04:26.835Z","path":"/blogs/chip-design/generative-ai-chip-design-panel","step":"verify","ok":true}
{"t":"2026-09-10T16:04:28.102Z","path":"/blogs/chip-design/generative-ai-in-chip-design-2024","step":"verify","ok":true}
{"t":"2026-09-10T16:04:29.742Z","path":"/blogs/chip-design/generative-ai-semiconductor-industry-eda-panel","step":"verify","ok":true}
{"t":"2026-09-10T16:04:32.863Z","path":"/blogs/chip-design/ghg-emission-reduction-goals","step":"verify","ok":true}
{"t":"2026-09-10T16:04:33.723Z","path":"/blogs/chip-design/good-activity-data-improve-your-dynamic-voltage-drop-analysis","step":"verify","ok":true}
{"t":"2026-09-10T16:04:34.226Z","path":"/blogs/chip-design/golden-signoff-backbone-fusion-compiler-neeraj-kaul","step":"verify","ok":true}
{"t":"2026-09-10T16:04:34.547Z","path":"/blogs/chip-design/good-enough-government-work","step":"verify","ok":true}
{"t":"2026-09-10T16:04:35.776Z","path":"/blogs/chip-design/gpu-acceleration-chip-design-flow","step":"verify","ok":true}
{"t":"2026-09-10T16:04:39.788Z","path":"/blogs/chip-design/haps-prototyping-systems-use-cases-benefits","step":"verify","ok":true}
{"t":"2026-09-10T16:04:40.899Z","path":"/blogs/chip-design/hbm-performance-verification-guide","step":"verify","ok":true}
{"t":"2026-09-10T16:04:41.286Z","path":"/blogs/chip-design/hardware-root-of-trust-security","step":"verify","ok":true}
{"t":"2026-09-10T16:04:41.517Z","path":"/blogs/chip-design/hardware-security-vs-software-security","step":"verify","ok":true}
{"t":"2026-09-10T16:04:42.353Z","path":"/blogs/chip-design/hbm-signal-integrity-after-routing","step":"verify","ok":true}
{"t":"2026-09-10T16:04:47.121Z","path":"/blogs/chip-design/hdmi-2-1-channeling-the-genx-audio-video-experience","step":"verify","ok":true}
{"t":"2026-09-10T16:04:47.220Z","path":"/blogs/chip-design/hbm3-next-generation-memory-standard","step":"verify","ok":true}
{"t":"2026-09-10T16:04:47.435Z","path":"/blogs/chip-design/hdmi-2-1a-sbtm-gaming-acceleration","step":"verify","ok":true}
{"t":"2026-09-10T16:04:47.893Z","path":"/blogs/chip-design/hdmi-hdcp2-authentication-process","step":"verify","ok":true}
{"t":"2026-09-10T16:04:48.989Z","path":"/blogs/chip-design/hdmi-quick-media-switching","step":"verify","ok":true}
{"t":"2026-09-10T16:04:52.912Z","path":"/blogs/chip-design/hdmi-scrambling-higher-data-rates","step":"verify","ok":true}
{"t":"2026-09-10T16:04:53.413Z","path":"/blogs/chip-design/heterogeneous-clusters-and-dynamic-scaling","step":"verify","ok":true}
{"t":"2026-09-10T16:04:54.140Z","path":"/blogs/chip-design/high-capacity-high-performance-flash-memory","step":"verify","ok":true}
{"t":"2026-09-10T16:04:54.816Z","path":"/blogs/chip-design/high-bandwidth-memory-hbm-ai-future","step":"verify","ok":true}
{"t":"2026-09-10T16:04:55.011Z","path":"/blogs/chip-design/high-frequency-jitter-amplification-accuracy-stateye","step":"verify","ok":true}
{"t":"2026-09-10T16:04:58.889Z","path":"/blogs/chip-design/high-na-euv-computational-lithography","step":"verify","ok":true}
{"t":"2026-09-10T16:05:00.051Z","path":"/blogs/chip-design/high-performance-compute-eda-cloud","step":"verify","ok":true}
{"t":"2026-09-10T16:05:00.928Z","path":"/blogs/chip-design/high-performance-computing-2022","step":"verify","ok":true}
{"t":"2026-09-10T16:05:01.342Z","path":"/blogs/chip-design/high-performance-computing-architecture","step":"verify","ok":true}
{"t":"2026-09-10T16:05:01.803Z","path":"/blogs/chip-design/high-performance-computing-applications","step":"verify","ok":true}
{"t":"2026-09-10T16:05:08.716Z","path":"/blogs/chip-design/high-performance-storage","step":"verify","ok":true}
{"t":"2026-09-10T16:05:08.795Z","path":"/blogs/chip-design/high-performance-simulation-predictable-capacity-uplift-cloud","step":"verify","ok":true}
{"t":"2026-09-10T16:05:08.899Z","path":"/blogs/chip-design/high-performance-computing-cluster","step":"verify","ok":true}
{"t":"2026-09-10T16:05:09.201Z","path":"/blogs/chip-design/high-res-displays-hdmi-dsc","step":"verify","ok":true}
{"t":"2026-09-10T16:05:09.338Z","path":"/blogs/chip-design/high-speed-memory-smartphones-mipi","step":"verify","ok":true}
{"t":"2026-09-10T16:05:17.219Z","path":"/blogs/chip-design/how-asu-researcher-became-chip-designer","step":"verify","ok":true}
{"t":"2026-09-10T16:05:17.238Z","path":"/blogs/chip-design/how-ai-changes-chip-design-flow","step":"verify","ok":true}
{"t":"2026-09-10T16:05:17.259Z","path":"/blogs/chip-design/how-3dic-compiler-powers-multidie-design-breakthroughs","step":"verify","ok":true}
{"t":"2026-09-10T16:05:17.505Z","path":"/blogs/chip-design/how-ai-changed-chip-design-eda-tools","step":"verify","ok":true}
{"t":"2026-09-10T16:05:17.978Z","path":"/blogs/chip-design/how-cameras-use-ai-neural-network-image-processing","step":"verify","ok":true}
{"t":"2026-09-10T16:05:23.803Z","path":"/blogs/chip-design/how-certify-supercomputer","step":"verify","ok":true}
{"t":"2026-09-10T16:05:23.922Z","path":"/blogs/chip-design/how-dtco-advances-chip-design-process","step":"verify","ok":true}
{"t":"2026-09-10T16:05:23.946Z","path":"/blogs/chip-design/how-prototyping-increases-interoperability-success","step":"verify","ok":true}
{"t":"2026-09-10T16:05:24.015Z","path":"/blogs/chip-design/how-eda-forms-basis-for-designing-secure-systems","step":"verify","ok":true}
{"t":"2026-09-10T16:05:24.943Z","path":"/blogs/chip-design/how-secure-ddr-interfaces-protect-dram-from-memory-attacks","step":"verify","ok":true}
{"t":"2026-09-10T16:05:30.913Z","path":"/blogs/chip-design/how-socs-are-designed-for-ai-applications","step":"verify","ok":true}
{"t":"2026-09-10T16:05:31.119Z","path":"/blogs/chip-design/how-synopsys-and-quintauris-accelerate-the-path-to-production","step":"verify","ok":true}
{"t":"2026-09-10T16:05:31.122Z","path":"/blogs/chip-design/how-to-design-socs-for-the-sysmoore-era","step":"verify","ok":true}
{"t":"2026-09-10T16:05:31.253Z","path":"/blogs/chip-design/how-to-build-chips-functional-safety-applications","step":"verify","ok":true}
{"t":"2026-09-10T16:05:31.903Z","path":"/blogs/chip-design/how-to-integrate-usb4-in-soc-design","step":"verify","ok":true}
{"t":"2026-09-10T16:05:38.636Z","path":"/blogs/chip-design/how-to-secure-auto-ota-updates","step":"verify","ok":true}
{"t":"2026-09-10T16:05:38.721Z","path":"/blogs/chip-design/hpc-applications-drive-chiplet-demand","step":"verify","ok":true}
{"t":"2026-09-10T16:05:38.909Z","path":"/blogs/chip-design/how-to-maximize-pcie-6-with-end-to-end-design-solutions","step":"verify","ok":true}
{"t":"2026-09-10T16:05:39.047Z","path":"/blogs/chip-design/hpc-and-cloud-predictions-2021","step":"verify","ok":true}
{"t":"2026-09-10T16:05:39.201Z","path":"/blogs/chip-design/hpc-data-center-power-consumption","step":"verify","ok":true}
{"t":"2026-09-10T16:05:45.778Z","path":"/blogs/chip-design/hybrid-cloud-architecture-benefits-and-challenges","step":"verify","ok":true}
{"t":"2026-09-10T16:05:45.808Z","path":"/blogs/chip-design/hpc-multi-die-chip-design-2025","step":"verify","ok":true}
{"t":"2026-09-10T16:05:45.925Z","path":"/blogs/chip-design/hpe-hpc-chip-design-tools","step":"verify","ok":true}
{"t":"2026-09-10T16:05:46.446Z","path":"/blogs/chip-design/hybrid-cloud-integration","step":"verify","ok":true}
{"t":"2026-09-10T16:05:47.095Z","path":"/blogs/chip-design/hybrid-cloud-chip-design-agility-efficiency","step":"verify","ok":true}
{"t":"2026-09-10T16:05:54.851Z","path":"/blogs/chip-design/hyper-convergent-chip-design-tools-power-soc","step":"verify","ok":true}
{"t":"2026-09-10T16:05:55.265Z","path":"/blogs/chip-design/hybrid-prototyping-solution","step":"verify","ok":true}
{"t":"2026-09-10T16:05:55.455Z","path":"/blogs/chip-design/hyper-convergent-chip-designs-news-and-trends","step":"verify","ok":true}
{"t":"2026-09-10T16:05:56.226Z","path":"/blogs/chip-design/hyperscale-data-center-security-cloud-computing","step":"verify","ok":true}
{"t":"2026-09-10T16:05:56.231Z","path":"/blogs/chip-design/hyper-convergent-chip-designs","step":"verify","ok":true}
{"t":"2026-09-10T16:06:02.428Z","path":"/blogs/chip-design/ic-design-reliability-analysis-primesim-continuum","step":"verify","ok":true}
{"t":"2026-09-10T16:06:02.456Z","path":"/blogs/chip-design/i3c-vip-hdr-multi-lane-verification","step":"verify","ok":true}
{"t":"2026-09-10T16:06:02.649Z","path":"/blogs/chip-design/ibm-research-ai-hardware-center","step":"verify","ok":true}
{"t":"2026-09-10T16:06:02.836Z","path":"/blogs/chip-design/ic-design-engineer-training-vietnam","step":"verify","ok":true}
{"t":"2026-09-10T16:06:02.883Z","path":"/blogs/chip-design/hyperscale-data-centers-224g-serdes-ethernet","step":"verify","ok":true}
{"t":"2026-09-10T16:06:09.386Z","path":"/blogs/chip-design/ieee-standards-functional-safety","step":"verify","ok":true}
{"t":"2026-09-10T16:06:09.716Z","path":"/blogs/chip-design/ieee-8023-launches-study-group-400gbps-per-lane-ethernet-ai-networks","step":"verify","ok":true}
{"t":"2026-09-10T16:06:09.853Z","path":"/blogs/chip-design/ic-design-tools-enable-ic-hyperconvergence","step":"verify","ok":true}
{"t":"2026-09-10T16:06:10.471Z","path":"/blogs/chip-design/improve-ai-chip-power-efficiency","step":"verify","ok":true}
{"t":"2026-09-10T16:06:10.780Z","path":"/blogs/chip-design/impare-chip-design-verification-cloud","step":"verify","ok":true}
{"t":"2026-09-10T16:06:16.275Z","path":"/blogs/chip-design/improving-analog-layout-efficiency-with-reusable-user-defined-device","step":"verify","ok":true}
{"t":"2026-09-10T16:06:16.358Z","path":"/blogs/chip-design/improved-power-system-optimization-soc-designs","step":"verify","ok":true}
{"t":"2026-09-10T16:06:16.989Z","path":"/blogs/chip-design/improving-design-robustness-primeshield-discussion-li-ding","step":"verify","ok":true}
{"t":"2026-09-10T16:06:17.886Z","path":"/blogs/chip-design/improving-quality-of-results-with-design-compiler-nxt","step":"verify","ok":true}
{"t":"2026-09-10T16:06:18.254Z","path":"/blogs/chip-design/improving-results-quickly-with-singular-rtl-to-gdsii-product","step":"verify","ok":true}
{"t":"2026-09-10T16:06:23.308Z","path":"/blogs/chip-design/india-semiconductor-industry-influence","step":"verify","ok":true}
{"t":"2026-09-10T16:06:23.898Z","path":"/blogs/chip-design/improving-semiconductor-yield-with-test-data-analytics","step":"verify","ok":true}
{"t":"2026-09-10T16:06:24.655Z","path":"/blogs/chip-design/industry-1stcxl-verification-ip-transforming-aihpc-systems","step":"verify","ok":true}
{"t":"2026-09-10T16:06:24.949Z","path":"/blogs/chip-design/improving-robustness-design-variability","step":"verify","ok":true}
{"t":"2026-09-10T16:06:25.636Z","path":"/blogs/chip-design/industry-first-verification-ip-arm-amb-dtih","step":"verify","ok":true}
{"t":"2026-09-10T16:06:32.112Z","path":"/blogs/chip-design/industry-first-vip-for-display-port-automotive-extensions","step":"verify","ok":true}
{"t":"2026-09-10T16:06:32.375Z","path":"/blogs/chip-design/industry-first-vip-for-arm-amba-dti-g","step":"verify","ok":true}
{"t":"2026-09-10T16:06:33.029Z","path":"/blogs/chip-design/industry-first-verification-ip-arm-amba-axi-l-simplifies-soc","step":"verify","ok":true}
{"t":"2026-09-10T16:06:33.183Z","path":"/blogs/chip-design/innovation-enablers-synopsys-story","step":"verify","ok":true}
{"t":"2026-09-10T16:06:34.523Z","path":"/blogs/chip-design/industry-first-vip-for-pcie-7-0","step":"verify","ok":true}
{"t":"2026-09-10T16:06:39.524Z","path":"/blogs/chip-design/innovations-in-ic-validator-physical-signoff","step":"verify","ok":true}
{"t":"2026-09-10T16:06:40.169Z","path":"/blogs/chip-design/intel-ucie-chiplet-test","step":"verify","ok":true}
{"t":"2026-09-10T16:06:40.352Z","path":"/blogs/chip-design/integrated-design-ai-chip-software","step":"verify","ok":true}
{"t":"2026-09-10T16:06:41.422Z","path":"/blogs/chip-design/innovations-formality-equivalence-checking-interview-todd-buzan","step":"verify","ok":true}
{"t":"2026-09-10T16:06:41.878Z","path":"/blogs/chip-design/interactive-debugging-reducing-simulation-debug-tat","step":"verify","ok":true}
{"t":"2026-09-10T16:06:46.244Z","path":"/blogs/chip-design/interconnect-ip-scalable-compute-clusters","step":"verify","ok":true}
{"t":"2026-09-10T16:06:47.757Z","path":"/blogs/chip-design/interface-ip-3d-multi-die","step":"verify","ok":true}
{"t":"2026-09-10T16:06:48.382Z","path":"/blogs/chip-design/interface-protocol-validation-zebu-solutions","step":"verify","ok":true}
{"t":"2026-09-10T16:06:48.830Z","path":"/blogs/chip-design/international-day-of-women-in-science-2022","step":"verify","ok":true}
{"t":"2026-09-10T16:06:49.010Z","path":"/blogs/chip-design/introducing-fusion-compiler-synthesis-place-and-route-solution","step":"verify","ok":true}
{"t":"2026-09-10T16:06:55.370Z","path":"/blogs/chip-design/introducing-zebu-200-haps-200","step":"verify","ok":true}
{"t":"2026-09-10T16:06:55.864Z","path":"/blogs/chip-design/introduction-to-analog-fault-simulation-using-synopsys-custom-design-platform","step":"verify","ok":true}
{"t":"2026-09-10T16:06:56.854Z","path":"/blogs/chip-design/introduction-cxl-device-types","step":"verify","ok":true}
{"t":"2026-09-10T16:06:58.608Z","path":"/blogs/chip-design/iot-design-the-future-is-smart-and-connected","step":"verify","ok":true}
{"t":"2026-09-10T16:06:58.871Z","path":"/blogs/chip-design/iot-applications-with-low-power-design-techniques","step":"verify","ok":true}
{"t":"2026-09-10T16:07:03.688Z","path":"/blogs/chip-design/iot-device-security-isim","step":"verify","ok":true}
{"t":"2026-09-10T16:07:04.949Z","path":"/blogs/chip-design/iot-security-challenges-solutions","step":"verify","ok":true}
{"t":"2026-09-10T16:07:05.199Z","path":"/blogs/chip-design/ir-eco-is-it-possible-to-fix-voltage-drop-violations-without-destroying-your-chip-timing","step":"verify","ok":true}
{"t":"2026-09-10T16:07:06.019Z","path":"/blogs/chip-design/jedec-ddr5-sdram-vip-hpc","step":"verify","ok":true}
{"t":"2026-09-10T16:07:06.991Z","path":"/blogs/chip-design/is-your-voltage-drop-flow-obsolete","step":"verify","ok":true}
{"t":"2026-09-10T16:07:11.226Z","path":"/blogs/chip-design/jedec-lpddr4-standard-publication","step":"verify","ok":true}
{"t":"2026-09-10T16:07:11.495Z","path":"/blogs/chip-design/journey-of-coverage-closure","step":"verify","ok":true}
{"t":"2026-09-10T16:07:11.811Z","path":"/blogs/chip-design/jumpstart-chip-design-digital-instance-cloud","step":"verify","ok":true}
{"t":"2026-09-10T16:07:13.117Z","path":"/blogs/chip-design/kioxia-innovates-soc-design-eda-ai-technologies","step":"verify","ok":true}
{"t":"2026-09-10T16:07:13.205Z","path":"/blogs/chip-design/kioxia-leads-the-way-in-optimizing-simulation-verification","step":"verify","ok":true}
{"t":"2026-09-10T16:07:18.377Z","path":"/blogs/chip-design/latin-america-semiconductor-workforce-development","step":"verify","ok":true}
{"t":"2026-09-10T16:07:18.394Z","path":"/blogs/chip-design/latest-arm-amba-ace5-lite-updates","step":"verify","ok":true}
{"t":"2026-09-10T16:07:18.507Z","path":"/blogs/chip-design/leverage-the-pcie-6-0-1-design","step":"verify","ok":true}
{"t":"2026-09-10T16:07:19.823Z","path":"/blogs/chip-design/leveraging-static-linting-tools","step":"verify","ok":true}
{"t":"2026-09-10T16:07:20.828Z","path":"/blogs/chip-design/library-characterization-eda-cloud","step":"verify","ok":true}
{"t":"2026-09-10T16:07:25.581Z","path":"/blogs/chip-design/library-characterization-for-advanced-process-designs","step":"verify","ok":true}
{"t":"2026-09-10T16:07:25.912Z","path":"/blogs/chip-design/library-characterization-tool-advanced-node-soc-design","step":"verify","ok":true}
{"t":"2026-09-10T16:07:25.912Z","path":"/blogs/chip-design/linting-techniques-automotive-aerospace-chip-design","step":"verify","ok":true}
{"t":"2026-09-10T16:07:27.139Z","path":"/blogs/chip-design/linting-tools-machine-learning","step":"verify","ok":true}
{"t":"2026-09-10T16:07:27.139Z","path":"/blogs/chip-design/low-power-chip-design-verification-tool","step":"verify","ok":true}
{"t":"2026-09-10T16:07:32.503Z","path":"/blogs/chip-design/low-power-chip-design-verification","step":"verify","ok":true}
{"t":"2026-09-10T16:07:33.039Z","path":"/blogs/chip-design/low-power-design-and-smart-iot-edge","step":"verify","ok":true}
{"t":"2026-09-10T16:07:33.885Z","path":"/blogs/chip-design/low-power-qa-with-dr-renu-mehra","step":"verify","ok":true}
{"t":"2026-09-10T16:07:33.976Z","path":"/blogs/chip-design/low-power-soc-design-hpc-data-center","step":"verify","ok":true}
{"t":"2026-09-10T16:07:35.700Z","path":"/blogs/chip-design/low-power-soc-design-verification","step":"verify","ok":true}
{"t":"2026-09-10T16:07:42.228Z","path":"/blogs/chip-design/lowering-analog-design-costs-with-strategic-approach","step":"verify","ok":true}
{"t":"2026-09-10T16:07:43.359Z","path":"/blogs/chip-design/lpddr3-vs-ddr3l-differences","step":"verify","ok":true}
{"t":"2026-09-10T16:07:44.864Z","path":"/blogs/chip-design/lpddr5-ip-vip-solution-ddr5-leadership","step":"verify","ok":true}
{"t":"2026-09-10T16:07:44.864Z","path":"/blogs/chip-design/lpddr5-enhancements-iot-ai-image-processing","step":"verify","ok":true}
{"t":"2026-09-10T16:07:45.424Z","path":"/blogs/chip-design/lpddr5-power-performance-ai-iot","step":"verify","ok":true}
{"t":"2026-09-10T16:07:50.952Z","path":"/blogs/chip-design/lpddr5x-specification-memory-design","step":"verify","ok":true}
{"t":"2026-09-10T16:07:51.840Z","path":"/blogs/chip-design/lpddr5x-future-mobile-memory","step":"verify","ok":true}
{"t":"2026-09-10T16:07:52.820Z","path":"/blogs/chip-design/lvs-checking-process","step":"verify","ok":true}
{"t":"2026-09-10T16:07:52.845Z","path":"/blogs/chip-design/lpddr6-verification-ip-ai-automotive-hpc-mobile-socs","step":"verify","ok":true}
{"t":"2026-09-10T16:07:59.208Z","path":"/blogs/chip-design/machine-learned-force-fields-atomistic-simulation","step":"verify","ok":true}
{"t":"2026-09-10T16:08:00.718Z","path":"/blogs/chip-design/macsec-ip-iso-pas-8800-automotive","step":"verify","ok":true}
{"t":"2026-09-10T16:08:01.883Z","path":"/blogs/chip-design/managing-1000-thermal-states-mobile-soc","step":"verify","ok":true}
{"t":"2026-09-10T16:08:04.031Z","path":"/blogs/chip-design/machine-learning-chip-design-flow","step":"verify","ok":true}
{"t":"2026-09-10T16:08:17.082Z","path":"/blogs/chip-design/managing-initial-state-formal-verification","step":"verify","ok":true}
{"t":"2026-09-10T16:08:17.409Z","path":"/blogs/chip-design/mastering-ddr-phy-interoperability-dfi","step":"verify","ok":true}
{"t":"2026-09-10T16:08:18.098Z","path":"/blogs/chip-design/managing-nvme-verification-complexity","step":"verify","ok":true}
{"t":"2026-09-10T16:08:27.281Z","path":"/blogs/chip-design/mastering-uvm-axi-vip-usage","step":"verify","ok":true}
{"t":"2026-09-10T16:08:27.527Z","path":"/blogs/chip-design/mastering-uvm-register-model-simplification","step":"verify","ok":true}
{"t":"2026-09-10T16:08:28.036Z","path":"/blogs/chip-design/meeting-ethernet-bandwidth-demand-1-6t-ethernet","step":"verify","ok":true}
{"t":"2026-09-10T16:08:28.211Z","path":"/blogs/chip-design/maximizing-mobile-performance-lpddr4-ram","step":"verify","ok":true}
{"t":"2026-09-10T16:08:28.396Z","path":"/blogs/chip-design/lpddr6-vs-lpddr5x-lpddr5-differences","step":"verify","ok":true}
{"t":"2026-09-10T16:08:36.231Z","path":"/blogs/chip-design/memory-design-with-machine-learning","step":"verify","ok":true}
{"t":"2026-09-10T16:08:36.923Z","path":"/blogs/chip-design/minimizing-late-stage-functional-ecos-interview-todd-buzan","step":"verify","ok":true}
{"t":"2026-09-10T16:08:37.100Z","path":"/blogs/chip-design/memory-chip-design-tools-and-challenges","step":"verify","ok":true}
{"t":"2026-09-10T16:08:37.284Z","path":"/blogs/chip-design/memory-design-techniques-silicon-reliability","step":"verify","ok":true}
{"t":"2026-09-10T16:08:37.633Z","path":"/blogs/chip-design/mipi-csi2-v21-automotive-drones-iot","step":"verify","ok":true}
{"t":"2026-09-10T16:08:44.839Z","path":"/blogs/chip-design/mipi-m-phy-protocol-sergio-silva-qa","step":"verify","ok":true}
{"t":"2026-09-10T16:08:46.196Z","path":"/blogs/chip-design/mipi-csi2-v30-5g-imaging-solution","step":"verify","ok":true}
{"t":"2026-09-10T16:08:46.197Z","path":"/blogs/chip-design/ml-regression-failure-analysis","step":"verify","ok":true}
{"t":"2026-09-10T16:08:46.585Z","path":"/blogs/chip-design/multi-chip-module-packaging-types","step":"verify","ok":true}
{"t":"2026-09-10T16:08:47.614Z","path":"/blogs/chip-design/misra-autosar-future-connected-car","step":"verify","ok":true}
{"t":"2026-09-10T16:08:54.595Z","path":"/blogs/chip-design/multi-cloud-infrastructure","step":"verify","ok":true}
{"t":"2026-09-10T16:08:55.406Z","path":"/blogs/chip-design/multi-cloud-strategy","step":"verify","ok":true}
{"t":"2026-09-10T16:08:56.097Z","path":"/blogs/chip-design/multi-cloud-security","step":"verify","ok":true}
{"t":"2026-09-10T16:08:56.286Z","path":"/blogs/chip-design/multi-die-automotive-chip-designs","step":"verify","ok":true}
{"t":"2026-09-10T16:08:56.286Z","path":"/blogs/chip-design/multi-cloud-storage","step":"verify","ok":true}
{"t":"2026-09-10T16:09:05.098Z","path":"/blogs/chip-design/multi-die-chip-design-samsung-foundry","step":"verify","ok":true}
{"t":"2026-09-10T16:09:05.454Z","path":"/blogs/chip-design/multi-die-chip-design-tsmc","step":"verify","ok":true}
{"t":"2026-09-10T16:09:05.774Z","path":"/blogs/chip-design/multi-die-design-comparison-monolithic-pcb","step":"verify","ok":true}
{"t":"2026-09-10T16:09:06.107Z","path":"/blogs/chip-design/multi-die-chip-design-synopsys-samsung","step":"verify","ok":true}
{"t":"2026-09-10T16:09:06.387Z","path":"/blogs/chip-design/multi-die-design-challenges-industry-insights-chiplet-summit","step":"verify","ok":true}
{"t":"2026-09-10T16:09:16.720Z","path":"/blogs/chip-design/multi-die-design-stco-ai","step":"verify","ok":true}
{"t":"2026-09-10T16:09:17.363Z","path":"/blogs/chip-design/multi-die-multiphysics-co-design","step":"verify","ok":true}
{"t":"2026-09-10T16:09:17.364Z","path":"/blogs/chip-design/multi-die-health-reliability-advances","step":"verify","ok":true}
{"t":"2026-09-10T16:09:17.702Z","path":"/blogs/chip-design/multi-die-systems-changing-semiconductor-design","step":"verify","ok":true}
{"t":"2026-09-10T16:09:17.881Z","path":"/blogs/chip-design/multi-die-systems-chip-verification","step":"verify","ok":true}
{"t":"2026-09-10T16:09:27.155Z","path":"/blogs/chip-design/multi-die-systems-report-mit-technology-review","step":"verify","ok":true}
{"t":"2026-09-10T16:09:27.308Z","path":"/blogs/chip-design/multi-die-systems-panel","step":"verify","ok":true}
{"t":"2026-09-10T16:09:27.694Z","path":"/blogs/chip-design/multi-domain-voltage-control-verification-avsbus-2-vip","step":"verify","ok":true}
{"t":"2026-09-10T16:09:27.731Z","path":"/blogs/chip-design/multi-die-systems-semiconductor-companies","step":"verify","ok":true}
{"t":"2026-09-10T16:09:28.082Z","path":"/blogs/chip-design/multi-die-systems-silicon-lifecycle-management","step":"verify","ok":true}
{"t":"2026-09-10T16:09:37.023Z","path":"/blogs/chip-design/multiphysics-chip-design-challenges","step":"verify","ok":true}
{"t":"2026-09-10T16:09:37.252Z","path":"/blogs/chip-design/nand-flash-memory-system-verification","step":"verify","ok":true}
{"t":"2026-09-10T16:09:37.253Z","path":"/blogs/chip-design/mutli-die-systems-2024","step":"verify","ok":true}
{"t":"2026-09-10T16:09:37.575Z","path":"/blogs/chip-design/multiphysics-fusion-chip-design","step":"verify","ok":true}
{"t":"2026-09-10T16:09:37.576Z","path":"/blogs/chip-design/multi-physics-effects-multi-die-systems","step":"verify","ok":true}
{"t":"2026-09-10T16:09:45.158Z","path":"/blogs/chip-design/neuromorphic-computing-physical-ai-edge","step":"verify","ok":true}
{"t":"2026-09-10T16:09:45.735Z","path":"/blogs/chip-design/nas-vs-san","step":"verify","ok":true}
{"t":"2026-09-10T16:09:45.760Z","path":"/blogs/chip-design/new-synopsys-hq","step":"verify","ok":true}
{"t":"2026-09-10T16:09:46.180Z","path":"/blogs/chip-design/new-generation-lpddr-advancements","step":"verify","ok":true}
{"t":"2026-09-10T16:09:46.763Z","path":"/blogs/chip-design/navigating-transition-mil-to-vhil-virtualizer-studio","step":"verify","ok":true}
{"t":"2026-09-10T16:09:53.306Z","path":"/blogs/chip-design/next-decade-chip-startups-insights-opportunities","step":"verify","ok":true}
{"t":"2026-09-10T16:09:53.637Z","path":"/blogs/chip-design/new-world-of-tech-innovation","step":"verify","ok":true}
{"t":"2026-09-10T16:09:53.963Z","path":"/blogs/chip-design/next-evolution-synopsys-digital-toolset-fusion-compiler-design-compiler-nxt","step":"verify","ok":true}
{"t":"2026-09-10T16:09:54.079Z","path":"/blogs/chip-design/next-era-chip-design-and-machine-learning","step":"verify","ok":true}
{"t":"2026-09-10T16:09:55.421Z","path":"/blogs/chip-design/next-gen-memory-tech-for-graphics-networking-hpc","step":"verify","ok":true}
{"t":"2026-09-10T16:10:02.513Z","path":"/blogs/chip-design/nvdimms-blending-memory-storage","step":"verify","ok":true}
{"t":"2026-09-10T16:10:03.328Z","path":"/blogs/chip-design/nhtsa-auto-cybersecurity-best-practices","step":"verify","ok":true}
{"t":"2026-09-10T16:10:03.397Z","path":"/blogs/chip-design/nvidia-gpu-circuit-simulation","step":"verify","ok":true}
{"t":"2026-09-10T16:10:03.585Z","path":"/blogs/chip-design/official-pcie-5-speed-chart","step":"verify","ok":true}
{"t":"2026-09-10T16:10:03.677Z","path":"/blogs/chip-design/on-premise-cloud","step":"verify","ok":true}
{"t":"2026-09-10T16:10:10.915Z","path":"/blogs/chip-design/on-the-fly-code-review-chip-design-process","step":"verify","ok":true}
{"t":"2026-09-10T16:10:11.417Z","path":"/blogs/chip-design/optical-interconnects-enable-data-center-disaggregation","step":"verify","ok":true}
{"t":"2026-09-10T16:10:11.606Z","path":"/blogs/chip-design/on-premise-vs-cloud-pros-and-cons","step":"verify","ok":true}
{"t":"2026-09-10T16:10:11.794Z","path":"/blogs/chip-design/one-on-one-with-aveek-sarkar","step":"verify","ok":true}
{"t":"2026-09-10T16:10:12.228Z","path":"/blogs/chip-design/optical-soc-design-tool-lightelligence","step":"verify","ok":true}
{"t":"2026-09-10T16:10:19.924Z","path":"/blogs/chip-design/optimizing-pcie-pipe-power-management","step":"verify","ok":true}
{"t":"2026-09-10T16:10:20.692Z","path":"/blogs/chip-design/optimizing-rtl-design-flow-real-time-ppa-analysis","step":"verify","ok":true}
{"t":"2026-09-10T16:10:20.803Z","path":"/blogs/chip-design/optimizing-hbm2e-runtime-performance","step":"verify","ok":true}
{"t":"2026-09-10T16:10:21.340Z","path":"/blogs/chip-design/optimizing-your-hardware-ip-verification-in-the-cloud","step":"verify","ok":true}
{"t":"2026-09-10T16:10:21.551Z","path":"/blogs/chip-design/optimize-ucie-verification-synopsys-vip","step":"verify","ok":true}
{"t":"2026-09-10T16:10:28.972Z","path":"/blogs/chip-design/ota-updates-automotive-apps","step":"verify","ok":true}
{"t":"2026-09-10T16:10:29.614Z","path":"/blogs/chip-design/parasitic-extraction-high-speed-chip-design","step":"verify","ok":true}
{"t":"2026-09-10T16:10:29.765Z","path":"/blogs/chip-design/overview-haps-prototyping-software","step":"verify","ok":true}
{"t":"2026-09-10T16:10:29.786Z","path":"/blogs/chip-design/overview-synopsys-virtual-prototyping-services","step":"verify","ok":true}
{"t":"2026-09-10T16:10:29.953Z","path":"/blogs/chip-design/overcoming-analog-circuit-design-challenges-at-advanced-semiconductor-nodes","step":"verify","ok":true}
{"t":"2026-09-10T16:10:36.868Z","path":"/blogs/chip-design/pci-express-sriov-virtualization","step":"verify","ok":true}
{"t":"2026-09-10T16:10:37.287Z","path":"/blogs/chip-design/pci-express-6-high-bandwidth-interconnect","step":"verify","ok":true}
{"t":"2026-09-10T16:10:37.398Z","path":"/blogs/chip-design/pcie-5-demos-ip-vip-ai","step":"verify","ok":true}
{"t":"2026-09-10T16:10:38.083Z","path":"/blogs/chip-design/pcie-5-0-verification-synopsys-vip","step":"verify","ok":true}
{"t":"2026-09-10T16:10:38.136Z","path":"/blogs/chip-design/pcie-5-applications-and-importance-of-silicon-proven-ip","step":"verify","ok":true}
{"t":"2026-09-10T16:10:44.033Z","path":"/blogs/chip-design/pcie-6-specification-speed-keysight","step":"verify","ok":true}
{"t":"2026-09-10T16:10:44.479Z","path":"/blogs/chip-design/pcie-6-high-performance-computing-solutions","step":"verify","ok":true}
{"t":"2026-09-10T16:10:45.569Z","path":"/blogs/chip-design/pcie-6-verifaction-fec-crc","step":"verify","ok":true}
{"t":"2026-09-10T16:10:45.570Z","path":"/blogs/chip-design/pcie-5-ip-solutions-pass-compliance-testing","step":"verify","ok":true}
{"t":"2026-09-10T16:10:46.060Z","path":"/blogs/chip-design/pcie-6x-112gbps-ethernet-linear-optics","step":"verify","ok":true}
{"t":"2026-09-10T16:10:51.960Z","path":"/blogs/chip-design/pcie-6x-compliance-testing-gold-system","step":"verify","ok":true}
{"t":"2026-09-10T16:10:52.969Z","path":"/blogs/chip-design/pcie-8-0-verification-ip-ai-hpc-automotive","step":"verify","ok":true}
{"t":"2026-09-10T16:10:53.566Z","path":"/blogs/chip-design/pcie-bifurcation-basic-guide","step":"verify","ok":true}
{"t":"2026-09-10T16:10:53.947Z","path":"/blogs/chip-design/pcie-7-bandwidth-ai-chips","step":"verify","ok":true}
{"t":"2026-09-10T16:10:54.652Z","path":"/blogs/chip-design/pcie-ai-accelerator-chip-design","step":"verify","ok":true}
{"t":"2026-09-10T16:10:57.727Z","path":"/blogs/chip-design/pcie-challenges-software-hardware-system","step":"verify","ok":true}
{"t":"2026-09-10T16:11:00.334Z","path":"/blogs/chip-design/pcie-gen1-speed-basics","step":"verify","ok":true}
{"t":"2026-09-10T16:11:00.790Z","path":"/blogs/chip-design/pcie-ptm-spring-ahead","step":"verify","ok":true}
{"t":"2026-09-10T16:11:01.416Z","path":"/blogs/chip-design/pcie-over-fiber-optics-pcie-7","step":"verify","ok":true}
{"t":"2026-09-10T16:11:01.781Z","path":"/blogs/chip-design/pervasive-intelligence-snug-2024","step":"verify","ok":true}
{"t":"2026-09-10T16:11:04.282Z","path":"/blogs/chip-design/phalanx-greek-warfare-verification","step":"verify","ok":true}
{"t":"2026-09-10T16:11:06.832Z","path":"/blogs/chip-design/photonic-integrated-circuits-augmented-reality","step":"verify","ok":true}
{"t":"2026-09-10T16:11:08.126Z","path":"/blogs/chip-design/photonic-integrated-circuits-ai-chatbot","step":"verify","ok":true}
{"t":"2026-09-10T16:11:08.435Z","path":"/blogs/chip-design/photonic-saas-ic-design","step":"verify","ok":true}
{"t":"2026-09-10T16:11:09.133Z","path":"/blogs/chip-design/photonic-integrated-circuits-multi-die-systems","step":"verify","ok":true}
{"t":"2026-09-10T16:11:11.269Z","path":"/blogs/chip-design/photonics-rf-fiber-jigesh-patel","step":"verify","ok":true}
{"t":"2026-09-10T16:11:13.081Z","path":"/blogs/chip-design/physical-ai-physics-simulation","step":"verify","ok":true}
{"t":"2026-09-10T16:11:14.952Z","path":"/blogs/chip-design/physical-ai-silicon-software-robots","step":"verify","ok":true}
{"t":"2026-09-10T16:11:15.604Z","path":"/blogs/chip-design/physical-ai-system-level-engineering","step":"verify","ok":true}
{"t":"2026-09-10T16:11:16.262Z","path":"/blogs/chip-design/physical-chip-design-verification-aws-cloud","step":"verify","ok":true}
{"t":"2026-09-10T16:11:17.241Z","path":"/blogs/chip-design/physics-chip-design-constraint","step":"verify","ok":true}
{"t":"2026-09-10T16:11:19.450Z","path":"/blogs/chip-design/piketec-acquisition-digital-twins","step":"verify","ok":true}
{"t":"2026-09-10T16:11:21.765Z","path":"/blogs/chip-design/pipe-5-1-1-pcie-usb-sata","step":"verify","ok":true}
{"t":"2026-09-10T16:11:22.333Z","path":"/blogs/chip-design/pitch-fest-semiconductor-innovation","step":"verify","ok":true}
{"t":"2026-09-10T16:11:22.877Z","path":"/blogs/chip-design/point-of-care-3d-printing-software","step":"verify","ok":true}
{"t":"2026-09-10T16:11:24.632Z","path":"/blogs/chip-design/post-quantum-cryptography-algorithms-security","step":"verify","ok":true}
{"t":"2026-09-10T16:11:27.630Z","path":"/blogs/chip-design/post-quantum-cryptography-in-soc-design","step":"verify","ok":true}
{"t":"2026-09-10T16:11:29.506Z","path":"/blogs/chip-design/power-hdmi-arc-technology","step":"verify","ok":true}
{"t":"2026-09-10T16:11:30.447Z","path":"/blogs/chip-design/power-aware-cdc-with-stmicroelectronics","step":"verify","ok":true}
{"t":"2026-09-10T16:11:30.644Z","path":"/blogs/chip-design/power-integrity-challenges-semiconductor-design","step":"verify","ok":true}
{"t":"2026-09-10T16:11:31.462Z","path":"/blogs/chip-design/power-semiconductor-device-design","step":"verify","ok":true}
{"t":"2026-09-10T16:11:32.987Z","path":"/blogs/chip-design/power-semiconductor-devices","step":"verify","ok":true}
{"t":"2026-09-10T16:11:36.584Z","path":"/blogs/chip-design/powering-ai-chip-design-process-with-ai","step":"verify","ok":true}
{"t":"2026-09-10T16:11:37.329Z","path":"/blogs/chip-design/predicting-silicon-behavior-test-wafers","step":"verify","ok":true}
{"t":"2026-09-10T16:11:38.154Z","path":"/blogs/chip-design/practical-power-management","step":"verify","ok":true}
{"t":"2026-09-10T16:11:38.369Z","path":"/blogs/chip-design/pre-silicon-design-robustness-analysis-discussion-li-ding","step":"verify","ok":true}
{"t":"2026-09-10T16:11:39.652Z","path":"/blogs/chip-design/predictions-2021-auto-industry","step":"verify","ok":true}
{"t":"2026-09-10T16:11:42.043Z","path":"/blogs/chip-design/predictive-rtl-design-closure-rtl-architect","step":"verify","ok":true}
{"t":"2026-09-10T16:11:43.900Z","path":"/blogs/chip-design/primelib-nextgen-library-characterization-discussion-moninder-bansal","step":"verify","ok":true}
{"t":"2026-09-10T16:11:44.223Z","path":"/blogs/chip-design/preeti-sharma-automotive-soc-design","step":"verify","ok":true}
{"t":"2026-09-10T16:11:45.694Z","path":"/blogs/chip-design/primeshield-design-robustness-analysis-eco-overview","step":"verify","ok":true}
{"t":"2026-09-10T16:11:45.694Z","path":"/blogs/chip-design/preventing-data-loss-high-speed-devices","step":"verify","ok":true}
{"t":"2026-09-10T16:11:47.662Z","path":"/blogs/chip-design/primesim-continuum-advancing-hyperconvergent-ic-design","step":"verify","ok":true}
{"t":"2026-09-10T16:11:49.906Z","path":"/blogs/chip-design/primesim-continuum-ic-hyperconvergence","step":"verify","ok":true}
{"t":"2026-09-10T16:11:50.916Z","path":"/blogs/chip-design/primesim-continuum-transforming-soc-design-insights-hany-elhak","step":"verify","ok":true}
{"t":"2026-09-10T16:11:52.229Z","path":"/blogs/chip-design/primetime-technologies-digital-design","step":"verify","ok":true}
{"t":"2026-09-10T16:11:52.845Z","path":"/blogs/chip-design/private-cloud-vs-public-cloud","step":"verify","ok":true}
{"t":"2026-09-10T16:11:53.165Z","path":"/blogs/chip-design/process-design-kits-intel-foundry","step":"verify","ok":true}
{"t":"2026-09-10T16:11:55.592Z","path":"/blogs/chip-design/protect-advanced-chip-designs","step":"verify","ok":true}
{"t":"2026-09-10T16:11:57.097Z","path":"/blogs/chip-design/protocol-verification-for-soc-designs","step":"verify","ok":true}
{"t":"2026-09-10T16:11:58.770Z","path":"/blogs/chip-design/prototyping-for-chip-verification","step":"verify","ok":true}
{"t":"2026-09-10T16:11:59.090Z","path":"/blogs/chip-design/prototyping-for-electric-car-design","step":"verify","ok":true}
{"t":"2026-09-10T16:11:59.364Z","path":"/blogs/chip-design/prototyping-building-blocks-design","step":"verify","ok":true}
{"t":"2026-09-10T16:12:01.804Z","path":"/blogs/chip-design/prototyping-tools-accelerate-software-development","step":"verify","ok":true}
{"t":"2026-09-10T16:12:02.690Z","path":"/blogs/chip-design/python-gui-builder-eda-tools","step":"verify","ok":true}
{"t":"2026-09-10T16:12:04.578Z","path":"/blogs/chip-design/qa-with-barbara-donaldson","step":"verify","ok":true}
{"t":"2026-09-10T16:12:06.234Z","path":"/blogs/chip-design/qa-with-latha-venkatachari","step":"verify","ok":true}
{"t":"2026-09-10T16:12:07.020Z","path":"/blogs/chip-design/qa-with-erika-varga-mcenroe","step":"verify","ok":true}
{"t":"2026-09-10T16:12:08.097Z","path":"/blogs/chip-design/qa-with-luca-amaru","step":"verify","ok":true}
{"t":"2026-09-10T16:12:08.726Z","path":"/blogs/chip-design/qa-with-mariya-braylovska","step":"verify","ok":true}
{"t":"2026-09-10T16:12:11.716Z","path":"/blogs/chip-design/quantum-computing-transforming-technology-science","step":"verify","ok":true}
{"t":"2026-09-10T16:12:13.594Z","path":"/blogs/chip-design/quantum-cryptography-vs-post-quantum-cryptography","step":"verify","ok":true}
{"t":"2026-09-10T16:12:14.512Z","path":"/blogs/chip-design/rapid-elasticity-in-cloud-computing-on-demand-scaling-for-business","step":"verify","ok":true}
{"t":"2026-09-10T16:12:14.581Z","path":"/blogs/chip-design/radhika-shankar-qa","step":"verify","ok":true}
{"t":"2026-09-10T16:12:15.159Z","path":"/blogs/chip-design/radiation-tolerant-ken-oneill","step":"verify","ok":true}
{"t":"2026-09-10T16:12:17.520Z","path":"/blogs/chip-design/rapid-silicon-validation-ml-edge-chips-memory","step":"verify","ok":true}
{"t":"2026-09-10T16:12:19.573Z","path":"/blogs/chip-design/re-engineering-engineering-with-ai-innovation","step":"verify","ok":true}
{"t":"2026-09-10T16:12:21.469Z","path":"/blogs/chip-design/reduce-integration-risks-high-speed-pcie-5-0-compliant-synopsys-ip","step":"verify","ok":true}
{"t":"2026-09-10T16:12:22.508Z","path":"/blogs/chip-design/redefining-test-expectations-with-synopsys-testmax-an-interview-with-amit-sanghani","step":"verify","ok":true}
{"t":"2026-09-10T16:12:22.690Z","path":"/blogs/chip-design/recap-2022-design-automation-conference","step":"verify","ok":true}
{"t":"2026-09-10T16:12:23.378Z","path":"/blogs/chip-design/reduce-memory-model-debug-time","step":"verify","ok":true}
{"t":"2026-09-10T16:12:26.590Z","path":"/blogs/chip-design/reduce-pcie-5-0-link-time","step":"verify","ok":true}
{"t":"2026-09-10T16:12:28.784Z","path":"/blogs/chip-design/reduce-risk-and-time-to-market-for-ddr6-designs","step":"verify","ok":true}
{"t":"2026-09-10T16:12:29.183Z","path":"/blogs/chip-design/reduced-blanking-high-res-displays","step":"verify","ok":true}
{"t":"2026-09-10T16:12:29.680Z","path":"/blogs/chip-design/reducing-energy-consumption-sustainable-chip-design","step":"verify","ok":true}
{"t":"2026-09-10T16:12:30.846Z","path":"/blogs/chip-design/reducing-metal-semiconductor-contact-resistance-quantumatk","step":"verify","ok":true}
{"t":"2026-09-10T16:12:33.174Z","path":"/blogs/chip-design/reflecting-stem-career-pathways","step":"verify","ok":true}
{"t":"2026-09-10T16:12:34.571Z","path":"/blogs/chip-design/reinforcement-learning-dac-2023","step":"verify","ok":true}
{"t":"2026-09-10T16:12:35.477Z","path":"/blogs/chip-design/resiliency-in-cloud-computing","step":"verify","ok":true}
{"t":"2026-09-10T16:12:36.273Z","path":"/blogs/chip-design/renesas-electronics-innovation-multi-power-supply-design-verification","step":"verify","ok":true}
{"t":"2026-09-10T16:12:37.480Z","path":"/blogs/chip-design/restart-career-after-break-riya-returnship","step":"verify","ok":true}
{"t":"2026-09-10T16:12:39.977Z","path":"/blogs/chip-design/returnships-create-new-opportunities","step":"verify","ok":true}
{"t":"2026-09-10T16:12:40.355Z","path":"/blogs/chip-design/revolutionizing-asic-flows-with-early-stage-in-design-rail-analysis","step":"verify","ok":true}
{"t":"2026-09-10T16:12:42.698Z","path":"/blogs/chip-design/rf-digital-twin-of-the-moon","step":"verify","ok":true}
{"t":"2026-09-10T16:12:44.016Z","path":"/blogs/chip-design/risc-v-accelerator-cloud-eda-tetramem","step":"verify","ok":true}
{"t":"2026-09-10T16:12:44.338Z","path":"/blogs/chip-design/rfic-design-flow-corehw","step":"verify","ok":true}
{"t":"2026-09-10T16:12:46.731Z","path":"/blogs/chip-design/risc-v-core-ip-sifive","step":"verify","ok":true}
{"t":"2026-09-10T16:12:47.224Z","path":"/blogs/chip-design/risc-v-processor-posit-arithmetic-calligo","step":"verify","ok":true}
{"t":"2026-09-10T16:12:49.060Z","path":"/blogs/chip-design/risc-v-verification-cloud","step":"verify","ok":true}
{"t":"2026-09-10T16:12:51.523Z","path":"/blogs/chip-design/rise-automotive-cybersecurity","step":"verify","ok":true}
{"t":"2026-09-10T16:12:52.001Z","path":"/blogs/chip-design/rise-popularity-hdmi-2-1","step":"verify","ok":true}
{"t":"2026-09-10T16:12:53.475Z","path":"/blogs/chip-design/ron-duncan-qa-stem-education-roadtrip-nation","step":"verify","ok":true}
{"t":"2026-09-10T16:12:53.838Z","path":"/blogs/chip-design/rram-mram-non-volatile-memory","step":"verify","ok":true}
{"t":"2026-09-10T16:12:55.117Z","path":"/blogs/chip-design/rsoft-device-tools","step":"verify","ok":true}
{"t":"2026-09-10T16:12:57.466Z","path":"/blogs/chip-design/rtl-architect-breakthrough-technology","step":"verify","ok":true}
{"t":"2026-09-10T16:12:58.428Z","path":"/blogs/chip-design/rtl-architect-verdi-integration","step":"verify","ok":true}
{"t":"2026-09-10T16:12:59.607Z","path":"/blogs/chip-design/rtl-debug-fpga-prototyping-challenges","step":"verify","ok":true}
{"t":"2026-09-10T16:13:00.444Z","path":"/blogs/chip-design/rtl-architect-vineet-rashingkar","step":"verify","ok":true}
{"t":"2026-09-10T16:13:00.989Z","path":"/blogs/chip-design/rtl-vs-functional-signoff-differences","step":"verify","ok":true}
{"t":"2026-09-10T16:13:03.881Z","path":"/blogs/chip-design/running-x-prop-with-low-power-simulation","step":"verify","ok":true}
{"t":"2026-09-10T16:13:04.944Z","path":"/blogs/chip-design/saas-cloud-eda-tools","step":"verify","ok":true}
{"t":"2026-09-10T16:13:07.393Z","path":"/blogs/chip-design/saber-for-robust-design-reliable-performance","step":"verify","ok":true}
{"t":"2026-09-10T16:13:07.926Z","path":"/blogs/chip-design/safeguarding-automotive-sensors-for-safety","step":"verify","ok":true}
{"t":"2026-09-10T16:13:09.034Z","path":"/blogs/chip-design/safety-aware-multi-die-ml-architectures-ai-vehicles","step":"verify","ok":true}
{"t":"2026-09-10T16:13:09.589Z","path":"/blogs/chip-design/samsung-ddr4-3ds-tsv-memory","step":"verify","ok":true}
{"t":"2026-09-10T16:13:11.231Z","path":"/blogs/chip-design/sassine-ghazi-named-new-synopsys-ceo","step":"verify","ok":true}
{"t":"2026-09-10T16:13:15.311Z","path":"/blogs/chip-design/scalability-in-cloud-computing","step":"verify","ok":true}
{"t":"2026-09-10T16:13:16.590Z","path":"/blogs/chip-design/scalable-performance-for-soc-design","step":"verify","ok":true}
{"t":"2026-09-10T16:13:17.149Z","path":"/blogs/chip-design/secure-chipset-design-in-darpa","step":"verify","ok":true}
{"t":"2026-09-10T16:13:17.454Z","path":"/blogs/chip-design/saving-power-electronic-displays","step":"verify","ok":true}
{"t":"2026-09-10T16:13:19.448Z","path":"/blogs/chip-design/securing-chip-supply-chain-for-aerospace-defense","step":"verify","ok":true}
{"t":"2026-09-10T16:13:22.186Z","path":"/blogs/chip-design/securing-memory-paths-synopsys-scalable-ime","step":"verify","ok":true}
{"t":"2026-09-10T16:13:24.521Z","path":"/blogs/chip-design/securing-network-traffic-macsec-ethernet","step":"verify","ok":true}
{"t":"2026-09-10T16:13:25.706Z","path":"/blogs/chip-design/securing-physical-ai-systems","step":"verify","ok":true}
{"t":"2026-09-10T16:13:26.090Z","path":"/blogs/chip-design/semiconductor-design-goes-saas-snug","step":"verify","ok":true}
{"t":"2026-09-10T16:13:26.236Z","path":"/blogs/chip-design/semiconductor-engineering-certification-synopsys-purple","step":"verify","ok":true}
{"t":"2026-09-10T16:13:28.610Z","path":"/blogs/chip-design/semiconductor-engineering-degree-programs-purdue","step":"verify","ok":true}
{"t":"2026-09-10T16:13:30.362Z","path":"/blogs/chip-design/semiconductor-engineering-talent-shortage-solutions","step":"verify","ok":true}
{"t":"2026-09-10T16:13:32.747Z","path":"/blogs/chip-design/semiconductor-ip-companies-offer-asic-like-services","step":"verify","ok":true}
{"t":"2026-09-10T16:13:33.637Z","path":"/blogs/chip-design/semiconductor-industry-trends-2023","step":"verify","ok":true}
{"t":"2026-09-10T16:13:34.139Z","path":"/blogs/chip-design/semiconductor-ip-development-qa-jumana-muwafi","step":"verify","ok":true}
{"t":"2026-09-10T16:13:34.875Z","path":"/blogs/chip-design/semiconductor-ip-tsmc-n3e","step":"verify","ok":true}
{"t":"2026-09-10T16:13:36.265Z","path":"/blogs/chip-design/semiconductor-talent-shortage-qa","step":"verify","ok":true}
{"t":"2026-09-10T16:13:40.152Z","path":"/blogs/chip-design/semiconductor-training-workforce-development-program","step":"verify","ok":true}
{"t":"2026-09-10T16:13:41.379Z","path":"/blogs/chip-design/semiconductor-workforce-development-programs","step":"verify","ok":true}
{"t":"2026-09-10T16:13:41.745Z","path":"/blogs/chip-design/semiconductor-yield-analysis-machine-learning","step":"verify","ok":true}
{"t":"2026-09-10T16:13:42.269Z","path":"/blogs/chip-design/semiconductors-chip-design-global-innovation","step":"verify","ok":true}
{"t":"2026-09-10T16:13:42.386Z","path":"/blogs/chip-design/shelagh-glaser-cfo-qa-women-in-tech","step":"verify","ok":true}
{"t":"2026-09-10T16:13:47.448Z","path":"/blogs/chip-design/shifting-left-with-ansys-john-lee-jacob-avidan-interview","step":"verify","ok":true}
{"t":"2026-09-10T16:13:47.630Z","path":"/blogs/chip-design/shift-left-sdv-embedded-validation-virtual-ecus","step":"verify","ok":true}
{"t":"2026-09-10T16:13:49.539Z","path":"/blogs/chip-design/shifting-security-left-for-defense-applications","step":"verify","ok":true}
{"t":"2026-09-10T16:13:50.108Z","path":"/blogs/chip-design/silent-data-corruption-sdc-challenges","step":"verify","ok":true}
{"t":"2026-09-10T16:13:50.280Z","path":"/blogs/chip-design/silicon-design-and-chip-performance-with-concertio","step":"verify","ok":true}
{"t":"2026-09-10T16:13:54.131Z","path":"/blogs/chip-design/silicon-lifecycle-management-smarter-chip-design","step":"verify","ok":true}
{"t":"2026-09-10T16:13:55.991Z","path":"/blogs/chip-design/silicon-frontline-technology-acquisition","step":"verify","ok":true}
{"t":"2026-09-10T16:13:56.503Z","path":"/blogs/chip-design/silicon-lifecycle-management","step":"verify","ok":true}
{"t":"2026-09-10T16:13:58.006Z","path":"/blogs/chip-design/silicon-photonics-multi-die-systems-aerospace-government","step":"verify","ok":true}
{"t":"2026-09-10T16:13:58.817Z","path":"/blogs/chip-design/silicon-photonics-data-center-interconnect-design","step":"verify","ok":true}
{"t":"2026-09-10T16:14:00.564Z","path":"/blogs/chip-design/silicon-proven-ip-for-soc-design-in-hpc","step":"verify","ok":true}
{"t":"2026-09-10T16:14:02.891Z","path":"/blogs/chip-design/silicon-remastering-addressing-chip-supply-shortage","step":"verify","ok":true}
{"t":"2026-09-10T16:14:03.004Z","path":"/blogs/chip-design/silicon-software-automotive-value-chain","step":"verify","ok":true}
{"t":"2026-09-10T16:14:04.976Z","path":"/blogs/chip-design/silicon-testing-with-high-speed-functional-interfaces","step":"verify","ok":true}
{"t":"2026-09-10T16:14:06.153Z","path":"/blogs/chip-design/sima-ai-bug-free-physical-ai-silicon","step":"verify","ok":true}
{"t":"2026-09-10T16:14:06.817Z","path":"/blogs/chip-design/simplify-entertainment-hdmi-earc","step":"verify","ok":true}
{"t":"2026-09-10T16:14:08.996Z","path":"/blogs/chip-design/simulation-quantum-computing-research-development","step":"verify","ok":true}
{"t":"2026-09-10T16:14:10.966Z","path":"/blogs/chip-design/simulation-solutions-structural-integrity-chip-packages","step":"verify","ok":true}
{"t":"2026-09-10T16:14:11.662Z","path":"/blogs/chip-design/slm-data-center-reliability","step":"verify","ok":true}
{"t":"2026-09-10T16:14:13.500Z","path":"/blogs/chip-design/smart-monitors-improve-arm-socs-performance","step":"verify","ok":true}
{"t":"2026-09-10T16:14:14.244Z","path":"/blogs/chip-design/smart-semiconductor-manufacturing-technology","step":"verify","ok":true}
{"t":"2026-09-10T16:14:15.733Z","path":"/blogs/chip-design/smarter-sensors-for-self-driving","step":"verify","ok":true}
{"t":"2026-09-10T16:14:17.870Z","path":"/blogs/chip-design/snug-gets-of-wisdom-synopsys-memory-solutions","step":"verify","ok":true}
{"t":"2026-09-10T16:14:19.109Z","path":"/blogs/chip-design/snug-silicon-valley-2022","step":"verify","ok":true}
{"t":"2026-09-10T16:14:19.545Z","path":"/blogs/chip-design/snug-silicon-valley-2023-keynote","step":"verify","ok":true}
{"t":"2026-09-10T16:14:20.677Z","path":"/blogs/chip-design/snug-silicon-valley-2023","step":"verify","ok":true}
{"t":"2026-09-10T16:14:22.595Z","path":"/blogs/chip-design/snug-silicon-valley-2024","step":"verify","ok":true}
{"t":"2026-09-10T16:14:24.726Z","path":"/blogs/chip-design/snug-silicon-valley-2025","step":"verify","ok":true}
{"t":"2026-09-10T16:14:27.126Z","path":"/blogs/chip-design/soafee-enables-next-gen-connected-vehicles","step":"verify","ok":true}
{"t":"2026-09-10T16:14:27.872Z","path":"/blogs/chip-design/soc-design-verification-renesas","step":"verify","ok":true}
{"t":"2026-09-10T16:14:27.949Z","path":"/blogs/chip-design/soc-design-services-hpc-data-center","step":"verify","ok":true}
{"t":"2026-09-10T16:14:32.321Z","path":"/blogs/chip-design/soc-interfaces-security-enhance-data-protection","step":"verify","ok":true}
{"t":"2026-09-10T16:14:32.958Z","path":"/blogs/chip-design/soc-hbm2e-capacity-speed-benefits","step":"verify","ok":false,"why":"about:error in delivered html"}
{"t":"2026-09-10T16:14:34.192Z","path":"/blogs/chip-design/soc-physical-verification-tool-achronix","step":"verify","ok":true}
{"t":"2026-09-10T16:14:35.139Z","path":"/blogs/chip-design/soc-ip-powers-hpc-applications","step":"verify","ok":true}
{"t":"2026-09-10T16:14:35.496Z","path":"/blogs/chip-design/soc-verification-kit-out-of-the-box-verification-solution","step":"verify","ok":true}
{"t":"2026-09-10T16:14:39.079Z","path":"/blogs/chip-design/socs-take-us-smart-to-smarter","step":"verify","ok":true}
{"t":"2026-09-10T16:14:39.864Z","path":"/blogs/chip-design/software-bring-up-multi-die-systems","step":"verify","ok":true}
{"t":"2026-09-10T16:14:41.133Z","path":"/blogs/chip-design/software-defined-automotive-development","step":"verify","ok":true}
{"t":"2026-09-10T16:14:41.764Z","path":"/blogs/chip-design/software-defined-hardware-assisted-verification","step":"verify","ok":true}
{"t":"2026-09-10T16:14:41.764Z","path":"/blogs/chip-design/software-defined-data-centers-sc24","step":"verify","ok":true}
{"t":"2026-09-10T16:14:46.902Z","path":"/blogs/chip-design/software-defined-vehicles-aws","step":"verify","ok":true}
{"t":"2026-09-10T16:14:47.659Z","path":"/blogs/chip-design/software-defined-vehicle-ecu-architectures","step":"verify","ok":true}
{"t":"2026-09-10T16:14:49.229Z","path":"/blogs/chip-design/software-defined-vehicles-changes-auto-design","step":"verify","ok":true}
{"t":"2026-09-10T16:14:49.230Z","path":"/blogs/chip-design/software-defined-vehicles-synopsys-arm","step":"verify","ok":true}
{"t":"2026-09-10T16:14:49.730Z","path":"/blogs/chip-design/software-defined-vehicles-blackberry-aws","step":"verify","ok":true}
{"t":"2026-09-10T16:14:53.822Z","path":"/blogs/chip-design/software-enabled-full-chip-power-signoff-soc-verification","step":"verify","ok":true}
{"t":"2026-09-10T16:14:54.530Z","path":"/blogs/chip-design/software-drives-product-design-innovation","step":"verify","ok":true}
{"t":"2026-09-10T16:14:55.902Z","path":"/blogs/chip-design/software-security-quality-joe-jarzombek","step":"verify","ok":true}
{"t":"2026-09-10T16:14:56.366Z","path":"/blogs/chip-design/software-modeling-kpi-prototyping","step":"verify","ok":true}
{"t":"2026-09-10T16:14:56.477Z","path":"/blogs/chip-design/south-korean-startup-rebellions-redefines-energy-efficient-ai-computing","step":"verify","ok":true}
{"t":"2026-09-10T16:15:00.024Z","path":"/blogs/chip-design/southeast-asia-semiconductor-workforce-development","step":"verify","ok":true}
{"t":"2026-09-10T16:15:02.432Z","path":"/blogs/chip-design/space-exploration-engineering-silicon-systems","step":"verify","ok":true}
{"t":"2026-09-10T16:15:02.942Z","path":"/blogs/chip-design/sram-margin-analysis-workflow","step":"verify","ok":true}
{"t":"2026-09-10T16:15:03.401Z","path":"/blogs/chip-design/speed-up-simulation-coverage-closure","step":"verify","ok":true}
{"t":"2026-09-10T16:15:03.812Z","path":"/blogs/chip-design/sram-puf-chip-security","step":"verify","ok":true}
{"t":"2026-09-10T16:15:07.238Z","path":"/blogs/chip-design/starrc-advanced-features-custom-soc-design","step":"verify","ok":true}
{"t":"2026-09-10T16:15:09.852Z","path":"/blogs/chip-design/starrc-standalone-netlist-reducer","step":"verify","ok":true}
{"t":"2026-09-10T16:15:10.324Z","path":"/blogs/chip-design/starrc-density-corner-value-proposition","step":"verify","ok":true}
{"t":"2026-09-10T16:15:11.032Z","path":"/blogs/chip-design/starrc-vmf-ic-validator-amf-positioning","step":"verify","ok":true}
{"t":"2026-09-10T16:15:12.436Z","path":"/blogs/chip-design/startup-vc-connect-ai-silicon","step":"verify","ok":true}
{"t":"2026-09-10T16:15:16.144Z","path":"/blogs/chip-design/stem-education-with-eda-tools","step":"verify","ok":true}
{"t":"2026-09-10T16:15:18.549Z","path":"/blogs/chip-design/strategic-role-of-glitch-detection-ip-in-modern-socs","step":"verify","ok":true}
{"t":"2026-09-10T16:15:18.985Z","path":"/blogs/chip-design/streamline-photonic-icd-with-pdks","step":"verify","ok":true}
{"t":"2026-09-10T16:15:20.349Z","path":"/blogs/chip-design/streamlining-camera-security-validation-framework-using-synopsys-mipi-cse-v20-vip","step":"verify","ok":true}
{"t":"2026-09-10T16:15:21.361Z","path":"/blogs/chip-design/summer-2021-internship-interdisciplinary-learning","step":"verify","ok":true}
{"t":"2026-09-10T16:15:22.010Z","path":"/blogs/chip-design/summer-tech-internship-program","step":"verify","ok":true}
{"t":"2026-09-10T16:15:27.251Z","path":"/blogs/chip-design/superconducting-iarpa-jamil-kawa","step":"verify","ok":true}
{"t":"2026-09-10T16:15:27.299Z","path":"/blogs/chip-design/swap-marc-swinnen-kenneth-larsen","step":"verify","ok":true}
{"t":"2026-09-10T16:15:27.411Z","path":"/blogs/chip-design/sustainability-efforts-grow-azure-sky-wind-farm","step":"verify","ok":true}
{"t":"2026-09-10T16:15:30.068Z","path":"/blogs/chip-design/symmetric-layouts-showing-mismatches-spice-simulations","step":"verify","ok":true}
{"t":"2026-09-10T16:15:30.857Z","path":"/blogs/chip-design/synopsys-ai-copilots-chip-design","step":"verify","ok":true}
{"t":"2026-09-10T16:15:33.869Z","path":"/blogs/chip-design/synopsys-ansys-engineering-innovation","step":"verify","ok":true}
{"t":"2026-09-10T16:15:34.272Z","path":"/blogs/chip-design/synopsys-and-fishtail-design-automation","step":"verify","ok":true}
{"t":"2026-09-10T16:15:34.912Z","path":"/blogs/chip-design/synopsys-ai-eda-tools","step":"verify","ok":true}
{"t":"2026-09-10T16:15:36.266Z","path":"/blogs/chip-design/synopsys-arm-aim-to-reduce-silicon-design-cycles","step":"verify","ok":true}
{"t":"2026-09-10T16:15:37.048Z","path":"/blogs/chip-design/synopsys-asem-pcda-advance-malaysia-semiconductor-design","step":"verify","ok":true}
{"t":"2026-09-10T16:15:39.946Z","path":"/blogs/chip-design/synopsys-cloud-ic-verification-drc","step":"verify","ok":true}
{"t":"2026-09-10T16:15:42.028Z","path":"/blogs/chip-design/synopsys-joins-ifs-usmag-alliance","step":"verify","ok":true}
{"t":"2026-09-10T16:15:42.647Z","path":"/blogs/chip-design/synopsys-converge-2026-silicon-systems-conference","step":"verify","ok":true}
{"t":"2026-09-10T16:15:42.648Z","path":"/blogs/chip-design/synopsys-ceo-sassine-ghazi-future","step":"verify","ok":true}
{"t":"2026-09-10T16:15:43.997Z","path":"/blogs/chip-design/synopsys-learning-center-training-accessible-easier","step":"verify","ok":true}
{"t":"2026-09-10T16:15:47.262Z","path":"/blogs/chip-design/synopsys-learning-center","step":"verify","ok":true}
{"t":"2026-09-10T16:15:49.040Z","path":"/blogs/chip-design/synopsys-li-auto-case-study","step":"verify","ok":true}
{"t":"2026-09-10T16:15:49.680Z","path":"/blogs/chip-design/synopsys-pcie-leadership-recognized","step":"verify","ok":true}
{"t":"2026-09-10T16:15:50.769Z","path":"/blogs/chip-design/synopsys-tapes-out-slm-pvt-monitor-ip-on-tsmc-n5-n3e1","step":"verify","ok":true}
{"t":"2026-09-10T16:15:51.394Z","path":"/blogs/chip-design/synopsys-vc-formal-sig-event-2023","step":"verify","ok":true}
{"t":"2026-09-10T16:15:53.761Z","path":"/blogs/chip-design/synopsys-vcs-vip-cloud-simulation","step":"verify","ok":true}
{"t":"2026-09-10T16:15:55.927Z","path":"/blogs/chip-design/system-interoperability-in-hyperscale-data-centers","step":"verify","ok":true}
{"t":"2026-09-10T16:15:56.425Z","path":"/blogs/chip-design/tachyum-prodigy-hpc-processor-hyperscale-data-centers","step":"verify","ok":true}
{"t":"2026-09-10T16:15:56.848Z","path":"/blogs/chip-design/system-architecture-design-tools","step":"verify","ok":true}
{"t":"2026-09-10T16:15:58.641Z","path":"/blogs/chip-design/tackling-tech-talent-shortage-with-stem","step":"verify","ok":true}
{"t":"2026-09-10T16:15:59.477Z","path":"/blogs/chip-design/tcad-semiconductor-industry-iit-bombay","step":"verify","ok":true}
{"t":"2026-09-10T16:16:03.268Z","path":"/blogs/chip-design/tda5-socs-vdk-ai-autonomous-driving-ces","step":"verify","ok":true}
{"t":"2026-09-10T16:16:03.903Z","path":"/blogs/chip-design/tcad-simulations-design-reliable-space-based-chips","step":"verify","ok":true}
{"t":"2026-09-10T16:16:03.903Z","path":"/blogs/chip-design/tech-internships-summer-2023","step":"verify","ok":true}
{"t":"2026-09-10T16:16:06.014Z","path":"/blogs/chip-design/technology-beyond-3nm-interview-jacob-avidan-shankar-krishnamoorthy","step":"verify","ok":true}
{"t":"2026-09-10T16:16:06.544Z","path":"/blogs/chip-design/testmax-test-all-the-limits","step":"verify","ok":true}
{"t":"2026-09-10T16:16:12.291Z","path":"/blogs/chip-design/thermal-management-solutions-multi-die-systems","step":"verify","ok":true}
{"t":"2026-09-10T16:16:12.771Z","path":"/blogs/chip-design/three-ai-chip-startups-cloud-eda-tools","step":"verify","ok":true}
{"t":"2026-09-10T16:16:12.804Z","path":"/blogs/chip-design/tilelink-verification-ip-riscv-socs","step":"verify","ok":true}
{"t":"2026-09-10T16:16:27.709Z","path":"/blogs/chip-design/timing-aware-multiphysics-eco-design-closure","step":"verify","ok":true}
{"t":"2026-09-10T16:16:34.910Z","path":"/blogs/chip-design/timing-constraints-signoff-flow","step":"verify","ok":true}
{"t":"2026-09-10T16:16:34.980Z","path":"/blogs/chip-design/top-cloud-architecture-design-principles-important-for-eda","step":"verify","ok":true}
{"t":"2026-09-10T16:16:35.950Z","path":"/blogs/chip-design/toshiba-enhances-memory-bist-synopsys-testmax","step":"verify","ok":true}
{"t":"2026-09-10T16:16:36.445Z","path":"/blogs/chip-design/tools-accelerate-memory-chip-design","step":"verify","ok":true}
{"t":"2026-09-10T16:16:38.409Z","path":"/blogs/chip-design/top-medical-device-design-priorities-chip-design","step":"verify","ok":true}
{"t":"2026-09-10T16:16:42.393Z","path":"/blogs/chip-design/tsmc-awards-semiconductor-design-innovation","step":"verify","ok":true}
{"t":"2026-09-10T16:16:42.775Z","path":"/blogs/chip-design/tsmc-multi-die-systems-ucie-phy-ip-n3e","step":"verify","ok":true}
{"t":"2026-09-10T16:16:43.620Z","path":"/blogs/chip-design/tsmc-partner-of-the-year-2024","step":"verify","ok":true}
{"t":"2026-09-10T16:16:44.000Z","path":"/blogs/chip-design/turbocharging-ai-how-hardware-assisted-verification-fuels-the-revolution","step":"verify","ok":true}
{"t":"2026-09-10T16:16:45.283Z","path":"/blogs/chip-design/types-of-cloud-security-tools","step":"verify","ok":true}
{"t":"2026-09-10T16:16:48.278Z","path":"/blogs/chip-design/uasp-faster-usb-mass-storage","step":"verify","ok":true}
{"t":"2026-09-10T16:16:49.814Z","path":"/blogs/chip-design/ucie-1-0-protocol-verification-guide","step":"verify","ok":true}
{"t":"2026-09-10T16:16:50.221Z","path":"/blogs/chip-design/ucie-2-0-setting-the-tone-for-chiplet-interoperability","step":"verify","ok":true}
{"t":"2026-09-10T16:16:50.760Z","path":"/blogs/chip-design/ucie-3-0-chiplet-ip-solutions","step":"verify","ok":true}
{"t":"2026-09-10T16:16:52.260Z","path":"/blogs/chip-design/ucie-changes-soc-design","step":"verify","ok":true}
{"t":"2026-09-10T16:16:54.866Z","path":"/blogs/chip-design/ucie-performance-40g-multi-die-systems","step":"verify","ok":true}
{"t":"2026-09-10T16:16:56.026Z","path":"/blogs/chip-design/ucie-standard-multi-die-systems","step":"verify","ok":true}
{"t":"2026-09-10T16:16:56.969Z","path":"/blogs/chip-design/ucie-protocol-multi-die-chip","step":"verify","ok":true}
{"t":"2026-09-10T16:16:57.618Z","path":"/blogs/chip-design/ufs-4-0-specification-flash-storage","step":"verify","ok":true}
{"t":"2026-09-10T16:16:58.357Z","path":"/blogs/chip-design/ufs-5-0-verification-mobile-automotive-ai-storage","step":"verify","ok":true}
{"t":"2026-09-10T16:17:01.835Z","path":"/blogs/chip-design/ultra-ethernet-consortium","step":"verify","ok":true}
{"t":"2026-09-10T16:17:03.632Z","path":"/blogs/chip-design/ultra-ethernet-ualink-ai-infrastructure","step":"verify","ok":true}
{"t":"2026-09-10T16:17:04.029Z","path":"/blogs/chip-design/understanding-amba-axi-exclusive-access","step":"verify","ok":true}
{"t":"2026-09-10T16:17:04.313Z","path":"/blogs/chip-design/understanding-cloud-computing-for-eda-workloads","step":"verify","ok":true}
{"t":"2026-09-10T16:17:05.007Z","path":"/blogs/chip-design/understanding-display-color-space","step":"verify","ok":true}
{"t":"2026-09-10T16:17:07.822Z","path":"/blogs/chip-design/understanding-haps-prototyping-systems-accessories","step":"verify","ok":true}
{"t":"2026-09-10T16:17:10.530Z","path":"/blogs/chip-design/understanding-new-tilelink-standard","step":"verify","ok":true}
{"t":"2026-09-10T16:17:10.650Z","path":"/blogs/chip-design/understanding-iso-26262-semiconductors","step":"verify","ok":true}
{"t":"2026-09-10T16:17:11.042Z","path":"/blogs/chip-design/understanding-pcie-spread-spectrum-clocking","step":"verify","ok":true}
{"t":"2026-09-10T16:17:11.612Z","path":"/blogs/chip-design/understanding-row-hammer-attacks","step":"verify","ok":true}
{"t":"2026-09-10T16:17:14.388Z","path":"/blogs/chip-design/unified-coverage-planning-analysis","step":"verify","ok":true}
{"t":"2026-09-10T16:17:16.654Z","path":"/blogs/chip-design/unified-emulation-prototyping-system","step":"verify","ok":true}
{"t":"2026-09-10T16:17:17.534Z","path":"/blogs/chip-design/unified-power-format-low-power-ic-design","step":"verify","ok":true}
{"t":"2026-09-10T16:17:18.145Z","path":"/blogs/chip-design/unraveling-cxl-technology-overview","step":"verify","ok":true}
{"t":"2026-09-10T16:17:19.331Z","path":"/blogs/chip-design/upgrading-3d-ic-packaging-for-faster-ai-inference-with-psm","step":"verify","ok":true}
{"t":"2026-09-10T16:17:20.728Z","path":"/blogs/chip-design/upstream-downstream-ports-guide","step":"verify","ok":true}
{"t":"2026-09-10T16:17:23.273Z","path":"/blogs/chip-design/usb-80gbps-specification-and-protocol","step":"verify","ok":true}
{"t":"2026-09-10T16:17:24.240Z","path":"/blogs/chip-design/usb-audio-device-class3","step":"verify","ok":true}
{"t":"2026-09-10T16:17:24.958Z","path":"/blogs/chip-design/usb-dual-role-advantages","step":"verify","ok":true}
{"t":"2026-09-10T16:17:25.710Z","path":"/blogs/chip-design/usb-role-in-iot","step":"verify","ok":true}
{"t":"2026-09-10T16:17:26.908Z","path":"/blogs/chip-design/usb-type-c-alternate-mode-universality","step":"verify","ok":true}
{"t":"2026-09-10T16:17:28.998Z","path":"/blogs/chip-design/usb-type-c-trends-worldwide","step":"verify","ok":true}
{"t":"2026-09-10T16:17:30.122Z","path":"/blogs/chip-design/usb-type-c-verification-challenges","step":"verify","ok":true}
{"t":"2026-09-10T16:17:31.772Z","path":"/blogs/chip-design/usb3-2-cable-length-water-delivery","step":"verify","ok":true}
{"t":"2026-09-10T16:17:32.973Z","path":"/blogs/chip-design/usb3-2-primer","step":"verify","ok":true}
{"t":"2026-09-10T16:17:34.796Z","path":"/blogs/chip-design/usb4-device-ip-edge-ai","step":"verify","ok":true}
{"t":"2026-09-10T16:17:35.440Z","path":"/blogs/chip-design/usb3-2-power-delivery-charging","step":"verify","ok":true}
{"t":"2026-09-10T16:17:35.948Z","path":"/blogs/chip-design/usb4-high-performance-combined-data","step":"verify","ok":true}
{"t":"2026-09-10T16:17:37.925Z","path":"/blogs/chip-design/usb4-specification-advancements-future-devices","step":"verify","ok":true}
{"t":"2026-09-10T16:17:39.129Z","path":"/blogs/chip-design/use-cases-benefits-synopsys-virtual-prototyping","step":"verify","ok":true}
{"t":"2026-09-10T16:17:40.902Z","path":"/blogs/chip-design/using-ai-to-debug-more-quickly-and-accurately","step":"verify","ok":true}
{"t":"2026-09-10T16:17:41.557Z","path":"/blogs/chip-design/uvc-device-video-streaming","step":"verify","ok":true}
{"t":"2026-09-10T16:17:41.941Z","path":"/blogs/chip-design/validation-of-autosar-classic-ecus-running-rust-swcs-a-safer-path-to-automotive-software","step":"verify","ok":true}
{"t":"2026-09-10T16:17:44.030Z","path":"/blogs/chip-design/verdi-waveform-utilities","step":"verify","ok":true}
{"t":"2026-09-10T16:17:45.780Z","path":"/blogs/chip-design/verification-challenges-in-the-cloud","step":"verify","ok":true}
{"t":"2026-09-10T16:17:47.610Z","path":"/blogs/chip-design/verification-in-ai-era-scaling-software-driven-hardware-assisted-verification","step":"verify","ok":true}
{"t":"2026-09-10T16:17:47.708Z","path":"/blogs/chip-design/verification-of-ual-uec-protocols-for-scalable-hpc-ai-networks-using-synopsys-vip","step":"verify","ok":true}
{"t":"2026-09-10T16:17:48.270Z","path":"/blogs/chip-design/verification-validation-differences","step":"verify","ok":true}
{"t":"2026-09-10T16:17:50.052Z","path":"/blogs/chip-design/verification-viewpoints-a-new-blog-series","step":"verify","ok":true}
{"t":"2026-09-10T16:17:52.099Z","path":"/blogs/chip-design/verification-viewpoints-shift-left-sanity-testing","step":"verify","ok":true}
{"t":"2026-09-10T16:17:53.941Z","path":"/blogs/chip-design/verifying-cxl3-1-designs-with-synopsys-verification-ip","step":"verify","ok":true}
{"t":"2026-09-10T16:17:54.294Z","path":"/blogs/chip-design/verifying-complex-datapath-designs-with-hector","step":"verify","ok":true}
{"t":"2026-09-10T16:17:56.216Z","path":"/blogs/chip-design/verifying-nvme-2-1-designs-for-ai-hpc-workloads","step":"verify","ok":true}
{"t":"2026-09-10T16:17:56.462Z","path":"/blogs/chip-design/verifying-systems-with-primesim-continuum","step":"verify","ok":true}
{"t":"2026-09-10T16:17:57.799Z","path":"/blogs/chip-design/vip-amba-cxs-early-success","step":"verify","ok":true}
{"t":"2026-09-10T16:18:00.474Z","path":"/blogs/chip-design/virtual-electronic-control-unit-prototyping-tools","step":"verify","ok":true}
{"t":"2026-09-10T16:18:01.889Z","path":"/blogs/chip-design/virtual-prototyping-pre-silicon-verification","step":"verify","ok":true}
{"t":"2026-09-10T16:18:03.500Z","path":"/blogs/chip-design/virtual-prototyping-tools-multi-die-system-architecture-design","step":"verify","ok":true}
{"t":"2026-09-10T16:18:03.916Z","path":"/blogs/chip-design/virtual-sensors-system-design","step":"verify","ok":true}
{"t":"2026-09-10T16:18:04.068Z","path":"/blogs/chip-design/virtual-prototyping-shifts-software-soc-design-left","step":"verify","ok":true}
{"t":"2026-09-10T16:18:08.195Z","path":"/blogs/chip-design/virtualizing-posix-style-ecus-deterministic-sil-simulation","step":"verify","ok":true}
{"t":"2026-09-10T16:18:08.202Z","path":"/blogs/chip-design/virtualizer-native-execution-arm","step":"verify","ok":true}
{"t":"2026-09-10T16:18:10.359Z","path":"/blogs/chip-design/volvo-cars-automotive-digital-twin","step":"verify","ok":true}
{"t":"2026-09-10T16:18:10.400Z","path":"/blogs/chip-design/visualizing-cross-die-paths-multi-die-designs","step":"verify","ok":true}
{"t":"2026-09-10T16:18:11.618Z","path":"/blogs/chip-design/vso-ai-nvidia","step":"verify","ok":true}
{"t":"2026-09-10T16:18:14.865Z","path":"/blogs/chip-design/weikai-sun-interview-synopsys-custom-design-platform","step":"verify","ok":true}
{"t":"2026-09-10T16:18:15.317Z","path":"/blogs/chip-design/what-are-co-packaged-optics","step":"verify","ok":true}
{"t":"2026-09-10T16:18:17.303Z","path":"/blogs/chip-design/what-are-counterfeit-chips","step":"verify","ok":true}
{"t":"2026-09-10T16:18:17.418Z","path":"/blogs/chip-design/what-are-gate-all-around-gaa-transistors","step":"verify","ok":true}
{"t":"2026-09-10T16:18:18.827Z","path":"/blogs/chip-design/what-are-multi-die-systems","step":"verify","ok":true}
{"t":"2026-09-10T16:18:20.683Z","path":"/blogs/chip-design/what-does-cloud-native-mean","step":"verify","ok":true}
{"t":"2026-09-10T16:18:21.154Z","path":"/blogs/chip-design/what-is-a-cloud-data-center","step":"verify","ok":true}
{"t":"2026-09-10T16:18:23.252Z","path":"/blogs/chip-design/what-is-a-smartnic","step":"verify","ok":true}
{"t":"2026-09-10T16:18:24.495Z","path":"/blogs/chip-design/what-is-ams-verification","step":"verify","ok":true}
{"t":"2026-09-10T16:18:25.009Z","path":"/blogs/chip-design/what-is-bring-your-own-cloud","step":"verify","ok":true}
{"t":"2026-09-10T16:18:27.030Z","path":"/blogs/chip-design/what-is-clock-domain-crossing","step":"verify","ok":true}
{"t":"2026-09-10T16:18:27.611Z","path":"/blogs/chip-design/what-is-cloud-migration","step":"verify","ok":true}
{"t":"2026-09-10T16:18:29.814Z","path":"/blogs/chip-design/what-is-cloud-native-architecture","step":"verify","ok":true}
{"t":"2026-09-10T16:18:30.654Z","path":"/blogs/chip-design/what-is-cloud-security-framework","step":"verify","ok":true}
{"t":"2026-09-10T16:18:31.877Z","path":"/blogs/chip-design/what-is-code-linting","step":"verify","ok":true}
{"t":"2026-09-10T16:18:33.440Z","path":"/blogs/chip-design/what-is-compute-express-link-3","step":"verify","ok":true}
{"t":"2026-09-10T16:18:34.290Z","path":"/blogs/chip-design/what-is-cryo-cmos-ip","step":"verify","ok":true}
{"t":"2026-09-10T16:18:36.561Z","path":"/blogs/chip-design/what-is-democratized-design","step":"verify","ok":true}
{"t":"2026-09-10T16:18:37.264Z","path":"/blogs/chip-design/what-is-distributed-cloud-computing","step":"verify","ok":true}
{"t":"2026-09-10T16:18:39.675Z","path":"/blogs/chip-design/what-is-edge-computing","step":"verify","ok":true}
{"t":"2026-09-10T16:18:39.676Z","path":"/blogs/chip-design/what-is-elasticity-in-cloud-computing","step":"verify","ok":true}
{"t":"2026-09-10T16:18:41.519Z","path":"/blogs/chip-design/what-is-emram","step":"verify","ok":true}
{"t":"2026-09-10T16:18:43.044Z","path":"/blogs/chip-design/what-is-flexeda","step":"verify","ok":true}
{"t":"2026-09-10T16:18:43.847Z","path":"/blogs/chip-design/what-is-hardware-assisted-verification-hav","step":"verify","ok":true}
{"t":"2026-09-10T16:18:45.930Z","path":"/blogs/chip-design/what-is-local-layout-effect-chip-design","step":"verify","ok":true}
{"t":"2026-09-10T16:18:47.046Z","path":"/blogs/chip-design/what-is-macsec-protocol","step":"verify","ok":true}
{"t":"2026-09-10T16:18:47.723Z","path":"/blogs/chip-design/what-is-mobile-industry-processor-interface-protocol","step":"verify","ok":true}
{"t":"2026-09-10T16:18:49.716Z","path":"/blogs/chip-design/what-is-multi-cloud-architecture","step":"verify","ok":true}
{"t":"2026-09-10T16:18:50.403Z","path":"/blogs/chip-design/what-is-multi-die-chip-design","step":"verify","ok":true}
{"t":"2026-09-10T16:18:53.411Z","path":"/blogs/chip-design/what-is-nfs-shared-storage","step":"verify","ok":true}
{"t":"2026-09-10T16:18:54.426Z","path":"/blogs/chip-design/what-is-object-storage","step":"verify","ok":true}
{"t":"2026-09-10T16:18:54.782Z","path":"/blogs/chip-design/what-is-persistent-storage","step":"verify","ok":true}
{"t":"2026-09-10T16:18:55.879Z","path":"/blogs/chip-design/what-is-photonics","step":"verify","ok":true}
{"t":"2026-09-10T16:18:56.452Z","path":"/blogs/chip-design/what-is-power-optimization","step":"verify","ok":true}
{"t":"2026-09-10T16:18:59.651Z","path":"/blogs/chip-design/what-is-quantum-computing","step":"verify","ok":true}
{"t":"2026-09-10T16:19:00.806Z","path":"/blogs/chip-design/what-is-reset-domain-crossing","step":"verify","ok":true}
{"t":"2026-09-10T16:19:01.660Z","path":"/blogs/chip-design/what-is-shared-cloud-storage","step":"verify","ok":true}
{"t":"2026-09-10T16:19:02.887Z","path":"/blogs/chip-design/what-is-silent-data-corruption-sdc","step":"verify","ok":true}
{"t":"2026-09-10T16:19:03.493Z","path":"/blogs/chip-design/what-is-silicon-lifecycle-management-slm","step":"verify","ok":true}
{"t":"2026-09-10T16:19:05.782Z","path":"/blogs/chip-design/what-is-tdisp-pcie-io-virtualization","step":"verify","ok":true}
{"t":"2026-09-10T16:19:07.726Z","path":"/blogs/chip-design/what-is-usb4-v2-specification","step":"verify","ok":true}
{"t":"2026-09-10T16:19:08.768Z","path":"/blogs/chip-design/what-is-very-short-reach-vsr-connectivity","step":"verify","ok":true}
{"t":"2026-09-10T16:19:09.478Z","path":"/blogs/chip-design/whats-new-in-pcie-6","step":"verify","ok":true}
{"t":"2026-09-10T16:19:10.299Z","path":"/blogs/chip-design/when-ai-gets-a-body-physical-ai","step":"verify","ok":true}
{"t":"2026-09-10T16:19:12.482Z","path":"/blogs/chip-design/when-functional-chip-design-verification-truly-finished","step":"verify","ok":true}
{"t":"2026-09-10T16:19:14.852Z","path":"/blogs/chip-design/why-adaptability-is-key-to-faster-prototyping","step":"verify","ok":true}
{"t":"2026-09-10T16:19:16.294Z","path":"/blogs/chip-design/why-ai-hardware-demands-the-highest-verifiable-qor","step":"verify","ok":true}
{"t":"2026-09-10T16:19:16.928Z","path":"/blogs/chip-design/why-dtco-is-key-to-memory-design-techniques","step":"verify","ok":true}
{"t":"2026-09-10T16:19:16.951Z","path":"/blogs/chip-design/where-does-innovation-come-from","step":"verify","ok":true}
{"t":"2026-09-10T16:19:20.049Z","path":"/blogs/chip-design/why-ras-matters-in-hpc","step":"verify","ok":true}
{"t":"2026-09-10T16:19:21.747Z","path":"/blogs/chip-design/will-ai-chip-design-tools-take-your-job","step":"verify","ok":true}
{"t":"2026-09-10T16:19:22.284Z","path":"/blogs/chip-design/wish-conference-2021-qa-priyanka-joshi","step":"verify","ok":true}
{"t":"2026-09-10T16:19:24.217Z","path":"/blogs/chip-design/women-in-stem-qa-lisa-mcilwain","step":"verify","ok":true}
{"t":"2026-09-10T16:19:25.068Z","path":"/blogs/chip-design/women-in-tech-engineering-scholarship","step":"verify","ok":true}
{"t":"2026-09-10T16:19:26.327Z","path":"/blogs/chip-design/worlds-first-hbm4-ip-test-chip-ai-hpc-validation","step":"verify","ok":true}
{"t":"2026-09-10T16:19:28.375Z","path":"/blogs/chip-design/ywca-tribute-to-women-awards-honors-synopsys","step":"verify","ok":true}
{"t":"2026-09-10T16:19:28.376Z","path":"/blogs/chip-design/zebu-cloud-saas-flow","step":"verify","ok":true}
{"t":"2026-09-10T16:19:30.884Z","path":"/blogs/chip-design/zebu-innovation-advancing-emulation-technology-complex-soc-verification","step":"verify","ok":true}
{"t":"2026-09-10T16:19:31.401Z","path":"/blogs/chip-design/zebu-use-cases-tackling-soc-verification-tasks","step":"verify","ok":true}
{"t":"2026-09-10T16:19:33.723Z","path":"/blogs/chip-design/zephyr-rtos-silicon-lifecycle-management","step":"verify","ok":true}
{"t":"2026-09-10T16:19:34.991Z","path":"/glossary/what-are-atomistic-simulations","step":"verify","ok":true}
{"t":"2026-09-10T16:19:35.874Z","path":"/blogs/chip-design","step":"verify","ok":true}
{"t":"2026-09-10T16:19:38.122Z","path":"/glossary/what-are-machine-learned-force-fields","step":"verify","ok":true}
{"t":"2026-09-10T16:19:38.283Z","path":"/glossary/what-are-chiplets","step":"verify","ok":true}
{"t":"2026-09-10T16:19:40.198Z","path":"/glossary/what-are-pvt-sensors","step":"verify","ok":true}
{"t":"2026-09-10T16:19:41.712Z","path":"/glossary/what-are-s-parameters","step":"verify","ok":true}
{"t":"2026-09-10T16:19:42.386Z","path":"/glossary/what-is-3dic","step":"verify","ok":true}
{"t":"2026-09-10T16:19:45.253Z","path":"/glossary/what-is-a-digital-twin","step":"verify","ok":true}
{"t":"2026-09-10T16:19:46.291Z","path":"/glossary/what-is-a-data-center","step":"verify","ok":true}
{"t":"2026-09-10T16:19:47.365Z","path":"/glossary/what-is-a-finfet","step":"verify","ok":true}
{"t":"2026-09-10T16:19:48.022Z","path":"/glossary/what-is-a-microchip","step":"verify","ok":true}
{"t":"2026-09-10T16:19:49.315Z","path":"/glossary/what-is-a-photonic-integrated-circuit","step":"verify","ok":true}
{"t":"2026-09-10T16:19:52.186Z","path":"/glossary/what-is-a-physical-unclonable-function","step":"verify","ok":true}
{"t":"2026-09-10T16:19:53.717Z","path":"/glossary/what-is-a-process-design-kit","step":"verify","ok":true}
{"t":"2026-09-10T16:19:55.794Z","path":"/glossary/what-is-advanced-semiconductor-packaging","step":"verify","ok":true}
{"t":"2026-09-10T16:19:56.221Z","path":"/glossary/what-is-ai-chip-design","step":"verify","ok":true}
{"t":"2026-09-10T16:19:57.069Z","path":"/glossary/what-is-adas","step":"verify","ok":true}
{"t":"2026-09-10T16:19:57.935Z","path":"/glossary/what-is-ai-driven-chip-design","step":"verify","ok":true}
{"t":"2026-09-10T16:19:59.967Z","path":"/glossary/what-is-an-ai-accelerator","step":"verify","ok":true}
{"t":"2026-09-10T16:20:02.374Z","path":"/glossary/what-is-an-rlc-circuit","step":"verify","ok":true}
{"t":"2026-09-10T16:20:03.282Z","path":"/glossary/what-is-an-electronics-digital-twin","step":"verify","ok":true}
{"t":"2026-09-10T16:20:04.891Z","path":"/glossary/what-is-asic-design","step":"verify","ok":true}
{"t":"2026-09-10T16:20:05.632Z","path":"/glossary/what-is-analog-design","step":"verify","ok":true}
{"t":"2026-09-10T16:20:06.838Z","path":"/glossary/what-is-automatic-test-equipment","step":"verify","ok":true}
{"t":"2026-09-10T16:20:09.277Z","path":"/glossary/what-is-automotive-virtualization","step":"verify","ok":true}
{"t":"2026-09-10T16:20:11.112Z","path":"/glossary/what-is-big-data-analytics","step":"verify","ok":true}
{"t":"2026-09-10T16:20:12.603Z","path":"/glossary/what-is-butterfly-puf","step":"verify","ok":true}
{"t":"2026-09-10T16:20:13.161Z","path":"/glossary/what-is-common-data-model","step":"verify","ok":true}
{"t":"2026-09-10T16:20:13.214Z","path":"/glossary/what-is-circuit-simulation","step":"verify","ok":true}
{"t":"2026-09-10T16:20:15.632Z","path":"/glossary/what-is-custom-ic","step":"verify","ok":true}
{"t":"2026-09-10T16:20:17.836Z","path":"/glossary/what-is-density-functional-theory","step":"verify","ok":true}
{"t":"2026-09-10T16:20:19.107Z","path":"/glossary/what-is-design-rule-checking","step":"verify","ok":true}
{"t":"2026-09-10T16:20:19.980Z","path":"/glossary/what-is-design-for-test","step":"verify","ok":true}
{"t":"2026-09-10T16:20:21.032Z","path":"/glossary/what-is-design-space-optimization","step":"verify","ok":true}
{"t":"2026-09-10T16:20:21.773Z","path":"/glossary/what-is-die-to-die-interface","step":"verify","ok":true}
{"t":"2026-09-10T16:20:24.327Z","path":"/glossary/what-is-eda-agentic-ai","step":"verify","ok":true}
{"t":"2026-09-10T16:20:26.127Z","path":"/glossary/what-is-electromagnetic-coupling","step":"verify","ok":true}
{"t":"2026-09-10T16:20:27.141Z","path":"/glossary/what-is-edge-ai","step":"verify","ok":true}
{"t":"2026-09-10T16:20:28.178Z","path":"/glossary/what-is-equivalence-checking","step":"verify","ok":true}
{"t":"2026-09-10T16:20:28.868Z","path":"/glossary/what-is-electromigration","step":"verify","ok":true}
{"t":"2026-09-10T16:20:30.807Z","path":"/glossary/what-is-fault-detection","step":"verify","ok":true}
{"t":"2026-09-10T16:20:32.705Z","path":"/glossary/what-is-field-programmable-gate-array","step":"verify","ok":true}
{"t":"2026-09-10T16:20:34.646Z","path":"/glossary/what-is-functional-verification","step":"verify","ok":true}
{"t":"2026-09-10T16:20:35.084Z","path":"/glossary/what-is-functional-eco","step":"verify","ok":true}
{"t":"2026-09-10T16:20:35.169Z","path":"/glossary/what-is-glitch-power","step":"verify","ok":true}
{"t":"2026-09-10T16:20:36.700Z","path":"/glossary/what-is-hav-emulation","step":"verify","ok":true}
{"t":"2026-09-10T16:20:39.129Z","path":"/glossary/what-is-hav-prototyping","step":"verify","ok":true}
{"t":"2026-09-10T16:20:40.999Z","path":"/glossary/what-is-high-bandwitdth-memory-3","step":"verify","ok":true}
{"t":"2026-09-10T16:20:41.000Z","path":"/glossary/what-is-hyper-convergent-design-flow","step":"verify","ok":true}
{"t":"2026-09-10T16:20:42.787Z","path":"/glossary/what-is-ic-design","step":"verify","ok":true}
{"t":"2026-09-10T16:20:43.283Z","path":"/glossary/what-is-integrated-circuit","step":"verify","ok":true}
{"t":"2026-09-10T16:20:45.248Z","path":"/glossary/what-is-layout-versus-schematic-checking","step":"verify","ok":true}
{"t":"2026-09-10T16:20:47.252Z","path":"/glossary/what-is-library-characterization","step":"verify","ok":true}
{"t":"2026-09-10T16:20:47.634Z","path":"/glossary/what-is-lithography","step":"verify","ok":true}
{"t":"2026-09-10T16:20:50.716Z","path":"/glossary/what-is-logic-design","step":"verify","ok":true}
{"t":"2026-09-10T16:20:50.922Z","path":"/glossary/what-is-low-power-design","step":"verify","ok":true}
{"t":"2026-09-10T16:20:52.057Z","path":"/glossary/what-is-misra","step":"verify","ok":true}
{"t":"2026-09-10T16:20:53.468Z","path":"/glossary/what-is-mixed-signal-integrated-circuit","step":"verify","ok":true}
{"t":"2026-09-10T16:20:55.744Z","path":"/glossary/what-is-model-based-design","step":"verify","ok":true}
{"t":"2026-09-10T16:20:57.044Z","path":"/glossary/what-is-moores-law","step":"verify","ok":true}
{"t":"2026-09-10T16:20:57.409Z","path":"/glossary/what-is-nodal-analysis","step":"verify","ok":true}
{"t":"2026-09-10T16:20:58.822Z","path":"/glossary/what-is-parasitic-extraction","step":"verify","ok":true}
{"t":"2026-09-10T16:21:00.714Z","path":"/glossary/what-is-physical-ai","step":"verify","ok":true}
{"t":"2026-09-10T16:21:02.846Z","path":"/glossary/what-is-physical-design","step":"verify","ok":true}
{"t":"2026-09-10T16:21:03.385Z","path":"/glossary/what-is-physical-synthesis","step":"verify","ok":true}
{"t":"2026-09-10T16:21:03.896Z","path":"/glossary/what-is-place-and-route","step":"verify","ok":true}
{"t":"2026-09-10T16:21:05.110Z","path":"/glossary/what-is-post-quantum-cryptography","step":"verify","ok":true}
{"t":"2026-09-10T16:21:07.112Z","path":"/glossary/what-is-power-optimization","step":"verify","ok":true}
{"t":"2026-09-10T16:21:08.956Z","path":"/glossary/what-is-power-performance-area-ppa","step":"verify","ok":true}
{"t":"2026-09-10T16:21:10.003Z","path":"/glossary/what-is-programmable-electrical-rules-checking","step":"verify","ok":true}
{"t":"2026-09-10T16:21:11.410Z","path":"/glossary/what-is-register-transfer-level-design","step":"verify","ok":true}
{"t":"2026-09-10T16:21:11.627Z","path":"/glossary/what-is-rf-circuit-design","step":"verify","ok":true}
{"t":"2026-09-10T16:21:13.644Z","path":"/glossary/what-is-risc-v","step":"verify","ok":true}
{"t":"2026-09-10T16:21:14.867Z","path":"/glossary/what-is-robustness-analysis","step":"verify","ok":true}
{"t":"2026-09-10T16:21:16.634Z","path":"/glossary/what-is-root-of-trust","step":"verify","ok":true}
{"t":"2026-09-10T16:21:18.327Z","path":"/glossary/what-is-silicon-die","step":"verify","ok":true}
{"t":"2026-09-10T16:21:19.162Z","path":"/glossary/what-is-serdes","step":"verify","ok":true}
{"t":"2026-09-10T16:21:19.720Z","path":"/glossary/what-is-silicon-lifecycle-management","step":"verify","ok":true}
{"t":"2026-09-10T16:21:20.947Z","path":"/glossary/what-is-simulation","step":"verify","ok":true}
{"t":"2026-09-10T16:21:23.086Z","path":"/glossary/what-is-smartscaling","step":"verify","ok":true}
{"t":"2026-09-10T16:21:25.723Z","path":"/glossary/what-is-sram-puf","step":"verify","ok":true}
{"t":"2026-09-10T16:21:26.206Z","path":"/glossary/what-is-static-timing-analysis","step":"verify","ok":true}
{"t":"2026-09-10T16:21:27.399Z","path":"/glossary/what-is-system-on-a-chip","step":"verify","ok":true}
{"t":"2026-09-10T16:21:28.307Z","path":"/glossary/what-is-synthesis","step":"verify","ok":true}
{"t":"2026-09-10T16:21:30.665Z","path":"/glossary/what-is-triple-shift-left","step":"verify","ok":true}
{"t":"2026-09-10T16:21:31.789Z","path":"/glossary/what-is-ucie","step":"verify","ok":true}
{"t":"2026-09-10T16:21:33.534Z","path":"/glossary/what-is-universal-flash-storage","step":"verify","ok":true}
{"t":"2026-09-10T16:21:33.795Z","path":"/glossary/what-is-usb4","step":"verify","ok":true}
{"t":"2026-09-10T16:21:34.499Z","path":"/glossary/what-is-vehicle-electrification","step":"verify","ok":true}
{"t":"2026-09-10T16:21:37.108Z","path":"/glossary/what-is-verification","step":"verify","ok":true}
{"t":"2026-09-10T16:21:38.472Z","path":"/glossary/what-is-virtual-prototyping","step":"verify","ok":true}
{"t":"2026-09-10T16:21:40.254Z","path":"/glossary/what-is-voltage-drop","step":"verify","ok":true}
{"t":"2026-09-10T16:21:40.812Z","path":"/glossary/what-is-wiring-harness","step":"verify","ok":true}
{"t":"2026-09-10T16:21:41.287Z","path":"/resources","step":"verify","ok":true}
{"t":"2026-09-10T16:21:43.683Z","path":"/success-stories","step":"verify","ok":true}
{"t":"2026-09-10T16:21:45.083Z","path":"/webinars","step":"verify","ok":true}
{"t":"2026-09-10T16:24:39.139Z","path":"/blogs/chip-design/copilot-generative-ai-chip-design","step":"verify","ok":true}
{"t":"2026-09-10T16:24:39.445Z","path":"/blogs/chip-design/continuous-integration-practices","step":"verify","ok":true}
{"t":"2026-09-10T16:24:39.544Z","path":"/blogs/chip-design/future-of-ai-in-chip-design","step":"verify","ok":true}
{"t":"2026-09-10T16:24:39.580Z","path":"/blogs/chip-design/esp-bridging-the-gap-video-series","step":"verify","ok":true}
{"t":"2026-09-10T16:24:49.694Z","path":"/blogs/chip-design/soc-hbm2e-capacity-speed-benefits","step":"verify","ok":false,"why":"about:error in delivered html"}
{"t":"2026-09-10T16:34:32.912Z","path":"/blogs/chip-design/soc-hbm2e-capacity-speed-benefits","step":"verify","ok":true}
