{"t":"2026-09-11T09:41:08.575Z","path":"/academic-research/researchers","step":"verify","ok":true}
{"t":"2026-09-11T09:41:08.798Z","path":"/academic-research/educators","step":"verify","ok":true}
{"t":"2026-09-11T09:41:09.366Z","path":"/academic-research/entrepreneurs","step":"verify","ok":true}
{"t":"2026-09-11T09:41:10.539Z","path":"/academic-research/university","step":"verify","ok":true}
{"t":"2026-09-11T09:41:10.662Z","path":"/academic-research/students","step":"verify","ok":true}
{"t":"2026-09-11T09:41:14.245Z","path":"/ai/agentic-ai","step":"verify","ok":true}
{"t":"2026-09-11T09:41:17.876Z","path":"/ai/ai-powered-eda/tso-ai","step":"verify","ok":false,"why":"about:error in delivered html"}
{"t":"2026-09-11T09:41:19.420Z","path":"/ai/ai-chip-development","step":"verify","ok":true}
{"t":"2026-09-11T09:41:20.614Z","path":"/ai/ai-powered-eda","step":"verify","ok":true}
{"t":"2026-09-11T09:41:22.715Z","path":"/ai/ai-powered-eda/aso-ai","step":"verify","ok":true}
{"t":"2026-09-11T09:41:24.440Z","path":"/ai/generative-ai","step":"verify","ok":true}
{"t":"2026-09-11T09:41:25.558Z","path":"/ai/ai-powered-eda/silicon-da","step":"verify","ok":true}
{"t":"2026-09-11T09:41:26.636Z","path":"/articles/112g-ethernet-ip","step":"verify","ok":true}
{"t":"2026-09-11T09:41:26.649Z","path":"/articles/112g-ethernet-implementations","step":"verify","ok":true}
{"t":"2026-09-11T09:41:28.347Z","path":"/articles/112g-linear-optics-phy","step":"verify","ok":true}
{"t":"2026-09-11T09:41:30.433Z","path":"/articles/224g-ethernet-phy-ip","step":"verify","ok":true}
{"t":"2026-09-11T09:41:31.639Z","path":"/articles/224g-serdes-interoperability-ai-hpc","step":"verify","ok":true}
{"t":"2026-09-11T09:41:33.756Z","path":"/articles/224gbps-electrical-interface","step":"verify","ok":true}
{"t":"2026-09-11T09:41:34.117Z","path":"/articles/25g-ethernet-ip-for-high-performance-data-center-socs","step":"verify","ok":true}
{"t":"2026-09-11T09:41:35.666Z","path":"/articles/25g-ethernet","step":"verify","ok":true}
{"t":"2026-09-11T09:41:37.717Z","path":"/articles/3dio-multi-die-integration","step":"verify","ok":true}
{"t":"2026-09-11T09:41:40.316Z","path":"/articles/5g-asips-communication-socs","step":"verify","ok":true}
{"t":"2026-09-11T09:41:40.673Z","path":"/articles/224g-serdes-ip-linear-drive-optics","step":"verify","ok":true}
{"t":"2026-09-11T09:41:41.729Z","path":"/articles/40g-ucie-ip-ai-applications","step":"verify","ok":true}
{"t":"2026-09-11T09:41:42.863Z","path":"/articles/5g-dsp-controller-radio-modems","step":"verify","ok":true}
{"t":"2026-09-11T09:41:43.701Z","path":"/articles/accelerate-time-to-market-with-interface-ip-subsystems","step":"verify","ok":true}
{"t":"2026-09-11T09:41:46.073Z","path":"/articles/accelerating-32gtps-pcie5-designs","step":"verify","ok":true}
{"t":"2026-09-11T09:41:46.569Z","path":"/articles/accelerating-cryptographic-operations","step":"verify","ok":true}
{"t":"2026-09-11T09:41:48.211Z","path":"/articles/achieving-10-gbps","step":"verify","ok":true}
{"t":"2026-09-11T09:41:48.592Z","path":"/articles/achieving-iso-compliance","step":"verify","ok":true}
{"t":"2026-09-11T09:41:50.951Z","path":"/articles/adapting-non-volatile-memory","step":"verify","ok":true}
{"t":"2026-09-11T09:41:51.701Z","path":"/articles/adas-ivi-automotive-grade","step":"verify","ok":true}
{"t":"2026-09-11T09:41:53.084Z","path":"/articles/adas-ivi-socs-sdv-automotive-ip","step":"verify","ok":true}
{"t":"2026-09-11T09:41:54.338Z","path":"/articles/addressing-ai-advanced-packaging-3dio-phy","step":"verify","ok":true}
{"t":"2026-09-11T09:41:54.542Z","path":"/articles/addressing-functional-safety-in-socs-with-test-solutions","step":"verify","ok":true}
{"t":"2026-09-11T09:41:56.693Z","path":"/articles/adoption-5g-automotive-applications","step":"verify","ok":true}
{"t":"2026-09-11T09:41:57.665Z","path":"/articles/advanced-processors-virtual-reality-interfaces","step":"verify","ok":true}
{"t":"2026-09-11T09:41:59.111Z","path":"/articles/advantages-embedded-mtp-nvm-iot-soc-designs","step":"verify","ok":true}
{"t":"2026-09-11T09:42:00.109Z","path":"/articles/ai-edge-algorithms","step":"verify","ok":true}
{"t":"2026-09-11T09:42:02.019Z","path":"/articles/ai-hpc-multi-die-designs","step":"verify","ok":true}
{"t":"2026-09-11T09:42:02.612Z","path":"/articles/ai-powered-analog-design","step":"verify","ok":true}
{"t":"2026-09-11T09:42:03.542Z","path":"/articles/anatomy-ethernet-phy-for-hpc","step":"verify","ok":true}
{"t":"2026-09-11T09:42:05.128Z","path":"/articles/arc-sem130fs-safety-security-processor","step":"verify","ok":true}
{"t":"2026-09-11T09:42:05.645Z","path":"/articles/artificial-intelligence-soc-nature-nurture","step":"verify","ok":true}
{"t":"2026-09-11T09:42:08.076Z","path":"/articles/asil-d-systematic-iso-26262-compliance","step":"verify","ok":true}
{"t":"2026-09-11T09:42:09.458Z","path":"/articles/augmenting-your-reality","step":"verify","ok":true}
{"t":"2026-09-11T09:42:10.276Z","path":"/articles/automotive-certified-trng-ip","step":"verify","ok":true}
{"t":"2026-09-11T09:42:11.182Z","path":"/articles/automotive-ddr-dram","step":"verify","ok":true}
{"t":"2026-09-11T09:42:13.809Z","path":"/articles/automotive-ic-design","step":"verify","ok":true}
{"t":"2026-09-11T09:42:15.166Z","path":"/articles/automotive-embedded-storage-ufs","step":"verify","ok":true}
{"t":"2026-09-11T09:42:17.033Z","path":"/articles/automotive-puf-unclonable-silicon-identity","step":"verify","ok":true}
{"t":"2026-09-11T09:42:17.803Z","path":"/articles/automotive-macsec-ethernet","step":"verify","ok":true}
{"t":"2026-09-11T09:42:19.955Z","path":"/articles/automotive-nvm-ip-accelerating-design-schedules","step":"verify","ok":true}
{"t":"2026-09-11T09:42:20.559Z","path":"/articles/automotive-safety","step":"verify","ok":true}
{"t":"2026-09-11T09:42:25.238Z","path":"/articles/balancing-security-requirements","step":"verify","ok":true}
{"t":"2026-09-11T09:42:26.122Z","path":"/articles/automotive-soc-design-platform","step":"verify","ok":true}
{"t":"2026-09-11T09:42:26.493Z","path":"/articles/benefits-800g-ethernet-implementation","step":"verify","ok":true}
{"t":"2026-09-11T09:42:29.267Z","path":"/articles/best-112g-serdes-ip-performance","step":"verify","ok":true}
{"t":"2026-09-11T09:42:31.185Z","path":"/articles/bluetooth-5-ready-ip-iot-soc-integration","step":"verify","ok":true}
{"t":"2026-09-11T09:42:32.418Z","path":"/articles/catching-clock-integrity-jitter-issues","step":"verify","ok":true}
{"t":"2026-09-11T09:42:33.032Z","path":"/articles/building-efficient-deep-learning","step":"verify","ok":true}
{"t":"2026-09-11T09:42:35.140Z","path":"/articles/challenges-of-moving-to-32gts-pcie-designs","step":"verify","ok":true}
{"t":"2026-09-11T09:42:37.209Z","path":"/articles/challenges-of-usb-3-1-ip-certification","step":"verify","ok":true}
{"t":"2026-09-11T09:42:38.678Z","path":"/articles/choosing-embedded-processor","step":"verify","ok":true}
{"t":"2026-09-11T09:42:41.457Z","path":"/articles/competitive-advantage-sram-puf","step":"verify","ok":true}
{"t":"2026-09-11T09:42:43.253Z","path":"/articles/complete-die-to-die-ip-solution","step":"verify","ok":true}
{"t":"2026-09-11T09:42:43.683Z","path":"/articles/cmos-image-sensor-otp-nvm","step":"verify","ok":true}
{"t":"2026-09-11T09:42:45.508Z","path":"/articles/compute-express-link-standard","step":"verify","ok":true}
{"t":"2026-09-11T09:42:49.833Z","path":"/articles/configuring-ddr-subsystems","step":"verify","ok":true}
{"t":"2026-09-11T09:42:50.168Z","path":"/articles/considerations-chiplet-designs","step":"verify","ok":true}
{"t":"2026-09-11T09:42:50.632Z","path":"/articles/computer-vision-lab-life","step":"verify","ok":true}
{"t":"2026-09-11T09:42:52.277Z","path":"/articles/content-protection","step":"verify","ok":true}
{"t":"2026-09-11T09:42:56.332Z","path":"/articles/converging-cloud-computing-infrastucture","step":"verify","ok":true}
{"t":"2026-09-11T09:42:57.060Z","path":"/articles/converting-existing-designs-usb-c","step":"verify","ok":true}
{"t":"2026-09-11T09:42:57.826Z","path":"/articles/cxl-applications","step":"verify","ok":true}
{"t":"2026-09-11T09:42:59.897Z","path":"/articles/cxl-in-memory-solutions","step":"verify","ok":true}
{"t":"2026-09-11T09:43:02.379Z","path":"/articles/automotive-security-pcie-ip-solutions","step":"verify","ok":false,"why":"about:error in delivered html"}
{"t":"2026-09-11T09:43:03.329Z","path":"/articles/cxl2-3-storage-memory-applications","step":"verify","ok":true}
{"t":"2026-09-11T09:43:04.309Z","path":"/articles/data-conv-ip-auto-func-safety-socs","step":"verify","ok":true}
{"t":"2026-09-11T09:43:06.931Z","path":"/articles/data-fusion-ip-iot-accelerating-application-development","step":"verify","ok":true}
{"t":"2026-09-11T09:43:09.732Z","path":"/articles/ddr4-bank-groups","step":"verify","ok":true}
{"t":"2026-09-11T09:43:10.133Z","path":"/articles/ddr5-features","step":"verify","ok":true}
{"t":"2026-09-11T09:43:10.276Z","path":"/articles/ddr-hardening-demystified","step":"verify","ok":true}
{"t":"2026-09-11T09:43:12.525Z","path":"/articles/data-centers-driving-ethernet-interconnects","step":"verify","ok":true}
{"t":"2026-09-11T09:43:13.193Z","path":"/articles/deep-learning-adas-applications","step":"verify","ok":true}
{"t":"2026-09-11T09:43:16.908Z","path":"/articles/demystifying-40-interfaces","step":"verify","ok":true}
{"t":"2026-09-11T09:43:17.457Z","path":"/articles/design-considerations","step":"verify","ok":true}
{"t":"2026-09-11T09:43:17.701Z","path":"/articles/design-challenges-of-clock-integrity-and-clock-jitter","step":"verify","ok":true}
{"t":"2026-09-11T09:43:19.421Z","path":"/articles/design-precision","step":"verify","ok":true}
{"t":"2026-09-11T09:43:20.530Z","path":"/articles/design-verification-environment","step":"verify","ok":true}
{"t":"2026-09-11T09:43:24.459Z","path":"/articles/designing-processors","step":"verify","ok":true}
{"t":"2026-09-11T09:43:24.853Z","path":"/articles/designware-hybrid-ip","step":"verify","ok":true}
{"t":"2026-09-11T09:43:25.938Z","path":"/articles/designware-libraries","step":"verify","ok":true}
{"t":"2026-09-11T09:43:26.032Z","path":"/articles/designing-effective-use-pcie6-bandwidth","step":"verify","ok":true}
{"t":"2026-09-11T09:43:28.359Z","path":"/articles/direct-drive-electro-optical","step":"verify","ok":true}
{"t":"2026-09-11T09:43:31.129Z","path":"/articles/easing-smart-automotive-design-and-certification","step":"verify","ok":true}
{"t":"2026-09-11T09:43:31.423Z","path":"/articles/ecc-memory-error-correction","step":"verify","ok":true}
{"t":"2026-09-11T09:43:33.105Z","path":"/articles/embedded-challenges-superscalar","step":"verify","ok":true}
{"t":"2026-09-11T09:43:33.298Z","path":"/articles/edge-ai-near-threshold-foundation-ip","step":"verify","ok":true}
{"t":"2026-09-11T09:43:35.136Z","path":"/articles/embedded-design-prototyping","step":"verify","ok":true}
{"t":"2026-09-11T09:43:38.553Z","path":"/articles/embedded-memory-test","step":"verify","ok":true}
{"t":"2026-09-11T09:43:39.836Z","path":"/articles/embedded-linux-system","step":"verify","ok":true}
{"t":"2026-09-11T09:43:39.897Z","path":"/articles/embedding-artificial-intelligence-into-our-lives","step":"verify","ok":true}
{"t":"2026-09-11T09:43:40.195Z","path":"/articles/embedding-vision","step":"verify","ok":true}
{"t":"2026-09-11T09:43:44.476Z","path":"/articles/emmc-and-ufs-inline-encryption","step":"verify","ok":true}
{"t":"2026-09-11T09:43:46.022Z","path":"/articles/emram-low-power-advanced-nodes","step":"verify","ok":true}
{"t":"2026-09-11T09:43:46.454Z","path":"/articles/ensuring-security-processor-socs","step":"verify","ok":true}
{"t":"2026-09-11T09:43:47.754Z","path":"/articles/enabling-cars","step":"verify","ok":true}
{"t":"2026-09-11T09:43:52.971Z","path":"/articles/ether-time-sens-net-for-auto-adas-socs","step":"verify","ok":true}
{"t":"2026-09-11T09:43:53.176Z","path":"/articles/ethernet-qos-v40","step":"verify","ok":true}
{"t":"2026-09-11T09:43:53.453Z","path":"/articles/estimating-power-early-ai-vision","step":"verify","ok":true}
{"t":"2026-09-11T09:43:54.787Z","path":"/articles/ethernet-security-macsec","step":"verify","ok":true}
{"t":"2026-09-11T09:43:59.789Z","path":"/articles/ethernet-terminology","step":"verify","ok":true}
{"t":"2026-09-11T09:44:00.254Z","path":"/articles/ethernet-standards-scale-up-ai","step":"verify","ok":true}
{"t":"2026-09-11T09:44:01.320Z","path":"/articles/ev-facial-expression","step":"verify","ok":true}
{"t":"2026-09-11T09:44:01.379Z","path":"/articles/eusb2v2-interoperability-fpga-prototyping","step":"verify","ok":true}
{"t":"2026-09-11T09:44:06.754Z","path":"/articles/faster-iteration","step":"verify","ok":true}
{"t":"2026-09-11T09:44:08.030Z","path":"/articles/finfet-process","step":"verify","ok":true}
{"t":"2026-09-11T09:44:10.198Z","path":"/articles/finfet-design","step":"verify","ok":true}
{"t":"2026-09-11T09:44:13.306Z","path":"/articles/face-recognition-detection-arc-ev","step":"verify","ok":true}
{"t":"2026-09-11T09:44:14.044Z","path":"/articles/firmware-based-training-ddr-ip","step":"verify","ok":true}
{"t":"2026-09-11T09:44:15.074Z","path":"/articles/flexible-connectivity","step":"verify","ok":true}
{"t":"2026-09-11T09:44:15.158Z","path":"/articles/emerging-applications-cxl","step":"verify","ok":true}
{"t":"2026-09-11T09:44:16.548Z","path":"/articles/flexible-processing","step":"verify","ok":true}
{"t":"2026-09-11T09:44:20.437Z","path":"/articles/foundation-ip-optimized-ppa","step":"verify","ok":true}
{"t":"2026-09-11T09:44:21.547Z","path":"/articles/foundation-ip-low-power-ai","step":"verify","ok":true}
{"t":"2026-09-11T09:44:21.840Z","path":"/articles/future-nvm-memories","step":"verify","ok":true}
{"t":"2026-09-11T09:44:23.526Z","path":"/articles/guaranteed-isochronous-traffic-usb31","step":"verify","ok":true}
{"t":"2026-09-11T09:44:23.694Z","path":"/articles/functional-safety-quality-automotive","step":"verify","ok":true}
{"t":"2026-09-11T09:44:28.011Z","path":"/articles/guidelines-for-integration","step":"verify","ok":true}
{"t":"2026-09-11T09:44:28.523Z","path":"/articles/hardware-aware-training-keyword-spotting","step":"verify","ok":true}
{"t":"2026-09-11T09:44:29.840Z","path":"/articles/have-linux-your-way-yocto","step":"verify","ok":true}
{"t":"2026-09-11T09:44:30.698Z","path":"/articles/hardware-mathematics-for-ai","step":"verify","ok":true}
{"t":"2026-09-11T09:44:31.084Z","path":"/articles/hbm3-ip-dwtb","step":"verify","ok":true}
{"t":"2026-09-11T09:44:36.306Z","path":"/articles/hdmi-fast-switching","step":"verify","ok":true}
{"t":"2026-09-11T09:44:36.856Z","path":"/articles/hdmi21-for-immersive-consumer-experience","step":"verify","ok":true}
{"t":"2026-09-11T09:44:37.585Z","path":"/articles/high-accuracy-computer-vision-isps-vision-processors","step":"verify","ok":true}
{"t":"2026-09-11T09:44:37.714Z","path":"/articles/high-bandwidth-interconnects-224g-phy-ip","step":"verify","ok":true}
{"t":"2026-09-11T09:44:43.391Z","path":"/articles/hdmi-and-mhl","step":"verify","ok":true}
{"t":"2026-09-11T09:44:43.467Z","path":"/articles/high-performance-dsp-for-5g","step":"verify","ok":true}
{"t":"2026-09-11T09:44:43.788Z","path":"/articles/high-speed-test-io","step":"verify","ok":true}
{"t":"2026-09-11T09:44:45.965Z","path":"/articles/high-res-displays-hdcp","step":"verify","ok":true}
{"t":"2026-09-11T09:44:50.776Z","path":"/articles/how-ai-edge-computing-drives-5g-iot","step":"verify","ok":true}
{"t":"2026-09-11T09:44:51.044Z","path":"/articles/implementing-high-performance-deep-learning","step":"verify","ok":true}
{"t":"2026-09-11T09:44:51.044Z","path":"/articles/impact-of-100g-ethernet-on-edge-computing","step":"verify","ok":true}
{"t":"2026-09-11T09:44:52.288Z","path":"/articles/implementing-large-numbers","step":"verify","ok":true}
{"t":"2026-09-11T09:44:57.053Z","path":"/articles/implementing-mipi-camera","step":"verify","ok":true}
{"t":"2026-09-11T09:44:57.717Z","path":"/articles/implementing-usb-type-c","step":"verify","ok":true}
{"t":"2026-09-11T09:44:58.653Z","path":"/articles/improving-quality-of-service-amba","step":"verify","ok":true}
{"t":"2026-09-11T09:44:59.479Z","path":"/articles/in-chip-sensor-pvt","step":"verify","ok":true}
{"t":"2026-09-11T09:45:04.497Z","path":"/articles/integrated-400g-800g-ethernet-ip","step":"verify","ok":true}
{"t":"2026-09-11T09:45:04.610Z","path":"/articles/integrated-adas-domain-controller-26262","step":"verify","ok":true}
{"t":"2026-09-11T09:45:06.441Z","path":"/articles/integrated-ip-mipi-camera-display","step":"verify","ok":true}
{"t":"2026-09-11T09:45:09.527Z","path":"/articles/high-bandwidth-memory-encryption-security","step":"verify","ok":true}
{"t":"2026-09-11T09:45:11.840Z","path":"/articles/interface-ip-avoid-cloud-jams","step":"verify","ok":true}
{"t":"2026-09-11T09:45:12.293Z","path":"/articles/in-memory-computing-ai","step":"verify","ok":true}
{"t":"2026-09-11T09:45:16.241Z","path":"/articles/iot-connectivity-low-power-solution","step":"verify","ok":true}
{"t":"2026-09-11T09:45:19.920Z","path":"/articles/introduction-to-tcam","step":"verify","ok":true}
{"t":"2026-09-11T09:45:21.591Z","path":"/articles/introduction-ccix","step":"verify","ok":true}
{"t":"2026-09-11T09:45:22.069Z","path":"/articles/ip-die-to-die-connectivity","step":"verify","ok":true}
{"t":"2026-09-11T09:45:23.640Z","path":"/articles/ip-interfaces-reduce-hpc-latency","step":"verify","ok":true}
{"t":"2026-09-11T09:45:28.631Z","path":"/articles/iso-sae-21434-automotive-cybersecurity","step":"verify","ok":true}
{"t":"2026-09-11T09:45:29.074Z","path":"/articles/key-features-about-lpddr5","step":"verify","ok":true}
{"t":"2026-09-11T09:45:32.049Z","path":"/articles/kgd-ucie-ip-article","step":"verify","ok":true}
{"t":"2026-09-11T09:45:32.917Z","path":"/articles/iso-26262-compliance-adas-socs","step":"verify","ok":true}
{"t":"2026-09-11T09:45:35.276Z","path":"/articles/ip-integration","step":"verify","ok":true}
{"t":"2026-09-11T09:45:35.925Z","path":"/articles/logic-library-capabilities","step":"verify","ok":true}
{"t":"2026-09-11T09:45:36.576Z","path":"/articles/low-power-mobile-storage","step":"verify","ok":true}
{"t":"2026-09-11T09:45:38.607Z","path":"/articles/low-power-processor-solutions","step":"verify","ok":true}
{"t":"2026-09-11T09:45:39.006Z","path":"/articles/lpddr4","step":"verify","ok":true}
{"t":"2026-09-11T09:45:41.679Z","path":"/articles/mac-pcs-ethernet","step":"verify","ok":true}
{"t":"2026-09-11T09:45:42.207Z","path":"/articles/maximizing-performance-arc-dsp-plugin-ashling","step":"verify","ok":true}
{"t":"2026-09-11T09:45:43.840Z","path":"/articles/meeting-automotive-functional-safety-gpio","step":"verify","ok":true}
{"t":"2026-09-11T09:45:45.005Z","path":"/articles/memory-architectures-ai-socs","step":"verify","ok":true}
{"t":"2026-09-11T09:45:47.475Z","path":"/articles/memory-options","step":"verify","ok":true}
{"t":"2026-09-11T09:45:48.673Z","path":"/articles/mhl-protocol","step":"verify","ok":true}
{"t":"2026-09-11T09:45:51.011Z","path":"/articles/minimizing-auto-vulnerabilities","step":"verify","ok":true}
{"t":"2026-09-11T09:45:51.705Z","path":"/articles/modeling-integration-112g-phy-ip","step":"verify","ok":true}
{"t":"2026-09-11T09:45:53.578Z","path":"/articles/modern-prototyping-systems","step":"verify","ok":true}
{"t":"2026-09-11T09:45:54.940Z","path":"/articles/monitor-test-repair-slm","step":"verify","ok":true}
{"t":"2026-09-11T09:45:55.760Z","path":"/articles/mhl-vs-miracast","step":"verify","ok":true}
{"t":"2026-09-11T09:45:57.456Z","path":"/articles/multi-chip-design-technical-article","step":"verify","ok":true}
{"t":"2026-09-11T09:45:57.948Z","path":"/articles/multi-die-design-3d-ip","step":"verify","ok":true}
{"t":"2026-09-11T09:45:59.997Z","path":"/articles/next-gen-npus-physical-ai","step":"verify","ok":true}
{"t":"2026-09-11T09:46:01.557Z","path":"/articles/non-volatile-memory","step":"verify","ok":true}
{"t":"2026-09-11T09:46:04.048Z","path":"/articles/nvm-ip-pmics","step":"verify","ok":true}
{"t":"2026-09-11T09:46:04.873Z","path":"/articles/optimal-ppa-16ff","step":"verify","ok":true}
{"t":"2026-09-11T09:46:05.941Z","path":"/articles/optimized-memory-cpu-gpu-dsp","step":"verify","ok":true}
{"t":"2026-09-11T09:46:06.118Z","path":"/articles/noc-interconnects-ucie-ip","step":"verify","ok":false,"why":"about:error in delivered html"}
{"t":"2026-09-11T09:46:08.039Z","path":"/articles/optimizing-high-end-designs","step":"verify","ok":true}
{"t":"2026-09-11T09:46:11.996Z","path":"/articles/optimizing-vision-applications-openvx-visualization","step":"verify","ok":true}
{"t":"2026-09-11T09:46:12.209Z","path":"/articles/pam3-technology-implementation-usb4-v2","step":"verify","ok":true}
{"t":"2026-09-11T09:46:12.232Z","path":"/articles/overcoming-design-challengse-vesa-dsc-ip","step":"verify","ok":true}
{"t":"2026-09-11T09:46:12.418Z","path":"/articles/optimizing","step":"verify","ok":true}
{"t":"2026-09-11T09:46:14.250Z","path":"/articles/pam4-400g-ethernet","step":"verify","ok":true}
{"t":"2026-09-11T09:46:18.055Z","path":"/articles/pci-express","step":"verify","ok":true}
{"t":"2026-09-11T09:46:18.157Z","path":"/articles/parallel-based-phy-for-die2die","step":"verify","ok":true}
{"t":"2026-09-11T09:46:20.075Z","path":"/articles/pci-design-challenges","step":"verify","ok":true}
{"t":"2026-09-11T09:46:20.094Z","path":"/articles/pcie-6-designs","step":"verify","ok":true}
{"t":"2026-09-11T09:46:22.353Z","path":"/articles/pci-express-4-lane-margining","step":"verify","ok":true}
{"t":"2026-09-11T09:46:24.543Z","path":"/articles/pcie-6-hpc-socs","step":"verify","ok":true}
{"t":"2026-09-11T09:46:25.201Z","path":"/articles/pcie-7-design-ai-bandwidth","step":"verify","ok":true}
{"t":"2026-09-11T09:46:26.197Z","path":"/articles/pcie-automotive-application","step":"verify","ok":true}
{"t":"2026-09-11T09:46:26.771Z","path":"/articles/pcie-cxl-chip-to-chip-ai-scaling","step":"verify","ok":true}
{"t":"2026-09-11T09:46:29.310Z","path":"/articles/pcie-over-optics","step":"verify","ok":true}
{"t":"2026-09-11T09:46:30.620Z","path":"/articles/pcie-u2-u3-data-centers","step":"verify","ok":true}
{"t":"2026-09-11T09:46:31.362Z","path":"/articles/pcie3-bandwidth-considerations","step":"verify","ok":true}
{"t":"2026-09-11T09:46:32.430Z","path":"/articles/pcie5-edge-soc-designs","step":"verify","ok":true}
{"t":"2026-09-11T09:46:32.804Z","path":"/articles/performance-coding-advantages","step":"verify","ok":true}
{"t":"2026-09-11T09:46:35.588Z","path":"/articles/power-gating","step":"verify","ok":true}
{"t":"2026-09-11T09:46:37.222Z","path":"/articles/processor-configurations","step":"verify","ok":true}
{"t":"2026-09-11T09:46:37.700Z","path":"/articles/processor-safety-adas-automotive-systems","step":"verify","ok":true}
{"t":"2026-09-11T09:46:38.220Z","path":"/articles/protecting-against-side-channel","step":"verify","ok":true}
{"t":"2026-09-11T09:46:38.981Z","path":"/articles/prototyping-your-system","step":"verify","ok":true}
{"t":"2026-09-11T09:46:42.250Z","path":"/articles/pvt-monitoring-ip-gaa-process","step":"verify","ok":true}
{"t":"2026-09-11T09:46:43.264Z","path":"/articles/ras-data-protection","step":"verify","ok":true}
{"t":"2026-09-11T09:46:43.473Z","path":"/articles/reach-your-targets","step":"verify","ok":true}
{"t":"2026-09-11T09:46:44.149Z","path":"/articles/reduce-power-consumption","step":"verify","ok":true}
{"t":"2026-09-11T09:46:45.721Z","path":"/articles/reliable-secure-otp-ip","step":"verify","ok":true}
{"t":"2026-09-11T09:46:48.125Z","path":"/articles/risc-processors","step":"verify","ok":true}
{"t":"2026-09-11T09:46:49.873Z","path":"/articles/secure-high-speed-interfaces","step":"verify","ok":true}
{"t":"2026-09-11T09:46:50.248Z","path":"/articles/secure-connectivity-integrated-sim-isim","step":"verify","ok":true}
{"t":"2026-09-11T09:46:50.632Z","path":"/articles/secure-iot-system","step":"verify","ok":true}
{"t":"2026-09-11T09:46:51.826Z","path":"/articles/secure-storage-solution-otp-ip","step":"verify","ok":true}
{"t":"2026-09-11T09:46:53.723Z","path":"/articles/securing-camera-data-mipi-cse2","step":"verify","ok":true}
{"t":"2026-09-11T09:46:56.057Z","path":"/articles/securing-high-value-targets","step":"verify","ok":true}
{"t":"2026-09-11T09:46:56.388Z","path":"/articles/securing-ualink-security-module","step":"verify","ok":true}
{"t":"2026-09-11T09:46:56.848Z","path":"/articles/security-ide-ip","step":"verify","ok":true}
{"t":"2026-09-11T09:46:58.273Z","path":"/articles/selecting-standard-ip","step":"verify","ok":true}
{"t":"2026-09-11T09:47:00.350Z","path":"/articles/serdes-design-trends-angstrom-era","step":"verify","ok":true}
{"t":"2026-09-11T09:47:02.885Z","path":"/articles/sima-synopsys-multi-die-adas-ivi-solutions","step":"verify","ok":true}
{"t":"2026-09-11T09:47:03.077Z","path":"/articles/slm-pvt-monitoring-advanced-node-gaa","step":"verify","ok":true}
{"t":"2026-09-11T09:47:03.130Z","path":"/articles/sima-machine-learning-embedded-edge","step":"verify","ok":true}
{"t":"2026-09-11T09:47:04.495Z","path":"/articles/software-for-cameras","step":"verify","ok":true}
{"t":"2026-09-11T09:47:06.619Z","path":"/articles/software-image-signal-processor","step":"verify","ok":true}
{"t":"2026-09-11T09:47:08.890Z","path":"/articles/sram-puf-secure-silicon-fingerprint","step":"verify","ok":true}
{"t":"2026-09-11T09:47:09.245Z","path":"/articles/solving-clock-signal-integrity-and-jitter-issues","step":"verify","ok":true}
{"t":"2026-09-11T09:47:09.675Z","path":"/articles/solid-foundation-ai-powered-socs","step":"verify","ok":true}
{"t":"2026-09-11T09:47:10.755Z","path":"/articles/sta-strategies-multi-billion-instance-designs","step":"verify","ok":true}
{"t":"2026-09-11T09:47:13.047Z","path":"/articles/super-resolution-with-arc-ev","step":"verify","ok":true}
{"t":"2026-09-11T09:47:15.027Z","path":"/articles/synopsys-and-arm-display-ip","step":"verify","ok":true}
{"t":"2026-09-11T09:47:15.446Z","path":"/articles/techniques-for-improving-qor","step":"verify","ok":true}
{"t":"2026-09-11T09:47:15.847Z","path":"/articles/tee-device-interface-secure-protocol","step":"verify","ok":true}
{"t":"2026-09-11T09:47:16.778Z","path":"/articles/terabit-ethernet-macsec-security","step":"verify","ok":true}
{"t":"2026-09-11T09:47:19.107Z","path":"/articles/test-die-to-die-phy","step":"verify","ok":true}
{"t":"2026-09-11T09:47:20.963Z","path":"/articles/the-dna-of-an-ai-soc","step":"verify","ok":true}
{"t":"2026-09-11T09:47:21.314Z","path":"/articles/the-next-frontier","step":"verify","ok":true}
{"t":"2026-09-11T09:47:22.499Z","path":"/articles/top-5-features","step":"verify","ok":true}
{"t":"2026-09-11T09:47:23.020Z","path":"/articles/training-self-driving-cars-video-games","step":"verify","ok":true}
{"t":"2026-09-11T09:47:24.941Z","path":"/articles/transitioning","step":"verify","ok":true}
{"t":"2026-09-11T09:47:27.322Z","path":"/articles/ucie-3-0-64gbps-challenges","step":"verify","ok":true}
{"t":"2026-09-11T09:47:27.324Z","path":"/articles/true-random-number-generator-security","step":"verify","ok":true}
{"t":"2026-09-11T09:47:28.628Z","path":"/articles/ucie-memory-ai-hpc-use-cases","step":"verify","ok":true}
{"t":"2026-09-11T09:47:29.254Z","path":"/articles/ucie-multi-die-socs","step":"verify","ok":true}
{"t":"2026-09-11T09:47:30.949Z","path":"/articles/ulsee-designing-neural-network","step":"verify","ok":true}
{"t":"2026-09-11T09:47:33.107Z","path":"/articles/understanding-hardware-roots-of-trust","step":"verify","ok":true}
{"t":"2026-09-11T09:47:33.631Z","path":"/articles/ultra-ethernet-ualink-ai-networks","step":"verify","ok":true}
{"t":"2026-09-11T09:47:35.203Z","path":"/articles/understanding-peripherals","step":"verify","ok":true}
{"t":"2026-09-11T09:47:35.497Z","path":"/articles/understanding-power-profile","step":"verify","ok":true}
{"t":"2026-09-11T09:47:37.140Z","path":"/articles/understanding-sdram-standards","step":"verify","ok":true}
{"t":"2026-09-11T09:47:38.819Z","path":"/articles/understanding-the-mipi","step":"verify","ok":true}
{"t":"2026-09-11T09:47:39.492Z","path":"/articles/understanding-usb3-1-terminology","step":"verify","ok":true}
{"t":"2026-09-11T09:47:41.360Z","path":"/articles/understanding-usb4-soc-design-upgrades","step":"verify","ok":true}
{"t":"2026-09-11T09:47:41.956Z","path":"/articles/usb-3-1-host-ip-certification-guide","step":"verify","ok":true}
{"t":"2026-09-11T09:47:43.252Z","path":"/articles/usb-30-superspeed-rises","step":"verify","ok":true}
{"t":"2026-09-11T09:47:44.878Z","path":"/articles/usb-audio","step":"verify","ok":true}
{"t":"2026-09-11T09:47:45.323Z","path":"/articles/usb-ip-finfet","step":"verify","ok":true}
{"t":"2026-09-11T09:47:47.793Z","path":"/articles/usb-type-c","step":"verify","ok":true}
{"t":"2026-09-11T09:47:48.100Z","path":"/articles/usb31-protocol-layer-changes","step":"verify","ok":true}
{"t":"2026-09-11T09:47:49.915Z","path":"/articles/usb4-80gbps-ecosystem","step":"verify","ok":true}
{"t":"2026-09-11T09:47:50.887Z","path":"/articles/using-ai-harness-data-explosion","step":"verify","ok":true}
{"t":"2026-09-11T09:47:51.139Z","path":"/articles/using-foundation-ip","step":"verify","ok":true}
{"t":"2026-09-11T09:47:54.259Z","path":"/articles/using-threat-models","step":"verify","ok":true}
{"t":"2026-09-11T09:47:54.284Z","path":"/articles/vdk-fast-track","step":"verify","ok":true}
{"t":"2026-09-11T09:47:56.298Z","path":"/articles/virtual-prototyping-interface-ip","step":"verify","ok":true}
{"t":"2026-09-11T09:47:56.558Z","path":"/articles/verifying-arm-amba5","step":"verify","ok":true}
{"t":"2026-09-11T09:47:57.598Z","path":"/articles/visually-lossless-compression-for-uhd-displays","step":"verify","ok":true}
{"t":"2026-09-11T09:47:59.984Z","path":"/articles/when-compute-outruns-io-interface-ip-ai-scaling","step":"verify","ok":true}
{"t":"2026-09-11T09:48:00.958Z","path":"/articles/why-ai-needs-security","step":"verify","ok":true}
{"t":"2026-09-11T09:48:01.786Z","path":"/articles/wired-ethernet-speeds","step":"verify","ok":true}
{"t":"2026-09-11T09:48:02.537Z","path":"/blogs/chip-design/1-6t-ethernet-specification-ip","step":"verify","ok":true}
{"t":"2026-09-11T09:48:03.278Z","path":"/blogs/chip-design/10baset1-s-vip-automotive-socs","step":"verify","ok":true}
{"t":"2026-09-11T09:48:06.190Z","path":"/blogs/chip-design/10k-resolution-120hz-display-reality-dsc-1-2-hdmi-2-1","step":"verify","ok":true}
{"t":"2026-09-11T09:48:07.791Z","path":"/blogs/chip-design/112g-serdes-ethernet-ip-hpc-soc","step":"verify","ok":true}
{"t":"2026-09-11T09:48:08.163Z","path":"/blogs/chip-design/2021-eri-summit-and-mto-symposium","step":"verify","ok":true}
{"t":"2026-09-11T09:48:08.693Z","path":"/blogs/chip-design/2022-eda-and-chip-design-advances","step":"verify","ok":true}
{"t":"2026-09-11T09:48:09.624Z","path":"/blogs/chip-design/2022-esg-report","step":"verify","ok":true}
{"t":"2026-09-11T09:48:11.840Z","path":"/blogs/chip-design/2023-big-for-multi-die-systems","step":"verify","ok":true}
{"t":"2026-09-11T09:48:14.810Z","path":"/blogs/chip-design/2023-esg-report","step":"verify","ok":true}
{"t":"2026-09-11T09:48:14.812Z","path":"/blogs/chip-design/2023-community-service-hours","step":"verify","ok":true}
{"t":"2026-09-11T09:48:14.812Z","path":"/blogs/chip-design/2023-electronic-design-predictions","step":"verify","ok":true}
{"t":"2026-09-11T09:48:15.304Z","path":"/blogs/chip-design/2023-hpc-predictions","step":"verify","ok":true}
{"t":"2026-09-11T09:48:18.182Z","path":"/blogs/chip-design/2024-season-of-service","step":"verify","ok":true}
{"t":"2026-09-11T09:48:20.345Z","path":"/blogs/chip-design/256gb-pcie-gen6-verification-ip","step":"verify","ok":true}
{"t":"2026-09-11T09:48:20.642Z","path":"/blogs/chip-design/2nm-power-efficiency-hyperscale-socs","step":"verify","ok":true}
{"t":"2026-09-11T09:48:20.914Z","path":"/blogs/chip-design/2nm-technology-process-design-kit-imec","step":"verify","ok":true}
{"t":"2026-09-11T09:48:21.179Z","path":"/blogs/chip-design/346-chip-simulation-technology-multi-die-systems","step":"verify","ok":true}
{"t":"2026-09-11T09:48:24.496Z","path":"/blogs/chip-design/3d-chip-tape-out-socionext-success","step":"verify","ok":true}
{"t":"2026-09-11T09:48:26.611Z","path":"/blogs/chip-design/3d-pcie-6-0-phy-8-lane-test-chip","step":"verify","ok":true}
{"t":"2026-09-11T09:48:26.863Z","path":"/blogs/chip-design/3d-ic-design-tools-enhance-productivity","step":"verify","ok":true}
{"t":"2026-09-11T09:48:27.293Z","path":"/blogs/chip-design/3dhi-chip-designs","step":"verify","ok":true}
{"t":"2026-09-11T09:48:27.750Z","path":"/blogs/chip-design/3dic-design-optimize-power-performance-area","step":"verify","ok":true}
{"t":"2026-09-11T09:48:30.546Z","path":"/blogs/chip-design/3dic-packaging-design-tools-guc","step":"verify","ok":true}
{"t":"2026-09-11T09:48:32.534Z","path":"/blogs/chip-design/3dics-sparks-innovation-snug-2022","step":"verify","ok":true}
{"t":"2026-09-11T09:48:33.617Z","path":"/blogs/chip-design/4-criteria-for-picking-best-eda-tools","step":"verify","ok":true}
{"t":"2026-09-11T09:48:34.257Z","path":"/blogs/chip-design/3x-verification-performance-hpe-greenlake-flex-synopsys-flexeda","step":"verify","ok":true}
{"t":"2026-09-11T09:48:34.692Z","path":"/blogs/chip-design/4-ways-ualink-2-0-advances-ai-scale-up","step":"verify","ok":true}
{"t":"2026-09-11T09:48:36.793Z","path":"/blogs/chip-design/40g-ucie-ip","step":"verify","ok":true}
{"t":"2026-09-11T09:48:38.721Z","path":"/blogs/chip-design/5-automotive-functional-safety-insights","step":"verify","ok":true}
{"t":"2026-09-11T09:48:39.655Z","path":"/blogs/chip-design/5-challenges-to-achieve-high-level-automated-driving","step":"verify","ok":true}
{"t":"2026-09-11T09:48:40.388Z","path":"/blogs/chip-design/5-ways-flexeda-saas-model-transforms-chip-design","step":"verify","ok":true}
{"t":"2026-09-11T09:48:40.986Z","path":"/blogs/chip-design/5-key-smart-tech-innovations","step":"verify","ok":true}
{"t":"2026-09-11T09:48:43.128Z","path":"/blogs/chip-design/5g-networks-accelerate-development-smart-cities","step":"verify","ok":true}
{"t":"2026-09-11T09:48:45.458Z","path":"/blogs/chip-design/5g-rollout-and-soc-design","step":"verify","ok":true}
{"t":"2026-09-11T09:48:45.834Z","path":"/blogs/chip-design/5g-rollout-with-soc-emulation","step":"verify","ok":true}
{"t":"2026-09-11T09:48:47.133Z","path":"/blogs/chip-design/5g-vs-4g","step":"verify","ok":true}
{"t":"2026-09-11T09:48:47.437Z","path":"/blogs/chip-design/5g-soc-design-virtual-verification-with-keysight","step":"verify","ok":true}
{"t":"2026-09-11T09:48:49.249Z","path":"/blogs/chip-design/600-million-lines-code-cars-2027","step":"verify","ok":true}
{"t":"2026-09-11T09:48:51.268Z","path":"/blogs/chip-design/64g-ucie-ip-high-speed-die-to-die-connectivity","step":"verify","ok":true}
{"t":"2026-09-11T09:48:52.352Z","path":"/blogs/chip-design/7nm-european-ai-chip-innovation","step":"verify","ok":true}
{"t":"2026-09-11T09:48:53.635Z","path":"/blogs/chip-design/800g-ethernet-demo-ecoc-2024","step":"verify","ok":true}
{"t":"2026-09-11T09:48:53.710Z","path":"/blogs/chip-design/800g-ethernet-bandwidth-for-hyperscale-data-centers","step":"verify","ok":true}
{"t":"2026-09-11T09:48:55.333Z","path":"/blogs/chip-design/800g-ethernet-industry-standards","step":"verify","ok":true}
{"t":"2026-09-11T09:48:57.676Z","path":"/blogs/chip-design/8k-uhd-displays-emerging-technologies","step":"verify","ok":true}
{"t":"2026-09-11T09:48:59.168Z","path":"/blogs/chip-design/8k-ultra-hd-evolution","step":"verify","ok":true}
{"t":"2026-09-11T09:48:59.570Z","path":"/blogs/chip-design/accelerate-ai-silicon-systems-physical-ai","step":"verify","ok":true}
{"t":"2026-09-11T09:49:00.496Z","path":"/blogs/chip-design/aaroh-labs-advanced-node-semiconductor-designs","step":"verify","ok":true}
{"t":"2026-09-11T09:49:01.091Z","path":"/blogs/chip-design/accelerate-development-for-soc","step":"verify","ok":true}
{"t":"2026-09-11T09:49:04.175Z","path":"/blogs/chip-design/accelerate-soc-design-flow-with-ai-enabled-kits","step":"verify","ok":true}
{"t":"2026-09-11T09:49:05.309Z","path":"/blogs/chip-design/accelerate-soc-verification-experts","step":"verify","ok":true}
{"t":"2026-09-11T09:49:05.832Z","path":"/blogs/chip-design/accelerate-soc-design-flow-with-functional-eco","step":"verify","ok":true}
{"t":"2026-09-11T09:49:06.993Z","path":"/blogs/chip-design/accelerate-vip-coverage-with-vso","step":"verify","ok":true}
{"t":"2026-09-11T09:49:07.048Z","path":"/blogs/chip-design/accelerating-accuracy-primesim-spice-gpu","step":"verify","ok":true}
{"t":"2026-09-11T09:49:11.532Z","path":"/blogs/chip-design/accelerating-auto-software-and-processor-design-with-nxp","step":"verify","ok":true}
{"t":"2026-09-11T09:49:12.114Z","path":"/blogs/chip-design/accelerating-development-for-arm-based-automotive-systems","step":"verify","ok":true}
{"t":"2026-09-11T09:49:12.999Z","path":"/blogs/chip-design/accelerating-l0p-verification-in-pcie-6-designs","step":"verify","ok":true}
{"t":"2026-09-11T09:49:13.495Z","path":"/blogs/chip-design/accelerating-emib-t-packaging-synopsys-intel-foundry","step":"verify","ok":true}
{"t":"2026-09-11T09:49:14.658Z","path":"/blogs/chip-design/accelerating-ai-enabled-vehicles-npx-ces","step":"verify","ok":false,"why":"about:error in delivered html"}
{"t":"2026-09-11T09:49:17.497Z","path":"/blogs/chip-design/accelerating-product-design-silicon-to-systems","step":"verify","ok":true}
{"t":"2026-09-11T09:49:18.481Z","path":"/blogs/chip-design/accelerating-rf-designs-keysight-pathwave-ads-custom-design-platform","step":"verify","ok":true}
{"t":"2026-09-11T09:49:19.353Z","path":"/blogs/chip-design/access-memory-mapped-registers-cxl","step":"verify","ok":true}
{"t":"2026-09-11T09:49:19.516Z","path":"/blogs/chip-design/accelerating-system-debug-in-soc-verification-flow","step":"verify","ok":true}
{"t":"2026-09-11T09:49:20.652Z","path":"/blogs/chip-design/achieving-best-arm-ppa-discussion-sudhakar-jilla","step":"verify","ok":true}
{"t":"2026-09-11T09:49:23.008Z","path":"/blogs/chip-design/achieving-functional-safety-high-reliability-design-synplify-tool","step":"verify","ok":true}
{"t":"2026-09-11T09:49:24.803Z","path":"/blogs/chip-design/advanced-node-challenges-primetime-interview-feroze-taraporevala","step":"verify","ok":true}
{"t":"2026-09-11T09:49:24.836Z","path":"/blogs/chip-design/adaptive-scenario-compression-chip-design-closure","step":"verify","ok":true}
{"t":"2026-09-11T09:49:26.048Z","path":"/blogs/chip-design/advanced-node-physical-verification-ic-validator","step":"verify","ok":true}
{"t":"2026-09-11T09:49:26.971Z","path":"/blogs/chip-design/advanced-node-physical-verification-nvidia","step":"verify","ok":true}
{"t":"2026-09-11T09:49:28.901Z","path":"/blogs/chip-design/advanced-rpmb-ufs4-authentication","step":"verify","ok":true}
{"t":"2026-09-11T09:49:30.864Z","path":"/blogs/chip-design/advanced-semiconductor-manufacturing-fab-da","step":"verify","ok":true}
{"t":"2026-09-11T09:49:30.878Z","path":"/blogs/chip-design/advanced-soc-verification-enables-new-era-ai-chips","step":"verify","ok":true}
{"t":"2026-09-11T09:49:32.358Z","path":"/blogs/chip-design/advancing-automotive-with-software-defined-vehicles","step":"verify","ok":true}
{"t":"2026-09-11T09:49:32.456Z","path":"/blogs/chip-design/advancing-quantum-computing-rd","step":"verify","ok":true}
{"t":"2026-09-11T09:49:34.764Z","path":"/blogs/chip-design/aerospace-semiconductor-reliability","step":"verify","ok":true}
{"t":"2026-09-11T09:49:36.526Z","path":"/blogs/chip-design/agentengineer-technology-transforming-engineering-workflows","step":"verify","ok":true}
{"t":"2026-09-11T09:49:36.896Z","path":"/blogs/chip-design/ag-chip-design-silicon-lifecycle-management","step":"verify","ok":true}
{"t":"2026-09-11T09:49:37.840Z","path":"/blogs/chip-design/agentic-ai-chip-design","step":"verify","ok":true}
{"t":"2026-09-11T09:49:38.614Z","path":"/blogs/chip-design/ai-accelerator-data-center-intelligent-edge","step":"verify","ok":true}
{"t":"2026-09-11T09:49:40.636Z","path":"/blogs/chip-design/ai-accelerator-ip-development","step":"verify","ok":true}
{"t":"2026-09-11T09:49:42.891Z","path":"/blogs/chip-design/ai-accelerators-chip-design-eda-tools","step":"verify","ok":true}
{"t":"2026-09-11T09:49:43.202Z","path":"/blogs/chip-design/ai-accelerators-hbm5-verification-ip","step":"verify","ok":true}
{"t":"2026-09-11T09:49:43.749Z","path":"/blogs/chip-design/ai-agents-in-2025","step":"verify","ok":true}
{"t":"2026-09-11T09:49:44.893Z","path":"/blogs/chip-design/ai-analog-design-migration-samsung-safe-forum-2023","step":"verify","ok":true}
{"t":"2026-09-11T09:49:46.421Z","path":"/blogs/chip-design/ai-chip-architecture","step":"verify","ok":true}
{"t":"2026-09-11T09:49:48.571Z","path":"/blogs/chip-design/ai-chip-design-adaptive-flows","step":"verify","ok":true}
{"t":"2026-09-11T09:49:49.283Z","path":"/blogs/chip-design/ai-chip-design-breakthroughs-snug","step":"verify","ok":true}
{"t":"2026-09-11T09:49:49.582Z","path":"/blogs/chip-design/ai-chip-design-cloud-eda-tools-neureality","step":"verify","ok":true}
{"t":"2026-09-11T09:49:50.689Z","path":"/blogs/chip-design/ai-chip-design-dac-2024","step":"verify","ok":true}
{"t":"2026-09-11T09:49:52.818Z","path":"/blogs/chip-design/ai-chip-design-emulation-prototyping-tools","step":"verify","ok":true}
{"t":"2026-09-11T09:49:54.765Z","path":"/blogs/chip-design/ai-chip-design-hot-chips-2024","step":"verify","ok":true}
{"t":"2026-09-11T09:49:55.287Z","path":"/blogs/chip-design/ai-chip-design-retargeting","step":"verify","ok":true}
{"t":"2026-09-11T09:49:55.434Z","path":"/blogs/chip-design/ai-chip-design-opens-new-doors-for-chip-makers","step":"verify","ok":true}
{"t":"2026-09-11T09:49:56.434Z","path":"/blogs/chip-design/ai-chip-design-stmicroelectronics-microsoft","step":"verify","ok":true}
{"t":"2026-09-11T09:49:58.373Z","path":"/blogs/chip-design/ai-chip-design-synopsys-microsoft","step":"verify","ok":true}
{"t":"2026-09-11T09:50:00.387Z","path":"/blogs/chip-design/ai-chip-design-tools-autonomous-insights","step":"verify","ok":true}
{"t":"2026-09-11T09:50:01.279Z","path":"/blogs/chip-design/ai-chip-design-with-ibm-hybrid-cloud-architecture","step":"verify","ok":true}
{"t":"2026-09-11T09:50:01.329Z","path":"/blogs/chip-design/ai-chip-design-verification-qualcomm","step":"verify","ok":true}
{"t":"2026-09-11T09:50:02.977Z","path":"/blogs/chip-design/ai-chip-design-with-specialized-soc-ip-solutions","step":"verify","ok":true}
{"t":"2026-09-11T09:50:05.376Z","path":"/blogs/chip-design/ai-chip-design-workflow-automation","step":"verify","ok":true}
{"t":"2026-09-11T09:50:06.646Z","path":"/blogs/chip-design/ai-chip-pre-silicon-planning-guide","step":"verify","ok":true}
{"t":"2026-09-11T09:50:07.140Z","path":"/blogs/chip-design/ai-chip-silicon-success-tips","step":"verify","ok":true}
{"t":"2026-09-11T09:50:08.052Z","path":"/blogs/chip-design/ai-chip-startups-cloud-eda-tools","step":"verify","ok":true}
{"t":"2026-09-11T09:50:09.633Z","path":"/blogs/chip-design/ai-chiplet-integration-arm-synopsys","step":"verify","ok":true}
{"t":"2026-09-11T09:50:11.114Z","path":"/blogs/chip-design/ai-compute-architecture-evolution","step":"verify","ok":true}
{"t":"2026-09-11T09:50:12.817Z","path":"/blogs/chip-design/ai-driven-analog-digital-node-migration","step":"verify","ok":true}
{"t":"2026-09-11T09:50:13.058Z","path":"/blogs/chip-design/ai-driven-bug-discovery-coverage-closure-chip-design","step":"verify","ok":true}
{"t":"2026-09-11T09:50:13.541Z","path":"/blogs/chip-design/ai-driven-debug-automation-speeds-root-cause-analysis","step":"verify","ok":true}
{"t":"2026-09-11T09:50:16.492Z","path":"/blogs/chip-design/ai-eda-tools-chip-design","step":"verify","ok":true}
{"t":"2026-09-11T09:50:16.776Z","path":"/blogs/chip-design/ai-edge-devices-tsmc-n2-silicon-success","step":"verify","ok":true}
{"t":"2026-09-11T09:50:18.418Z","path":"/blogs/chip-design/ai-factories-data-center-infrastructure","step":"verify","ok":true}
{"t":"2026-09-11T09:50:19.621Z","path":"/blogs/chip-design/ai-hardware-boosts-innovation","step":"verify","ok":true}
{"t":"2026-09-11T09:50:20.114Z","path":"/blogs/chip-design/ai-hardware-design-power-challenges","step":"verify","ok":true}
{"t":"2026-09-11T09:50:22.302Z","path":"/blogs/chip-design/ai-hpc-chip-test-solutions-seq-compression-streaming-fabric","step":"verify","ok":true}
{"t":"2026-09-11T09:50:22.467Z","path":"/blogs/chip-design/ai-hardware-summit-2020-recap","step":"verify","ok":true}
{"t":"2026-09-11T09:50:24.280Z","path":"/blogs/chip-design/ai-impact-chip-design-synopsys-insights","step":"verify","ok":true}
{"t":"2026-09-11T09:50:25.327Z","path":"/blogs/chip-design/ai-impact-on-low-power-chip-design","step":"verify","ok":true}
{"t":"2026-09-11T09:50:25.995Z","path":"/blogs/chip-design/ai-in-engineering-role-transformation","step":"verify","ok":true}
{"t":"2026-09-11T09:50:28.573Z","path":"/blogs/chip-design/ai-infrastructure-hardware-failures-data-corruption","step":"verify","ok":true}
{"t":"2026-09-11T09:50:28.966Z","path":"/blogs/chip-design/ai-iot-impact-power-consumption","step":"verify","ok":true}
{"t":"2026-09-11T09:50:30.234Z","path":"/blogs/chip-design/ai-multi-die-pg-bump-ir-drop-optimization","step":"verify","ok":true}
{"t":"2026-09-11T09:50:31.256Z","path":"/blogs/chip-design/ai-predictions-2022","step":"verify","ok":true}
{"t":"2026-09-11T09:50:32.197Z","path":"/blogs/chip-design/ai-predictions-2023","step":"verify","ok":true}
{"t":"2026-09-11T09:50:34.243Z","path":"/blogs/chip-design/ai-security-silicon-level","step":"verify","ok":true}
{"t":"2026-09-11T09:50:34.528Z","path":"/blogs/chip-design/ai-server-architecture","step":"verify","ok":true}
{"t":"2026-09-11T09:50:36.761Z","path":"/blogs/chip-design/ai-soc-design-for-better-chips","step":"verify","ok":true}
{"t":"2026-09-11T09:50:37.573Z","path":"/blogs/chip-design/ai-soc-design-verification-flow","step":"verify","ok":true}
{"t":"2026-09-11T09:50:38.541Z","path":"/blogs/chip-design/ai-soc-memory-architecture","step":"verify","ok":true}
{"t":"2026-09-11T09:50:40.237Z","path":"/blogs/chip-design/ai-startup-panel-2025","step":"verify","ok":true}
{"t":"2026-09-11T09:50:40.371Z","path":"/blogs/chip-design/ai-sovereignty-strategic-interdependence","step":"verify","ok":true}
{"t":"2026-09-11T09:50:42.390Z","path":"/blogs/chip-design/ai-tool-adoption-semiconductor-engineering","step":"verify","ok":true}
{"t":"2026-09-11T09:50:43.736Z","path":"/blogs/chip-design/aiot-edge-ai-chip-design-innovation","step":"verify","ok":true}
{"t":"2026-09-11T09:50:45.163Z","path":"/blogs/chip-design/aiot-technology-applications","step":"verify","ok":true}
{"t":"2026-09-11T09:50:45.927Z","path":"/blogs/chip-design/aip-vip-technology-benefits","step":"verify","ok":true}
{"t":"2026-09-11T09:50:46.260Z","path":"/blogs/chip-design/ais-impact-on-chip-design-from-ceo-aart-de-geus","step":"verify","ok":true}
{"t":"2026-09-11T09:50:48.903Z","path":"/blogs/chip-design/alessandra-costa-qa","step":"verify","ok":true}
{"t":"2026-09-11T09:50:50.064Z","path":"/blogs/chip-design/alternative-semiconductor-materials","step":"verify","ok":true}
{"t":"2026-09-11T09:50:51.856Z","path":"/blogs/chip-design/amba-chi-c2c-system-verification-solutions","step":"verify","ok":true}
{"t":"2026-09-11T09:50:52.199Z","path":"/blogs/chip-design/amba-chi-g-verification-ip","step":"verify","ok":true}
{"t":"2026-09-11T09:50:52.393Z","path":"/blogs/chip-design/amba5-chi-d-verification-ip-success","step":"verify","ok":true}
{"t":"2026-09-11T09:50:56.008Z","path":"/blogs/chip-design/ams-emulation-dale-donchin-johanness-stahl","step":"verify","ok":true}
{"t":"2026-09-11T09:50:57.366Z","path":"/blogs/chip-design/analog-circuit-design-migration","step":"verify","ok":true}
{"t":"2026-09-11T09:50:58.596Z","path":"/blogs/chip-design/analog-design-ai-aimc-innovation","step":"verify","ok":true}
{"t":"2026-09-11T09:51:01.925Z","path":"/blogs/chip-design/analog-ic-design-contest","step":"verify","ok":true}
{"t":"2026-09-11T09:51:02.771Z","path":"/blogs/chip-design/analog-ic-design-migration-ai","step":"verify","ok":true}
{"t":"2026-09-11T09:51:04.796Z","path":"/blogs/chip-design/analog-ic-design-tools-snug-panel","step":"verify","ok":true}
{"t":"2026-09-11T09:51:08.897Z","path":"/blogs/chip-design/angstrom-scale-chip-design","step":"verify","ok":true}
{"t":"2026-09-11T09:51:09.044Z","path":"/blogs/chip-design/analog-layout-synthesis-ai","step":"verify","ok":true}
{"t":"2026-09-11T09:51:09.443Z","path":"/blogs/chip-design/analyze-semiconductor-power-devices-more-accurately-with-synopsys-powerx","step":"verify","ok":true}
{"t":"2026-09-11T09:51:11.071Z","path":"/blogs/chip-design/arm-amba-ace5-axi5-test-suite","step":"verify","ok":true}
{"t":"2026-09-11T09:51:15.247Z","path":"/blogs/chip-design/arm-automotive-semiconductor-design","step":"verify","ok":true}
{"t":"2026-09-11T09:51:15.523Z","path":"/blogs/chip-design/arm-amba-axi5-latest-features","step":"verify","ok":true}
{"t":"2026-09-11T09:51:16.656Z","path":"/blogs/chip-design/arm-hardware-software-compliance","step":"verify","ok":true}
{"t":"2026-09-11T09:51:17.096Z","path":"/blogs/chip-design/arm-synopsys-collaboration-interview-deirdre-hanford","step":"verify","ok":true}
{"t":"2026-09-11T09:51:19.003Z","path":"/blogs/chip-design/analog-design-verification","step":"verify","ok":true}
{"t":"2026-09-11T09:51:22.266Z","path":"/blogs/chip-design/asic-hardware-verification-bugs","step":"verify","ok":true}
{"t":"2026-09-11T09:51:22.413Z","path":"/blogs/chip-design/arm-synopsys-integrated-chip-design-flow","step":"verify","ok":true}
{"t":"2026-09-11T09:51:22.963Z","path":"/blogs/chip-design/asil-d-certification-automation","step":"verify","ok":true}
{"t":"2026-09-11T09:51:24.021Z","path":"/blogs/chip-design/atomic-scale-simulation-resistive-switching-reram","step":"verify","ok":true}
{"t":"2026-09-11T09:51:25.329Z","path":"/blogs/chip-design/auto-cybersecurity-ota-vehicle-software-updates","step":"verify","ok":true}
{"t":"2026-09-11T09:51:28.407Z","path":"/blogs/chip-design/auto-cybersecurity-vs-aftermarket-car-accessories","step":"verify","ok":true}
{"t":"2026-09-11T09:51:28.673Z","path":"/blogs/chip-design/auto-functional-safety-iso-26262-key-challenges","step":"verify","ok":true}
{"t":"2026-09-11T09:51:30.213Z","path":"/blogs/chip-design/auto-industry-trends-2022","step":"verify","ok":true}
{"t":"2026-09-11T09:51:30.659Z","path":"/blogs/chip-design/auto-industry-predictions-2023","step":"verify","ok":true}
{"t":"2026-09-11T09:51:31.477Z","path":"/blogs/chip-design/auto-soc-design-tools-safe-smart-vehicles","step":"verify","ok":true}
{"t":"2026-09-11T09:51:34.307Z","path":"/blogs/chip-design/automated-soc-performance-pcie-gen4","step":"verify","ok":true}
{"t":"2026-09-11T09:51:34.553Z","path":"/blogs/chip-design/automated-soc-performance-verification","step":"verify","ok":true}
{"t":"2026-09-11T09:51:36.737Z","path":"/blogs/chip-design/automating-synchronous-signal-distribution","step":"verify","ok":true}
{"t":"2026-09-11T09:51:36.751Z","path":"/blogs/chip-design/automating-testbench-creation-network-on-chip","step":"verify","ok":true}
{"t":"2026-09-11T09:51:38.158Z","path":"/blogs/chip-design/automating-testbench-network-chip-verification","step":"verify","ok":true}
{"t":"2026-09-11T09:51:41.612Z","path":"/blogs/chip-design/automating-the-chip-design-flow","step":"verify","ok":true}
{"t":"2026-09-11T09:51:42.933Z","path":"/blogs/chip-design/automotive-cybersecurity-best-practices","step":"verify","ok":true}
{"t":"2026-09-11T09:51:43.212Z","path":"/blogs/chip-design/automotive-ai-vision-chip-design","step":"verify","ok":true}
{"t":"2026-09-11T09:51:44.051Z","path":"/blogs/chip-design/automotive-cybersecurity-data-management","step":"verify","ok":true}
{"t":"2026-09-11T09:51:44.746Z","path":"/blogs/chip-design/automotive-cybersecurity-engineering-standard-iso-sae-21434","step":"verify","ok":true}
{"t":"2026-09-11T09:51:49.121Z","path":"/blogs/chip-design/automotive-finfet-foundation-ip","step":"verify","ok":true}
{"t":"2026-09-11T09:51:49.796Z","path":"/blogs/chip-design/automotive-industry-trends-2024","step":"verify","ok":true}
{"t":"2026-09-11T09:51:49.802Z","path":"/blogs/chip-design/automotive-electronics-design-efficiency","step":"verify","ok":true}
{"t":"2026-09-11T09:51:50.852Z","path":"/blogs/chip-design/automotive-innovation-trends-challenges-interview-dr-burkhard-huhnke","step":"verify","ok":true}
{"t":"2026-09-11T09:51:52.775Z","path":"/blogs/chip-design/automotive-cybersecurity-for-ecus-in-vehicle-networks","step":"verify","ok":true}
{"t":"2026-09-11T09:51:55.151Z","path":"/blogs/chip-design/automotive-mcu-performance-infineon","step":"verify","ok":true}
{"t":"2026-09-11T09:51:55.441Z","path":"/blogs/chip-design/automotive-soc-slm","step":"verify","ok":true}
{"t":"2026-09-11T09:51:56.481Z","path":"/blogs/chip-design/automotive-soc-design-4-requirements","step":"verify","ok":true}
{"t":"2026-09-11T09:51:57.587Z","path":"/blogs/chip-design/autonomous-driving-levels","step":"verify","ok":true}
{"t":"2026-09-11T09:52:01.237Z","path":"/blogs/chip-design/autosens-detroit-2024-automotive-ee-architectures","step":"verify","ok":true}
{"t":"2026-09-11T09:52:01.577Z","path":"/blogs/chip-design/avina-verma-custom-routing-technology-interview","step":"verify","ok":true}
{"t":"2026-09-11T09:52:02.000Z","path":"/blogs/chip-design/avoid-bad-asic-design-with-virtual-prototyping","step":"verify","ok":true}
{"t":"2026-09-11T09:52:04.715Z","path":"/blogs/chip-design/bandwidth-latency-die-to-die-interfaces-data-centers","step":"verify","ok":true}
{"t":"2026-09-11T09:52:06.354Z","path":"/blogs/chip-design/axi-k-arm-support","step":"verify","ok":true}
{"t":"2026-09-11T09:52:07.183Z","path":"/blogs/chip-design/benefits-of-redundancy-in-cloud-computing","step":"verify","ok":true}
{"t":"2026-09-11T09:52:07.276Z","path":"/blogs/chip-design/benefits-of-adopting-cloud-technology","step":"verify","ok":true}
{"t":"2026-09-11T09:52:08.519Z","path":"/blogs/chip-design/benefits-of-virtualization-in-a-cloud-environment","step":"verify","ok":true}
{"t":"2026-09-11T09:52:11.067Z","path":"/blogs/chip-design/bit-error-rates-usb32","step":"verify","ok":true}
{"t":"2026-09-11T09:52:13.087Z","path":"/blogs/chip-design/boost-debug-productivity-serial-protocols","step":"verify","ok":true}
{"t":"2026-09-11T09:52:13.348Z","path":"/blogs/chip-design/block-storage-vs-object-storage-vs-file-storage","step":"verify","ok":true}
{"t":"2026-09-11T09:52:13.710Z","path":"/blogs/chip-design/boost-networking-soc-design-cloud-emulation","step":"verify","ok":true}
{"t":"2026-09-11T09:52:16.594Z","path":"/blogs/chip-design/boosting-eco-optimization-overcoming-ppa-challenges-with-machine-learning","step":"verify","ok":true}
{"t":"2026-09-11T09:52:18.728Z","path":"/blogs/chip-design/building-secure-chips-verified-cxl","step":"verify","ok":true}
{"t":"2026-09-11T09:52:19.805Z","path":"/blogs/chip-design/ccix-pcie-ai-networking-storage","step":"verify","ok":true}
{"t":"2026-09-11T09:52:20.279Z","path":"/blogs/chip-design/bumblebee-moment-ai-silicon","step":"verify","ok":true}
{"t":"2026-09-11T09:52:20.789Z","path":"/blogs/chip-design/cache-coherent-verification-amba-chi","step":"verify","ok":true}
{"t":"2026-09-11T09:52:23.445Z","path":"/blogs/chip-design/celebrating-40-years-of-hspice","step":"verify","ok":true}
{"t":"2026-09-11T09:52:25.084Z","path":"/blogs/chip-design/celebrating-the-76th-anniversary-of-the-transistor","step":"verify","ok":true}
{"t":"2026-09-11T09:52:25.373Z","path":"/blogs/chip-design/celebrating-women-innovation-nvidia-gtc-2026","step":"verify","ok":true}
{"t":"2026-09-11T09:52:27.540Z","path":"/blogs/chip-design/ces-2024-software-defined-vehicles","step":"verify","ok":true}
{"t":"2026-09-11T09:52:28.240Z","path":"/blogs/chip-design/ceos-synopsys-arm-ai-opportunities-challenges","step":"verify","ok":true}
{"t":"2026-09-11T09:52:30.944Z","path":"/blogs/chip-design/chip-design-debug-verification-ai","step":"verify","ok":true}
{"t":"2026-09-11T09:52:31.211Z","path":"/blogs/chip-design/chip-design-latest-technology","step":"verify","ok":true}
{"t":"2026-09-11T09:52:31.679Z","path":"/blogs/chip-design/chip-design-data-analytics","step":"verify","ok":true}
{"t":"2026-09-11T09:52:33.509Z","path":"/blogs/chip-design/chip-design-tools-github-hardware-development","step":"verify","ok":true}
{"t":"2026-09-11T09:52:33.975Z","path":"/blogs/chip-design/chip-floorplan-design-automation","step":"verify","ok":true}
{"t":"2026-09-11T09:52:37.988Z","path":"/blogs/chip-design/chiplets-multi-die-alchip","step":"verify","ok":true}
{"t":"2026-09-11T09:52:38.036Z","path":"/blogs/chip-design/chiplet-design-best-practices-multi-die","step":"verify","ok":true}
{"t":"2026-09-11T09:52:38.960Z","path":"/blogs/chip-design/chips-act-research-development","step":"verify","ok":true}
{"t":"2026-09-11T09:52:39.943Z","path":"/blogs/chip-design/cloud-access-security-broker","step":"verify","ok":true}
{"t":"2026-09-11T09:52:40.777Z","path":"/blogs/chip-design/chips-and-science-act-semiconductor-industry","step":"verify","ok":true}
{"t":"2026-09-11T09:52:44.137Z","path":"/blogs/chip-design/cloud-ai-chip-emulation","step":"verify","ok":true}
{"t":"2026-09-11T09:52:44.428Z","path":"/blogs/chip-design/cloud-adoption-framework-eda-software","step":"verify","ok":true}
{"t":"2026-09-11T09:52:44.951Z","path":"/blogs/chip-design/cloud-architecture-patterns","step":"verify","ok":true}
{"t":"2026-09-11T09:52:46.950Z","path":"/blogs/chip-design/cloud-based-chip-design-and-verification-2022","step":"verify","ok":true}
{"t":"2026-09-11T09:52:47.047Z","path":"/blogs/chip-design/cloud-based-chip-design-innovation-snug","step":"verify","ok":true}
{"t":"2026-09-11T09:52:50.236Z","path":"/blogs/chip-design/cloud-based-eda-software-ai-accelerator-mentium","step":"verify","ok":true}
{"t":"2026-09-11T09:52:51.807Z","path":"/blogs/chip-design/cloud-based-eda-tools-explained","step":"verify","ok":true}
{"t":"2026-09-11T09:52:53.156Z","path":"/blogs/chip-design/cloud-based-soc-virtual-prototyping","step":"verify","ok":true}
{"t":"2026-09-11T09:52:53.595Z","path":"/blogs/chip-design/cloud-based-chip-design-security","step":"verify","ok":true}
{"t":"2026-09-11T09:52:57.805Z","path":"/blogs/chip-design/cloud-capacity-planning","step":"verify","ok":true}
{"t":"2026-09-11T09:52:58.028Z","path":"/blogs/chip-design/cloud-computing-architecture","step":"verify","ok":true}
{"t":"2026-09-11T09:52:59.953Z","path":"/blogs/chip-design/cloud-computing-facts","step":"verify","ok":true}
{"t":"2026-09-11T09:53:00.216Z","path":"/blogs/chip-design/cloud-computing-deployment-models","step":"verify","ok":true}
{"t":"2026-09-11T09:53:01.821Z","path":"/blogs/chip-design/cloud-based-ic-hardware-design-tools-enhance-chip-design","step":"verify","ok":true}
{"t":"2026-09-11T09:53:04.107Z","path":"/blogs/chip-design/cloud-computing-features","step":"verify","ok":true}
{"t":"2026-09-11T09:53:05.484Z","path":"/blogs/chip-design/cloud-computing-infrastructure","step":"verify","ok":true}
{"t":"2026-09-11T09:53:07.497Z","path":"/blogs/chip-design/cloud-computing-security-concerns","step":"verify","ok":true}
{"t":"2026-09-11T09:53:10.064Z","path":"/blogs/chip-design/cloud-computing-vs-traditional-it-structures","step":"verify","ok":true}
{"t":"2026-09-11T09:53:10.589Z","path":"/blogs/chip-design/cloud-computing-overview","step":"verify","ok":true}
{"t":"2026-09-11T09:53:12.164Z","path":"/blogs/chip-design/cloud-configuration-management-tools","step":"verify","ok":true}
{"t":"2026-09-11T09:53:15.529Z","path":"/blogs/chip-design/cloud-data-center-architecture","step":"verify","ok":true}
{"t":"2026-09-11T09:53:15.643Z","path":"/blogs/chip-design/cloud-computing-flexibility","step":"verify","ok":true}
{"t":"2026-09-11T09:53:16.197Z","path":"/blogs/chip-design/cloud-consumption","step":"verify","ok":true}
{"t":"2026-09-11T09:53:18.508Z","path":"/blogs/chip-design/cloud-eda-tools-enable-preconfigured-chip-design-flows","step":"verify","ok":true}
{"t":"2026-09-11T09:53:21.285Z","path":"/blogs/chip-design/cloud-eda-tools-scale-soc-design-and-verification","step":"verify","ok":true}
{"t":"2026-09-11T09:53:21.923Z","path":"/blogs/chip-design/cloud-eda-license-management","step":"verify","ok":true}
{"t":"2026-09-11T09:53:22.198Z","path":"/blogs/chip-design/cloud-eda-tools-fuel-semiconductor-design","step":"verify","ok":true}
{"t":"2026-09-11T09:53:25.262Z","path":"/blogs/chip-design/cloud-eda-tools-to-saas-model","step":"verify","ok":true}
{"t":"2026-09-11T09:53:26.445Z","path":"/blogs/chip-design/cloud-enabled-chip-design-education-concept-to-tapeout","step":"verify","ok":true}
{"t":"2026-09-11T09:53:27.097Z","path":"/blogs/chip-design/cloud-hpc-for-ai-architecture","step":"verify","ok":true}
{"t":"2026-09-11T09:53:28.982Z","path":"/blogs/chip-design/cloud-interoperability-chip-design","step":"verify","ok":true}
{"t":"2026-09-11T09:53:28.982Z","path":"/blogs/chip-design/cloud-native-benefits","step":"verify","ok":true}
{"t":"2026-09-11T09:53:30.900Z","path":"/blogs/chip-design/cloud-native-technologies","step":"verify","ok":true}
{"t":"2026-09-11T09:53:32.897Z","path":"/blogs/chip-design/cloud-native-vs-cloud-agnostic","step":"verify","ok":true}
{"t":"2026-09-11T09:53:33.152Z","path":"/blogs/chip-design/cloud-predictions-2023","step":"verify","ok":true}
{"t":"2026-09-11T09:53:34.267Z","path":"/blogs/chip-design/cloud-security-challenges","step":"verify","ok":true}
{"t":"2026-09-11T09:53:36.184Z","path":"/blogs/chip-design/cloud-security-architecture","step":"verify","ok":true}
{"t":"2026-09-11T09:53:38.526Z","path":"/blogs/chip-design/cloud-storage-security","step":"verify","ok":true}
{"t":"2026-09-11T09:53:39.031Z","path":"/blogs/chip-design/cloud-security-strategy","step":"verify","ok":true}
{"t":"2026-09-11T09:53:39.366Z","path":"/blogs/chip-design/cloud-to-cloud-integration","step":"verify","ok":true}
{"t":"2026-09-11T09:53:41.393Z","path":"/blogs/chip-design/cloud-soc-prototyping-fpga-prototyping-tools","step":"verify","ok":true}
{"t":"2026-09-11T09:53:42.382Z","path":"/blogs/chip-design/cloud-virtual-prototypes-sdvs","step":"verify","ok":true}
{"t":"2026-09-11T09:53:44.278Z","path":"/blogs/chip-design/cloud-workload-protection","step":"verify","ok":true}
{"t":"2026-09-11T09:53:45.293Z","path":"/blogs/chip-design/color-space-conversions-display","step":"verify","ok":true}
{"t":"2026-09-11T09:53:45.604Z","path":"/blogs/chip-design/community-service-synopsys-for-good","step":"verify","ok":true}
{"t":"2026-09-11T09:53:47.436Z","path":"/blogs/chip-design/comparing-cloud-on-premises-security-chip-design","step":"verify","ok":true}
{"t":"2026-09-11T09:53:48.787Z","path":"/blogs/chip-design/complete-ufs-5-0-m-phy-v6-0-ip-solution-storage","step":"verify","ok":true}
{"t":"2026-09-11T09:53:51.030Z","path":"/blogs/chip-design/computational-lithography-chip-design-with-nvidia","step":"verify","ok":true}
{"t":"2026-09-11T09:53:51.348Z","path":"/blogs/chip-design/compliance-load-board-verification-for-pcie-6-designs","step":"verify","ok":true}
{"t":"2026-09-11T09:53:53.014Z","path":"/blogs/chip-design/compute-capacity","step":"verify","ok":true}
{"t":"2026-09-11T09:53:55.165Z","path":"/blogs/chip-design/connected-vehicle-cybersecurity-wireless-comm","step":"verify","ok":true}
{"t":"2026-09-11T09:53:57.749Z","path":"/blogs/chip-design/copilot-generative-ai-chip-design","step":"verify","ok":true}
{"t":"2026-09-11T09:53:57.807Z","path":"/blogs/chip-design/copper-ai-interconnect","step":"verify","ok":true}
{"t":"2026-09-11T09:53:58.923Z","path":"/blogs/chip-design/corporate-social-responsibility-report-2021","step":"verify","ok":true}
{"t":"2026-09-11T09:54:00.641Z","path":"/blogs/chip-design/continuous-integration-practices","step":"verify","ok":true}
{"t":"2026-09-11T09:54:02.257Z","path":"/blogs/chip-design/coverage-models-memory-vip-solutions","step":"verify","ok":true}
{"t":"2026-09-11T09:54:03.856Z","path":"/blogs/chip-design/cpo-multi-die-design","step":"verify","ok":true}
{"t":"2026-09-11T09:54:04.461Z","path":"/blogs/chip-design/create-ai-accelerator-chip-18-months-neuchips","step":"verify","ok":true}
{"t":"2026-09-11T09:54:05.639Z","path":"/blogs/chip-design/cryogenic-cmos-computing-semiwise","step":"verify","ok":true}
{"t":"2026-09-11T09:54:06.620Z","path":"/blogs/chip-design/custom-compiler-design-assistants-part-2","step":"verify","ok":true}
{"t":"2026-09-11T09:54:08.394Z","path":"/blogs/chip-design/custom-compiler-design-assistants","step":"verify","ok":true}
{"t":"2026-09-11T09:54:10.456Z","path":"/blogs/chip-design/custom-compiler-layout","step":"verify","ok":true}
{"t":"2026-09-11T09:54:11.381Z","path":"/blogs/chip-design/custom-compiler-design-insights","step":"verify","ok":true}
{"t":"2026-09-11T09:54:11.812Z","path":"/blogs/chip-design/custom-design-family-customer-testimonials","step":"verify","ok":true}
{"t":"2026-09-11T09:54:12.684Z","path":"/blogs/chip-design/custom-routing-cmos-image-sensors-co-design-flow","step":"verify","ok":true}
{"t":"2026-09-11T09:54:14.020Z","path":"/blogs/chip-design/customizing-foundation-ip-low-voltage-design","step":"verify","ok":true}
{"t":"2026-09-11T09:54:18.843Z","path":"/blogs/chip-design/cxl-3-0-verification-solution-synopsys","step":"verify","ok":true}
{"t":"2026-09-11T09:54:20.055Z","path":"/blogs/chip-design/cxl-3-protocol-standard-demo-sc24","step":"verify","ok":true}
{"t":"2026-09-11T09:54:20.200Z","path":"/blogs/chip-design/cxl-3-1-standard","step":"verify","ok":true}
{"t":"2026-09-11T09:54:23.465Z","path":"/blogs/chip-design/cxl-2-device-discovery-path","step":"verify","ok":true}
{"t":"2026-09-11T09:54:24.714Z","path":"/blogs/chip-design/cxl-4-bandwidth-first-what-designers-are-solving-next","step":"verify","ok":true}
{"t":"2026-09-11T09:54:25.819Z","path":"/blogs/chip-design/cxl-compliance-testevent","step":"verify","ok":true}
{"t":"2026-09-11T09:54:29.417Z","path":"/blogs/chip-design/cxl-design-verification-synopsys-protocol","step":"verify","ok":true}
{"t":"2026-09-11T09:54:29.860Z","path":"/blogs/chip-design/cxl-4-ip-solution-ai-memory-connectivity","step":"verify","ok":true}
{"t":"2026-09-11T09:54:31.126Z","path":"/blogs/chip-design/cxl-protocol-memory-pooling","step":"verify","ok":true}
{"t":"2026-09-11T09:54:31.266Z","path":"/blogs/chip-design/cxl-secured-network-traffic-specification","step":"verify","ok":true}
{"t":"2026-09-11T09:54:33.866Z","path":"/blogs/chip-design/cxl-2-data-center-interconnects","step":"verify","ok":true}
{"t":"2026-09-11T09:54:35.960Z","path":"/blogs/chip-design/cybersecurity-qa-cso-deirdre-hanford","step":"verify","ok":true}
{"t":"2026-09-11T09:54:35.987Z","path":"/blogs/chip-design/darpa-aiss-security-deirdre-hanford","step":"verify","ok":true}
{"t":"2026-09-11T09:54:38.012Z","path":"/blogs/chip-design/datapath-validation-artificial-intelligence-mathematical-cores","step":"verify","ok":true}
{"t":"2026-09-11T09:54:38.199Z","path":"/blogs/chip-design/data-volume-growth-and-moores-law","step":"verify","ok":true}
{"t":"2026-09-11T09:54:39.485Z","path":"/blogs/chip-design/ddr-generations-memory-density-speed","step":"verify","ok":true}
{"t":"2026-09-11T09:54:41.789Z","path":"/blogs/chip-design/debugging-x-can-be-difficult","step":"verify","ok":true}
{"t":"2026-09-11T09:54:42.859Z","path":"/blogs/chip-design/ddr5-technology-advancements-performance","step":"verify","ok":true}
{"t":"2026-09-11T09:54:44.100Z","path":"/blogs/chip-design/demanding-chip-complexity-manufacturing-requirements-call-for-data-analytics","step":"verify","ok":true}
{"t":"2026-09-11T09:54:44.198Z","path":"/blogs/chip-design/delivering-lpddr6-read-write-eyes-10-6-gbps","step":"verify","ok":true}
{"t":"2026-09-11T09:54:46.402Z","path":"/blogs/chip-design/demystifying-pcie-pipe-serdes-architecture","step":"verify","ok":true}
{"t":"2026-09-11T09:54:47.532Z","path":"/blogs/chip-design/design-automation-conference-2022","step":"verify","ok":true}
{"t":"2026-09-11T09:54:49.876Z","path":"/blogs/chip-design/designing-chips-with-ai-enabled-tools","step":"verify","ok":true}
{"t":"2026-09-11T09:54:50.241Z","path":"/blogs/chip-design/designing-ai-chips-interview-thomas-andersen","step":"verify","ok":true}
{"t":"2026-09-11T09:54:50.293Z","path":"/blogs/chip-design/designing-electrostatic-discharge-protection-for-monolithic-socs-and-multi-die-systems","step":"verify","ok":true}
{"t":"2026-09-11T09:54:52.311Z","path":"/blogs/chip-design/designing-hbm3-high-bandwidth-memory-interfaces","step":"verify","ok":true}
{"t":"2026-09-11T09:54:53.486Z","path":"/blogs/chip-design/dfi-5-enhances-ddr5-lpddr5-performance","step":"verify","ok":true}
{"t":"2026-09-11T09:54:56.072Z","path":"/blogs/chip-design/die-to-die-connectivity-for-hpc","step":"verify","ok":true}
{"t":"2026-09-11T09:54:56.296Z","path":"/blogs/chip-design/digital-design-tech-symposium-2021","step":"verify","ok":true}
{"t":"2026-09-11T09:54:57.607Z","path":"/blogs/chip-design/difference-between-mom-mim-mos-capacitor","step":"verify","ok":true}
{"t":"2026-09-11T09:54:58.742Z","path":"/blogs/chip-design/digital-engineering-transforms-chips-future","step":"verify","ok":true}
{"t":"2026-09-11T09:55:00.275Z","path":"/blogs/chip-design/digital-media-internship-program","step":"verify","ok":true}
{"t":"2026-09-11T09:55:03.812Z","path":"/blogs/chip-design/digital-twins-semiconductor-industry","step":"verify","ok":true}
{"t":"2026-09-11T09:55:04.324Z","path":"/blogs/chip-design/digital-twins-transform-aerospace-defense","step":"verify","ok":true}
{"t":"2026-09-11T09:55:04.787Z","path":"/blogs/chip-design/digital-twins-drive-innovation-in-auto-industry","step":"verify","ok":true}
{"t":"2026-09-11T09:55:06.293Z","path":"/blogs/chip-design/distributed-object-storage","step":"verify","ok":true}
{"t":"2026-09-11T09:55:07.747Z","path":"/blogs/chip-design/displayport-2-features-20gbps-16k","step":"verify","ok":true}
{"t":"2026-09-11T09:55:10.196Z","path":"/blogs/chip-design/dod-microelectronics-commons-hub-eda-tools","step":"verify","ok":true}
{"t":"2026-09-11T09:55:10.654Z","path":"/blogs/chip-design/driving-the-future-renesas-r-car-gen-5-virtual-prototypes-enable-sdvs","step":"verify","ok":true}
{"t":"2026-09-11T09:55:12.657Z","path":"/blogs/chip-design/dvcon-2024-multi-die-verification-panel","step":"verify","ok":true}
{"t":"2026-09-11T09:55:13.559Z","path":"/blogs/chip-design/dma-enhances-computer-performance","step":"verify","ok":true}
{"t":"2026-09-11T09:55:15.679Z","path":"/blogs/chip-design/dynamic-hdr-hdmi2-for-tv-mobiles","step":"verify","ok":true}
{"t":"2026-09-11T09:55:16.171Z","path":"/blogs/chip-design/eda-cloud-predictions-2024","step":"verify","ok":true}
{"t":"2026-09-11T09:55:16.786Z","path":"/blogs/chip-design/eda-in-the-cloud-snug-2023","step":"verify","ok":true}
{"t":"2026-09-11T09:55:19.660Z","path":"/blogs/chip-design/eda-tools-dso-ai-100-tapeouts","step":"verify","ok":true}
{"t":"2026-09-11T09:55:20.555Z","path":"/blogs/chip-design/eda-license-management","step":"verify","ok":true}
{"t":"2026-09-11T09:55:22.454Z","path":"/blogs/chip-design/eda-tools-for-aerospace-chip-designers","step":"verify","ok":true}
{"t":"2026-09-11T09:55:23.115Z","path":"/blogs/chip-design/eda-tools-help-students-build-ic-design-skills","step":"verify","ok":true}
{"t":"2026-09-11T09:55:24.318Z","path":"/blogs/chip-design/eda-tools-ip-solutions-and-auto-compliance","step":"verify","ok":true}
{"t":"2026-09-11T09:55:26.255Z","path":"/blogs/chip-design/eda-workloads-amd-processors","step":"verify","ok":true}
{"t":"2026-09-11T09:55:28.070Z","path":"/blogs/chip-design/eda-workloads-amd-epyc-processors","step":"verify","ok":true}
{"t":"2026-09-11T09:55:28.574Z","path":"/blogs/chip-design/eda-workloads","step":"verify","ok":true}
{"t":"2026-09-11T09:55:28.837Z","path":"/blogs/chip-design/eda-workloads-hybrid-cloud-solution","step":"verify","ok":true}
{"t":"2026-09-11T09:55:31.810Z","path":"/blogs/chip-design/edge-ai-in-memory-compute","step":"verify","ok":true}
{"t":"2026-09-11T09:55:33.463Z","path":"/blogs/chip-design/edge-ai-where-artificial-intelligence-meets-the-physical-world","step":"verify","ok":true}
{"t":"2026-09-11T09:55:34.495Z","path":"/blogs/chip-design/edge-computing-architecture","step":"verify","ok":true}
{"t":"2026-09-11T09:55:36.218Z","path":"/blogs/chip-design/edge-machine-learning-apps-sima-ai-synopsys","step":"verify","ok":true}
{"t":"2026-09-11T09:55:36.389Z","path":"/blogs/chip-design/edge-computing-benefits-and-challenges","step":"verify","ok":true}
{"t":"2026-09-11T09:55:38.534Z","path":"/blogs/chip-design/edp-verification-challenges-panel-refresh","step":"verify","ok":true}
{"t":"2026-09-11T09:55:40.068Z","path":"/blogs/chip-design/efficient-interconnect-planning-synopsys-ic-compiler-ii","step":"verify","ok":true}
{"t":"2026-09-11T09:55:42.154Z","path":"/blogs/chip-design/electron-beam-lithography-multibeam","step":"verify","ok":true}
{"t":"2026-09-11T09:55:42.666Z","path":"/blogs/chip-design/electronic-design-snug-israel-2022","step":"verify","ok":true}
{"t":"2026-09-11T09:55:43.666Z","path":"/blogs/chip-design/electronics-digital-twin-automotive-innovation","step":"verify","ok":true}
{"t":"2026-09-11T09:55:46.601Z","path":"/blogs/chip-design/electronics-digital-twin-edt","step":"verify","ok":true}
{"t":"2026-09-11T09:55:47.535Z","path":"/blogs/chip-design/electronics-digital-twin-platform","step":"verify","ok":true}
{"t":"2026-09-11T09:55:48.816Z","path":"/blogs/chip-design/emulation-helps-find-power-bugs-soc-verification","step":"verify","ok":true}
{"t":"2026-09-11T09:55:49.014Z","path":"/blogs/chip-design/electronics-industry-sustainable-world","step":"verify","ok":true}
{"t":"2026-09-11T09:55:50.200Z","path":"/blogs/chip-design/emulation-technology-soc-power-verification","step":"verify","ok":true}
{"t":"2026-09-11T09:55:52.104Z","path":"/blogs/chip-design/enabling-electronics-digital-twins-with-nxp-s32n-processor-vdks","step":"verify","ok":true}
{"t":"2026-09-11T09:55:53.360Z","path":"/blogs/chip-design/enabling-superior-rtl-with-synopsys-rtl-architect-discussion-with-vineet-rashingkar","step":"verify","ok":true}
{"t":"2026-09-11T09:55:54.980Z","path":"/blogs/chip-design/energy-efficient-ai-accelerator-data-centers","step":"verify","ok":true}
{"t":"2026-09-11T09:55:55.644Z","path":"/blogs/chip-design/energy-efficient-ai-per-watt","step":"verify","ok":true}
{"t":"2026-09-11T09:55:57.152Z","path":"/blogs/chip-design/energy-efficient-compute-designs-cxl-3-0-verification-ip","step":"verify","ok":true}
{"t":"2026-09-11T09:55:58.468Z","path":"/blogs/chip-design/engineering-intelligent-systems-multiphysics-world","step":"verify","ok":true}
{"t":"2026-09-11T09:55:58.933Z","path":"/blogs/chip-design/enhance-chip-verification-with-ai-and-machine-learning","step":"verify","ok":true}
{"t":"2026-09-11T09:56:02.498Z","path":"/blogs/chip-design/enhancing-chip-design-simulation-with-artificial-intelligence","step":"verify","ok":true}
{"t":"2026-09-11T09:56:02.776Z","path":"/blogs/chip-design/enhancing-chip-design-with-ai","step":"verify","ok":true}
{"t":"2026-09-11T09:56:04.658Z","path":"/blogs/chip-design/ensuring-reliability-haps-physical-prototyping-systems","step":"verify","ok":true}
{"t":"2026-09-11T09:56:04.719Z","path":"/blogs/chip-design/equivalence-checking-and-functional-eco","step":"verify","ok":true}
{"t":"2026-09-11T09:56:05.926Z","path":"/blogs/chip-design/enterprise-generative-ai-tools-roi","step":"verify","ok":true}
{"t":"2026-09-11T09:56:08.754Z","path":"/blogs/chip-design/esp-bridging-the-gap-video-series","step":"verify","ok":true}
{"t":"2026-09-11T09:56:09.142Z","path":"/blogs/chip-design/esd-electrostatic-discharge-analysis-prevention","step":"verify","ok":true}
{"t":"2026-09-11T09:56:11.350Z","path":"/blogs/chip-design/esp-equivalence-checking-custom-design-interview-almitra-pradhan","step":"verify","ok":true}
{"t":"2026-09-11T09:56:11.600Z","path":"/blogs/chip-design/esp-technology-high-coverage-symbolic-verification","step":"verify","ok":true}
{"t":"2026-09-11T09:56:11.986Z","path":"/blogs/chip-design/essential-cloud-computing-characteristics","step":"verify","ok":true}
{"t":"2026-09-11T09:56:15.473Z","path":"/blogs/chip-design/ethernet-1-6t-vip-and-protocol-solutions","step":"verify","ok":true}
{"t":"2026-09-11T09:56:17.580Z","path":"/blogs/chip-design/ethernet-802-3ck-800g-terabit-speeds","step":"verify","ok":true}
{"t":"2026-09-11T09:56:17.757Z","path":"/blogs/chip-design/ethernet-connectivity-for-hyperscale-data-centers","step":"verify","ok":true}
{"t":"2026-09-11T09:56:17.986Z","path":"/blogs/chip-design/ethernet-evolution-trends-challenges-future","step":"verify","ok":true}
{"t":"2026-09-11T09:56:21.569Z","path":"/blogs/chip-design/esun-ethernet-ai-scale-up-networking","step":"verify","ok":true}
{"t":"2026-09-11T09:56:21.868Z","path":"/blogs/chip-design/ethernet-interoperability-simulation","step":"verify","ok":true}
{"t":"2026-09-11T09:56:23.518Z","path":"/blogs/chip-design/ethernet-tsn-synopsys-verification","step":"verify","ok":true}
{"t":"2026-09-11T09:56:23.892Z","path":"/blogs/chip-design/europe-semiconductor-workforce-development","step":"verify","ok":true}
{"t":"2026-09-11T09:56:25.272Z","path":"/blogs/chip-design/ethernet-tsn-automotive-avb-applications","step":"verify","ok":true}
{"t":"2026-09-11T09:56:28.628Z","path":"/blogs/chip-design/evolution-pvt-ip-ams-digitally-assisted-analog-daa","step":"verify","ok":true}
{"t":"2026-09-11T09:56:28.721Z","path":"/blogs/chip-design/evolution-of-synthesis-navigating-complex-rules-in-finfet-era","step":"verify","ok":true}
{"t":"2026-09-11T09:56:29.449Z","path":"/blogs/chip-design/examining-data-bus-inversions-for-lpddr-in-stateye","step":"verify","ok":true}
{"t":"2026-09-11T09:56:29.882Z","path":"/blogs/chip-design/explaining-bizarre-results-p2p-resistance-current-density-on-chip-esd-network-simulations","step":"verify","ok":true}
{"t":"2026-09-11T09:56:30.575Z","path":"/blogs/chip-design/exploring-resistance-extraction-techniques-starrc","step":"verify","ok":true}
{"t":"2026-09-11T09:56:34.298Z","path":"/blogs/chip-design/exploring-transistor-architecture-for-the-5-nm-node-and-beyond","step":"verify","ok":true}
{"t":"2026-09-11T09:56:34.857Z","path":"/blogs/chip-design/exploring-technical-features-of-starrc-merge-corners","step":"verify","ok":true}
{"t":"2026-09-11T09:56:36.491Z","path":"/blogs/chip-design/extraction-custom-design-advanced-nodes-interview-mo-movahed-ezazi","step":"verify","ok":true}
{"t":"2026-09-11T09:56:37.048Z","path":"/blogs/chip-design/extending-mobile-soc-battery-life","step":"verify","ok":true}
{"t":"2026-09-11T09:56:38.752Z","path":"/blogs/chip-design/fanout-rdl-routing-design-automation","step":"verify","ok":true}
{"t":"2026-09-11T09:56:40.608Z","path":"/blogs/chip-design/fast-accurate-virtual-prototyping","step":"verify","ok":true}
{"t":"2026-09-11T09:56:40.641Z","path":"/blogs/chip-design/fast-soc-emulation-boost-chip-verification","step":"verify","ok":true}
{"t":"2026-09-11T09:56:42.734Z","path":"/blogs/chip-design/faster-chiplet-soc-design-with-arm-collaboration","step":"verify","ok":true}
{"t":"2026-09-11T09:56:42.948Z","path":"/blogs/chip-design/faster-chip-timing-signoff-flexeda","step":"verify","ok":true}
{"t":"2026-09-11T09:56:45.998Z","path":"/blogs/chip-design/faster-prototyping-haps","step":"verify","ok":true}
{"t":"2026-09-11T09:56:47.306Z","path":"/blogs/chip-design/faster-waveform-dumping-verdi-vcs","step":"verify","ok":true}
{"t":"2026-09-11T09:56:47.746Z","path":"/blogs/chip-design/fault-simulation-techniques-for-safety-critical-chip-designs","step":"verify","ok":true}
{"t":"2026-09-11T09:56:48.568Z","path":"/blogs/chip-design/fault-simulation-techniques","step":"verify","ok":true}
{"t":"2026-09-11T09:56:53.114Z","path":"/blogs/chip-design/finding-hardware-bugs-faster","step":"verify","ok":true}
{"t":"2026-09-11T09:56:53.130Z","path":"/blogs/chip-design/first-verification-ip-arm-amba","step":"verify","ok":true}
{"t":"2026-09-11T09:56:54.101Z","path":"/blogs/chip-design/first-mobile-phone-usb-type-c","step":"verify","ok":true}
{"t":"2026-09-11T09:56:54.171Z","path":"/blogs/chip-design/first-verification-ips-arm-amba","step":"verify","ok":true}
{"t":"2026-09-11T09:56:55.357Z","path":"/blogs/chip-design/formal-chip-design-verification-in-the-cloud","step":"verify","ok":true}
{"t":"2026-09-11T09:57:00.020Z","path":"/blogs/chip-design/fpga-prototyping-for-high-rtl-debug-productivity","step":"verify","ok":true}
{"t":"2026-09-11T09:57:00.046Z","path":"/blogs/chip-design/fpga-prototyping-scaled-out-chip-design-validation","step":"verify","ok":true}
{"t":"2026-09-11T09:57:00.244Z","path":"/blogs/chip-design/formal-verification-increases-soc-design-productivity","step":"verify","ok":true}
{"t":"2026-09-11T09:57:01.224Z","path":"/blogs/chip-design/fpga-prototyping-powers-soc-process","step":"verify","ok":true}
{"t":"2026-09-11T09:57:01.693Z","path":"/blogs/chip-design/freertos-virtual-ecu-development-validation-silver","step":"verify","ok":true}
{"t":"2026-09-11T09:57:05.699Z","path":"/blogs/chip-design/functional-safety-automotive-digital-mipi-cse","step":"verify","ok":true}
{"t":"2026-09-11T09:57:06.760Z","path":"/blogs/chip-design/functional-safety-implementation-goes-mainstream","step":"verify","ok":true}
{"t":"2026-09-11T09:57:06.892Z","path":"/blogs/chip-design/fujitsu-monaka-green-data-centers","step":"verify","ok":true}
{"t":"2026-09-11T09:57:07.089Z","path":"/blogs/chip-design/fundamentals-of-cloud-computing-and-its-role-in-eda","step":"verify","ok":true}
{"t":"2026-09-11T09:57:08.832Z","path":"/blogs/chip-design/fusion-compiler-scaling-design","step":"verify","ok":true}
{"t":"2026-09-11T09:57:12.682Z","path":"/blogs/chip-design/future-gaming-displays-advancements","step":"verify","ok":true}
{"t":"2026-09-11T09:57:12.984Z","path":"/blogs/chip-design/future-mobility-arm-zena-soafee-workflows-ces","step":"verify","ok":true}
{"t":"2026-09-11T09:57:13.333Z","path":"/blogs/chip-design/future-of-auto-sensor-fusion-data-handling","step":"verify","ok":true}
{"t":"2026-09-11T09:57:13.813Z","path":"/blogs/chip-design/future-of-ai-in-chip-design","step":"verify","ok":true}
{"t":"2026-09-11T09:57:14.879Z","path":"/blogs/chip-design/future-of-electronic-design-automation","step":"verify","ok":true}
{"t":"2026-09-11T09:57:18.995Z","path":"/blogs/chip-design/gate-all-around-complementary-fets-whats-next-transistor-scaling","step":"verify","ok":true}
{"t":"2026-09-11T09:57:19.591Z","path":"/blogs/chip-design/gate-resistance-ic-design-flow","step":"verify","ok":true}
{"t":"2026-09-11T09:57:19.937Z","path":"/blogs/chip-design/gddr6-ai-vr-autonomous-driving","step":"verify","ok":true}
{"t":"2026-09-11T09:57:20.014Z","path":"/blogs/chip-design/future-semiconductor-industry-multi-die","step":"verify","ok":true}
{"t":"2026-09-11T09:57:24.187Z","path":"/blogs/chip-design/generative-agentic-ai-chip-design","step":"verify","ok":true}
{"t":"2026-09-11T09:57:25.904Z","path":"/blogs/chip-design/generative-ai-chip-design-panel","step":"verify","ok":true}
{"t":"2026-09-11T09:57:26.210Z","path":"/blogs/chip-design/generative-ai-in-chip-design-2024","step":"verify","ok":true}
{"t":"2026-09-11T09:57:28.396Z","path":"/blogs/chip-design/generative-ai-computex-2024","step":"verify","ok":true}
{"t":"2026-09-11T09:57:28.610Z","path":"/blogs/chip-design/generative-ai-semiconductor-industry-eda-panel","step":"verify","ok":true}
{"t":"2026-09-11T09:57:31.470Z","path":"/blogs/chip-design/ghg-emission-reduction-goals","step":"verify","ok":true}
{"t":"2026-09-11T09:57:33.289Z","path":"/blogs/chip-design/good-activity-data-improve-your-dynamic-voltage-drop-analysis","step":"verify","ok":true}
{"t":"2026-09-11T09:57:33.402Z","path":"/blogs/chip-design/golden-signoff-backbone-fusion-compiler-neeraj-kaul","step":"verify","ok":true}
{"t":"2026-09-11T09:57:35.574Z","path":"/blogs/chip-design/gpu-acceleration-chip-design-flow","step":"verify","ok":true}
{"t":"2026-09-11T09:57:36.935Z","path":"/blogs/chip-design/good-enough-government-work","step":"verify","ok":true}
{"t":"2026-09-11T09:57:39.140Z","path":"/blogs/chip-design/hardware-root-of-trust-security","step":"verify","ok":true}
{"t":"2026-09-11T09:57:39.272Z","path":"/blogs/chip-design/haps-prototyping-systems-use-cases-benefits","step":"verify","ok":true}
{"t":"2026-09-11T09:57:42.202Z","path":"/blogs/chip-design/hbm-performance-verification-guide","step":"verify","ok":true}
{"t":"2026-09-11T09:57:43.115Z","path":"/blogs/chip-design/hbm-signal-integrity-after-routing","step":"verify","ok":true}
{"t":"2026-09-11T09:57:45.002Z","path":"/blogs/chip-design/hbm3-next-generation-memory-standard","step":"verify","ok":true}
{"t":"2026-09-11T09:57:46.420Z","path":"/blogs/chip-design/hdmi-2-1-channeling-the-genx-audio-video-experience","step":"verify","ok":true}
{"t":"2026-09-11T09:57:47.544Z","path":"/blogs/chip-design/hardware-security-vs-software-security","step":"verify","ok":true}
{"t":"2026-09-11T09:57:53.087Z","path":"/blogs/chip-design/hdmi-hdcp2-authentication-process","step":"verify","ok":true}
{"t":"2026-09-11T09:57:53.816Z","path":"/blogs/chip-design/hdmi-scrambling-higher-data-rates","step":"verify","ok":true}
{"t":"2026-09-11T09:57:53.857Z","path":"/blogs/chip-design/hdmi-quick-media-switching","step":"verify","ok":true}
{"t":"2026-09-11T09:57:55.020Z","path":"/blogs/chip-design/heterogeneous-clusters-and-dynamic-scaling","step":"verify","ok":true}
{"t":"2026-09-11T09:57:59.850Z","path":"/blogs/chip-design/high-bandwidth-memory-hbm-ai-future","step":"verify","ok":true}
{"t":"2026-09-11T09:58:00.695Z","path":"/blogs/chip-design/hdmi-2-1a-sbtm-gaming-acceleration","step":"verify","ok":true}
{"t":"2026-09-11T09:58:00.865Z","path":"/blogs/chip-design/high-frequency-jitter-amplification-accuracy-stateye","step":"verify","ok":true}
{"t":"2026-09-11T09:58:03.783Z","path":"/blogs/chip-design/high-capacity-high-performance-flash-memory","step":"verify","ok":true}
{"t":"2026-09-11T09:58:04.130Z","path":"/blogs/chip-design/high-na-euv-computational-lithography","step":"verify","ok":true}
{"t":"2026-09-11T09:58:06.663Z","path":"/blogs/chip-design/high-performance-compute-eda-cloud","step":"verify","ok":true}
{"t":"2026-09-11T09:58:07.153Z","path":"/blogs/chip-design/high-performance-computing-applications","step":"verify","ok":true}
{"t":"2026-09-11T09:58:07.719Z","path":"/blogs/chip-design/high-performance-computing-2022","step":"verify","ok":true}
{"t":"2026-09-11T09:58:10.177Z","path":"/blogs/chip-design/high-performance-computing-cluster","step":"verify","ok":true}
{"t":"2026-09-11T09:58:11.233Z","path":"/blogs/chip-design/high-performance-computing-architecture","step":"verify","ok":true}
{"t":"2026-09-11T09:58:13.083Z","path":"/blogs/chip-design/high-performance-simulation-predictable-capacity-uplift-cloud","step":"verify","ok":true}
{"t":"2026-09-11T09:58:13.479Z","path":"/blogs/chip-design/high-res-displays-hdmi-dsc","step":"verify","ok":true}
{"t":"2026-09-11T09:58:13.818Z","path":"/blogs/chip-design/high-performance-storage","step":"verify","ok":true}
{"t":"2026-09-11T09:58:16.610Z","path":"/blogs/chip-design/high-speed-memory-smartphones-mipi","step":"verify","ok":true}
{"t":"2026-09-11T09:58:17.345Z","path":"/blogs/chip-design/how-3dic-compiler-powers-multidie-design-breakthroughs","step":"verify","ok":true}
{"t":"2026-09-11T09:58:20.881Z","path":"/blogs/chip-design/how-ai-changed-chip-design-eda-tools","step":"verify","ok":true}
{"t":"2026-09-11T09:58:23.777Z","path":"/blogs/chip-design/how-ai-changes-chip-design-flow","step":"verify","ok":true}
{"t":"2026-09-11T09:58:24.308Z","path":"/blogs/chip-design/how-asu-researcher-became-chip-designer","step":"verify","ok":true}
{"t":"2026-09-11T09:58:24.899Z","path":"/blogs/chip-design/how-cameras-use-ai-neural-network-image-processing","step":"verify","ok":true}
{"t":"2026-09-11T09:58:26.849Z","path":"/blogs/chip-design/how-certify-supercomputer","step":"verify","ok":true}
{"t":"2026-09-11T09:58:27.788Z","path":"/blogs/chip-design/how-dtco-advances-chip-design-process","step":"verify","ok":true}
{"t":"2026-09-11T09:58:31.839Z","path":"/blogs/chip-design/how-prototyping-increases-interoperability-success","step":"verify","ok":true}
{"t":"2026-09-11T09:58:32.342Z","path":"/blogs/chip-design/how-eda-forms-basis-for-designing-secure-systems","step":"verify","ok":true}
{"t":"2026-09-11T09:58:33.480Z","path":"/blogs/chip-design/how-socs-are-designed-for-ai-applications","step":"verify","ok":true}
{"t":"2026-09-11T09:58:33.540Z","path":"/blogs/chip-design/how-secure-ddr-interfaces-protect-dram-from-memory-attacks","step":"verify","ok":true}
{"t":"2026-09-11T09:58:34.351Z","path":"/blogs/chip-design/how-synopsys-and-quintauris-accelerate-the-path-to-production","step":"verify","ok":true}
{"t":"2026-09-11T09:58:38.413Z","path":"/blogs/chip-design/how-to-build-chips-functional-safety-applications","step":"verify","ok":true}
{"t":"2026-09-11T09:58:39.583Z","path":"/blogs/chip-design/how-to-integrate-usb4-in-soc-design","step":"verify","ok":true}
{"t":"2026-09-11T09:58:40.998Z","path":"/blogs/chip-design/how-to-maximize-pcie-6-with-end-to-end-design-solutions","step":"verify","ok":true}
{"t":"2026-09-11T09:58:42.216Z","path":"/blogs/chip-design/how-to-secure-auto-ota-updates","step":"verify","ok":true}
{"t":"2026-09-11T09:58:42.850Z","path":"/blogs/chip-design/how-to-design-socs-for-the-sysmoore-era","step":"verify","ok":true}
{"t":"2026-09-11T09:58:45.896Z","path":"/blogs/chip-design/hpc-and-cloud-predictions-2021","step":"verify","ok":true}
{"t":"2026-09-11T09:58:47.574Z","path":"/blogs/chip-design/hpc-applications-drive-chiplet-demand","step":"verify","ok":true}
{"t":"2026-09-11T09:58:47.723Z","path":"/blogs/chip-design/hpc-data-center-power-consumption","step":"verify","ok":true}
{"t":"2026-09-11T09:58:50.110Z","path":"/blogs/chip-design/hpe-hpc-chip-design-tools","step":"verify","ok":true}
{"t":"2026-09-11T09:58:50.199Z","path":"/blogs/chip-design/hpc-multi-die-chip-design-2025","step":"verify","ok":true}
{"t":"2026-09-11T09:58:52.093Z","path":"/blogs/chip-design/hybrid-cloud-architecture-benefits-and-challenges","step":"verify","ok":true}
{"t":"2026-09-11T09:58:53.948Z","path":"/blogs/chip-design/hybrid-cloud-integration","step":"verify","ok":true}
{"t":"2026-09-11T09:58:54.848Z","path":"/blogs/chip-design/hybrid-cloud-chip-design-agility-efficiency","step":"verify","ok":true}
{"t":"2026-09-11T09:58:56.199Z","path":"/blogs/chip-design/hyper-convergent-chip-design-tools-power-soc","step":"verify","ok":true}
{"t":"2026-09-11T09:58:57.778Z","path":"/blogs/chip-design/hybrid-prototyping-solution","step":"verify","ok":true}
{"t":"2026-09-11T09:58:58.740Z","path":"/blogs/chip-design/hyper-convergent-chip-designs-news-and-trends","step":"verify","ok":true}
{"t":"2026-09-11T09:59:00.755Z","path":"/blogs/chip-design/hyper-convergent-chip-designs","step":"verify","ok":true}
{"t":"2026-09-11T09:59:02.113Z","path":"/blogs/chip-design/hyperscale-data-center-security-cloud-computing","step":"verify","ok":true}
{"t":"2026-09-11T09:59:02.382Z","path":"/blogs/chip-design/hyperscale-data-centers-224g-serdes-ethernet","step":"verify","ok":true}
{"t":"2026-09-11T09:59:04.968Z","path":"/blogs/chip-design/i3c-vip-hdr-multi-lane-verification","step":"verify","ok":true}
{"t":"2026-09-11T09:59:07.127Z","path":"/blogs/chip-design/ic-design-engineer-training-vietnam","step":"verify","ok":true}
{"t":"2026-09-11T09:59:07.995Z","path":"/blogs/chip-design/ic-design-reliability-analysis-primesim-continuum","step":"verify","ok":true}
{"t":"2026-09-11T09:59:08.243Z","path":"/blogs/chip-design/ibm-research-ai-hardware-center","step":"verify","ok":true}
{"t":"2026-09-11T09:59:11.090Z","path":"/blogs/chip-design/ieee-8023-launches-study-group-400gbps-per-lane-ethernet-ai-networks","step":"verify","ok":true}
{"t":"2026-09-11T09:59:11.145Z","path":"/blogs/chip-design/ic-design-tools-enable-ic-hyperconvergence","step":"verify","ok":true}
{"t":"2026-09-11T09:59:13.411Z","path":"/blogs/chip-design/ieee-standards-functional-safety","step":"verify","ok":true}
{"t":"2026-09-11T09:59:13.854Z","path":"/blogs/chip-design/impare-chip-design-verification-cloud","step":"verify","ok":true}
{"t":"2026-09-11T09:59:16.788Z","path":"/blogs/chip-design/improve-ai-chip-power-efficiency","step":"verify","ok":true}
{"t":"2026-09-11T09:59:16.973Z","path":"/blogs/chip-design/improved-power-system-optimization-soc-designs","step":"verify","ok":true}
{"t":"2026-09-11T09:59:17.440Z","path":"/blogs/chip-design/improving-analog-layout-efficiency-with-reusable-user-defined-device","step":"verify","ok":true}
{"t":"2026-09-11T09:59:19.274Z","path":"/blogs/chip-design/improving-quality-of-results-with-design-compiler-nxt","step":"verify","ok":true}
{"t":"2026-09-11T09:59:20.792Z","path":"/blogs/chip-design/improving-design-robustness-primeshield-discussion-li-ding","step":"verify","ok":true}
{"t":"2026-09-11T09:59:24.029Z","path":"/blogs/chip-design/improving-robustness-design-variability","step":"verify","ok":true}
{"t":"2026-09-11T09:59:24.617Z","path":"/blogs/chip-design/improving-semiconductor-yield-with-test-data-analytics","step":"verify","ok":true}
{"t":"2026-09-11T09:59:25.235Z","path":"/blogs/chip-design/improving-results-quickly-with-singular-rtl-to-gdsii-product","step":"verify","ok":true}
{"t":"2026-09-11T09:59:26.615Z","path":"/blogs/chip-design/india-semiconductor-industry-influence","step":"verify","ok":true}
{"t":"2026-09-11T09:59:28.218Z","path":"/blogs/chip-design/industry-1stcxl-verification-ip-transforming-aihpc-systems","step":"verify","ok":true}
{"t":"2026-09-11T09:59:30.174Z","path":"/blogs/chip-design/industry-first-verification-ip-arm-amba-axi-l-simplifies-soc","step":"verify","ok":true}
{"t":"2026-09-11T09:59:32.608Z","path":"/blogs/chip-design/industry-first-vip-for-arm-amba-dti-g","step":"verify","ok":true}
{"t":"2026-09-11T09:59:33.522Z","path":"/blogs/chip-design/industry-first-vip-for-display-port-automotive-extensions","step":"verify","ok":true}
{"t":"2026-09-11T09:59:34.143Z","path":"/blogs/chip-design/industry-first-vip-for-pcie-7-0","step":"verify","ok":true}
{"t":"2026-09-11T09:59:36.365Z","path":"/blogs/chip-design/industry-first-verification-ip-arm-amb-dtih","step":"verify","ok":true}
{"t":"2026-09-11T09:59:38.281Z","path":"/blogs/chip-design/innovation-enablers-synopsys-story","step":"verify","ok":true}
{"t":"2026-09-11T09:59:38.902Z","path":"/blogs/chip-design/innovations-formality-equivalence-checking-interview-todd-buzan","step":"verify","ok":true}
{"t":"2026-09-11T09:59:39.015Z","path":"/blogs/chip-design/innovations-in-ic-validator-physical-signoff","step":"verify","ok":true}
{"t":"2026-09-11T09:59:42.092Z","path":"/blogs/chip-design/intel-ucie-chiplet-test","step":"verify","ok":true}
{"t":"2026-09-11T09:59:44.536Z","path":"/blogs/chip-design/interactive-debugging-reducing-simulation-debug-tat","step":"verify","ok":true}
{"t":"2026-09-11T09:59:44.899Z","path":"/blogs/chip-design/interface-ip-3d-multi-die","step":"verify","ok":true}
{"t":"2026-09-11T09:59:45.363Z","path":"/blogs/chip-design/interconnect-ip-scalable-compute-clusters","step":"verify","ok":true}
{"t":"2026-09-11T09:59:46.432Z","path":"/blogs/chip-design/integrated-design-ai-chip-software","step":"verify","ok":true}
{"t":"2026-09-11T09:59:47.719Z","path":"/blogs/chip-design/interface-protocol-validation-zebu-solutions","step":"verify","ok":true}
{"t":"2026-09-11T09:59:50.807Z","path":"/blogs/chip-design/international-day-of-women-in-science-2022","step":"verify","ok":true}
{"t":"2026-09-11T09:59:52.683Z","path":"/blogs/chip-design/introduction-cxl-device-types","step":"verify","ok":true}
{"t":"2026-09-11T09:59:53.395Z","path":"/blogs/chip-design/introduction-to-analog-fault-simulation-using-synopsys-custom-design-platform","step":"verify","ok":true}
{"t":"2026-09-11T09:59:56.710Z","path":"/blogs/chip-design/iot-applications-with-low-power-design-techniques","step":"verify","ok":true}
{"t":"2026-09-11T09:59:58.669Z","path":"/blogs/chip-design/iot-design-the-future-is-smart-and-connected","step":"verify","ok":true}
{"t":"2026-09-11T09:59:58.763Z","path":"/blogs/chip-design/introducing-zebu-200-haps-200","step":"verify","ok":true}
{"t":"2026-09-11T10:00:05.849Z","path":"/blogs/chip-design/iot-security-challenges-solutions","step":"verify","ok":true}
{"t":"2026-09-11T10:00:06.801Z","path":"/blogs/chip-design/ir-eco-is-it-possible-to-fix-voltage-drop-violations-without-destroying-your-chip-timing","step":"verify","ok":true}
{"t":"2026-09-11T10:00:08.834Z","path":"/blogs/chip-design/is-your-voltage-drop-flow-obsolete","step":"verify","ok":true}
{"t":"2026-09-11T10:00:13.089Z","path":"/blogs/chip-design/jedec-lpddr4-standard-publication","step":"verify","ok":true}
{"t":"2026-09-11T10:00:13.668Z","path":"/blogs/chip-design/jedec-ddr5-sdram-vip-hpc","step":"verify","ok":true}
{"t":"2026-09-11T10:00:16.749Z","path":"/blogs/chip-design/journey-of-coverage-closure","step":"verify","ok":true}
{"t":"2026-09-11T10:00:19.501Z","path":"/blogs/chip-design/kioxia-innovates-soc-design-eda-ai-technologies","step":"verify","ok":true}
{"t":"2026-09-11T10:00:19.584Z","path":"/blogs/chip-design/jumpstart-chip-design-digital-instance-cloud","step":"verify","ok":true}
{"t":"2026-09-11T10:00:23.096Z","path":"/blogs/chip-design/iot-device-security-isim","step":"verify","ok":true}
{"t":"2026-09-11T10:00:24.918Z","path":"/blogs/chip-design/kioxia-leads-the-way-in-optimizing-simulation-verification","step":"verify","ok":true}
{"t":"2026-09-11T10:00:24.998Z","path":"/blogs/chip-design/latin-america-semiconductor-workforce-development","step":"verify","ok":true}
{"t":"2026-09-11T10:00:26.077Z","path":"/blogs/chip-design/introducing-fusion-compiler-synthesis-place-and-route-solution","step":"verify","ok":true}
{"t":"2026-09-11T10:00:26.657Z","path":"/blogs/chip-design/latest-arm-amba-ace5-lite-updates","step":"verify","ok":true}
{"t":"2026-09-11T10:00:31.569Z","path":"/blogs/chip-design/leveraging-static-linting-tools","step":"verify","ok":true}
{"t":"2026-09-11T10:00:32.955Z","path":"/blogs/chip-design/library-characterization-eda-cloud","step":"verify","ok":true}
{"t":"2026-09-11T10:00:33.012Z","path":"/blogs/chip-design/library-characterization-for-advanced-process-designs","step":"verify","ok":true}
{"t":"2026-09-11T10:00:33.871Z","path":"/blogs/chip-design/library-characterization-tool-advanced-node-soc-design","step":"verify","ok":true}
{"t":"2026-09-11T10:00:37.239Z","path":"/blogs/chip-design/leverage-the-pcie-6-0-1-design","step":"verify","ok":true}
{"t":"2026-09-11T10:00:40.384Z","path":"/blogs/chip-design/low-power-chip-design-verification","step":"verify","ok":true}
{"t":"2026-09-11T10:00:41.869Z","path":"/blogs/chip-design/low-power-chip-design-verification-tool","step":"verify","ok":true}
{"t":"2026-09-11T10:00:42.225Z","path":"/blogs/chip-design/linting-techniques-automotive-aerospace-chip-design","step":"verify","ok":true}
{"t":"2026-09-11T10:00:43.331Z","path":"/blogs/chip-design/linting-tools-machine-learning","step":"verify","ok":true}
{"t":"2026-09-11T10:00:47.034Z","path":"/blogs/chip-design/low-power-qa-with-dr-renu-mehra","step":"verify","ok":true}
{"t":"2026-09-11T10:00:48.190Z","path":"/blogs/chip-design/low-power-soc-design-hpc-data-center","step":"verify","ok":true}
{"t":"2026-09-11T10:00:50.644Z","path":"/blogs/chip-design/low-power-soc-design-verification","step":"verify","ok":true}
{"t":"2026-09-11T10:00:53.299Z","path":"/blogs/chip-design/low-power-design-and-smart-iot-edge","step":"verify","ok":true}
{"t":"2026-09-11T10:00:54.087Z","path":"/blogs/chip-design/lowering-analog-design-costs-with-strategic-approach","step":"verify","ok":true}
{"t":"2026-09-11T10:00:54.861Z","path":"/blogs/chip-design/lpddr3-vs-ddr3l-differences","step":"verify","ok":true}
{"t":"2026-09-11T10:00:55.350Z","path":"/blogs/chip-design/lpddr5-enhancements-iot-ai-image-processing","step":"verify","ok":true}
{"t":"2026-09-11T10:00:57.264Z","path":"/blogs/chip-design/lpddr5-ip-vip-solution-ddr5-leadership","step":"verify","ok":true}
{"t":"2026-09-11T10:01:00.010Z","path":"/blogs/chip-design/lpddr5-power-performance-ai-iot","step":"verify","ok":true}
{"t":"2026-09-11T10:01:01.333Z","path":"/blogs/chip-design/lpddr6-verification-ip-ai-automotive-hpc-mobile-socs","step":"verify","ok":true}
{"t":"2026-09-11T10:01:01.688Z","path":"/blogs/chip-design/lpddr5x-future-mobile-memory","step":"verify","ok":true}
{"t":"2026-09-11T10:01:02.220Z","path":"/blogs/chip-design/lpddr5x-specification-memory-design","step":"verify","ok":true}
{"t":"2026-09-11T10:01:04.978Z","path":"/blogs/chip-design/lpddr6-vs-lpddr5x-lpddr5-differences","step":"verify","ok":true}
{"t":"2026-09-11T10:01:07.447Z","path":"/blogs/chip-design/lvs-checking-process","step":"verify","ok":true}
{"t":"2026-09-11T10:01:08.039Z","path":"/blogs/chip-design/machine-learned-force-fields-atomistic-simulation","step":"verify","ok":true}
{"t":"2026-09-11T10:01:08.573Z","path":"/blogs/chip-design/machine-learning-chip-design-flow","step":"verify","ok":true}
{"t":"2026-09-11T10:01:12.010Z","path":"/blogs/chip-design/macsec-ip-iso-pas-8800-automotive","step":"verify","ok":true}
{"t":"2026-09-11T10:01:12.980Z","path":"/blogs/chip-design/managing-1000-thermal-states-mobile-soc","step":"verify","ok":true}
{"t":"2026-09-11T10:01:14.405Z","path":"/blogs/chip-design/mastering-ddr-phy-interoperability-dfi","step":"verify","ok":true}
{"t":"2026-09-11T10:01:14.669Z","path":"/blogs/chip-design/managing-initial-state-formal-verification","step":"verify","ok":true}
{"t":"2026-09-11T10:01:14.747Z","path":"/blogs/chip-design/managing-nvme-verification-complexity","step":"verify","ok":true}
{"t":"2026-09-11T10:01:18.189Z","path":"/blogs/chip-design/mastering-uvm-axi-vip-usage","step":"verify","ok":true}
{"t":"2026-09-11T10:01:19.015Z","path":"/blogs/chip-design/mastering-uvm-register-model-simplification","step":"verify","ok":true}
{"t":"2026-09-11T10:01:20.002Z","path":"/blogs/chip-design/maximizing-mobile-performance-lpddr4-ram","step":"verify","ok":true}
{"t":"2026-09-11T10:01:21.056Z","path":"/blogs/chip-design/memory-chip-design-tools-and-challenges","step":"verify","ok":true}
{"t":"2026-09-11T10:01:21.751Z","path":"/blogs/chip-design/meeting-ethernet-bandwidth-demand-1-6t-ethernet","step":"verify","ok":true}
{"t":"2026-09-11T10:01:25.626Z","path":"/blogs/chip-design/memory-design-techniques-silicon-reliability","step":"verify","ok":true}
{"t":"2026-09-11T10:01:25.958Z","path":"/blogs/chip-design/memory-design-with-machine-learning","step":"verify","ok":true}
{"t":"2026-09-11T10:01:27.086Z","path":"/blogs/chip-design/minimizing-late-stage-functional-ecos-interview-todd-buzan","step":"verify","ok":true}
{"t":"2026-09-11T10:01:27.667Z","path":"/blogs/chip-design/mipi-csi2-v21-automotive-drones-iot","step":"verify","ok":true}
{"t":"2026-09-11T10:01:27.818Z","path":"/blogs/chip-design/mipi-csi2-v30-5g-imaging-solution","step":"verify","ok":true}
{"t":"2026-09-11T10:01:32.602Z","path":"/blogs/chip-design/misra-autosar-future-connected-car","step":"verify","ok":true}
{"t":"2026-09-11T10:01:33.663Z","path":"/blogs/chip-design/multi-chip-module-packaging-types","step":"verify","ok":true}
{"t":"2026-09-11T10:01:33.841Z","path":"/blogs/chip-design/ml-regression-failure-analysis","step":"verify","ok":true}
{"t":"2026-09-11T10:01:34.164Z","path":"/blogs/chip-design/mipi-m-phy-protocol-sergio-silva-qa","step":"verify","ok":true}
{"t":"2026-09-11T10:01:34.812Z","path":"/blogs/chip-design/multi-cloud-infrastructure","step":"verify","ok":true}
{"t":"2026-09-11T10:01:38.817Z","path":"/blogs/chip-design/multi-cloud-security","step":"verify","ok":true}
{"t":"2026-09-11T10:01:39.891Z","path":"/blogs/chip-design/multi-cloud-strategy","step":"verify","ok":true}
{"t":"2026-09-11T10:01:40.012Z","path":"/blogs/chip-design/multi-die-automotive-chip-designs","step":"verify","ok":true}
{"t":"2026-09-11T10:01:40.591Z","path":"/blogs/chip-design/multi-cloud-storage","step":"verify","ok":true}
{"t":"2026-09-11T10:01:40.802Z","path":"/blogs/chip-design/multi-die-chip-design-samsung-foundry","step":"verify","ok":true}
{"t":"2026-09-11T10:01:45.695Z","path":"/blogs/chip-design/multi-die-chip-design-tsmc","step":"verify","ok":true}
{"t":"2026-09-11T10:01:45.796Z","path":"/blogs/chip-design/multi-die-chip-design-synopsys-samsung","step":"verify","ok":true}
{"t":"2026-09-11T10:01:46.080Z","path":"/blogs/chip-design/multi-die-design-challenges-industry-insights-chiplet-summit","step":"verify","ok":true}
{"t":"2026-09-11T10:01:46.597Z","path":"/blogs/chip-design/multi-die-design-stco-ai","step":"verify","ok":true}
{"t":"2026-09-11T10:01:47.983Z","path":"/blogs/chip-design/multi-die-design-comparison-monolithic-pcb","step":"verify","ok":true}
{"t":"2026-09-11T10:01:51.530Z","path":"/blogs/chip-design/multi-die-health-reliability-advances","step":"verify","ok":true}
{"t":"2026-09-11T10:01:52.709Z","path":"/blogs/chip-design/multi-die-multiphysics-co-design","step":"verify","ok":true}
{"t":"2026-09-11T10:01:53.061Z","path":"/blogs/chip-design/multi-die-systems-chip-verification","step":"verify","ok":true}
{"t":"2026-09-11T10:01:54.131Z","path":"/blogs/chip-design/multi-die-systems-changing-semiconductor-design","step":"verify","ok":true}
{"t":"2026-09-11T10:01:54.975Z","path":"/blogs/chip-design/multi-die-systems-panel","step":"verify","ok":true}
{"t":"2026-09-11T10:01:58.017Z","path":"/blogs/chip-design/multi-die-systems-report-mit-technology-review","step":"verify","ok":true}
{"t":"2026-09-11T10:01:58.546Z","path":"/blogs/chip-design/multi-die-systems-semiconductor-companies","step":"verify","ok":true}
{"t":"2026-09-11T10:01:59.695Z","path":"/blogs/chip-design/multi-die-systems-silicon-lifecycle-management","step":"verify","ok":true}
{"t":"2026-09-11T10:02:00.475Z","path":"/blogs/chip-design/multi-domain-voltage-control-verification-avsbus-2-vip","step":"verify","ok":true}
{"t":"2026-09-11T10:02:00.907Z","path":"/blogs/chip-design/multi-physics-effects-multi-die-systems","step":"verify","ok":true}
{"t":"2026-09-11T10:02:03.266Z","path":"/blogs/chip-design/multiphysics-chip-design-challenges","step":"verify","ok":true}
{"t":"2026-09-11T10:02:04.414Z","path":"/blogs/chip-design/multiphysics-fusion-chip-design","step":"verify","ok":true}
{"t":"2026-09-11T10:02:06.340Z","path":"/blogs/chip-design/mutli-die-systems-2024","step":"verify","ok":true}
{"t":"2026-09-11T10:02:06.504Z","path":"/blogs/chip-design/nand-flash-memory-system-verification","step":"verify","ok":true}
{"t":"2026-09-11T10:02:07.329Z","path":"/blogs/chip-design/nas-vs-san","step":"verify","ok":true}
{"t":"2026-09-11T10:02:09.782Z","path":"/blogs/chip-design/navigating-transition-mil-to-vhil-virtualizer-studio","step":"verify","ok":true}
{"t":"2026-09-11T10:02:10.054Z","path":"/blogs/chip-design/neuromorphic-computing-physical-ai-edge","step":"verify","ok":true}
{"t":"2026-09-11T10:02:12.426Z","path":"/blogs/chip-design/new-synopsys-hq","step":"verify","ok":true}
{"t":"2026-09-11T10:02:12.688Z","path":"/blogs/chip-design/new-generation-lpddr-advancements","step":"verify","ok":true}
{"t":"2026-09-11T10:02:14.399Z","path":"/blogs/chip-design/new-world-of-tech-innovation","step":"verify","ok":true}
{"t":"2026-09-11T10:02:15.525Z","path":"/blogs/chip-design/next-decade-chip-startups-insights-opportunities","step":"verify","ok":true}
{"t":"2026-09-11T10:02:15.875Z","path":"/blogs/chip-design/next-era-chip-design-and-machine-learning","step":"verify","ok":true}
{"t":"2026-09-11T10:02:18.149Z","path":"/blogs/chip-design/next-evolution-synopsys-digital-toolset-fusion-compiler-design-compiler-nxt","step":"verify","ok":true}
{"t":"2026-09-11T10:02:19.025Z","path":"/blogs/chip-design/next-gen-memory-tech-for-graphics-networking-hpc","step":"verify","ok":true}
{"t":"2026-09-11T10:02:22.103Z","path":"/blogs/chip-design/nvdimms-blending-memory-storage","step":"verify","ok":true}
{"t":"2026-09-11T10:02:22.688Z","path":"/blogs/chip-design/nvidia-gpu-circuit-simulation","step":"verify","ok":true}
{"t":"2026-09-11T10:02:23.820Z","path":"/blogs/chip-design/nhtsa-auto-cybersecurity-best-practices","step":"verify","ok":true}
{"t":"2026-09-11T10:02:24.090Z","path":"/blogs/chip-design/official-pcie-5-speed-chart","step":"verify","ok":true}
{"t":"2026-09-11T10:02:24.655Z","path":"/blogs/chip-design/on-premise-cloud","step":"verify","ok":true}
{"t":"2026-09-11T10:02:28.427Z","path":"/blogs/chip-design/on-premise-vs-cloud-pros-and-cons","step":"verify","ok":true}
{"t":"2026-09-11T10:02:29.937Z","path":"/blogs/chip-design/optical-interconnects-enable-data-center-disaggregation","step":"verify","ok":true}
{"t":"2026-09-11T10:02:30.380Z","path":"/blogs/chip-design/optical-soc-design-tool-lightelligence","step":"verify","ok":true}
{"t":"2026-09-11T10:02:30.596Z","path":"/blogs/chip-design/one-on-one-with-aveek-sarkar","step":"verify","ok":true}
{"t":"2026-09-11T10:02:33.744Z","path":"/blogs/chip-design/on-the-fly-code-review-chip-design-process","step":"verify","ok":false,"why":"about:error in delivered html"}
{"t":"2026-09-11T10:02:35.324Z","path":"/blogs/chip-design/optimize-ucie-verification-synopsys-vip","step":"verify","ok":true}
{"t":"2026-09-11T10:02:35.392Z","path":"/blogs/chip-design/optimizing-hbm2e-runtime-performance","step":"verify","ok":true}
{"t":"2026-09-11T10:02:36.978Z","path":"/blogs/chip-design/optimizing-pcie-pipe-power-management","step":"verify","ok":true}
{"t":"2026-09-11T10:02:37.579Z","path":"/blogs/chip-design/optimizing-rtl-design-flow-real-time-ppa-analysis","step":"verify","ok":true}
{"t":"2026-09-11T10:02:40.300Z","path":"/blogs/chip-design/optimizing-your-hardware-ip-verification-in-the-cloud","step":"verify","ok":true}
{"t":"2026-09-11T10:02:41.708Z","path":"/blogs/chip-design/ota-updates-automotive-apps","step":"verify","ok":true}
{"t":"2026-09-11T10:02:42.723Z","path":"/blogs/chip-design/overview-haps-prototyping-software","step":"verify","ok":true}
{"t":"2026-09-11T10:02:43.186Z","path":"/blogs/chip-design/overcoming-analog-circuit-design-challenges-at-advanced-semiconductor-nodes","step":"verify","ok":true}
{"t":"2026-09-11T10:02:43.785Z","path":"/blogs/chip-design/overview-synopsys-virtual-prototyping-services","step":"verify","ok":true}
{"t":"2026-09-11T10:02:46.586Z","path":"/blogs/chip-design/parasitic-extraction-high-speed-chip-design","step":"verify","ok":true}
{"t":"2026-09-11T10:02:47.983Z","path":"/blogs/chip-design/pci-express-6-high-bandwidth-interconnect","step":"verify","ok":true}
{"t":"2026-09-11T10:02:48.803Z","path":"/blogs/chip-design/pci-express-sriov-virtualization","step":"verify","ok":true}
{"t":"2026-09-11T10:02:49.661Z","path":"/blogs/chip-design/pcie-5-0-verification-synopsys-vip","step":"verify","ok":true}
{"t":"2026-09-11T10:02:49.753Z","path":"/blogs/chip-design/pcie-5-applications-and-importance-of-silicon-proven-ip","step":"verify","ok":true}
{"t":"2026-09-11T10:02:52.468Z","path":"/blogs/chip-design/pcie-5-demos-ip-vip-ai","step":"verify","ok":true}
{"t":"2026-09-11T10:02:54.669Z","path":"/blogs/chip-design/pcie-5-ip-solutions-pass-compliance-testing","step":"verify","ok":true}
{"t":"2026-09-11T10:02:54.730Z","path":"/blogs/chip-design/pcie-6-high-performance-computing-solutions","step":"verify","ok":true}
{"t":"2026-09-11T10:02:55.733Z","path":"/blogs/chip-design/pcie-6-specification-speed-keysight","step":"verify","ok":true}
{"t":"2026-09-11T10:02:56.901Z","path":"/blogs/chip-design/pcie-6-verifaction-fec-crc","step":"verify","ok":true}
{"t":"2026-09-11T10:02:58.989Z","path":"/blogs/chip-design/pcie-6x-112gbps-ethernet-linear-optics","step":"verify","ok":true}
{"t":"2026-09-11T10:03:01.069Z","path":"/blogs/chip-design/pcie-6x-compliance-testing-gold-system","step":"verify","ok":true}
{"t":"2026-09-11T10:03:02.473Z","path":"/blogs/chip-design/pcie-ai-accelerator-chip-design","step":"verify","ok":true}
{"t":"2026-09-11T10:03:02.861Z","path":"/blogs/chip-design/pcie-8-0-verification-ip-ai-hpc-automotive","step":"verify","ok":true}
{"t":"2026-09-11T10:03:03.138Z","path":"/blogs/chip-design/pcie-7-bandwidth-ai-chips","step":"verify","ok":true}
{"t":"2026-09-11T10:03:05.660Z","path":"/blogs/chip-design/pcie-bifurcation-basic-guide","step":"verify","ok":true}
{"t":"2026-09-11T10:03:06.820Z","path":"/blogs/chip-design/pcie-challenges-software-hardware-system","step":"verify","ok":true}
{"t":"2026-09-11T10:03:08.767Z","path":"/blogs/chip-design/pcie-over-fiber-optics-pcie-7","step":"verify","ok":true}
{"t":"2026-09-11T10:03:08.833Z","path":"/blogs/chip-design/pcie-gen1-speed-basics","step":"verify","ok":true}
{"t":"2026-09-11T10:03:09.862Z","path":"/blogs/chip-design/pcie-ptm-spring-ahead","step":"verify","ok":true}
{"t":"2026-09-11T10:03:11.629Z","path":"/blogs/chip-design/pervasive-intelligence-snug-2024","step":"verify","ok":true}
{"t":"2026-09-11T10:03:13.301Z","path":"/blogs/chip-design/phalanx-greek-warfare-verification","step":"verify","ok":true}
{"t":"2026-09-11T10:03:14.507Z","path":"/blogs/chip-design/photonic-integrated-circuits-ai-chatbot","step":"verify","ok":true}
{"t":"2026-09-11T10:03:15.366Z","path":"/blogs/chip-design/photonic-integrated-circuits-augmented-reality","step":"verify","ok":true}
{"t":"2026-09-11T10:03:16.331Z","path":"/blogs/chip-design/photonic-integrated-circuits-multi-die-systems","step":"verify","ok":true}
{"t":"2026-09-11T10:03:17.313Z","path":"/blogs/chip-design/photonic-saas-ic-design","step":"verify","ok":true}
{"t":"2026-09-11T10:03:19.932Z","path":"/blogs/chip-design/photonics-rf-fiber-jigesh-patel","step":"verify","ok":true}
{"t":"2026-09-11T10:03:20.983Z","path":"/blogs/chip-design/physical-ai-physics-simulation","step":"verify","ok":true}
{"t":"2026-09-11T10:03:22.956Z","path":"/blogs/chip-design/physical-ai-silicon-software-robots","step":"verify","ok":true}
{"t":"2026-09-11T10:03:23.741Z","path":"/blogs/chip-design/physical-ai-system-level-engineering","step":"verify","ok":true}
{"t":"2026-09-11T10:03:24.715Z","path":"/blogs/chip-design/physical-chip-design-verification-aws-cloud","step":"verify","ok":true}
{"t":"2026-09-11T10:03:25.872Z","path":"/blogs/chip-design/physics-chip-design-constraint","step":"verify","ok":true}
{"t":"2026-09-11T10:03:28.202Z","path":"/blogs/chip-design/piketec-acquisition-digital-twins","step":"verify","ok":true}
{"t":"2026-09-11T10:03:28.795Z","path":"/blogs/chip-design/pipe-5-1-1-pcie-usb-sata","step":"verify","ok":true}
{"t":"2026-09-11T10:03:30.379Z","path":"/blogs/chip-design/pitch-fest-semiconductor-innovation","step":"verify","ok":true}
{"t":"2026-09-11T10:03:31.630Z","path":"/blogs/chip-design/point-of-care-3d-printing-software","step":"verify","ok":true}
{"t":"2026-09-11T10:03:32.523Z","path":"/blogs/chip-design/post-quantum-cryptography-algorithms-security","step":"verify","ok":true}
{"t":"2026-09-11T10:03:34.351Z","path":"/blogs/chip-design/post-quantum-cryptography-in-soc-design","step":"verify","ok":true}
{"t":"2026-09-11T10:03:34.973Z","path":"/blogs/chip-design/power-aware-cdc-with-stmicroelectronics","step":"verify","ok":true}
{"t":"2026-09-11T10:03:36.843Z","path":"/blogs/chip-design/power-hdmi-arc-technology","step":"verify","ok":true}
{"t":"2026-09-11T10:03:37.751Z","path":"/blogs/chip-design/power-integrity-challenges-semiconductor-design","step":"verify","ok":true}
{"t":"2026-09-11T10:03:38.284Z","path":"/blogs/chip-design/power-semiconductor-device-design","step":"verify","ok":true}
{"t":"2026-09-11T10:03:40.532Z","path":"/blogs/chip-design/power-semiconductor-devices","step":"verify","ok":true}
{"t":"2026-09-11T10:03:41.206Z","path":"/blogs/chip-design/powering-ai-chip-design-process-with-ai","step":"verify","ok":true}
{"t":"2026-09-11T10:03:42.964Z","path":"/blogs/chip-design/practical-power-management","step":"verify","ok":true}
{"t":"2026-09-11T10:03:43.834Z","path":"/blogs/chip-design/pre-silicon-design-robustness-analysis-discussion-li-ding","step":"verify","ok":true}
{"t":"2026-09-11T10:03:44.752Z","path":"/blogs/chip-design/predicting-silicon-behavior-test-wafers","step":"verify","ok":true}
{"t":"2026-09-11T10:03:46.249Z","path":"/blogs/chip-design/predictions-2021-auto-industry","step":"verify","ok":true}
{"t":"2026-09-11T10:03:46.913Z","path":"/blogs/chip-design/predictive-rtl-design-closure-rtl-architect","step":"verify","ok":true}
{"t":"2026-09-11T10:03:49.327Z","path":"/blogs/chip-design/preeti-sharma-automotive-soc-design","step":"verify","ok":true}
{"t":"2026-09-11T10:03:50.343Z","path":"/blogs/chip-design/preventing-data-loss-high-speed-devices","step":"verify","ok":true}
{"t":"2026-09-11T10:03:51.471Z","path":"/blogs/chip-design/primelib-nextgen-library-characterization-discussion-moninder-bansal","step":"verify","ok":true}
{"t":"2026-09-11T10:03:51.975Z","path":"/blogs/chip-design/primeshield-design-robustness-analysis-eco-overview","step":"verify","ok":true}
{"t":"2026-09-11T10:03:53.475Z","path":"/blogs/chip-design/primesim-continuum-advancing-hyperconvergent-ic-design","step":"verify","ok":true}
{"t":"2026-09-11T10:03:55.014Z","path":"/blogs/chip-design/primesim-continuum-ic-hyperconvergence","step":"verify","ok":true}
{"t":"2026-09-11T10:03:56.742Z","path":"/blogs/chip-design/primesim-continuum-transforming-soc-design-insights-hany-elhak","step":"verify","ok":true}
{"t":"2026-09-11T10:03:57.020Z","path":"/blogs/chip-design/primetime-technologies-digital-design","step":"verify","ok":true}
{"t":"2026-09-11T10:03:57.963Z","path":"/blogs/chip-design/private-cloud-vs-public-cloud","step":"verify","ok":true}
{"t":"2026-09-11T10:03:59.111Z","path":"/blogs/chip-design/process-design-kits-intel-foundry","step":"verify","ok":true}
{"t":"2026-09-11T10:04:01.916Z","path":"/blogs/chip-design/protect-advanced-chip-designs","step":"verify","ok":true}
{"t":"2026-09-11T10:04:03.185Z","path":"/blogs/chip-design/prototyping-building-blocks-design","step":"verify","ok":true}
{"t":"2026-09-11T10:04:03.349Z","path":"/blogs/chip-design/protocol-verification-for-soc-designs","step":"verify","ok":true}
{"t":"2026-09-11T10:04:04.681Z","path":"/blogs/chip-design/prototyping-for-chip-verification","step":"verify","ok":true}
{"t":"2026-09-11T10:04:07.156Z","path":"/blogs/chip-design/prototyping-for-electric-car-design","step":"verify","ok":true}
{"t":"2026-09-11T10:04:09.180Z","path":"/blogs/chip-design/python-gui-builder-eda-tools","step":"verify","ok":true}
{"t":"2026-09-11T10:04:09.485Z","path":"/blogs/chip-design/qa-with-barbara-donaldson","step":"verify","ok":true}
{"t":"2026-09-11T10:04:10.174Z","path":"/blogs/chip-design/prototyping-tools-accelerate-software-development","step":"verify","ok":true}
{"t":"2026-09-11T10:04:11.255Z","path":"/blogs/chip-design/qa-with-erika-varga-mcenroe","step":"verify","ok":true}
{"t":"2026-09-11T10:04:13.422Z","path":"/blogs/chip-design/qa-with-latha-venkatachari","step":"verify","ok":true}
{"t":"2026-09-11T10:04:14.947Z","path":"/blogs/chip-design/qa-with-luca-amaru","step":"verify","ok":true}
{"t":"2026-09-11T10:04:15.708Z","path":"/blogs/chip-design/qa-with-mariya-braylovska","step":"verify","ok":true}
{"t":"2026-09-11T10:04:17.252Z","path":"/blogs/chip-design/quantum-cryptography-vs-post-quantum-cryptography","step":"verify","ok":true}
{"t":"2026-09-11T10:04:19.624Z","path":"/blogs/chip-design/radhika-shankar-qa","step":"verify","ok":true}
{"t":"2026-09-11T10:04:21.171Z","path":"/blogs/chip-design/radiation-tolerant-ken-oneill","step":"verify","ok":true}
{"t":"2026-09-11T10:04:22.293Z","path":"/blogs/chip-design/rapid-elasticity-in-cloud-computing-on-demand-scaling-for-business","step":"verify","ok":true}
{"t":"2026-09-11T10:04:22.537Z","path":"/blogs/chip-design/quantum-computing-transforming-technology-science","step":"verify","ok":true}
{"t":"2026-09-11T10:04:26.535Z","path":"/blogs/chip-design/rapid-silicon-validation-ml-edge-chips-memory","step":"verify","ok":true}
{"t":"2026-09-11T10:04:27.723Z","path":"/blogs/chip-design/recap-2022-design-automation-conference","step":"verify","ok":true}
{"t":"2026-09-11T10:04:27.833Z","path":"/blogs/chip-design/re-engineering-engineering-with-ai-innovation","step":"verify","ok":true}
{"t":"2026-09-11T10:04:28.409Z","path":"/blogs/chip-design/redefining-test-expectations-with-synopsys-testmax-an-interview-with-amit-sanghani","step":"verify","ok":true}
{"t":"2026-09-11T10:04:30.006Z","path":"/blogs/chip-design/reduce-integration-risks-high-speed-pcie-5-0-compliant-synopsys-ip","step":"verify","ok":true}
{"t":"2026-09-11T10:04:32.848Z","path":"/blogs/chip-design/reduce-memory-model-debug-time","step":"verify","ok":true}
{"t":"2026-09-11T10:04:34.348Z","path":"/blogs/chip-design/reduce-pcie-5-0-link-time","step":"verify","ok":true}
{"t":"2026-09-11T10:04:34.468Z","path":"/blogs/chip-design/reduced-blanking-high-res-displays","step":"verify","ok":true}
{"t":"2026-09-11T10:04:35.027Z","path":"/blogs/chip-design/reduce-risk-and-time-to-market-for-ddr6-designs","step":"verify","ok":true}
{"t":"2026-09-11T10:04:38.001Z","path":"/blogs/chip-design/reducing-energy-consumption-sustainable-chip-design","step":"verify","ok":true}
{"t":"2026-09-11T10:04:38.560Z","path":"/blogs/chip-design/reducing-metal-semiconductor-contact-resistance-quantumatk","step":"verify","ok":true}
{"t":"2026-09-11T10:04:40.418Z","path":"/blogs/chip-design/reflecting-stem-career-pathways","step":"verify","ok":true}
{"t":"2026-09-11T10:04:41.255Z","path":"/blogs/chip-design/renesas-electronics-innovation-multi-power-supply-design-verification","step":"verify","ok":true}
{"t":"2026-09-11T10:04:41.532Z","path":"/blogs/chip-design/reinforcement-learning-dac-2023","step":"verify","ok":true}
{"t":"2026-09-11T10:04:43.591Z","path":"/blogs/chip-design/resiliency-in-cloud-computing","step":"verify","ok":true}
{"t":"2026-09-11T10:04:45.005Z","path":"/blogs/chip-design/restart-career-after-break-riya-returnship","step":"verify","ok":true}
{"t":"2026-09-11T10:04:46.820Z","path":"/blogs/chip-design/returnships-create-new-opportunities","step":"verify","ok":true}
{"t":"2026-09-11T10:04:47.482Z","path":"/blogs/chip-design/revolutionizing-asic-flows-with-early-stage-in-design-rail-analysis","step":"verify","ok":true}
{"t":"2026-09-11T10:04:49.634Z","path":"/blogs/chip-design/rfic-design-flow-corehw","step":"verify","ok":true}
{"t":"2026-09-11T10:04:51.087Z","path":"/blogs/chip-design/risc-v-accelerator-cloud-eda-tetramem","step":"verify","ok":true}
{"t":"2026-09-11T10:04:51.356Z","path":"/blogs/chip-design/rf-digital-twin-of-the-moon","step":"verify","ok":true}
{"t":"2026-09-11T10:04:53.048Z","path":"/blogs/chip-design/risc-v-core-ip-sifive","step":"verify","ok":true}
{"t":"2026-09-11T10:04:53.284Z","path":"/blogs/chip-design/risc-v-processor-posit-arithmetic-calligo","step":"verify","ok":true}
{"t":"2026-09-11T10:04:55.107Z","path":"/blogs/chip-design/risc-v-verification-cloud","step":"verify","ok":true}
{"t":"2026-09-11T10:04:56.826Z","path":"/blogs/chip-design/rise-popularity-hdmi-2-1","step":"verify","ok":true}
{"t":"2026-09-11T10:04:58.073Z","path":"/blogs/chip-design/rise-automotive-cybersecurity","step":"verify","ok":true}
{"t":"2026-09-11T10:04:58.991Z","path":"/blogs/chip-design/rram-mram-non-volatile-memory","step":"verify","ok":true}
{"t":"2026-09-11T10:05:00.217Z","path":"/blogs/chip-design/ron-duncan-qa-stem-education-roadtrip-nation","step":"verify","ok":true}
{"t":"2026-09-11T10:05:00.551Z","path":"/blogs/chip-design/rsoft-device-tools","step":"verify","ok":true}
{"t":"2026-09-11T10:05:02.434Z","path":"/blogs/chip-design/rtl-architect-breakthrough-technology","step":"verify","ok":true}
{"t":"2026-09-11T10:05:04.555Z","path":"/blogs/chip-design/rtl-architect-vineet-rashingkar","step":"verify","ok":true}
{"t":"2026-09-11T10:05:06.076Z","path":"/blogs/chip-design/rtl-architect-verdi-integration","step":"verify","ok":true}
{"t":"2026-09-11T10:05:06.469Z","path":"/blogs/chip-design/rtl-debug-fpga-prototyping-challenges","step":"verify","ok":true}
{"t":"2026-09-11T10:05:08.687Z","path":"/blogs/chip-design/rtl-vs-functional-signoff-differences","step":"verify","ok":true}
{"t":"2026-09-11T10:05:09.397Z","path":"/blogs/chip-design/running-x-prop-with-low-power-simulation","step":"verify","ok":true}
{"t":"2026-09-11T10:05:10.271Z","path":"/blogs/chip-design/saas-cloud-eda-tools","step":"verify","ok":true}
{"t":"2026-09-11T10:05:11.899Z","path":"/blogs/chip-design/saber-for-robust-design-reliable-performance","step":"verify","ok":true}
{"t":"2026-09-11T10:05:12.269Z","path":"/blogs/chip-design/safeguarding-automotive-sensors-for-safety","step":"verify","ok":true}
{"t":"2026-09-11T10:05:14.446Z","path":"/blogs/chip-design/safety-aware-multi-die-ml-architectures-ai-vehicles","step":"verify","ok":true}
{"t":"2026-09-11T10:05:16.830Z","path":"/blogs/chip-design/samsung-ddr4-3ds-tsv-memory","step":"verify","ok":true}
{"t":"2026-09-11T10:05:17.979Z","path":"/blogs/chip-design/sassine-ghazi-named-new-synopsys-ceo","step":"verify","ok":true}
{"t":"2026-09-11T10:05:18.221Z","path":"/blogs/chip-design/saving-power-electronic-displays","step":"verify","ok":true}
{"t":"2026-09-11T10:05:18.429Z","path":"/blogs/chip-design/scalability-in-cloud-computing","step":"verify","ok":true}
{"t":"2026-09-11T10:05:21.574Z","path":"/blogs/chip-design/scalable-performance-for-soc-design","step":"verify","ok":true}
{"t":"2026-09-11T10:05:24.050Z","path":"/blogs/chip-design/secure-chipset-design-in-darpa","step":"verify","ok":true}
{"t":"2026-09-11T10:05:25.067Z","path":"/blogs/chip-design/securing-network-traffic-macsec-ethernet","step":"verify","ok":true}
{"t":"2026-09-11T10:05:26.090Z","path":"/blogs/chip-design/securing-chip-supply-chain-for-aerospace-defense","step":"verify","ok":true}
{"t":"2026-09-11T10:05:26.553Z","path":"/blogs/chip-design/securing-memory-paths-synopsys-scalable-ime","step":"verify","ok":true}
{"t":"2026-09-11T10:05:27.522Z","path":"/blogs/chip-design/securing-physical-ai-systems","step":"verify","ok":true}
{"t":"2026-09-11T10:05:31.303Z","path":"/blogs/chip-design/semiconductor-design-goes-saas-snug","step":"verify","ok":true}
{"t":"2026-09-11T10:05:32.196Z","path":"/blogs/chip-design/semiconductor-engineering-certification-synopsys-purple","step":"verify","ok":true}
{"t":"2026-09-11T10:05:32.540Z","path":"/blogs/chip-design/semiconductor-engineering-degree-programs-purdue","step":"verify","ok":true}
{"t":"2026-09-11T10:05:32.837Z","path":"/blogs/chip-design/semiconductor-engineering-talent-shortage-solutions","step":"verify","ok":true}
{"t":"2026-09-11T10:05:34.114Z","path":"/blogs/chip-design/semiconductor-industry-trends-2023","step":"verify","ok":true}
{"t":"2026-09-11T10:05:38.270Z","path":"/blogs/chip-design/semiconductor-ip-companies-offer-asic-like-services","step":"verify","ok":true}
{"t":"2026-09-11T10:05:38.786Z","path":"/blogs/chip-design/semiconductor-ip-development-qa-jumana-muwafi","step":"verify","ok":true}
{"t":"2026-09-11T10:05:39.091Z","path":"/blogs/chip-design/semiconductor-ip-tsmc-n3e","step":"verify","ok":true}
{"t":"2026-09-11T10:05:39.655Z","path":"/blogs/chip-design/semiconductor-talent-shortage-qa","step":"verify","ok":true}
{"t":"2026-09-11T10:05:40.013Z","path":"/blogs/chip-design/semiconductor-training-workforce-development-program","step":"verify","ok":true}
{"t":"2026-09-11T10:05:44.509Z","path":"/blogs/chip-design/semiconductor-yield-analysis-machine-learning","step":"verify","ok":true}
{"t":"2026-09-11T10:05:45.572Z","path":"/blogs/chip-design/semiconductors-chip-design-global-innovation","step":"verify","ok":true}
{"t":"2026-09-11T10:05:45.672Z","path":"/blogs/chip-design/shelagh-glaser-cfo-qa-women-in-tech","step":"verify","ok":true}
{"t":"2026-09-11T10:05:45.703Z","path":"/blogs/chip-design/semiconductor-workforce-development-programs","step":"verify","ok":true}
{"t":"2026-09-11T10:05:46.369Z","path":"/blogs/chip-design/shift-left-sdv-embedded-validation-virtual-ecus","step":"verify","ok":true}
{"t":"2026-09-11T10:05:51.703Z","path":"/blogs/chip-design/silent-data-corruption-sdc-challenges","step":"verify","ok":true}
{"t":"2026-09-11T10:05:51.781Z","path":"/blogs/chip-design/silicon-design-and-chip-performance-with-concertio","step":"verify","ok":true}
{"t":"2026-09-11T10:05:52.088Z","path":"/blogs/chip-design/shifting-security-left-for-defense-applications","step":"verify","ok":true}
{"t":"2026-09-11T10:05:52.104Z","path":"/blogs/chip-design/silicon-frontline-technology-acquisition","step":"verify","ok":true}
{"t":"2026-09-11T10:05:52.452Z","path":"/blogs/chip-design/shifting-left-with-ansys-john-lee-jacob-avidan-interview","step":"verify","ok":true}
{"t":"2026-09-11T10:05:57.902Z","path":"/blogs/chip-design/silicon-photonics-multi-die-systems-aerospace-government","step":"verify","ok":true}
{"t":"2026-09-11T10:05:57.916Z","path":"/blogs/chip-design/silicon-lifecycle-management","step":"verify","ok":true}
{"t":"2026-09-11T10:05:57.948Z","path":"/blogs/chip-design/silicon-lifecycle-management-smarter-chip-design","step":"verify","ok":true}
{"t":"2026-09-11T10:05:58.492Z","path":"/blogs/chip-design/silicon-photonics-data-center-interconnect-design","step":"verify","ok":true}
{"t":"2026-09-11T10:05:58.640Z","path":"/blogs/chip-design/silicon-proven-ip-for-soc-design-in-hpc","step":"verify","ok":true}
{"t":"2026-09-11T10:06:04.188Z","path":"/blogs/chip-design/silicon-software-automotive-value-chain","step":"verify","ok":true}
{"t":"2026-09-11T10:06:04.255Z","path":"/blogs/chip-design/silicon-testing-with-high-speed-functional-interfaces","step":"verify","ok":true}
{"t":"2026-09-11T10:06:04.491Z","path":"/blogs/chip-design/silicon-remastering-addressing-chip-supply-shortage","step":"verify","ok":true}
{"t":"2026-09-11T10:06:04.611Z","path":"/blogs/chip-design/simplify-entertainment-hdmi-earc","step":"verify","ok":true}
{"t":"2026-09-11T10:06:04.755Z","path":"/blogs/chip-design/sima-ai-bug-free-physical-ai-silicon","step":"verify","ok":true}
{"t":"2026-09-11T10:06:10.291Z","path":"/blogs/chip-design/simulation-solutions-structural-integrity-chip-packages","step":"verify","ok":true}
{"t":"2026-09-11T10:06:10.503Z","path":"/blogs/chip-design/smart-monitors-improve-arm-socs-performance","step":"verify","ok":true}
{"t":"2026-09-11T10:06:10.599Z","path":"/blogs/chip-design/simulation-quantum-computing-research-development","step":"verify","ok":true}
{"t":"2026-09-11T10:06:10.726Z","path":"/blogs/chip-design/slm-data-center-reliability","step":"verify","ok":true}
{"t":"2026-09-11T10:06:11.451Z","path":"/blogs/chip-design/smart-semiconductor-manufacturing-technology","step":"verify","ok":true}
{"t":"2026-09-11T10:06:16.498Z","path":"/blogs/chip-design/smarter-sensors-for-self-driving","step":"verify","ok":true}
{"t":"2026-09-11T10:06:16.586Z","path":"/blogs/chip-design/snug-gets-of-wisdom-synopsys-memory-solutions","step":"verify","ok":true}
{"t":"2026-09-11T10:06:16.659Z","path":"/blogs/chip-design/snug-silicon-valley-2022","step":"verify","ok":true}
{"t":"2026-09-11T10:06:17.334Z","path":"/blogs/chip-design/snug-silicon-valley-2023-keynote","step":"verify","ok":true}
{"t":"2026-09-11T10:06:17.606Z","path":"/blogs/chip-design/snug-silicon-valley-2023","step":"verify","ok":true}
{"t":"2026-09-11T10:06:22.968Z","path":"/blogs/chip-design/snug-silicon-valley-2024","step":"verify","ok":true}
{"t":"2026-09-11T10:06:22.991Z","path":"/blogs/chip-design/snug-silicon-valley-2025","step":"verify","ok":true}
{"t":"2026-09-11T10:06:23.007Z","path":"/blogs/chip-design/soafee-enables-next-gen-connected-vehicles","step":"verify","ok":true}
{"t":"2026-09-11T10:06:23.434Z","path":"/blogs/chip-design/soc-design-verification-renesas","step":"verify","ok":true}
{"t":"2026-09-11T10:06:23.866Z","path":"/blogs/chip-design/soc-design-services-hpc-data-center","step":"verify","ok":true}
{"t":"2026-09-11T10:06:28.646Z","path":"/blogs/chip-design/soc-physical-verification-tool-achronix","step":"verify","ok":true}
{"t":"2026-09-11T10:06:28.665Z","path":"/blogs/chip-design/soc-interfaces-security-enhance-data-protection","step":"verify","ok":true}
{"t":"2026-09-11T10:06:29.433Z","path":"/blogs/chip-design/soc-ip-powers-hpc-applications","step":"verify","ok":true}
{"t":"2026-09-11T10:06:30.056Z","path":"/blogs/chip-design/soc-verification-kit-out-of-the-box-verification-solution","step":"verify","ok":true}
{"t":"2026-09-11T10:06:32.685Z","path":"/blogs/chip-design/soc-hbm2e-capacity-speed-benefits","step":"verify","ok":false,"why":"about:error in delivered html"}
{"t":"2026-09-11T10:06:33.997Z","path":"/blogs/chip-design/socs-take-us-smart-to-smarter","step":"verify","ok":true}
{"t":"2026-09-11T10:06:35.216Z","path":"/blogs/chip-design/software-defined-automotive-development","step":"verify","ok":true}
{"t":"2026-09-11T10:06:35.635Z","path":"/blogs/chip-design/software-bring-up-multi-die-systems","step":"verify","ok":true}
{"t":"2026-09-11T10:06:36.332Z","path":"/blogs/chip-design/software-defined-data-centers-sc24","step":"verify","ok":true}
{"t":"2026-09-11T10:06:38.610Z","path":"/blogs/chip-design/software-defined-hardware-assisted-verification","step":"verify","ok":true}
{"t":"2026-09-11T10:06:39.987Z","path":"/blogs/chip-design/software-defined-vehicle-ecu-architectures","step":"verify","ok":true}
{"t":"2026-09-11T10:06:41.085Z","path":"/blogs/chip-design/software-defined-vehicles-aws","step":"verify","ok":true}
{"t":"2026-09-11T10:06:42.223Z","path":"/blogs/chip-design/software-defined-vehicles-changes-auto-design","step":"verify","ok":true}
{"t":"2026-09-11T10:06:42.270Z","path":"/blogs/chip-design/software-defined-vehicles-blackberry-aws","step":"verify","ok":true}
{"t":"2026-09-11T10:06:44.613Z","path":"/blogs/chip-design/software-defined-vehicles-synopsys-arm","step":"verify","ok":true}
{"t":"2026-09-11T10:06:46.460Z","path":"/blogs/chip-design/software-drives-product-design-innovation","step":"verify","ok":true}
{"t":"2026-09-11T10:06:47.410Z","path":"/blogs/chip-design/software-enabled-full-chip-power-signoff-soc-verification","step":"verify","ok":true}
{"t":"2026-09-11T10:06:48.291Z","path":"/blogs/chip-design/software-modeling-kpi-prototyping","step":"verify","ok":true}
{"t":"2026-09-11T10:06:48.504Z","path":"/blogs/chip-design/software-security-quality-joe-jarzombek","step":"verify","ok":true}
{"t":"2026-09-11T10:06:50.268Z","path":"/blogs/chip-design/south-korean-startup-rebellions-redefines-energy-efficient-ai-computing","step":"verify","ok":true}
{"t":"2026-09-11T10:06:52.239Z","path":"/blogs/chip-design/southeast-asia-semiconductor-workforce-development","step":"verify","ok":true}
{"t":"2026-09-11T10:06:53.104Z","path":"/blogs/chip-design/space-exploration-engineering-silicon-systems","step":"verify","ok":true}
{"t":"2026-09-11T10:06:53.849Z","path":"/blogs/chip-design/sram-margin-analysis-workflow","step":"verify","ok":true}
{"t":"2026-09-11T10:06:54.868Z","path":"/blogs/chip-design/speed-up-simulation-coverage-closure","step":"verify","ok":true}
{"t":"2026-09-11T10:06:56.233Z","path":"/blogs/chip-design/sram-puf-chip-security","step":"verify","ok":true}
{"t":"2026-09-11T10:06:58.143Z","path":"/blogs/chip-design/starrc-advanced-features-custom-soc-design","step":"verify","ok":true}
{"t":"2026-09-11T10:06:59.296Z","path":"/blogs/chip-design/starrc-density-corner-value-proposition","step":"verify","ok":true}
{"t":"2026-09-11T10:06:59.873Z","path":"/blogs/chip-design/starrc-standalone-netlist-reducer","step":"verify","ok":true}
{"t":"2026-09-11T10:07:00.603Z","path":"/blogs/chip-design/starrc-vmf-ic-validator-amf-positioning","step":"verify","ok":true}
{"t":"2026-09-11T10:07:02.157Z","path":"/blogs/chip-design/startup-vc-connect-ai-silicon","step":"verify","ok":true}
{"t":"2026-09-11T10:07:04.959Z","path":"/blogs/chip-design/stem-education-with-eda-tools","step":"verify","ok":true}
{"t":"2026-09-11T10:07:05.041Z","path":"/blogs/chip-design/strategic-role-of-glitch-detection-ip-in-modern-socs","step":"verify","ok":true}
{"t":"2026-09-11T10:07:05.689Z","path":"/blogs/chip-design/streamline-photonic-icd-with-pdks","step":"verify","ok":true}
{"t":"2026-09-11T10:07:06.747Z","path":"/blogs/chip-design/streamlining-camera-security-validation-framework-using-synopsys-mipi-cse-v20-vip","step":"verify","ok":true}
{"t":"2026-09-11T10:07:08.778Z","path":"/blogs/chip-design/summer-2021-internship-interdisciplinary-learning","step":"verify","ok":true}
{"t":"2026-09-11T10:07:10.843Z","path":"/blogs/chip-design/summer-tech-internship-program","step":"verify","ok":true}
{"t":"2026-09-11T10:07:11.698Z","path":"/blogs/chip-design/sustainability-efforts-grow-azure-sky-wind-farm","step":"verify","ok":true}
{"t":"2026-09-11T10:07:11.922Z","path":"/blogs/chip-design/superconducting-iarpa-jamil-kawa","step":"verify","ok":true}
{"t":"2026-09-11T10:07:13.083Z","path":"/blogs/chip-design/swap-marc-swinnen-kenneth-larsen","step":"verify","ok":true}
{"t":"2026-09-11T10:07:14.838Z","path":"/blogs/chip-design/symmetric-layouts-showing-mismatches-spice-simulations","step":"verify","ok":true}
{"t":"2026-09-11T10:07:16.475Z","path":"/blogs/chip-design/synopsys-ai-copilots-chip-design","step":"verify","ok":true}
{"t":"2026-09-11T10:07:17.790Z","path":"/blogs/chip-design/synopsys-ai-eda-tools","step":"verify","ok":true}
{"t":"2026-09-11T10:07:18.022Z","path":"/blogs/chip-design/synopsys-and-fishtail-design-automation","step":"verify","ok":true}
{"t":"2026-09-11T10:07:18.730Z","path":"/blogs/chip-design/synopsys-ansys-engineering-innovation","step":"verify","ok":true}
{"t":"2026-09-11T10:07:21.154Z","path":"/blogs/chip-design/synopsys-arm-aim-to-reduce-silicon-design-cycles","step":"verify","ok":true}
{"t":"2026-09-11T10:07:23.060Z","path":"/blogs/chip-design/synopsys-asem-pcda-advance-malaysia-semiconductor-design","step":"verify","ok":true}
{"t":"2026-09-11T10:07:23.745Z","path":"/blogs/chip-design/synopsys-ceo-sassine-ghazi-future","step":"verify","ok":true}
{"t":"2026-09-11T10:07:24.638Z","path":"/blogs/chip-design/synopsys-cloud-ic-verification-drc","step":"verify","ok":true}
{"t":"2026-09-11T10:07:25.009Z","path":"/blogs/chip-design/synopsys-converge-2026-silicon-systems-conference","step":"verify","ok":true}
{"t":"2026-09-11T10:07:27.166Z","path":"/blogs/chip-design/synopsys-joins-ifs-usmag-alliance","step":"verify","ok":true}
{"t":"2026-09-11T10:07:29.036Z","path":"/blogs/chip-design/synopsys-learning-center-training-accessible-easier","step":"verify","ok":true}
{"t":"2026-09-11T10:07:29.824Z","path":"/blogs/chip-design/synopsys-learning-center","step":"verify","ok":true}
{"t":"2026-09-11T10:07:30.095Z","path":"/blogs/chip-design/synopsys-li-auto-case-study","step":"verify","ok":true}
{"t":"2026-09-11T10:07:30.905Z","path":"/blogs/chip-design/synopsys-pcie-leadership-recognized","step":"verify","ok":true}
{"t":"2026-09-11T10:07:33.439Z","path":"/blogs/chip-design/synopsys-tapes-out-slm-pvt-monitor-ip-on-tsmc-n5-n3e1","step":"verify","ok":true}
{"t":"2026-09-11T10:07:34.710Z","path":"/blogs/chip-design/synopsys-vc-formal-sig-event-2023","step":"verify","ok":true}
{"t":"2026-09-11T10:07:35.523Z","path":"/blogs/chip-design/synopsys-vcs-vip-cloud-simulation","step":"verify","ok":true}
{"t":"2026-09-11T10:07:35.531Z","path":"/blogs/chip-design/system-architecture-design-tools","step":"verify","ok":true}
{"t":"2026-09-11T10:07:36.850Z","path":"/blogs/chip-design/system-interoperability-in-hyperscale-data-centers","step":"verify","ok":true}
{"t":"2026-09-11T10:07:39.898Z","path":"/blogs/chip-design/tachyum-prodigy-hpc-processor-hyperscale-data-centers","step":"verify","ok":true}
{"t":"2026-09-11T10:07:40.335Z","path":"/blogs/chip-design/tackling-tech-talent-shortage-with-stem","step":"verify","ok":true}
{"t":"2026-09-11T10:07:41.459Z","path":"/blogs/chip-design/tcad-simulations-design-reliable-space-based-chips","step":"verify","ok":true}
{"t":"2026-09-11T10:07:41.553Z","path":"/blogs/chip-design/tcad-semiconductor-industry-iit-bombay","step":"verify","ok":true}
{"t":"2026-09-11T10:07:42.894Z","path":"/blogs/chip-design/tda5-socs-vdk-ai-autonomous-driving-ces","step":"verify","ok":true}
{"t":"2026-09-11T10:07:46.050Z","path":"/blogs/chip-design/tech-internships-summer-2023","step":"verify","ok":true}
{"t":"2026-09-11T10:07:46.212Z","path":"/blogs/chip-design/technology-beyond-3nm-interview-jacob-avidan-shankar-krishnamoorthy","step":"verify","ok":true}
{"t":"2026-09-11T10:07:47.345Z","path":"/blogs/chip-design/thermal-management-solutions-multi-die-systems","step":"verify","ok":true}
{"t":"2026-09-11T10:07:47.354Z","path":"/blogs/chip-design/testmax-test-all-the-limits","step":"verify","ok":true}
{"t":"2026-09-11T10:07:48.942Z","path":"/blogs/chip-design/three-ai-chip-startups-cloud-eda-tools","step":"verify","ok":true}
{"t":"2026-09-11T10:07:51.993Z","path":"/blogs/chip-design/tilelink-verification-ip-riscv-socs","step":"verify","ok":true}
{"t":"2026-09-11T10:07:52.366Z","path":"/blogs/chip-design/timing-aware-multiphysics-eco-design-closure","step":"verify","ok":true}
{"t":"2026-09-11T10:07:53.923Z","path":"/blogs/chip-design/tools-accelerate-memory-chip-design","step":"verify","ok":true}
{"t":"2026-09-11T10:07:53.937Z","path":"/blogs/chip-design/timing-constraints-signoff-flow","step":"verify","ok":true}
{"t":"2026-09-11T10:07:55.216Z","path":"/blogs/chip-design/top-cloud-architecture-design-principles-important-for-eda","step":"verify","ok":true}
{"t":"2026-09-11T10:07:58.168Z","path":"/blogs/chip-design/toshiba-enhances-memory-bist-synopsys-testmax","step":"verify","ok":true}
{"t":"2026-09-11T10:07:58.219Z","path":"/blogs/chip-design/top-medical-device-design-priorities-chip-design","step":"verify","ok":true}
{"t":"2026-09-11T10:07:59.672Z","path":"/blogs/chip-design/tsmc-multi-die-systems-ucie-phy-ip-n3e","step":"verify","ok":true}
{"t":"2026-09-11T10:08:00.009Z","path":"/blogs/chip-design/tsmc-awards-semiconductor-design-innovation","step":"verify","ok":true}
{"t":"2026-09-11T10:08:01.222Z","path":"/blogs/chip-design/tsmc-partner-of-the-year-2024","step":"verify","ok":true}
{"t":"2026-09-11T10:08:04.058Z","path":"/blogs/chip-design/types-of-cloud-security-tools","step":"verify","ok":true}
{"t":"2026-09-11T10:08:04.127Z","path":"/blogs/chip-design/turbocharging-ai-how-hardware-assisted-verification-fuels-the-revolution","step":"verify","ok":true}
{"t":"2026-09-11T10:08:04.908Z","path":"/blogs/chip-design/uasp-faster-usb-mass-storage","step":"verify","ok":true}
{"t":"2026-09-11T10:08:06.017Z","path":"/blogs/chip-design/ucie-1-0-protocol-verification-guide","step":"verify","ok":true}
{"t":"2026-09-11T10:08:06.998Z","path":"/blogs/chip-design/ucie-2-0-setting-the-tone-for-chiplet-interoperability","step":"verify","ok":true}
{"t":"2026-09-11T10:08:09.826Z","path":"/blogs/chip-design/ucie-3-0-chiplet-ip-solutions","step":"verify","ok":true}
{"t":"2026-09-11T10:08:10.206Z","path":"/blogs/chip-design/ucie-changes-soc-design","step":"verify","ok":true}
{"t":"2026-09-11T10:08:10.799Z","path":"/blogs/chip-design/ucie-performance-40g-multi-die-systems","step":"verify","ok":true}
{"t":"2026-09-11T10:08:11.707Z","path":"/blogs/chip-design/ucie-protocol-multi-die-chip","step":"verify","ok":true}
{"t":"2026-09-11T10:08:13.602Z","path":"/blogs/chip-design/ucie-standard-multi-die-systems","step":"verify","ok":true}
{"t":"2026-09-11T10:08:15.398Z","path":"/blogs/chip-design/ufs-5-0-verification-mobile-automotive-ai-storage","step":"verify","ok":true}
{"t":"2026-09-11T10:08:15.553Z","path":"/blogs/chip-design/ufs-4-0-specification-flash-storage","step":"verify","ok":true}
{"t":"2026-09-11T10:08:16.443Z","path":"/blogs/chip-design/ultra-ethernet-consortium","step":"verify","ok":true}
{"t":"2026-09-11T10:08:16.993Z","path":"/blogs/chip-design/ultra-ethernet-ualink-ai-infrastructure","step":"verify","ok":true}
{"t":"2026-09-11T10:08:19.460Z","path":"/blogs/chip-design/understanding-amba-axi-exclusive-access","step":"verify","ok":true}
{"t":"2026-09-11T10:08:21.407Z","path":"/blogs/chip-design/understanding-cloud-computing-for-eda-workloads","step":"verify","ok":true}
{"t":"2026-09-11T10:08:22.010Z","path":"/blogs/chip-design/understanding-display-color-space","step":"verify","ok":true}
{"t":"2026-09-11T10:08:22.420Z","path":"/blogs/chip-design/understanding-haps-prototyping-systems-accessories","step":"verify","ok":true}
{"t":"2026-09-11T10:08:22.727Z","path":"/blogs/chip-design/understanding-iso-26262-semiconductors","step":"verify","ok":true}
{"t":"2026-09-11T10:08:25.080Z","path":"/blogs/chip-design/understanding-new-tilelink-standard","step":"verify","ok":true}
{"t":"2026-09-11T10:08:27.097Z","path":"/blogs/chip-design/understanding-pcie-spread-spectrum-clocking","step":"verify","ok":true}
{"t":"2026-09-11T10:08:27.641Z","path":"/blogs/chip-design/understanding-row-hammer-attacks","step":"verify","ok":true}
{"t":"2026-09-11T10:08:28.028Z","path":"/blogs/chip-design/unified-emulation-prototyping-system","step":"verify","ok":true}
{"t":"2026-09-11T10:08:28.370Z","path":"/blogs/chip-design/unified-coverage-planning-analysis","step":"verify","ok":true}
{"t":"2026-09-11T10:08:31.078Z","path":"/blogs/chip-design/unified-power-format-low-power-ic-design","step":"verify","ok":true}
{"t":"2026-09-11T10:08:33.153Z","path":"/blogs/chip-design/unraveling-cxl-technology-overview","step":"verify","ok":true}
{"t":"2026-09-11T10:08:33.821Z","path":"/blogs/chip-design/upstream-downstream-ports-guide","step":"verify","ok":true}
{"t":"2026-09-11T10:08:34.085Z","path":"/blogs/chip-design/upgrading-3d-ic-packaging-for-faster-ai-inference-with-psm","step":"verify","ok":true}
{"t":"2026-09-11T10:08:34.914Z","path":"/blogs/chip-design/usb-80gbps-specification-and-protocol","step":"verify","ok":true}
{"t":"2026-09-11T10:08:37.360Z","path":"/blogs/chip-design/usb-audio-device-class3","step":"verify","ok":true}
{"t":"2026-09-11T10:08:38.613Z","path":"/blogs/chip-design/usb-dual-role-advantages","step":"verify","ok":true}
{"t":"2026-09-11T10:08:40.263Z","path":"/blogs/chip-design/usb-type-c-alternate-mode-universality","step":"verify","ok":true}
{"t":"2026-09-11T10:08:40.322Z","path":"/blogs/chip-design/usb-type-c-trends-worldwide","step":"verify","ok":true}
{"t":"2026-09-11T10:08:42.671Z","path":"/blogs/chip-design/usb-type-c-verification-challenges","step":"verify","ok":true}
{"t":"2026-09-11T10:08:43.513Z","path":"/blogs/chip-design/usb-role-in-iot","step":"verify","ok":true}
{"t":"2026-09-11T10:08:44.395Z","path":"/blogs/chip-design/usb3-2-cable-length-water-delivery","step":"verify","ok":true}
{"t":"2026-09-11T10:08:45.868Z","path":"/blogs/chip-design/usb3-2-power-delivery-charging","step":"verify","ok":true}
{"t":"2026-09-11T10:08:46.166Z","path":"/blogs/chip-design/usb3-2-primer","step":"verify","ok":true}
{"t":"2026-09-11T10:08:48.246Z","path":"/blogs/chip-design/usb4-device-ip-edge-ai","step":"verify","ok":true}
{"t":"2026-09-11T10:08:48.984Z","path":"/blogs/chip-design/usb4-high-performance-combined-data","step":"verify","ok":true}
{"t":"2026-09-11T10:08:50.578Z","path":"/blogs/chip-design/usb4-specification-advancements-future-devices","step":"verify","ok":true}
{"t":"2026-09-11T10:08:51.952Z","path":"/blogs/chip-design/use-cases-benefits-synopsys-virtual-prototyping","step":"verify","ok":true}
{"t":"2026-09-11T10:08:52.275Z","path":"/blogs/chip-design/using-ai-to-debug-more-quickly-and-accurately","step":"verify","ok":true}
{"t":"2026-09-11T10:08:53.978Z","path":"/blogs/chip-design/uvc-device-video-streaming","step":"verify","ok":true}
{"t":"2026-09-11T10:08:55.174Z","path":"/blogs/chip-design/validation-of-autosar-classic-ecus-running-rust-swcs-a-safer-path-to-automotive-software","step":"verify","ok":true}
{"t":"2026-09-11T10:08:56.519Z","path":"/blogs/chip-design/verdi-waveform-utilities","step":"verify","ok":true}
{"t":"2026-09-11T10:08:57.526Z","path":"/blogs/chip-design/verification-challenges-in-the-cloud","step":"verify","ok":true}
{"t":"2026-09-11T10:08:58.874Z","path":"/blogs/chip-design/verification-in-ai-era-scaling-software-driven-hardware-assisted-verification","step":"verify","ok":true}
{"t":"2026-09-11T10:09:00.152Z","path":"/blogs/chip-design/verification-of-ual-uec-protocols-for-scalable-hpc-ai-networks-using-synopsys-vip","step":"verify","ok":true}
{"t":"2026-09-11T10:09:00.949Z","path":"/blogs/chip-design/verification-validation-differences","step":"verify","ok":true}
{"t":"2026-09-11T10:09:02.356Z","path":"/blogs/chip-design/verification-viewpoints-a-new-blog-series","step":"verify","ok":true}
{"t":"2026-09-11T10:09:03.381Z","path":"/blogs/chip-design/verification-viewpoints-shift-left-sanity-testing","step":"verify","ok":true}
{"t":"2026-09-11T10:09:04.571Z","path":"/blogs/chip-design/verifying-complex-datapath-designs-with-hector","step":"verify","ok":true}
{"t":"2026-09-11T10:09:05.499Z","path":"/blogs/chip-design/verifying-cxl3-1-designs-with-synopsys-verification-ip","step":"verify","ok":true}
{"t":"2026-09-11T10:09:06.769Z","path":"/blogs/chip-design/verifying-nvme-2-1-designs-for-ai-hpc-workloads","step":"verify","ok":true}
{"t":"2026-09-11T10:09:07.951Z","path":"/blogs/chip-design/verifying-systems-with-primesim-continuum","step":"verify","ok":true}
{"t":"2026-09-11T10:09:09.729Z","path":"/blogs/chip-design/vip-amba-cxs-early-success","step":"verify","ok":true}
{"t":"2026-09-11T10:09:10.687Z","path":"/blogs/chip-design/virtual-electronic-control-unit-prototyping-tools","step":"verify","ok":true}
{"t":"2026-09-11T10:09:10.957Z","path":"/blogs/chip-design/virtual-prototyping-pre-silicon-verification","step":"verify","ok":true}
{"t":"2026-09-11T10:09:12.964Z","path":"/blogs/chip-design/virtual-prototyping-shifts-software-soc-design-left","step":"verify","ok":true}
{"t":"2026-09-11T10:09:13.957Z","path":"/blogs/chip-design/virtual-prototyping-tools-multi-die-system-architecture-design","step":"verify","ok":true}
{"t":"2026-09-11T10:09:15.680Z","path":"/blogs/chip-design/virtual-sensors-system-design","step":"verify","ok":true}
{"t":"2026-09-11T10:09:16.423Z","path":"/blogs/chip-design/virtualizer-native-execution-arm","step":"verify","ok":true}
{"t":"2026-09-11T10:09:16.653Z","path":"/blogs/chip-design/virtualizing-posix-style-ecus-deterministic-sil-simulation","step":"verify","ok":true}
{"t":"2026-09-11T10:09:18.649Z","path":"/blogs/chip-design/visualizing-cross-die-paths-multi-die-designs","step":"verify","ok":true}
{"t":"2026-09-11T10:09:20.103Z","path":"/blogs/chip-design/volvo-cars-automotive-digital-twin","step":"verify","ok":true}
{"t":"2026-09-11T10:09:21.185Z","path":"/blogs/chip-design/vso-ai-nvidia","step":"verify","ok":true}
{"t":"2026-09-11T10:09:22.837Z","path":"/blogs/chip-design/weikai-sun-interview-synopsys-custom-design-platform","step":"verify","ok":true}
{"t":"2026-09-11T10:09:22.895Z","path":"/blogs/chip-design/what-are-co-packaged-optics","step":"verify","ok":true}
{"t":"2026-09-11T10:09:24.850Z","path":"/blogs/chip-design/what-are-counterfeit-chips","step":"verify","ok":true}
{"t":"2026-09-11T10:09:25.705Z","path":"/blogs/chip-design/what-are-gate-all-around-gaa-transistors","step":"verify","ok":true}
{"t":"2026-09-11T10:09:26.616Z","path":"/blogs/chip-design/what-are-multi-die-systems","step":"verify","ok":true}
{"t":"2026-09-11T10:09:28.386Z","path":"/blogs/chip-design/what-does-cloud-native-mean","step":"verify","ok":true}
{"t":"2026-09-11T10:09:28.787Z","path":"/blogs/chip-design/what-is-a-cloud-data-center","step":"verify","ok":true}
{"t":"2026-09-11T10:09:30.262Z","path":"/blogs/chip-design/what-is-a-smartnic","step":"verify","ok":true}
{"t":"2026-09-11T10:09:31.206Z","path":"/blogs/chip-design/what-is-ams-verification","step":"verify","ok":true}
{"t":"2026-09-11T10:09:31.828Z","path":"/blogs/chip-design/what-is-bring-your-own-cloud","step":"verify","ok":true}
{"t":"2026-09-11T10:09:33.814Z","path":"/blogs/chip-design/what-is-clock-domain-crossing","step":"verify","ok":true}
{"t":"2026-09-11T10:09:33.979Z","path":"/blogs/chip-design/what-is-cloud-migration","step":"verify","ok":true}
{"t":"2026-09-11T10:09:35.738Z","path":"/blogs/chip-design/what-is-cloud-native-architecture","step":"verify","ok":true}
{"t":"2026-09-11T10:09:36.539Z","path":"/blogs/chip-design/what-is-cloud-security-framework","step":"verify","ok":true}
{"t":"2026-09-11T10:09:37.190Z","path":"/blogs/chip-design/what-is-code-linting","step":"verify","ok":true}
{"t":"2026-09-11T10:09:39.219Z","path":"/blogs/chip-design/what-is-compute-express-link-3","step":"verify","ok":true}
{"t":"2026-09-11T10:09:39.623Z","path":"/blogs/chip-design/what-is-cryo-cmos-ip","step":"verify","ok":true}
{"t":"2026-09-11T10:09:41.698Z","path":"/blogs/chip-design/what-is-democratized-design","step":"verify","ok":true}
{"t":"2026-09-11T10:09:41.792Z","path":"/blogs/chip-design/what-is-distributed-cloud-computing","step":"verify","ok":true}
{"t":"2026-09-11T10:09:42.764Z","path":"/blogs/chip-design/what-is-edge-computing","step":"verify","ok":true}
{"t":"2026-09-11T10:09:44.546Z","path":"/blogs/chip-design/what-is-elasticity-in-cloud-computing","step":"verify","ok":true}
{"t":"2026-09-11T10:09:45.466Z","path":"/blogs/chip-design/what-is-emram","step":"verify","ok":true}
{"t":"2026-09-11T10:09:46.995Z","path":"/blogs/chip-design/what-is-flexeda","step":"verify","ok":true}
{"t":"2026-09-11T10:09:48.552Z","path":"/blogs/chip-design/what-is-hardware-assisted-verification-hav","step":"verify","ok":true}
{"t":"2026-09-11T10:09:48.903Z","path":"/blogs/chip-design/what-is-local-layout-effect-chip-design","step":"verify","ok":true}
{"t":"2026-09-11T10:09:50.176Z","path":"/blogs/chip-design/what-is-macsec-protocol","step":"verify","ok":true}
{"t":"2026-09-11T10:09:51.404Z","path":"/blogs/chip-design/what-is-mobile-industry-processor-interface-protocol","step":"verify","ok":true}
{"t":"2026-09-11T10:09:52.200Z","path":"/blogs/chip-design/what-is-multi-cloud-architecture","step":"verify","ok":true}
{"t":"2026-09-11T10:09:54.187Z","path":"/blogs/chip-design/what-is-multi-die-chip-design","step":"verify","ok":true}
{"t":"2026-09-11T10:09:54.578Z","path":"/blogs/chip-design/what-is-nfs-shared-storage","step":"verify","ok":true}
{"t":"2026-09-11T10:09:56.235Z","path":"/blogs/chip-design/what-is-object-storage","step":"verify","ok":true}
{"t":"2026-09-11T10:09:57.203Z","path":"/blogs/chip-design/what-is-persistent-storage","step":"verify","ok":true}
{"t":"2026-09-11T10:09:58.572Z","path":"/blogs/chip-design/what-is-photonics","step":"verify","ok":true}
{"t":"2026-09-11T10:09:59.849Z","path":"/blogs/chip-design/what-is-quantum-computing","step":"verify","ok":true}
{"t":"2026-09-11T10:10:00.080Z","path":"/blogs/chip-design/what-is-power-optimization","step":"verify","ok":true}
{"t":"2026-09-11T10:10:01.952Z","path":"/blogs/chip-design/what-is-reset-domain-crossing","step":"verify","ok":true}
{"t":"2026-09-11T10:10:02.568Z","path":"/blogs/chip-design/what-is-shared-cloud-storage","step":"verify","ok":true}
{"t":"2026-09-11T10:10:04.090Z","path":"/blogs/chip-design/what-is-silent-data-corruption-sdc","step":"verify","ok":true}
{"t":"2026-09-11T10:10:06.243Z","path":"/blogs/chip-design/what-is-silicon-lifecycle-management-slm","step":"verify","ok":true}
{"t":"2026-09-11T10:10:06.419Z","path":"/blogs/chip-design/what-is-tdisp-pcie-io-virtualization","step":"verify","ok":true}
{"t":"2026-09-11T10:10:08.269Z","path":"/blogs/chip-design/what-is-usb4-v2-specification","step":"verify","ok":true}
{"t":"2026-09-11T10:10:09.018Z","path":"/blogs/chip-design/what-is-very-short-reach-vsr-connectivity","step":"verify","ok":true}
{"t":"2026-09-11T10:10:10.284Z","path":"/blogs/chip-design/whats-new-in-pcie-6","step":"verify","ok":true}
{"t":"2026-09-11T10:10:12.824Z","path":"/blogs/chip-design/when-ai-gets-a-body-physical-ai","step":"verify","ok":true}
{"t":"2026-09-11T10:10:13.005Z","path":"/blogs/chip-design/when-functional-chip-design-verification-truly-finished","step":"verify","ok":true}
{"t":"2026-09-11T10:10:14.309Z","path":"/blogs/chip-design/where-does-innovation-come-from","step":"verify","ok":true}
{"t":"2026-09-11T10:10:14.914Z","path":"/blogs/chip-design/why-adaptability-is-key-to-faster-prototyping","step":"verify","ok":true}
{"t":"2026-09-11T10:10:15.777Z","path":"/blogs/chip-design/why-ai-hardware-demands-the-highest-verifiable-qor","step":"verify","ok":true}
{"t":"2026-09-11T10:10:18.601Z","path":"/blogs/chip-design/why-dtco-is-key-to-memory-design-techniques","step":"verify","ok":true}
{"t":"2026-09-11T10:10:19.564Z","path":"/blogs/chip-design/why-ras-matters-in-hpc","step":"verify","ok":true}
{"t":"2026-09-11T10:10:20.229Z","path":"/blogs/chip-design/will-ai-chip-design-tools-take-your-job","step":"verify","ok":true}
{"t":"2026-09-11T10:10:20.896Z","path":"/blogs/chip-design/wish-conference-2021-qa-priyanka-joshi","step":"verify","ok":true}
{"t":"2026-09-11T10:10:22.364Z","path":"/blogs/chip-design/women-in-stem-qa-lisa-mcilwain","step":"verify","ok":true}
{"t":"2026-09-11T10:10:24.785Z","path":"/blogs/chip-design/women-in-tech-engineering-scholarship","step":"verify","ok":true}
{"t":"2026-09-11T10:10:25.488Z","path":"/blogs/chip-design/worlds-first-hbm4-ip-test-chip-ai-hpc-validation","step":"verify","ok":true}
{"t":"2026-09-11T10:10:26.849Z","path":"/blogs/chip-design/ywca-tribute-to-women-awards-honors-synopsys","step":"verify","ok":true}
{"t":"2026-09-11T10:10:27.104Z","path":"/blogs/chip-design/zebu-cloud-saas-flow","step":"verify","ok":true}
{"t":"2026-09-11T10:10:28.036Z","path":"/blogs/chip-design/zebu-innovation-advancing-emulation-technology-complex-soc-verification","step":"verify","ok":true}
{"t":"2026-09-11T10:10:30.453Z","path":"/blogs/chip-design/zebu-use-cases-tackling-soc-verification-tasks","step":"verify","ok":true}
{"t":"2026-09-11T10:10:31.603Z","path":"/blogs/chip-design/zephyr-rtos-silicon-lifecycle-management","step":"verify","ok":true}
{"t":"2026-09-11T10:10:32.461Z","path":"/careers/global/asia-pacific/taiwan","step":"verify","ok":true}
{"t":"2026-09-11T10:10:32.670Z","path":"/careers/global/europe-and-middle-east/israel","step":"verify","ok":true}
{"t":"2026-09-11T10:10:33.958Z","path":"/careers/global/europe-and-middle-east/portugal/microelectronics-academy","step":"verify","ok":true}
{"t":"2026-09-11T10:10:35.948Z","path":"/careers/global/south-asia/bangalore","step":"verify","ok":true}
{"t":"2026-09-11T10:10:37.228Z","path":"/careers/global/south-asia/hyderabad","step":"verify","ok":true}
{"t":"2026-09-11T10:10:39.222Z","path":"/careers/global/south-asia/mumbai","step":"verify","ok":true}
{"t":"2026-09-11T10:10:40.263Z","path":"/careers/global/south-asia/ncr","step":"verify","ok":true}
{"t":"2026-09-11T10:10:42.052Z","path":"/careers/global/south-asia/india","step":"verify","ok":true}
{"t":"2026-09-11T10:10:42.517Z","path":"/careers/global/south-asia","step":"verify","ok":false,"why":"about:error in delivered html"}
{"t":"2026-09-11T10:10:42.906Z","path":"/careers/internships","step":"verify","ok":true}
{"t":"2026-09-11T10:10:44.746Z","path":"/cloud/analog-saas","step":"verify","ok":false,"why":"about:error in delivered html"}
{"t":"2026-09-11T10:10:46.541Z","path":"/cloud/design-in-the-cloud","step":"verify","ok":true}
{"t":"2026-09-11T10:10:48.362Z","path":"/cloud/digital-saas","step":"verify","ok":false,"why":"about:error in delivered html"}
{"t":"2026-09-11T10:10:48.390Z","path":"/cloud/openlink/api","step":"verify","ok":true}
{"t":"2026-09-11T10:10:48.541Z","path":"/cloud/openlink","step":"verify","ok":true}
{"t":"2026-09-11T10:10:51.437Z","path":"/cloud/platform","step":"verify","ok":true}
{"t":"2026-09-11T10:10:52.538Z","path":"/cloud","step":"verify","ok":true}
{"t":"2026-09-11T10:10:53.650Z","path":"/community/resources/videos/snug-silicon-videos","step":"verify","ok":true}
{"t":"2026-09-11T10:10:53.990Z","path":"/community/snug/snug-europe/authors-kit","step":"verify","ok":true}
{"t":"2026-09-11T10:10:54.280Z","path":"/community/resources","step":"verify","ok":false,"why":"about:error in delivered html"}
{"t":"2026-09-11T10:10:57.232Z","path":"/community/snug/snug-europe/call-for-content","step":"verify","ok":true}
{"t":"2026-09-11T10:10:57.457Z","path":"/community/snug/snug-europe/location-proceedings-2018","step":"verify","ok":true}
{"t":"2026-09-11T10:10:58.784Z","path":"/community/snug/snug-europe/location-proceedings-2019","step":"verify","ok":true}
{"t":"2026-09-11T10:10:59.151Z","path":"/community/snug/snug-europe/location-proceedings-2020","step":"verify","ok":true}
{"t":"2026-09-11T10:10:59.806Z","path":"/community/snug/snug-europe/location-proceedings-2022","step":"verify","ok":true}
{"t":"2026-09-11T10:11:01.998Z","path":"/community/snug/snug-europe/location-proceedings-2024","step":"verify","ok":true}
{"t":"2026-09-11T10:11:02.982Z","path":"/community/snug/snug-europe/location-proceedings-2025","step":"verify","ok":true}
{"t":"2026-09-11T10:11:04.209Z","path":"/community/snug/snug-india/authors-kit","step":"verify","ok":true}
{"t":"2026-09-11T10:11:04.637Z","path":"/community/snug/snug-india/location-proceedings-2018","step":"verify","ok":true}
{"t":"2026-09-11T10:11:05.542Z","path":"/community/snug/snug-india/call-for-content","step":"verify","ok":true}
{"t":"2026-09-11T10:11:07.092Z","path":"/community/snug/snug-india/location-proceedings-2019","step":"verify","ok":true}
{"t":"2026-09-11T10:11:08.237Z","path":"/community/snug/snug-india/location-proceedings-2020","step":"verify","ok":true}
{"t":"2026-09-11T10:11:09.245Z","path":"/community/snug/snug-india/location-proceedings-2022","step":"verify","ok":true}
{"t":"2026-09-11T10:11:10.348Z","path":"/community/snug/snug-india/location-proceedings-2023","step":"verify","ok":true}
{"t":"2026-09-11T10:11:10.763Z","path":"/community/snug/snug-india/location-proceedings-2024","step":"verify","ok":true}
{"t":"2026-09-11T10:11:12.342Z","path":"/community/snug/snug-india/location-proceedings-2025","step":"verify","ok":true}
{"t":"2026-09-11T10:11:13.630Z","path":"/community/snug/snug-india/location-proceedings-2026","step":"verify","ok":true}
{"t":"2026-09-11T10:11:13.916Z","path":"/community/snug/snug-india/location-proceedings-ncr-2019","step":"verify","ok":true}
{"t":"2026-09-11T10:11:16.185Z","path":"/community/snug/snug-israel/authors-kit","step":"verify","ok":true}
{"t":"2026-09-11T10:11:17.204Z","path":"/community/snug/snug-israel/call-for-content","step":"verify","ok":true}
{"t":"2026-09-11T10:11:17.394Z","path":"/community/snug/snug-israel/location-proceedings-2017","step":"verify","ok":true}
{"t":"2026-09-11T10:11:18.840Z","path":"/community/snug/snug-israel/location-proceedings-2022","step":"verify","ok":true}
{"t":"2026-09-11T10:11:18.915Z","path":"/community/snug/snug-israel/location-proceedings-2019","step":"verify","ok":true}
{"t":"2026-09-11T10:11:21.105Z","path":"/community/snug/snug-israel/location-proceedings-2024","step":"verify","ok":true}
{"t":"2026-09-11T10:11:22.558Z","path":"/community/snug/snug-korea/authors-kit","step":"verify","ok":true}
{"t":"2026-09-11T10:11:23.040Z","path":"/community/snug/snug-korea/call-for-content","step":"verify","ok":true}
{"t":"2026-09-11T10:11:23.855Z","path":"/community/snug/snug-korea/location-proceedings-2025","step":"verify","ok":true}
{"t":"2026-09-11T10:11:24.171Z","path":"/community/snug/snug-korea/location-proceedings-2024","step":"verify","ok":true}
{"t":"2026-09-11T10:11:26.897Z","path":"/community/snug/snug-korea","step":"verify","ok":true}
{"t":"2026-09-11T10:11:28.464Z","path":"/community/snug/snug-penang/authors-kit","step":"verify","ok":true}
{"t":"2026-09-11T10:11:29.202Z","path":"/community/snug/snug-penang/location-proceedings-2017","step":"verify","ok":true}
{"t":"2026-09-11T10:11:29.360Z","path":"/community/snug/snug-penang/call-for-papers","step":"verify","ok":true}
{"t":"2026-09-11T10:11:31.644Z","path":"/community/snug/snug-penang/location-proceedings-2018","step":"verify","ok":true}
{"t":"2026-09-11T10:11:32.268Z","path":"/community/snug/snug-news","step":"verify","ok":true}
{"t":"2026-09-11T10:11:33.743Z","path":"/community/snug/snug-penang/location-proceedings-2019","step":"verify","ok":true}
{"t":"2026-09-11T10:11:34.075Z","path":"/community/snug/snug-penang/location-proceedings-2023","step":"verify","ok":true}
{"t":"2026-09-11T10:11:34.169Z","path":"/community/snug/snug-proceedings","step":"verify","ok":true}
{"t":"2026-09-11T10:11:37.283Z","path":"/community/snug/snug-roadshow-austin/location-proceedings-2025","step":"verify","ok":true}
{"t":"2026-09-11T10:11:38.176Z","path":"/community/snug/snug-silicon-valley/authors-kit","step":"verify","ok":true}
{"t":"2026-09-11T10:11:38.615Z","path":"/community/snug/snug-silicon-valley/location-proceedings-2017","step":"verify","ok":true}
{"t":"2026-09-11T10:11:39.029Z","path":"/community/snug/snug-silicon-valley/location-proceedings-2019","step":"verify","ok":true}
{"t":"2026-09-11T10:11:39.106Z","path":"/community/snug/snug-silicon-valley/location-proceedings-2018","step":"verify","ok":true}
{"t":"2026-09-11T10:11:42.331Z","path":"/community/snug/snug-silicon-valley/location-proceedings-2022","step":"verify","ok":true}
{"t":"2026-09-11T10:11:43.143Z","path":"/community/snug/snug-silicon-valley/location-proceedings-2023","step":"verify","ok":true}
{"t":"2026-09-11T10:11:43.970Z","path":"/community/snug/snug-silicon-valley/location-proceedings-2024","step":"verify","ok":true}
{"t":"2026-09-11T10:11:44.533Z","path":"/community/snug/snug-silicon-valley/location-proceedings-2025","step":"verify","ok":true}
{"t":"2026-09-11T10:11:44.968Z","path":"/community/snug/snug-silicon-valley/location-proceedings-2026","step":"verify","ok":true}
{"t":"2026-09-11T10:11:48.642Z","path":"/community/snug/snug-singapore/authors-kit","step":"verify","ok":true}
{"t":"2026-09-11T10:11:48.790Z","path":"/community/snug/snug-silicon-valley","step":"verify","ok":true}
{"t":"2026-09-11T10:11:49.469Z","path":"/community/snug/snug-singapore/call-for-content","step":"verify","ok":true}
{"t":"2026-09-11T10:11:49.883Z","path":"/community/snug/snug-singapore/location-proceedings-2018","step":"verify","ok":true}
{"t":"2026-09-11T10:11:51.102Z","path":"/community/snug/snug-singapore/location-proceedings-2017","step":"verify","ok":true}
{"t":"2026-09-11T10:11:53.820Z","path":"/community/snug/snug-singapore/location-proceedings-2019","step":"verify","ok":true}
{"t":"2026-09-11T10:11:54.116Z","path":"/community/snug/snug-singapore/location-proceedings-2023","step":"verify","ok":true}
{"t":"2026-09-11T10:11:54.215Z","path":"/community/snug/snug-singapore/location-proceedings-2022","step":"verify","ok":true}
{"t":"2026-09-11T10:11:55.513Z","path":"/community/snug/snug-singapore/location-proceedings-2024","step":"verify","ok":true}
{"t":"2026-09-11T10:11:56.127Z","path":"/community/snug/snug-singapore/location-proceedings-2025","step":"verify","ok":true}
{"t":"2026-09-11T10:11:58.960Z","path":"/community/snug/snug-taiwan/location-proceedings-2018","step":"verify","ok":true}
{"t":"2026-09-11T10:11:59.507Z","path":"/community/snug/snug-taiwan/call-for-content","step":"verify","ok":true}
{"t":"2026-09-11T10:12:00.428Z","path":"/community/snug/snug-taiwan/location-proceedings-2019","step":"verify","ok":true}
{"t":"2026-09-11T10:12:00.428Z","path":"/community/snug/snug-taiwan/authors-kit","step":"verify","ok":true}
{"t":"2026-09-11T10:12:00.939Z","path":"/community/snug/snug-taiwan/location-proceedings-2020","step":"verify","ok":true}
{"t":"2026-09-11T10:12:03.894Z","path":"/community/snug/snug-taiwan/location-proceedings-2022","step":"verify","ok":true}
{"t":"2026-09-11T10:12:04.579Z","path":"/community/snug/snug-taiwan/location-proceedings-2023","step":"verify","ok":true}
{"t":"2026-09-11T10:12:05.548Z","path":"/community/snug/snug-taiwan/location-proceedings-2025","step":"verify","ok":true}
{"t":"2026-09-11T10:12:05.548Z","path":"/community/snug/snug-taiwan/location-proceedings-2024","step":"verify","ok":true}
{"t":"2026-09-11T10:12:06.279Z","path":"/community/snug/snug-taiwan/location-proceedings-2026","step":"verify","ok":true}
{"t":"2026-09-11T10:12:09.313Z","path":"/community/snug/snug-vietnam/authors-kit","step":"verify","ok":true}
{"t":"2026-09-11T10:12:10.668Z","path":"/community/snug/snug-vietnam/call-for-content","step":"verify","ok":true}
{"t":"2026-09-11T10:12:10.771Z","path":"/company/contact-synopsys/office-locations/armenia/about-us/about-synopsys-armenia","step":"verify","ok":true}
{"t":"2026-09-11T10:12:10.983Z","path":"/community/snug/snug-vietnam/location-proceedings-2025","step":"verify","ok":true}
{"t":"2026-09-11T10:12:12.209Z","path":"/company/contact-synopsys/office-locations/armenia/about-us/management-team","step":"verify","ok":true}
{"t":"2026-09-11T10:12:15.297Z","path":"/company/contact-synopsys/office-locations/armenia/about-us","step":"verify","ok":true}
{"t":"2026-09-11T10:12:16.149Z","path":"/company/contact-synopsys/office-locations/armenia/community-involvement","step":"verify","ok":true}
{"t":"2026-09-11T10:12:16.282Z","path":"/company/contact-synopsys/office-locations/armenia/educational-programs/cooperation-with-universities","step":"verify","ok":true}
{"t":"2026-09-11T10:12:16.711Z","path":"/company/contact-synopsys/office-locations/armenia/educational-programs/ai-multimedia-course","step":"verify","ok":true}
{"t":"2026-09-11T10:12:17.937Z","path":"/company/contact-synopsys/office-locations/armenia/educational-programs/high-school-program-step","step":"verify","ok":true}
{"t":"2026-09-11T10:12:20.593Z","path":"/company/contact-synopsys/office-locations/armenia/educational-programs/training-and-internships","step":"verify","ok":true}
{"t":"2026-09-11T10:12:21.631Z","path":"/company/contact-synopsys/office-locations/armenia/research-development","step":"verify","ok":false,"why":"about:error in delivered html"}
{"t":"2026-09-11T10:12:21.954Z","path":"/company/contact-synopsys/office-locations/armenia/educational-programs","step":"verify","ok":true}
{"t":"2026-09-11T10:12:22.333Z","path":"/company/contact-synopsys/office-locations/armenia/stem-initiatives/international-microelectronics-olympiad","step":"verify","ok":true}
{"t":"2026-09-11T10:12:23.499Z","path":"/company/contact-synopsys/office-locations/armenia/stem-initiatives/state-educational-award-in-it-sphere","step":"verify","ok":true}
{"t":"2026-09-11T10:12:23.996Z","path":"/company/contact-synopsys/office-locations/armenia/stem-initiatives","step":"preview","status":409,"text":"error from content-bus"}
{"t":"2026-09-11T10:12:27.453Z","path":"/company/contact-synopsys/office-locations/europe-middle-east","step":"verify","ok":true}
{"t":"2026-09-11T10:12:28.106Z","path":"/company/contact-synopsys/office-locations/india/educational-program/student-design-contest","step":"verify","ok":true}
{"t":"2026-09-11T10:12:28.403Z","path":"/company/contact-synopsys/office-locations/europe-middle-east/europe-middle-east-highlights","step":"verify","ok":true}
{"t":"2026-09-11T10:12:29.013Z","path":"/company/contact-synopsys/office-locations/korea","step":"verify","ok":true}
{"t":"2026-09-11T10:12:29.192Z","path":"/company/contact-synopsys/office-locations/india/educational-program","step":"verify","ok":true}
{"t":"2026-09-11T10:12:32.210Z","path":"/company/contact-synopsys/office-locations/south-asia","step":"verify","ok":true}
{"t":"2026-09-11T10:12:33.410Z","path":"/company/contact-synopsys/office-locations/taiwan","step":"verify","ok":true}
{"t":"2026-09-11T10:12:34.015Z","path":"/company/contact-synopsys","step":"verify","ok":true}
{"t":"2026-09-11T10:12:34.501Z","path":"/company/executive-briefing-center/ebc-hotels","step":"verify","ok":true}
{"t":"2026-09-11T10:12:34.527Z","path":"/company/corporate-governance-ethics/code-of-ethics","step":"verify","ok":true}
{"t":"2026-09-11T10:12:37.336Z","path":"/company/executive-briefing-center/ebc-map","step":"verify","ok":true}
{"t":"2026-09-11T10:12:39.150Z","path":"/company/legal/logos-usage","step":"verify","ok":true}
{"t":"2026-09-11T10:12:39.397Z","path":"/company/legal","step":"verify","ok":true}
{"t":"2026-09-11T10:12:39.972Z","path":"/company/management-team/alessandra-costa-bio","step":"verify","ok":true}
{"t":"2026-09-11T10:12:39.976Z","path":"/company/legal/security-commitments","step":"verify","ok":true}
{"t":"2026-09-11T10:12:42.627Z","path":"/company/management-team/ann-minooka-bio","step":"verify","ok":true}
{"t":"2026-09-11T10:12:44.367Z","path":"/company/management-team/antonio-varas-bio","step":"verify","ok":true}
{"t":"2026-09-11T10:12:44.508Z","path":"/company/management-team/buvna-ayyagari-bio","step":"verify","ok":true}
{"t":"2026-09-11T10:12:45.471Z","path":"/company/management-team/janet-lee-bio","step":"verify","ok":true}
{"t":"2026-09-11T10:12:45.502Z","path":"/company/management-team/charlie-matar-bio","step":"verify","ok":true}
{"t":"2026-09-11T10:12:48.069Z","path":"/company/management-team/jill-larsen-bio","step":"verify","ok":true}
{"t":"2026-09-11T10:12:49.790Z","path":"/company/management-team/prith-banerjee-bio","step":"verify","ok":true}
{"t":"2026-09-11T10:12:49.863Z","path":"/company/management-team/mike-ellow-bio","step":"verify","ok":true}
{"t":"2026-09-11T10:12:50.425Z","path":"/company/management-team/raja-tabet-bio","step":"verify","ok":true}
{"t":"2026-09-11T10:12:50.548Z","path":"/company/management-team/ravi-subramanian-bio","step":"verify","ok":true}
{"t":"2026-09-11T10:12:53.297Z","path":"/company/management-team/sassine-ghazi-bio","step":"verify","ok":true}
{"t":"2026-09-11T10:12:54.865Z","path":"/company/management-team/shankar-krishnamoorthy-bio","step":"verify","ok":true}
{"t":"2026-09-11T10:12:54.895Z","path":"/company/management-team/shelagh-glaser-bio","step":"verify","ok":true}
{"t":"2026-09-11T10:12:56.330Z","path":"/company/resources/synopsys-press/better-software-faster","step":"verify","ok":true}
{"t":"2026-09-11T10:12:56.772Z","path":"/company/resources/newsletters","step":"verify","ok":true}
{"t":"2026-09-11T10:12:58.633Z","path":"/company/resources/synopsys-press/fpga-based-prototyping-methodology-manual","step":"verify","ok":true}
{"t":"2026-09-11T10:13:00.944Z","path":"/company/resources/synopsys-press/low-power-methodology-manual-download","step":"verify","ok":false,"why":"about:error in delivered html"}
{"t":"2026-09-11T10:13:01.445Z","path":"/company/resources/synopsys-press/the-ten-commandments-for-effective-standards","step":"verify","ok":true}
{"t":"2026-09-11T10:13:02.152Z","path":"/company/resources/synopsys-press/vmm-low-power","step":"verify","ok":true}
{"t":"2026-09-11T10:13:02.543Z","path":"/company/resources/synopsys-press/verification-methodology-manual-for-systemverilog","step":"verify","ok":true}
{"t":"2026-09-11T10:13:04.530Z","path":"/company/resources/synopsys-press","step":"verify","ok":false,"why":"about:error in delivered html"}
{"t":"2026-09-11T10:13:06.937Z","path":"/company","step":"verify","ok":true}
{"t":"2026-09-11T10:13:07.602Z","path":"/designware-ip/interface-ip/ccix","step":"verify","ok":true}
{"t":"2026-09-11T10:13:08.166Z","path":"/designware-ip/interface-ip/cxl/cxl-controller","step":"verify","ok":true}
{"t":"2026-09-11T10:13:09.083Z","path":"/designware-ip/interface-ip/cxl","step":"verify","ok":true}
{"t":"2026-09-11T10:13:10.428Z","path":"/designware-ip/interface-ip/ddr/ddr54-controller","step":"verify","ok":true}
{"t":"2026-09-11T10:13:13.506Z","path":"/designware-ip/interface-ip/ddr","step":"verify","ok":true}
{"t":"2026-09-11T10:13:14.006Z","path":"/designware-ip/interface-ip/ddr/ddr54-phy","step":"verify","ok":true}
{"t":"2026-09-11T10:13:14.300Z","path":"/designware-ip/interface-ip/die-to-die/ucie","step":"verify","ok":true}
{"t":"2026-09-11T10:13:14.430Z","path":"/designware-ip/interface-ip/die-to-die","step":"verify","ok":true}
{"t":"2026-09-11T10:13:15.896Z","path":"/designware-ip/interface-ip/displayport","step":"verify","ok":true}
{"t":"2026-09-11T10:13:19.513Z","path":"/designware-ip/interface-ip/ethernet/1-6t-ethernet-cs","step":"verify","ok":true}
{"t":"2026-09-11T10:13:20.042Z","path":"/designware-ip/interface-ip/ethernet/1-6t-ultra-ethernet-cs","step":"verify","ok":true}
{"t":"2026-09-11T10:13:20.174Z","path":"/designware-ip/interface-ip/ethernet/1-6t-ethernet-mac-ip","step":"verify","ok":true}
{"t":"2026-09-11T10:13:20.411Z","path":"/designware-ip/interface-ip/ethernet/1-6t-ethernet-ip","step":"verify","ok":true}
{"t":"2026-09-11T10:13:21.388Z","path":"/designware-ip/interface-ip/ethernet/100g-200g-400g-800g-ethernet-mac-ip","step":"verify","ok":true}
{"t":"2026-09-11T10:13:25.504Z","path":"/designware-ip/interface-ip/ethernet/112g-ethernet-phy","step":"verify","ok":true}
{"t":"2026-09-11T10:13:26.229Z","path":"/designware-ip/interface-ip/ethernet/224g-ethernet-phy","step":"verify","ok":true}
{"t":"2026-09-11T10:13:26.249Z","path":"/designware-ip/interface-ip/ethernet/200g-400g-ethernet-pcs-ip","step":"verify","ok":true}
{"t":"2026-09-11T10:13:26.653Z","path":"/designware-ip/interface-ip/ethernet/224g-ethernet-phy-ip","step":"verify","ok":true}
{"t":"2026-09-11T10:13:26.812Z","path":"/designware-ip/interface-ip/ethernet/800g-ethernet-pcs-ip","step":"verify","ok":true}
{"t":"2026-09-11T10:13:31.348Z","path":"/designware-ip/interface-ip/ethernet/ethernet-scale-up-networking-esun","step":"verify","ok":true}
{"t":"2026-09-11T10:13:32.339Z","path":"/designware-ip/interface-ip/hdmi","step":"verify","ok":true}
{"t":"2026-09-11T10:13:32.465Z","path":"/designware-ip/interface-ip/ethernet/ultra-ethernet","step":"verify","ok":true}
{"t":"2026-09-11T10:13:32.487Z","path":"/designware-ip/interface-ip/ethernet","step":"verify","ok":true}
{"t":"2026-09-11T10:13:32.915Z","path":"/designware-ip/interface-ip/mobile-storage","step":"verify","ok":true}
{"t":"2026-09-11T10:13:36.684Z","path":"/designware-ip/interface-ip/pci-express/pci-express-4","step":"verify","ok":true}
{"t":"2026-09-11T10:13:38.015Z","path":"/designware-ip/interface-ip/pci-express/pci-express-7","step":"verify","ok":true}
{"t":"2026-09-11T10:13:38.052Z","path":"/designware-ip/interface-ip/pci-express/pci-express-6","step":"verify","ok":true}
{"t":"2026-09-11T10:13:38.591Z","path":"/designware-ip/interface-ip/pci-express/pcie6-phy","step":"verify","ok":true}
{"t":"2026-09-11T10:13:38.625Z","path":"/designware-ip/interface-ip/pci-express/pci-express-5","step":"verify","ok":true}
{"t":"2026-09-11T10:13:41.906Z","path":"/designware-ip/interface-ip/pci-express/pcie7-controller","step":"verify","ok":true}
{"t":"2026-09-11T10:13:43.146Z","path":"/designware-ip/interface-ip/pci-express/pcie7-phy","step":"verify","ok":true}
{"t":"2026-09-11T10:13:43.953Z","path":"/designware-ip/interface-ip/pci-express","step":"verify","ok":true}
{"t":"2026-09-11T10:13:44.158Z","path":"/designware-ip/interface-ip/secure-interfaces","step":"verify","ok":true}
{"t":"2026-09-11T10:13:44.205Z","path":"/designware-ip/interface-ip/serdes-phy-ip","step":"verify","ok":true}
{"t":"2026-09-11T10:13:48.152Z","path":"/designware-ip/interface-ip/ualink","step":"verify","ok":true}
{"t":"2026-09-11T10:13:48.766Z","path":"/designware-ip/interface-ip/ultra-accelerator-link-cs","step":"verify","ok":true}
{"t":"2026-09-11T10:13:49.545Z","path":"/designware-ip/interface-ip/usb/usb-2-0-eusb2","step":"verify","ok":true}
{"t":"2026-09-11T10:13:49.623Z","path":"/designware-ip/interface-ip/usb/usb-3-1-gen2","step":"verify","ok":true}
{"t":"2026-09-11T10:13:49.915Z","path":"/designware-ip/interface-ip/usb/usb-3-0","step":"verify","ok":true}
{"t":"2026-09-11T10:13:53.169Z","path":"/designware-ip/interface-ip/usb/usb-3-2","step":"verify","ok":true}
{"t":"2026-09-11T10:13:54.294Z","path":"/designware-ip/interface-ip/usb/usb-type-c","step":"verify","ok":true}
{"t":"2026-09-11T10:13:54.602Z","path":"/designware-ip/interface-ip/usb/usb4","step":"verify","ok":true}
{"t":"2026-09-11T10:13:55.163Z","path":"/designware-ip/interface-ip/usb","step":"verify","ok":true}
{"t":"2026-09-11T10:13:55.625Z","path":"/designware-ip/interface-ip/vesa-dsc","step":"verify","ok":true}
{"t":"2026-09-11T10:13:59.003Z","path":"/designware-ip/interface-ip","step":"verify","ok":true}
{"t":"2026-09-11T10:14:01.026Z","path":"/designware-ip/ip-market-segments/edge-ai","step":"verify","ok":true}
{"t":"2026-09-11T10:14:01.078Z","path":"/designware-ip/ip-oem-partners","step":"verify","ok":true}
{"t":"2026-09-11T10:14:01.087Z","path":"/designware-ip/ip-market-segments/hpc","step":"verify","ok":true}
{"t":"2026-09-11T10:14:01.408Z","path":"/designware-ip/ip-reuse-tool","step":"verify","ok":true}
{"t":"2026-09-11T10:14:05.300Z","path":"/designware-ip/memories-logic-libraries/io-library-ip","step":"verify","ok":true}
{"t":"2026-09-11T10:14:07.062Z","path":"/designware-ip/memories-logic-libraries/non-volatile-memory","step":"verify","ok":true}
{"t":"2026-09-11T10:14:07.127Z","path":"/designware-ip/memories-logic-libraries/non-volatile-memory/otp","step":"verify","ok":true}
{"t":"2026-09-11T10:14:07.943Z","path":"/designware-ip/security-ip/cryptography-ip/public-key-accelerators","step":"verify","ok":true}
{"t":"2026-09-11T10:14:08.079Z","path":"/designware-ip/memories-logic-libraries","step":"verify","ok":true}
{"t":"2026-09-11T10:14:10.555Z","path":"/designware-ip/security-ip/cryptography-ip/puf/aerospace-defense","step":"verify","ok":true}
{"t":"2026-09-11T10:14:13.136Z","path":"/designware-ip/security-ip/cryptography-ip/puf/automotive-security","step":"verify","ok":true}
{"t":"2026-09-11T10:14:13.400Z","path":"/designware-ip/security-ip/cryptography-ip/puf/chiplet-security","step":"verify","ok":true}
{"t":"2026-09-11T10:14:13.649Z","path":"/designware-ip/security-ip/cryptography-ip/puf/device-to-host-authentication","step":"verify","ok":true}
{"t":"2026-09-11T10:14:14.619Z","path":"/designware-ip/security-ip/cryptography-ip/puf/edge-cloud-iot-security","step":"verify","ok":true}
{"t":"2026-09-11T10:14:16.263Z","path":"/designware-ip/security-ip/cryptography-ip/puf/embedded-microcontrollers","step":"verify","ok":true}
{"t":"2026-09-11T10:14:19.044Z","path":"/designware-ip/security-ip/cryptography-ip/puf/industrial-iot","step":"verify","ok":true}
{"t":"2026-09-11T10:14:19.167Z","path":"/designware-ip/security-ip/cryptography-ip/puf/firmware-ip-protection","step":"verify","ok":true}
{"t":"2026-09-11T10:14:19.956Z","path":"/designware-ip/security-ip/cryptography-ip/puf/just-in-time-key-management","step":"verify","ok":true}
{"t":"2026-09-11T10:14:20.816Z","path":"/designware-ip/security-ip/cryptography-ip/puf/key-vault","step":"verify","ok":true}
{"t":"2026-09-11T10:14:22.123Z","path":"/designware-ip/security-ip/cryptography-ip/puf/medical","step":"verify","ok":true}
{"t":"2026-09-11T10:14:25.117Z","path":"/designware-ip/security-ip/cryptography-ip/puf/sensor-ics","step":"verify","ok":true}
{"t":"2026-09-11T10:14:25.528Z","path":"/designware-ip/security-ip/cryptography-ip/puf/soft-skus","step":"verify","ok":true}
{"t":"2026-09-11T10:14:26.041Z","path":"/designware-ip/security-ip/cryptography-ip/puf","step":"verify","ok":true}
{"t":"2026-09-11T10:14:27.015Z","path":"/designware-ip/security-ip/cryptography-ip/random-number-generators","step":"verify","ok":true}
{"t":"2026-09-11T10:14:27.370Z","path":"/designware-ip/security-ip/cryptography-ip/symmetric-cryptographic-engines","step":"verify","ok":true}
{"t":"2026-09-11T10:14:30.904Z","path":"/designware-ip/security-ip/interface-security-modules/content-protection-ip","step":"verify","ok":true}
{"t":"2026-09-11T10:14:31.667Z","path":"/designware-ip/security-ip/cryptography-ip","step":"verify","ok":true}
{"t":"2026-09-11T10:14:31.811Z","path":"/designware-ip/security-ip/interface-security-modules","step":"verify","ok":true}
{"t":"2026-09-11T10:14:32.731Z","path":"/designware-ip/security-ip/root-of-trust","step":"verify","ok":true}
{"t":"2026-09-11T10:14:32.844Z","path":"/designware-ip/security-ip/security-protocol-accelerators","step":"verify","ok":true}
{"t":"2026-09-11T10:14:36.749Z","path":"/designware-ip/security-ip","step":"verify","ok":true}
{"t":"2026-09-11T10:14:37.094Z","path":"/designware-ip/soc-infrastructure-ip","step":"verify","ok":true}
{"t":"2026-09-11T10:14:37.918Z","path":"/designware-ip/soc-infrastructure-ip/designware-library","step":"verify","ok":true}
{"t":"2026-09-11T10:14:38.950Z","path":"/designware-ip/technical-bulletin/dwtb-archives","step":"verify","ok":true}
{"t":"2026-09-11T10:14:39.249Z","path":"/designware-ip/technical-bulletin","step":"verify","ok":true}
{"t":"2026-09-11T10:14:42.731Z","path":"/designware-ip","step":"verify","ok":true}
{"t":"2026-09-11T10:14:42.731Z","path":"/dw/buildingblock","step":"verify","ok":true}
{"t":"2026-09-11T10:14:43.439Z","path":"/dw/doc/ds/c/dwc-hdmi13-tx-phy-225gbps-tsmc-65gp25-pdf","step":"verify","ok":true}
{"t":"2026-09-11T10:14:44.340Z","path":"/dw/doc/ds/c/dwc-sata-phy-pdf","step":"verify","ok":true}
{"t":"2026-09-11T10:14:44.558Z","path":"/dw/doc/ds/c/sensor-subsystem-ds-pdf","step":"verify","ok":true}
{"t":"2026-09-11T10:14:47.546Z","path":"/dw/doc/ds/cc/arc-hs-enhanced-security-package-pdf","step":"verify","ok":true}
{"t":"2026-09-11T10:14:47.851Z","path":"/dw/doc/ds/c/uart-pdf","step":"verify","ok":true}
{"t":"2026-09-11T10:14:48.875Z","path":"/dw/doc/ds/cc/arc-hs4x-pdf","step":"verify","ok":true}
{"t":"2026-09-11T10:14:49.273Z","path":"/dw/doc/ds/es/embed-test-repair-ecc-pdf","step":"verify","ok":true}
{"t":"2026-09-11T10:14:49.692Z","path":"/dw/doc/ds/cc/asip-designer-ds-pdf","step":"verify","ok":true}
{"t":"2026-09-11T10:14:52.246Z","path":"/dw/doc/ds/o/ip-prototyping-kit-usb2-hs-otg-pdf","step":"verify","ok":true}
{"t":"2026-09-11T10:14:53.278Z","path":"/dw/doc/ds/o/ip-prototyping-kit-usb3-1-host-device-pdf","step":"verify","ok":true}
{"t":"2026-09-11T10:14:53.814Z","path":"/dw/doc/ds/o/ip-prototyping-kits-ds-pdf","step":"verify","ok":true}
{"t":"2026-09-11T10:14:54.227Z","path":"/dw/doc/wp/amba-hybrid-wp-pdf","step":"verify","ok":true}
{"t":"2026-09-11T10:14:55.119Z","path":"/dw/doc/wp/arc-low-power-machine-learning-for-iot-pdf","step":"verify","ok":true}
{"t":"2026-09-11T10:14:57.328Z","path":"/dw/doc/wp/arc-software-test-library-pdf","step":"verify","ok":true}
{"t":"2026-09-11T10:14:58.123Z","path":"/dw/doc/wp/calibrate-and-configure-your-power-management-ic-with-nvm-ip-wp-sch-pdf","step":"verify","ok":true}
{"t":"2026-09-11T10:14:59.089Z","path":"/dw/doc/wp/dataconverters-ip-for-automotive-socs-white-paper-pdf","step":"verify","ok":true}
{"t":"2026-09-11T10:14:59.727Z","path":"/dw/doc/wp/designing-computational-imaging-systems-wp-pdf","step":"verify","ok":true}
{"t":"2026-09-11T10:14:59.781Z","path":"/dw/doc/wp/how-new-storage-technologies-enhance-hpc-systems-pdf","step":"verify","ok":true}
{"t":"2026-09-11T10:15:02.384Z","path":"/dw/doc/wp/neuromorphic-computing-emerging-memories-artificial-intelligence-socs-pdf","step":"verify","ok":true}
{"t":"2026-09-11T10:15:03.211Z","path":"/dw/doc/wp/tortuga-build-secure-processor-systems-faster-pdf","step":"verify","ok":true}
{"t":"2026-09-11T10:15:06.072Z","path":"/dw/emllselector/university","step":"verify","ok":true}
{"t":"2026-09-11T10:15:06.125Z","path":"/dw/emllselector","step":"verify","ok":true}
{"t":"2026-09-11T10:15:06.915Z","path":"/dw/emllselector/io","step":"verify","ok":true}
{"t":"2026-09-11T10:15:07.660Z","path":"/dw/ipdir/dw-8b10b-dec","step":"verify","ok":true}
{"t":"2026-09-11T10:15:08.166Z","path":"/dw/ipdir/dw-8b10b-enc","step":"verify","ok":true}
{"t":"2026-09-11T10:15:11.537Z","path":"/dw/ipdir/dw-8b10b-unbal","step":"verify","ok":true}
{"t":"2026-09-11T10:15:11.800Z","path":"/dw/ipdir/dw-addsub-dx","step":"verify","ok":true}
{"t":"2026-09-11T10:15:12.960Z","path":"/dw/ipdir/dw-ahb-dmac","step":"verify","ok":true}
{"t":"2026-09-11T10:15:13.260Z","path":"/dw/ipdir/dw-ahb-eh2h","step":"verify","ok":true}
{"t":"2026-09-11T10:15:13.430Z","path":"/dw/ipdir/dw-ahb-h2h","step":"verify","ok":true}
{"t":"2026-09-11T10:15:16.652Z","path":"/dw/ipdir/dw-ahb-icm","step":"verify","ok":true}
{"t":"2026-09-11T10:15:17.007Z","path":"/dw/ipdir/dw-ahb-ictl-dw-apb-ictl","step":"verify","ok":true}
{"t":"2026-09-11T10:15:18.280Z","path":"/dw/ipdir/dw-ahb","step":"verify","ok":true}
{"t":"2026-09-11T10:15:18.305Z","path":"/dw/ipdir/dw-apb-gpio","step":"verify","ok":true}
{"t":"2026-09-11T10:15:18.601Z","path":"/dw/ipdir/dw-apb-i2s","step":"verify","ok":true}
{"t":"2026-09-11T10:15:21.482Z","path":"/dw/ipdir/dw-apb-rap","step":"verify","ok":true}
{"t":"2026-09-11T10:15:22.584Z","path":"/dw/ipdir/dw-apb-rtc","step":"verify","ok":true}
{"t":"2026-09-11T10:15:23.225Z","path":"/dw/ipdir/dw-apb-timers","step":"verify","ok":true}
{"t":"2026-09-11T10:15:23.488Z","path":"/dw/ipdir/dw-apb-ssi","step":"verify","ok":true}
{"t":"2026-09-11T10:15:23.975Z","path":"/dw/ipdir/dw-apb-wdt","step":"verify","ok":true}
{"t":"2026-09-11T10:15:26.249Z","path":"/dw/ipdir/dw-apb","step":"verify","ok":true}
{"t":"2026-09-11T10:15:27.186Z","path":"/dw/ipdir/dw-arb-2t","step":"verify","ok":true}
{"t":"2026-09-11T10:15:28.262Z","path":"/dw/ipdir/dw-arb-dp","step":"verify","ok":true}
{"t":"2026-09-11T10:15:29.120Z","path":"/dw/ipdir/dw-arb-fcfs","step":"verify","ok":true}
{"t":"2026-09-11T10:15:29.601Z","path":"/dw/ipdir/dw-arb-rr","step":"verify","ok":true}
{"t":"2026-09-11T10:15:31.171Z","path":"/dw/ipdir/dw-arb-sp","step":"verify","ok":true}
{"t":"2026-09-11T10:15:32.702Z","path":"/dw/ipdir/dw-asymdata-inbuf","step":"verify","ok":true}
{"t":"2026-09-11T10:15:33.326Z","path":"/dw/ipdir/dw-asymdata-outbuf","step":"verify","ok":true}
{"t":"2026-09-11T10:15:34.134Z","path":"/dw/ipdir/dw-asymfifo-s1-df","step":"verify","ok":true}
{"t":"2026-09-11T10:15:34.424Z","path":"/dw/ipdir/dw-asymfifo-s1-sf","step":"verify","ok":true}
{"t":"2026-09-11T10:15:36.102Z","path":"/dw/ipdir/dw-asymfifo-s2-sf","step":"verify","ok":true}
{"t":"2026-09-11T10:15:37.344Z","path":"/dw/ipdir/dw-asymfifoctl-2c-df","step":"verify","ok":true}
{"t":"2026-09-11T10:15:38.525Z","path":"/dw/ipdir/dw-asymfifoctl-s1-df","step":"verify","ok":true}
{"t":"2026-09-11T10:15:39.080Z","path":"/dw/ipdir/dw-asymfifoctl-s1-sf","step":"verify","ok":true}
{"t":"2026-09-11T10:15:39.228Z","path":"/dw/ipdir/dw-asymfifoctl-s2-sf","step":"verify","ok":true}
{"t":"2026-09-11T10:15:41.042Z","path":"/dw/ipdir/dw-axi-a2x","step":"verify","ok":true}
{"t":"2026-09-11T10:15:42.294Z","path":"/dw/ipdir/dw-axi-dmac","step":"verify","ok":true}
{"t":"2026-09-11T10:15:43.884Z","path":"/dw/ipdir/dw-axi-gm","step":"verify","ok":true}
{"t":"2026-09-11T10:15:43.971Z","path":"/dw/ipdir/dw-axi-gs","step":"verify","ok":true}
{"t":"2026-09-11T10:15:44.069Z","path":"/dw/ipdir/dw-axi-hmx","step":"verify","ok":true}
{"t":"2026-09-11T10:15:45.745Z","path":"/dw/ipdir/dw-axi-rs","step":"verify","ok":true}
{"t":"2026-09-11T10:15:47.071Z","path":"/dw/ipdir/dw-axi-x2h","step":"verify","ok":true}
{"t":"2026-09-11T10:15:48.695Z","path":"/dw/ipdir/dw-axi-x2p","step":"verify","ok":true}
{"t":"2026-09-11T10:15:48.742Z","path":"/dw/ipdir/dw-axi-x2x","step":"verify","ok":true}
{"t":"2026-09-11T10:15:49.020Z","path":"/dw/ipdir/dw-axi","step":"verify","ok":true}
{"t":"2026-09-11T10:15:50.479Z","path":"/dw/ipdir/dw-bc-1","step":"verify","ok":true}
{"t":"2026-09-11T10:15:52.067Z","path":"/dw/ipdir/dw-bc-10","step":"verify","ok":true}
{"t":"2026-09-11T10:15:53.507Z","path":"/dw/ipdir/dw-bc-2","step":"verify","ok":true}
{"t":"2026-09-11T10:15:54.003Z","path":"/dw/ipdir/dw-bc-3","step":"verify","ok":true}
{"t":"2026-09-11T10:15:54.306Z","path":"/dw/ipdir/dw-bc-4","step":"verify","ok":true}
{"t":"2026-09-11T10:15:55.572Z","path":"/dw/ipdir/dw-bc-5","step":"verify","ok":true}
{"t":"2026-09-11T10:15:57.443Z","path":"/dw/ipdir/dw-bc-7","step":"verify","ok":true}
{"t":"2026-09-11T10:15:58.812Z","path":"/dw/ipdir/dw-bc-8","step":"verify","ok":true}
{"t":"2026-09-11T10:15:59.225Z","path":"/dw/ipdir/dw-bc-9","step":"verify","ok":true}
{"t":"2026-09-11T10:15:59.225Z","path":"/dw/ipdir/dw-bin2gray","step":"verify","ok":true}
{"t":"2026-09-11T10:16:00.350Z","path":"/dw/ipdir/dw-cmp-dx","step":"verify","ok":true}
{"t":"2026-09-11T10:16:02.331Z","path":"/dw/ipdir/dw-cntr-gray","step":"verify","ok":true}
{"t":"2026-09-11T10:16:04.243Z","path":"/dw/ipdir/dw-crc-p","step":"verify","ok":true}
{"t":"2026-09-11T10:16:04.298Z","path":"/dw/ipdir/dw-data-qsync-hl","step":"verify","ok":true}
{"t":"2026-09-11T10:16:04.648Z","path":"/dw/ipdir/dw-crc-s","step":"verify","ok":true}
{"t":"2026-09-11T10:16:05.618Z","path":"/dw/ipdir/dw-data-qsync-lh","step":"verify","ok":true}
{"t":"2026-09-11T10:16:07.452Z","path":"/dw/ipdir/dw-data-sync-1c","step":"verify","ok":true}
{"t":"2026-09-11T10:16:09.264Z","path":"/dw/ipdir/dw-data-sync","step":"verify","ok":true}
{"t":"2026-09-11T10:16:09.331Z","path":"/dw/ipdir/dw-data-sync-na","step":"verify","ok":true}
{"t":"2026-09-11T10:16:09.480Z","path":"/dw/ipdir/dw-dct-2d","step":"verify","ok":true}
{"t":"2026-09-11T10:16:10.745Z","path":"/dw/ipdir/dw-decode-en","step":"verify","ok":true}
{"t":"2026-09-11T10:16:12.384Z","path":"/dw/ipdir/dw-div-pipe","step":"verify","ok":true}
{"t":"2026-09-11T10:16:14.111Z","path":"/dw/ipdir/dw-div-sat","step":"verify","ok":true}
{"t":"2026-09-11T10:16:14.365Z","path":"/dw/ipdir/dw-div-seq","step":"verify","ok":true}
{"t":"2026-09-11T10:16:14.409Z","path":"/dw/ipdir/dw-div","step":"verify","ok":true}
{"t":"2026-09-11T10:16:15.996Z","path":"/dw/ipdir/dw-dpll-sd","step":"verify","ok":true}
{"t":"2026-09-11T10:16:17.440Z","path":"/dw/ipdir/dw-ecc","step":"verify","ok":true}
{"t":"2026-09-11T10:16:19.145Z","path":"/dw/ipdir/dw-fifo-2c-df","step":"verify","ok":true}
{"t":"2026-09-11T10:16:19.645Z","path":"/dw/ipdir/dw-exp2","step":"verify","ok":true}
{"t":"2026-09-11T10:16:20.210Z","path":"/dw/ipdir/dw-fifo-s1-df","step":"verify","ok":true}
{"t":"2026-09-11T10:16:20.830Z","path":"/dw/ipdir/dw-fifo-s1-sf","step":"verify","ok":true}
{"t":"2026-09-11T10:16:22.618Z","path":"/dw/ipdir/dw-fifo-s2-sf","step":"verify","ok":true}
{"t":"2026-09-11T10:16:23.900Z","path":"/dw/ipdir/dw-fifoctl-2c-df","step":"verify","ok":true}
{"t":"2026-09-11T10:16:24.309Z","path":"/dw/ipdir/dw-fifoctl-s1-df","step":"verify","ok":true}
{"t":"2026-09-11T10:16:25.209Z","path":"/dw/ipdir/dw-fifoctl-s1-sf","step":"verify","ok":true}
{"t":"2026-09-11T10:16:25.885Z","path":"/dw/ipdir/dw-fifoctl-s2-sf","step":"verify","ok":true}
{"t":"2026-09-11T10:16:27.780Z","path":"/dw/ipdir/dw-fir-seq","step":"verify","ok":true}
{"t":"2026-09-11T10:16:29.037Z","path":"/dw/ipdir/dw-fp-add-dg","step":"verify","ok":true}
{"t":"2026-09-11T10:16:29.151Z","path":"/dw/ipdir/dw-fir","step":"verify","ok":true}
{"t":"2026-09-11T10:16:29.943Z","path":"/dw/ipdir/dw-fp-add","step":"verify","ok":true}
{"t":"2026-09-11T10:16:30.549Z","path":"/dw/ipdir/dw-fp-addsub-dg","step":"verify","ok":true}
{"t":"2026-09-11T10:16:32.710Z","path":"/dw/ipdir/dw-fp-addsub","step":"verify","ok":true}
{"t":"2026-09-11T10:16:33.744Z","path":"/dw/ipdir/dw-fp-cmp-dg","step":"verify","ok":true}
{"t":"2026-09-11T10:16:33.866Z","path":"/dw/ipdir/dw-fp-cmp","step":"verify","ok":true}
{"t":"2026-09-11T10:16:34.757Z","path":"/dw/ipdir/dw-fp-div-dg","step":"verify","ok":true}
{"t":"2026-09-11T10:16:35.500Z","path":"/dw/ipdir/dw-fp-div-seq","step":"verify","ok":true}
{"t":"2026-09-11T10:16:37.830Z","path":"/dw/ipdir/dw-fp-div","step":"verify","ok":true}
{"t":"2026-09-11T10:16:38.498Z","path":"/dw/ipdir/dw-fp-dp2","step":"verify","ok":true}
{"t":"2026-09-11T10:16:39.065Z","path":"/dw/ipdir/dw-fp-dp3","step":"verify","ok":true}
{"t":"2026-09-11T10:16:39.842Z","path":"/dw/ipdir/dw-fp-dp4","step":"verify","ok":true}
{"t":"2026-09-11T10:16:40.593Z","path":"/dw/ipdir/dw-fp-exp","step":"verify","ok":true}
{"t":"2026-09-11T10:16:42.844Z","path":"/dw/ipdir/dw-fp-exp2","step":"verify","ok":true}
{"t":"2026-09-11T10:16:43.571Z","path":"/dw/ipdir/dw-fp-flt2i","step":"verify","ok":true}
{"t":"2026-09-11T10:16:44.767Z","path":"/dw/ipdir/dw-fp-i2flt","step":"verify","ok":true}
{"t":"2026-09-11T10:16:44.896Z","path":"/dw/ipdir/dw-fp-invsqrt","step":"verify","ok":true}
{"t":"2026-09-11T10:16:45.451Z","path":"/dw/ipdir/dw-fp-ln","step":"verify","ok":true}
{"t":"2026-09-11T10:16:47.753Z","path":"/dw/ipdir/dw-fp-log2","step":"verify","ok":true}
{"t":"2026-09-11T10:16:48.706Z","path":"/dw/ipdir/dw-fp-mac-dg","step":"verify","ok":true}
{"t":"2026-09-11T10:16:49.620Z","path":"/dw/ipdir/dw-fp-mac","step":"verify","ok":true}
{"t":"2026-09-11T10:16:49.909Z","path":"/dw/ipdir/dw-fp-mult-dg","step":"verify","ok":true}
{"t":"2026-09-11T10:16:50.941Z","path":"/dw/ipdir/dw-fp-mult","step":"verify","ok":true}
{"t":"2026-09-11T10:16:52.726Z","path":"/dw/ipdir/dw-fp-recip-dg","step":"verify","ok":true}
{"t":"2026-09-11T10:16:53.600Z","path":"/dw/ipdir/dw-fp-recip","step":"verify","ok":true}
{"t":"2026-09-11T10:16:55.254Z","path":"/dw/ipdir/dw-fp-sincos","step":"verify","ok":true}
{"t":"2026-09-11T10:16:55.305Z","path":"/dw/ipdir/dw-fp-sqrt","step":"verify","ok":true}
{"t":"2026-09-11T10:16:56.444Z","path":"/dw/ipdir/dw-fp-square","step":"verify","ok":true}
{"t":"2026-09-11T10:16:57.370Z","path":"/dw/ipdir/dw-fp-sub-dg","step":"verify","ok":true}
{"t":"2026-09-11T10:16:58.412Z","path":"/dw/ipdir/dw-fp-sub","step":"verify","ok":true}
{"t":"2026-09-11T10:17:00.329Z","path":"/dw/ipdir/dw-fp-sum3-dg","step":"verify","ok":true}
{"t":"2026-09-11T10:17:00.547Z","path":"/dw/ipdir/dw-fp-sum3","step":"verify","ok":true}
{"t":"2026-09-11T10:17:01.686Z","path":"/dw/ipdir/dw-fp-sum4","step":"verify","ok":true}
{"t":"2026-09-11T10:17:02.423Z","path":"/dw/ipdir/dw-gray-sync","step":"verify","ok":true}
{"t":"2026-09-11T10:17:03.266Z","path":"/dw/ipdir/dw-gray2bin","step":"verify","ok":true}
{"t":"2026-09-11T10:17:05.338Z","path":"/dw/ipdir/dw-iir-sc","step":"verify","ok":true}
{"t":"2026-09-11T10:17:05.367Z","path":"/dw/ipdir/dw-iir-dc","step":"verify","ok":true}
{"t":"2026-09-11T10:17:06.374Z","path":"/dw/ipdir/dw-inc-gray","step":"verify","ok":true}
{"t":"2026-09-11T10:17:07.347Z","path":"/dw/ipdir/dw-inv-sqrt","step":"verify","ok":true}
{"t":"2026-09-11T10:17:08.064Z","path":"/dw/ipdir/dw-lbsh","step":"verify","ok":true}
{"t":"2026-09-11T10:17:10.442Z","path":"/dw/ipdir/dw-lod","step":"verify","ok":true}
{"t":"2026-09-11T10:17:10.451Z","path":"/dw/ipdir/dw-ln","step":"verify","ok":true}
{"t":"2026-09-11T10:17:11.620Z","path":"/dw/ipdir/dw-log2","step":"verify","ok":true}
{"t":"2026-09-11T10:17:12.342Z","path":"/dw/ipdir/dw-lp-cntr-up-df","step":"verify","ok":true}
{"t":"2026-09-11T10:17:13.146Z","path":"/dw/ipdir/dw-lp-cntr-updn-df","step":"verify","ok":true}
{"t":"2026-09-11T10:17:15.605Z","path":"/dw/ipdir/dw-lp-fifoctl-1c-df","step":"verify","ok":true}
{"t":"2026-09-11T10:17:15.605Z","path":"/dw/ipdir/dw-lp-fifo-1c-df","step":"verify","ok":true}
{"t":"2026-09-11T10:17:17.004Z","path":"/dw/ipdir/dw-lp-fp-multifunc-dg","step":"verify","ok":true}
{"t":"2026-09-11T10:17:17.764Z","path":"/dw/ipdir/dw-lp-fp-multifunc","step":"verify","ok":true}
{"t":"2026-09-11T10:17:18.563Z","path":"/dw/ipdir/dw-lp-multifunc-dg","step":"verify","ok":true}
{"t":"2026-09-11T10:17:20.421Z","path":"/dw/ipdir/dw-lp-pipe-mgr","step":"verify","ok":true}
{"t":"2026-09-11T10:17:20.480Z","path":"/dw/ipdir/dw-lp-multifunc","step":"verify","ok":true}
{"t":"2026-09-11T10:17:21.958Z","path":"/dw/ipdir/dw-lp-piped-div","step":"verify","ok":true}
{"t":"2026-09-11T10:17:22.972Z","path":"/dw/ipdir/dw-lp-piped-ecc","step":"verify","ok":true}
{"t":"2026-09-11T10:17:23.675Z","path":"/dw/ipdir/dw-lp-piped-fp-add","step":"verify","ok":true}
{"t":"2026-09-11T10:17:25.339Z","path":"/dw/ipdir/dw-lp-piped-fp-mult","step":"verify","ok":true}
{"t":"2026-09-11T10:17:25.697Z","path":"/dw/ipdir/dw-lp-piped-fp-div","step":"verify","ok":true}
{"t":"2026-09-11T10:17:26.802Z","path":"/dw/ipdir/dw-lp-piped-fp-recip","step":"verify","ok":true}
{"t":"2026-09-11T10:17:27.696Z","path":"/dw/ipdir/dw-lp-piped-fp-sum3","step":"verify","ok":true}
{"t":"2026-09-11T10:17:28.606Z","path":"/dw/ipdir/dw-lp-piped-mult","step":"verify","ok":true}
{"t":"2026-09-11T10:17:30.256Z","path":"/dw/ipdir/dw-lp-piped-prod-sum","step":"verify","ok":true}
{"t":"2026-09-11T10:17:30.769Z","path":"/dw/ipdir/dw-lp-piped-sqrt","step":"verify","ok":true}
{"t":"2026-09-11T10:17:31.669Z","path":"/dw/ipdir/dw-lsd","step":"verify","ok":true}
{"t":"2026-09-11T10:17:32.688Z","path":"/dw/ipdir/dw-lza","step":"verify","ok":true}
{"t":"2026-09-11T10:17:33.551Z","path":"/dw/ipdir/dw-lzd","step":"verify","ok":true}
{"t":"2026-09-11T10:17:35.323Z","path":"/dw/ipdir/dw-minmax","step":"verify","ok":true}
{"t":"2026-09-11T10:17:35.713Z","path":"/dw/ipdir/dw-mult-dx","step":"verify","ok":true}
{"t":"2026-09-11T10:17:36.766Z","path":"/dw/ipdir/dw-mult-pipe","step":"verify","ok":true}
{"t":"2026-09-11T10:17:37.630Z","path":"/dw/ipdir/dw-mult-seq","step":"verify","ok":true}
{"t":"2026-09-11T10:17:38.458Z","path":"/dw/ipdir/dw-norm-rnd","step":"verify","ok":true}
{"t":"2026-09-11T10:17:40.125Z","path":"/dw/ipdir/dw-norm","step":"verify","ok":true}
{"t":"2026-09-11T10:17:40.317Z","path":"/dw/ipdir/dw-piped-mac","step":"verify","ok":true}
{"t":"2026-09-11T10:17:41.771Z","path":"/dw/ipdir/dw-pl-reg","step":"verify","ok":true}
{"t":"2026-09-11T10:17:42.407Z","path":"/dw/ipdir/dw-pricod","step":"verify","ok":true}
{"t":"2026-09-11T10:17:43.182Z","path":"/dw/ipdir/dw-prod-sum-pipe","step":"verify","ok":true}
{"t":"2026-09-11T10:17:44.898Z","path":"/dw/ipdir/dw-pulseack-sync","step":"verify","ok":true}
{"t":"2026-09-11T10:17:44.953Z","path":"/dw/ipdir/dw-pulse-sync","step":"verify","ok":true}
{"t":"2026-09-11T10:17:46.649Z","path":"/dw/ipdir/dw-ram-2r-2w-s-dff","step":"verify","ok":true}
{"t":"2026-09-11T10:17:47.178Z","path":"/dw/ipdir/dw-ram-2r-w-a-dff","step":"verify","ok":true}
{"t":"2026-09-11T10:17:47.970Z","path":"/dw/ipdir/dw-ram-2r-w-a-lat","step":"verify","ok":true}
{"t":"2026-09-11T10:17:49.545Z","path":"/dw/ipdir/dw-ram-2r-w-s-lat","step":"verify","ok":true}
{"t":"2026-09-11T10:17:49.705Z","path":"/dw/ipdir/dw-ram-2r-w-s-dff","step":"verify","ok":true}
{"t":"2026-09-11T10:17:51.888Z","path":"/dw/ipdir/dw-ram-r-w-a-dff","step":"verify","ok":true}
{"t":"2026-09-11T10:17:52.066Z","path":"/dw/ipdir/dw-ram-r-w-2c-dff","step":"verify","ok":true}
{"t":"2026-09-11T10:17:52.612Z","path":"/dw/ipdir/dw-ram-r-w-a-lat","step":"verify","ok":true}
{"t":"2026-09-11T10:17:54.215Z","path":"/dw/ipdir/dw-ram-r-w-s-dff","step":"verify","ok":true}
{"t":"2026-09-11T10:17:54.300Z","path":"/dw/ipdir/dw-ram-r-w-s-lat","step":"verify","ok":true}
{"t":"2026-09-11T10:17:56.659Z","path":"/dw/ipdir/dw-ram-rw-a-lat","step":"verify","ok":true}
{"t":"2026-09-11T10:17:56.991Z","path":"/dw/ipdir/dw-ram-rw-a-dff","step":"verify","ok":true}
{"t":"2026-09-11T10:17:57.393Z","path":"/dw/ipdir/dw-ram-rw-s-dff","step":"verify","ok":true}
{"t":"2026-09-11T10:17:59.085Z","path":"/dw/ipdir/dw-ram-rw-s-lat","step":"verify","ok":true}
{"t":"2026-09-11T10:17:59.144Z","path":"/dw/ipdir/dw-rash","step":"verify","ok":true}
{"t":"2026-09-11T10:18:01.595Z","path":"/dw/ipdir/dw-reset-sync","step":"verify","ok":true}
{"t":"2026-09-11T10:18:01.707Z","path":"/dw/ipdir/dw-rbsh","step":"verify","ok":true}
{"t":"2026-09-11T10:18:02.039Z","path":"/dw/ipdir/dw-shifter","step":"verify","ok":true}
{"t":"2026-09-11T10:18:03.844Z","path":"/dw/ipdir/dw-sincos","step":"verify","ok":true}
{"t":"2026-09-11T10:18:04.218Z","path":"/dw/ipdir/dw-sla","step":"verify","ok":true}
{"t":"2026-09-11T10:18:06.308Z","path":"/dw/ipdir/dw-sqrt-pipe","step":"verify","ok":true}
{"t":"2026-09-11T10:18:06.471Z","path":"/dw/ipdir/dw-sqrt-seq","step":"verify","ok":true}
{"t":"2026-09-11T10:18:06.976Z","path":"/dw/ipdir/dw-sqrt","step":"verify","ok":true}
{"t":"2026-09-11T10:18:08.678Z","path":"/dw/ipdir/dw-square","step":"verify","ok":true}
{"t":"2026-09-11T10:18:08.964Z","path":"/dw/ipdir/dw-squarep","step":"verify","ok":true}
{"t":"2026-09-11T10:18:11.199Z","path":"/dw/ipdir/dw-sra","step":"verify","ok":true}
{"t":"2026-09-11T10:18:11.317Z","path":"/dw/ipdir/dw-stack","step":"verify","ok":true}
{"t":"2026-09-11T10:18:11.786Z","path":"/dw/ipdir/dw-stackctl","step":"verify","ok":true}
{"t":"2026-09-11T10:18:13.214Z","path":"/dw/ipdir/dw-stream-sync","step":"verify","ok":true}
{"t":"2026-09-11T10:18:13.690Z","path":"/dw/ipdir/dw-sync","step":"verify","ok":true}
{"t":"2026-09-11T10:18:16.640Z","path":"/dw/ipdir/dw-tap","step":"verify","ok":true}
{"t":"2026-09-11T10:18:16.642Z","path":"/dw/ipdir/dw-tap-uc","step":"verify","ok":true}
{"t":"2026-09-11T10:18:17.474Z","path":"/dw/ipdir/dw-thermdec","step":"verify","ok":true}
{"t":"2026-09-11T10:18:18.088Z","path":"/dw/ipdir/dw01-absval","step":"verify","ok":true}
{"t":"2026-09-11T10:18:18.687Z","path":"/dw/ipdir/dw01-add","step":"verify","ok":true}
{"t":"2026-09-11T10:18:21.454Z","path":"/dw/ipdir/dw01-ash","step":"verify","ok":true}
{"t":"2026-09-11T10:18:21.864Z","path":"/dw/ipdir/dw01-addsub","step":"verify","ok":true}
{"t":"2026-09-11T10:18:22.833Z","path":"/dw/ipdir/dw01-binenc","step":"verify","ok":true}
{"t":"2026-09-11T10:18:22.949Z","path":"/dw/ipdir/dw01-bsh","step":"verify","ok":true}
{"t":"2026-09-11T10:18:23.186Z","path":"/dw/ipdir/dw01-cmp2","step":"verify","ok":true}
{"t":"2026-09-11T10:18:26.267Z","path":"/dw/ipdir/dw01-cmp6","step":"verify","ok":true}
{"t":"2026-09-11T10:18:26.899Z","path":"/dw/ipdir/dw01-csa","step":"verify","ok":true}
{"t":"2026-09-11T10:18:27.822Z","path":"/dw/ipdir/dw01-inc","step":"verify","ok":true}
{"t":"2026-09-11T10:18:27.974Z","path":"/dw/ipdir/dw01-dec","step":"verify","ok":true}
{"t":"2026-09-11T10:18:28.094Z","path":"/dw/ipdir/dw01-decode","step":"verify","ok":true}
{"t":"2026-09-11T10:18:31.389Z","path":"/dw/ipdir/dw01-incdec","step":"verify","ok":true}
{"t":"2026-09-11T10:18:31.638Z","path":"/dw/ipdir/dw01-mux-any","step":"verify","ok":true}
{"t":"2026-09-11T10:18:32.733Z","path":"/dw/ipdir/dw01-prienc","step":"verify","ok":true}
{"t":"2026-09-11T10:18:33.032Z","path":"/dw/ipdir/dw01-satrnd","step":"verify","ok":true}
{"t":"2026-09-11T10:18:33.275Z","path":"/dw/ipdir/dw01-sub","step":"verify","ok":true}
{"t":"2026-09-11T10:18:36.388Z","path":"/dw/ipdir/dw02-mac","step":"verify","ok":true}
{"t":"2026-09-11T10:18:36.451Z","path":"/dw/ipdir/dw02-mult-2-stage","step":"verify","ok":true}
{"t":"2026-09-11T10:18:37.904Z","path":"/dw/ipdir/dw02-mult-3-stage","step":"verify","ok":true}
{"t":"2026-09-11T10:18:38.360Z","path":"/dw/ipdir/dw02-mult-5-stage","step":"verify","ok":true}
{"t":"2026-09-11T10:18:38.573Z","path":"/dw/ipdir/dw02-mult-4-stage","step":"verify","ok":true}
{"t":"2026-09-11T10:18:41.219Z","path":"/dw/ipdir/dw02-mult","step":"verify","ok":true}
{"t":"2026-09-11T10:18:41.416Z","path":"/dw/ipdir/dw02-mult-6-stage","step":"verify","ok":true}
{"t":"2026-09-11T10:18:43.197Z","path":"/dw/ipdir/dw02-prod-sum","step":"verify","ok":true}
{"t":"2026-09-11T10:18:43.243Z","path":"/dw/ipdir/dw02-multp","step":"verify","ok":true}
{"t":"2026-09-11T10:18:43.780Z","path":"/dw/ipdir/dw02-prod-sum1","step":"verify","ok":true}
{"t":"2026-09-11T10:18:46.161Z","path":"/dw/ipdir/dw02-sum","step":"verify","ok":true}
{"t":"2026-09-11T10:18:46.474Z","path":"/dw/ipdir/dw02-tree","step":"verify","ok":true}
{"t":"2026-09-11T10:18:48.190Z","path":"/dw/ipdir/dw03-bictr-dcnto","step":"verify","ok":true}
{"t":"2026-09-11T10:18:48.583Z","path":"/dw/ipdir/dw03-bictr-decode","step":"verify","ok":true}
{"t":"2026-09-11T10:18:48.636Z","path":"/dw/ipdir/dw03-bictr-scnto","step":"verify","ok":true}
{"t":"2026-09-11T10:18:51.167Z","path":"/dw/ipdir/dw03-lfsr-load","step":"verify","ok":true}
{"t":"2026-09-11T10:18:51.266Z","path":"/dw/ipdir/dw03-lfsr-dcnto","step":"verify","ok":true}
{"t":"2026-09-11T10:18:53.405Z","path":"/dw/ipdir/dw03-lfsr-scnto","step":"verify","ok":true}
{"t":"2026-09-11T10:18:53.490Z","path":"/dw/ipdir/dw03-lfsr-updn","step":"verify","ok":true}
{"t":"2026-09-11T10:18:53.710Z","path":"/dw/ipdir/dw03-pipe-reg","step":"verify","ok":true}
{"t":"2026-09-11T10:18:56.070Z","path":"/dw/ipdir/dw03-shftreg","step":"verify","ok":true}
{"t":"2026-09-11T10:18:56.070Z","path":"/dw/ipdir/dw03-reg-s-pl","step":"verify","ok":true}
{"t":"2026-09-11T10:18:58.325Z","path":"/dw/ipdir/dw03-updn-ctr","step":"verify","ok":true}
{"t":"2026-09-11T10:18:58.635Z","path":"/dw/ipdir/dw04-par-gen","step":"verify","ok":true}
{"t":"2026-09-11T10:18:58.934Z","path":"/dw/ipdir/dw04-shad-reg","step":"verify","ok":true}
{"t":"2026-09-11T10:19:00.775Z","path":"/dw/ipdir/dwf-dp-absval","step":"verify","ok":true}
{"t":"2026-09-11T10:19:01.493Z","path":"/dw/ipdir/dwf-dp-blend","step":"verify","ok":true}
{"t":"2026-09-11T10:19:03.650Z","path":"/dw/ipdir/dwf-dp-mult-comb-ovfldet","step":"verify","ok":true}
{"t":"2026-09-11T10:19:03.746Z","path":"/dw/ipdir/dwf-dp-count-ones","step":"verify","ok":true}
{"t":"2026-09-11T10:19:04.055Z","path":"/dw/ipdir/dwf-dp-mult-comb-sat","step":"verify","ok":true}
{"t":"2026-09-11T10:19:05.798Z","path":"/dw/ipdir/dwf-dp-mult-comb","step":"verify","ok":true}
{"t":"2026-09-11T10:19:06.409Z","path":"/dw/ipdir/dwf-dp-mult-ovfldet","step":"verify","ok":true}
{"t":"2026-09-11T10:19:08.370Z","path":"/dw/ipdir/dwf-dp-mult-sat","step":"verify","ok":true}
{"t":"2026-09-11T10:19:08.857Z","path":"/dw/ipdir/dwf-dp-rnd","step":"verify","ok":true}
{"t":"2026-09-11T10:19:09.172Z","path":"/dw/ipdir/dwf-dp-rndsat","step":"verify","ok":true}
{"t":"2026-09-11T10:19:10.648Z","path":"/dw/ipdir/dwf-dp-sat","step":"verify","ok":true}
{"t":"2026-09-11T10:19:11.397Z","path":"/dw/ipdir/dwf-dp-sign-select","step":"verify","ok":true}
{"t":"2026-09-11T10:19:13.289Z","path":"/dw/ipdir/dwf-dp-simd-add","step":"verify","ok":true}
{"t":"2026-09-11T10:19:13.885Z","path":"/dw/ipdir/dwf-dp-simd-addc","step":"verify","ok":true}
{"t":"2026-09-11T10:19:14.192Z","path":"/dw/ipdir/dwf-dp-simd-mult","step":"verify","ok":true}
{"t":"2026-09-11T10:19:15.800Z","path":"/dw/ipdir/dwf-dp-sub-abs","step":"verify","ok":true}
{"t":"2026-09-11T10:19:17.686Z","path":"/dw/nvmipselector","step":"verify","ok":true}
{"t":"2026-09-11T10:19:19.005Z","path":"/events/embedded-world","step":"verify","ok":true}
{"t":"2026-09-11T10:19:20.415Z","path":"/events/tech-symposium-central-europe","step":"verify","ok":true}
{"t":"2026-09-11T10:19:21.060Z","path":"/events/uk-tech-symposium","step":"verify","ok":true}
{"t":"2026-09-11T10:19:21.361Z","path":"/events/memory-users-conference","step":"verify","ok":true}
{"t":"2026-09-11T10:19:23.410Z","path":"/glossary/what-are-machine-learned-force-fields","step":"verify","ok":true}
{"t":"2026-09-11T10:19:25.150Z","path":"/glossary/what-is-a-physical-unclonable-function","step":"verify","ok":true}
{"t":"2026-09-11T10:19:26.679Z","path":"/glossary/what-is-adas","step":"verify","ok":true}
{"t":"2026-09-11T10:19:26.976Z","path":"/glossary/what-is-ai-chip-design","step":"verify","ok":true}
{"t":"2026-09-11T10:19:27.781Z","path":"/glossary/what-is-ai-driven-chip-design","step":"verify","ok":true}
{"t":"2026-09-11T10:19:29.034Z","path":"/glossary/what-is-an-ai-accelerator","step":"verify","ok":true}
{"t":"2026-09-11T10:19:30.683Z","path":"/glossary/what-is-asil","step":"verify","ok":true}
{"t":"2026-09-11T10:19:32.618Z","path":"/glossary/what-is-autonomous-car","step":"verify","ok":true}
{"t":"2026-09-11T10:19:32.651Z","path":"/glossary/what-is-automotive-hardware-functional-safety","step":"verify","ok":true}
{"t":"2026-09-11T10:19:33.632Z","path":"/glossary/what-is-butterfly-puf","step":"verify","ok":true}
{"t":"2026-09-11T10:19:34.894Z","path":"/glossary/what-is-edge-ai","step":"verify","ok":true}
{"t":"2026-09-11T10:19:37.232Z","path":"/glossary/what-is-electronic-design-automation","step":"verify","ok":true}
{"t":"2026-09-11T10:19:38.227Z","path":"/glossary/what-is-glitch-power","step":"verify","ok":true}
{"t":"2026-09-11T10:19:38.380Z","path":"/glossary/what-is-iso-26262","step":"verify","ok":true}
{"t":"2026-09-11T10:19:38.897Z","path":"/glossary/what-is-misra","step":"verify","ok":true}
{"t":"2026-09-11T10:19:41.327Z","path":"/glossary/what-is-post-quantum-cryptography","step":"verify","ok":true}
{"t":"2026-09-11T10:19:43.534Z","path":"/glossary/what-is-reinforcement-learning","step":"verify","ok":true}
{"t":"2026-09-11T10:19:43.746Z","path":"/glossary/what-is-serdes","step":"verify","ok":true}
{"t":"2026-09-11T10:19:44.507Z","path":"/glossary/what-is-sram-puf","step":"verify","ok":true}
{"t":"2026-09-11T10:19:44.904Z","path":"/glossary/what-is-triple-shift-left","step":"verify","ok":true}
{"t":"2026-09-11T10:19:47.623Z","path":"/glossary/what-is-vehicle-electrification","step":"verify","ok":true}
{"t":"2026-09-11T10:19:49.434Z","path":"/implementation-and-signoff/ams-simulation/primesim-custom-fault","step":"verify","ok":true}
{"t":"2026-09-11T10:19:49.544Z","path":"/implementation-and-signoff/3dic-design","step":"verify","ok":true}
{"t":"2026-09-11T10:19:50.630Z","path":"/implementation-and-signoff/ams-simulation/primesim-hspice","step":"verify","ok":true}
{"t":"2026-09-11T10:19:50.898Z","path":"/implementation-and-signoff/ams-simulation/primesim-design-robustness","step":"verify","ok":true}
{"t":"2026-09-11T10:19:53.056Z","path":"/implementation-and-signoff/ams-simulation/primesim-pro","step":"verify","ok":true}
{"t":"2026-09-11T10:19:54.863Z","path":"/implementation-and-signoff/ams-simulation/primesim-spice","step":"verify","ok":true}
{"t":"2026-09-11T10:19:55.050Z","path":"/implementation-and-signoff/ams-simulation/primesim-reliability-analysis","step":"verify","ok":true}
{"t":"2026-09-11T10:19:56.185Z","path":"/implementation-and-signoff/ams-simulation/primesim-xa","step":"verify","ok":true}
{"t":"2026-09-11T10:19:56.375Z","path":"/implementation-and-signoff/ams-simulation/primewave","step":"verify","ok":true}
{"t":"2026-09-11T10:19:58.124Z","path":"/implementation-and-signoff/ams-simulation/snug-gets-wisdom","step":"verify","ok":true}
{"t":"2026-09-11T10:20:00.115Z","path":"/implementation-and-signoff/ams-simulation","step":"verify","ok":true}
{"t":"2026-09-11T10:20:00.198Z","path":"/implementation-and-signoff/custom-design-platform/custom-compiler","step":"verify","ok":true}
{"t":"2026-09-11T10:20:02.162Z","path":"/implementation-and-signoff/custom-design-platform","step":"verify","ok":true}
{"t":"2026-09-11T10:20:02.349Z","path":"/implementation-and-signoff/custom-design-platform/multiphysics-ams","step":"verify","ok":true}
{"t":"2026-09-11T10:20:03.410Z","path":"/implementation-and-signoff/fusion-design-platform","step":"verify","ok":true}
{"t":"2026-09-11T10:20:04.880Z","path":"/implementation-and-signoff/physical-implementation/fusion-compiler/variable-voltage-optimization-technique","step":"verify","ok":true}
{"t":"2026-09-11T10:20:05.527Z","path":"/implementation-and-signoff/physical-implementation/fusion-compiler","step":"verify","ok":true}
{"t":"2026-09-11T10:20:07.426Z","path":"/implementation-and-signoff/physical-implementation/ic-compiler","step":"verify","ok":true}
{"t":"2026-09-11T10:20:08.813Z","path":"/implementation-and-signoff/physical-implementation","step":"verify","ok":true}
{"t":"2026-09-11T10:20:08.975Z","path":"/implementation-and-signoff/physical-verification","step":"verify","ok":true}
{"t":"2026-09-11T10:20:10.102Z","path":"/implementation-and-signoff/rtl-synthesis-test","step":"verify","ok":true}
{"t":"2026-09-11T10:20:11.066Z","path":"/implementation-and-signoff/signal-and-power-integrity","step":"verify","ok":true}
{"t":"2026-09-11T10:20:12.451Z","path":"/implementation-and-signoff/signoff/electrical-layout-verification","step":"verify","ok":true}
{"t":"2026-09-11T10:20:14.097Z","path":"/implementation-and-signoff/signoff/primetime/tool-demos","step":"verify","ok":true}
{"t":"2026-09-11T10:20:14.400Z","path":"/implementation-and-signoff/signoff/primetime","step":"verify","ok":true}
{"t":"2026-09-11T10:20:15.187Z","path":"/implementation-and-signoff/test-automation/synopsys-ip-sms/sms-silicon-browser","step":"verify","ok":true}
{"t":"2026-09-11T10:20:16.499Z","path":"/implementation-and-signoff/test-automation/synopsys-ip-sms/sms-yield-accelerator","step":"verify","ok":true}
{"t":"2026-09-11T10:20:17.771Z","path":"/implementation-and-signoff/test-automation","step":"verify","ok":true}
{"t":"2026-09-11T10:20:20.137Z","path":"/implementation-and-signoff","step":"verify","ok":true}
{"t":"2026-09-11T10:20:20.856Z","path":"/ja-jp","step":"verify","ok":true}
{"t":"2026-09-11T10:20:21.256Z","path":"/ko-kr","step":"verify","ok":true}
{"t":"2026-09-11T10:20:22.287Z","path":"/manufacturing/mask-solutions/s-litho","step":"verify","ok":true}
{"t":"2026-09-11T10:20:22.900Z","path":"/manufacturing/mask-solutions/s-metro","step":"verify","ok":true}
{"t":"2026-09-11T10:20:25.657Z","path":"/manufacturing/quantumatk/atomistic-simulation-products/machine-learned-force-fields","step":"verify","ok":true}
{"t":"2026-09-11T10:20:26.589Z","path":"/manufacturing/quantumatk/atomistic-simulation-products","step":"verify","ok":true}
{"t":"2026-09-11T10:20:26.990Z","path":"/manufacturing/quantumatk/contact-us/about-us/customer-testimonials","step":"verify","ok":true}
{"t":"2026-09-11T10:20:27.542Z","path":"/manufacturing/quantumatk/contact-us/about-us","step":"verify","ok":true}
{"t":"2026-09-11T10:20:28.219Z","path":"/manufacturing/quantumatk/contact-us/contact-sales","step":"verify","ok":true}
{"t":"2026-09-11T10:20:31.561Z","path":"/manufacturing/quantumatk/contact-us","step":"verify","ok":true}
{"t":"2026-09-11T10:20:32.674Z","path":"/manufacturing/quantumatk/materials-modeling/applications","step":"verify","ok":true}
{"t":"2026-09-11T10:20:32.783Z","path":"/manufacturing/quantumatk/datasheets","step":"verify","ok":true}
{"t":"2026-09-11T10:20:33.283Z","path":"/manufacturing/quantumatk/feature-list","step":"verify","ok":true}
{"t":"2026-09-11T10:20:34.844Z","path":"/manufacturing/quantumatk/materials-modeling/battery-simulation","step":"verify","ok":true}
{"t":"2026-09-11T10:20:37.758Z","path":"/manufacturing/quantumatk/materials-modeling/polymer-simulation","step":"verify","ok":true}
{"t":"2026-09-11T10:20:39.205Z","path":"/manufacturing/quantumatk/on-demand-webinars","step":"verify","ok":true}
{"t":"2026-09-11T10:20:39.370Z","path":"/manufacturing/quantumatk/materials-modeling","step":"verify","ok":true}
{"t":"2026-09-11T10:20:39.545Z","path":"/manufacturing/quantumatk/release-notes","step":"verify","ok":true}
{"t":"2026-09-11T10:20:40.326Z","path":"/manufacturing/quantumatk/semiconductor-modeling","step":"verify","ok":true}
{"t":"2026-09-11T10:20:44.324Z","path":"/manufacturing/quantumatk/videos","step":"verify","ok":true}
{"t":"2026-09-11T10:20:45.030Z","path":"/manufacturing/tcad/calibration-and-services","step":"verify","ok":true}
{"t":"2026-09-11T10:20:45.056Z","path":"/manufacturing/resources","step":"verify","ok":false,"why":"about:error in delivered html"}
{"t":"2026-09-11T10:20:45.483Z","path":"/manufacturing/quantumatk","step":"verify","ok":true}
{"t":"2026-09-11T10:20:46.351Z","path":"/manufacturing/tcad/device-simulation","step":"verify","ok":true}
{"t":"2026-09-11T10:20:50.216Z","path":"/manufacturing/tcad/dtco","step":"verify","ok":true}
{"t":"2026-09-11T10:20:50.664Z","path":"/manufacturing/tcad/interconnect-simulation","step":"verify","ok":true}
{"t":"2026-09-11T10:20:51.015Z","path":"/manufacturing","step":"verify","ok":true}
{"t":"2026-09-11T10:20:51.335Z","path":"/manufacturing/tcad/process-simulation","step":"verify","ok":true}
{"t":"2026-09-11T10:20:52.551Z","path":"/newsroom","step":"verify","ok":true}
{"t":"2026-09-11T10:20:56.234Z","path":"/partners/nvidia","step":"verify","ok":true}
{"t":"2026-09-11T10:20:56.270Z","path":"/photonic-solutions/optocompiler/optodesigner/advanced-connectors-module","step":"verify","ok":true}
{"t":"2026-09-11T10:20:56.967Z","path":"/photonic-solutions/optocompiler/optodesigner/design-rule-checking-module","step":"verify","ok":true}
{"t":"2026-09-11T10:20:56.972Z","path":"/photonic-solutions/optocompiler/optodesigner/autorouting","step":"verify","ok":true}
{"t":"2026-09-11T10:20:58.120Z","path":"/photonic-solutions/optocompiler/optodesigner/lattice-filter-design-module","step":"verify","ok":true}
{"t":"2026-09-11T10:21:01.787Z","path":"/photonic-solutions/optocompiler/optodesigner","step":"verify","ok":true}
{"t":"2026-09-11T10:21:02.682Z","path":"/photonic-solutions/optsim/aerospace-defense","step":"verify","ok":true}
{"t":"2026-09-11T10:21:02.832Z","path":"/photonic-solutions/optocompiler","step":"verify","ok":true}
{"t":"2026-09-11T10:21:03.002Z","path":"/photonic-solutions/optocompiler/optsim-photonic-ic","step":"verify","ok":false,"why":"about:error in delivered html"}
{"t":"2026-09-11T10:21:04.470Z","path":"/photonic-solutions/optsim/multi-mode-network","step":"verify","ok":true}
{"t":"2026-09-11T10:21:07.967Z","path":"/photonic-solutions/optsim/sensing","step":"verify","ok":false,"why":"about:error in delivered html"}
{"t":"2026-09-11T10:21:09.243Z","path":"/photonic-solutions/product-applications/advanced-modulation-formats/optsim-csrz-modulation","step":"verify","ok":true}
{"t":"2026-09-11T10:21:09.429Z","path":"/photonic-solutions/product-applications/advanced-modulation-formats/optsim-dqpsk-modulation","step":"verify","ok":true}
{"t":"2026-09-11T10:21:10.013Z","path":"/photonic-solutions/optsim/single-mode-network","step":"verify","ok":true}
{"t":"2026-09-11T10:21:10.626Z","path":"/photonic-solutions/product-applications/advanced-modulation-formats/optsim-study-of-duobinary-transmitter","step":"verify","ok":true}
{"t":"2026-09-11T10:21:14.205Z","path":"/photonic-solutions/product-applications/advanced-modulation-formats/partial-dpsk","step":"verify","ok":true}
{"t":"2026-09-11T10:21:15.124Z","path":"/photonic-solutions/product-applications/advanced-modulation-formats","step":"verify","ok":false,"why":"about:error in delivered html"}
{"t":"2026-09-11T10:21:15.432Z","path":"/photonic-solutions/product-applications/automotive/swept-frequency-automotive-light-detection-lidar","step":"verify","ok":true}
{"t":"2026-09-11T10:21:15.738Z","path":"/photonic-solutions/product-applications/coherent-fiber-optic/32gb-channel-coherent-wdm-systems","step":"verify","ok":true}
{"t":"2026-09-11T10:21:16.762Z","path":"/photonic-solutions/product-applications/coherent-fiber-optic/bell-curve-analysis-coherent-wdm-systems","step":"verify","ok":true}
{"t":"2026-09-11T10:21:20.249Z","path":"/photonic-solutions/product-applications/coherent-fiber-optic/matlab-dsp-algorithm-ber-counting","step":"verify","ok":true}
{"t":"2026-09-11T10:21:20.909Z","path":"/photonic-solutions/product-applications/coherent-fiber-optic/nyquist-wdm-pm-16qam","step":"verify","ok":true}
{"t":"2026-09-11T10:21:21.465Z","path":"/photonic-solutions/product-applications/coherent-fiber-optic/mode-division-multiplexing-silicon-photonic-network","step":"verify","ok":true}
{"t":"2026-09-11T10:21:21.606Z","path":"/photonic-solutions/product-applications/coherent-fiber-optic/pm-qpsk","step":"verify","ok":true}
{"t":"2026-09-11T10:21:22.702Z","path":"/photonic-solutions/product-applications/coherent-fiber-optic/polarization-switched-qpsk","step":"verify","ok":true}
{"t":"2026-09-11T10:21:25.641Z","path":"/photonic-solutions/product-applications/coherent-fiber-optic","step":"verify","ok":false,"why":"about:error in delivered html"}
{"t":"2026-09-11T10:21:27.311Z","path":"/photonic-solutions/product-applications/fiber-sensors/interferometric-fiber-optic-gyroscope","step":"verify","ok":true}
{"t":"2026-09-11T10:21:27.556Z","path":"/photonic-solutions/product-applications/fiber-sensors/fbg-based-temperature-sensor","step":"verify","ok":true}
{"t":"2026-09-11T10:21:28.076Z","path":"/photonic-solutions/product-applications/free-space-optics/nrz-dpsk-transmission","step":"verify","ok":true}
{"t":"2026-09-11T10:21:28.807Z","path":"/photonic-solutions/product-applications/multimode-fiber-optic/25g-base-sr","step":"verify","ok":true}
{"t":"2026-09-11T10:21:31.568Z","path":"/photonic-solutions/product-applications/multimode-fiber-optic/electronic-dispersion-compensation","step":"verify","ok":true}
{"t":"2026-09-11T10:21:33.059Z","path":"/photonic-solutions/product-applications/multimode-fiber-optic/modeling-multimode-modesys","step":"verify","ok":true}
{"t":"2026-09-11T10:21:33.177Z","path":"/photonic-solutions/product-applications/multimode-fiber-optic/modesys-differential-mode-delay","step":"verify","ok":true}
{"t":"2026-09-11T10:21:34.004Z","path":"/photonic-solutions/product-applications/multimode-fiber-optic/modesys-encircled-flux-simulation","step":"verify","ok":true}
{"t":"2026-09-11T10:21:34.376Z","path":"/photonic-solutions/product-applications/multimode-fiber-optic/modesys-gigabit-ethernet-link-design","step":"verify","ok":true}
{"t":"2026-09-11T10:21:39.723Z","path":"/photonic-solutions/product-applications/multimode-fiber-optic/pam4-pulse-amplitude-modulation","step":"verify","ok":true}
{"t":"2026-09-11T10:21:39.918Z","path":"/photonic-solutions/product-applications/optical-amplifiers/edfa-gain-modulation","step":"verify","ok":true}
{"t":"2026-09-11T10:21:40.080Z","path":"/photonic-solutions/product-applications/multimode-fiber-optic/pam-4-transmission-over-core-plastic-optical-fiber","step":"verify","ok":true}
{"t":"2026-09-11T10:21:40.464Z","path":"/photonic-solutions/product-applications/optical-amplifiers/optsim-cladding-pumped-edfa","step":"verify","ok":true}
{"t":"2026-09-11T10:21:42.261Z","path":"/photonic-solutions/product-applications/multimode-fiber-optic/modesys-refractive-index-profile-distortions","step":"verify","ok":false,"why":"about:error in delivered html"}
{"t":"2026-09-11T10:21:45.586Z","path":"/photonic-solutions/product-applications/optical-amplifiers/optsim-design-40channel","step":"verify","ok":true}
{"t":"2026-09-11T10:21:45.672Z","path":"/photonic-solutions/product-applications/optical-amplifiers/optsim-er-yb-based-master-oscillator","step":"verify","ok":true}
{"t":"2026-09-11T10:21:45.946Z","path":"/photonic-solutions/product-applications/optical-amplifiers","step":"verify","ok":false,"why":"about:error in delivered html"}
{"t":"2026-09-11T10:21:46.546Z","path":"/photonic-solutions/product-applications/optical-amplifiers/ropa","step":"verify","ok":true}
{"t":"2026-09-11T10:21:48.372Z","path":"/photonic-solutions/product-applications/optical-networks/optsim-dwdm-ring","step":"verify","ok":true}
{"t":"2026-09-11T10:21:50.988Z","path":"/photonic-solutions/product-applications/optical-networks/osnr-measurement","step":"verify","ok":true}
{"t":"2026-09-11T10:21:51.115Z","path":"/photonic-solutions/product-applications/optical-networks/optsim-tdm-link-demultiplexing","step":"verify","ok":true}
{"t":"2026-09-11T10:21:51.601Z","path":"/photonic-solutions/product-applications/optical-networks/optsim-optical-code-division-multiple-access","step":"verify","ok":true}
{"t":"2026-09-11T10:21:51.824Z","path":"/photonic-solutions/product-applications/optical-networks","step":"verify","ok":false,"why":"about:error in delivered html"}
{"t":"2026-09-11T10:21:54.094Z","path":"/photonic-solutions/product-applications/other-applications/adc-dac-enhancing-resolution-of-conversions","step":"verify","ok":true}
{"t":"2026-09-11T10:21:56.804Z","path":"/photonic-solutions/product-applications/other-applications/deterministic-random-jitter","step":"verify","ok":true}
{"t":"2026-09-11T10:21:57.230Z","path":"/photonic-solutions/product-applications/other-applications/measurement-total-jitter","step":"verify","ok":true}
{"t":"2026-09-11T10:21:57.368Z","path":"/photonic-solutions/product-applications/performance-estimation/3d-plot-optical-pulse","step":"verify","ok":true}
{"t":"2026-09-11T10:21:58.545Z","path":"/photonic-solutions/product-applications/performance-estimation/optsim-monte-carlo-analysis","step":"verify","ok":true}
{"t":"2026-09-11T10:22:00.583Z","path":"/photonic-solutions/product-applications/performance-estimation/optsim-receiver-sensitivity","step":"verify","ok":true}
{"t":"2026-09-11T10:22:02.039Z","path":"/photonic-solutions/product-applications/performance-estimation","step":"verify","ok":false,"why":"about:error in delivered html"}
{"t":"2026-09-11T10:22:03.267Z","path":"/photonic-solutions/product-applications/photonic-integrated-circuits/aim-photonics-qpsk-transmitter","step":"verify","ok":true}
{"t":"2026-09-11T10:22:03.346Z","path":"/photonic-solutions/product-applications/photonic-integrated-circuits/aim-photonics-4x4-benes-switch","step":"verify","ok":true}
{"t":"2026-09-11T10:22:04.277Z","path":"/photonic-solutions/product-applications/photonic-integrated-circuits/arbitrary-curves-feature","step":"verify","ok":true}
{"t":"2026-09-11T10:22:06.875Z","path":"/photonic-solutions/product-applications/photonic-integrated-circuits/asymmetric-widening","step":"verify","ok":true}
{"t":"2026-09-11T10:22:07.964Z","path":"/photonic-solutions/product-applications/photonic-integrated-circuits/bidirectional-interface","step":"verify","ok":true}
{"t":"2026-09-11T10:22:09.162Z","path":"/photonic-solutions/product-applications/photonic-integrated-circuits/dxf-transfer-function","step":"verify","ok":true}
{"t":"2026-09-11T10:22:10.323Z","path":"/photonic-solutions/product-applications/photonic-integrated-circuits/custom-pdks-ring-resonator","step":"verify","ok":true}
{"t":"2026-09-11T10:22:10.377Z","path":"/photonic-solutions/product-applications/photonic-integrated-circuits/estimating-impact-wtw-rtr","step":"verify","ok":true}
{"t":"2026-09-11T10:22:12.609Z","path":"/photonic-solutions/product-applications/photonic-integrated-circuits/foundry-process-tw-mzm","step":"verify","ok":true}
{"t":"2026-09-11T10:22:14.066Z","path":"/photonic-solutions/product-applications/photonic-integrated-circuits/linear-time-invariant","step":"verify","ok":true}
{"t":"2026-09-11T10:22:15.437Z","path":"/photonic-solutions/product-applications/photonic-integrated-circuits/mach-zehnder-modulator","step":"verify","ok":true}
{"t":"2026-09-11T10:22:15.848Z","path":"/photonic-solutions/product-applications/photonic-integrated-circuits/measurement-modulator-chirp-factor-fiber-dispersion","step":"verify","ok":true}
{"t":"2026-09-11T10:22:16.782Z","path":"/photonic-solutions/product-applications/photonic-integrated-circuits/modeling-crow","step":"verify","ok":true}
{"t":"2026-09-11T10:22:18.691Z","path":"/photonic-solutions/product-applications/photonic-integrated-circuits/modeling-custom-pic-elements","step":"verify","ok":true}
{"t":"2026-09-11T10:22:19.946Z","path":"/photonic-solutions/product-applications/photonic-integrated-circuits/mzi-simulation-pdaflow-interface-lionix-components","step":"verify","ok":true}
{"t":"2026-09-11T10:22:21.178Z","path":"/photonic-solutions/product-applications/photonic-integrated-circuits/optsim-circuit-ring-modulator-pic","step":"verify","ok":true}
{"t":"2026-09-11T10:22:21.348Z","path":"/photonic-solutions/product-applications/photonic-integrated-circuits/optsim-circuit-multipath-interference","step":"verify","ok":true}
{"t":"2026-09-11T10:22:22.914Z","path":"/photonic-solutions/product-applications/photonic-integrated-circuits/optsim-circuit-silicon-photonic-ring","step":"verify","ok":true}
{"t":"2026-09-11T10:22:24.245Z","path":"/photonic-solutions/product-applications/photonic-integrated-circuits/phase-aware-routing","step":"verify","ok":true}
{"t":"2026-09-11T10:22:25.267Z","path":"/photonic-solutions/product-applications/photonic-integrated-circuits/pic-transparent-components","step":"verify","ok":true}
{"t":"2026-09-11T10:22:27.915Z","path":"/photonic-solutions/product-applications/photonic-integrated-circuits/polarization-in-photonic-integrated-circuit","step":"verify","ok":true}
{"t":"2026-09-11T10:22:28.513Z","path":"/photonic-solutions/product-applications/photonic-integrated-circuits/qpsk-transceiver-pic","step":"verify","ok":true}
{"t":"2026-09-11T10:22:28.577Z","path":"/photonic-solutions/product-applications/photonic-integrated-circuits/sagnac-effect","step":"verify","ok":true}
{"t":"2026-09-11T10:22:30.019Z","path":"/photonic-solutions/product-applications/photonic-integrated-circuits/sensor-pic","step":"verify","ok":true}
{"t":"2026-09-11T10:22:31.109Z","path":"/photonic-solutions/product-applications/photonic-integrated-circuits/silicon-ring-modulator","step":"verify","ok":true}
{"t":"2026-09-11T10:22:33.885Z","path":"/photonic-solutions/product-applications/photonic-integrated-circuits/single-multi-ring-resonators","step":"verify","ok":true}
{"t":"2026-09-11T10:22:34.169Z","path":"/photonic-solutions/product-applications/photonic-integrated-circuits/simulation-aim-photonics","step":"verify","ok":true}
{"t":"2026-09-11T10:22:34.454Z","path":"/photonic-solutions/product-applications/photonic-integrated-circuits/tw-mzm-optical-isolator","step":"verify","ok":true}
{"t":"2026-09-11T10:22:35.608Z","path":"/photonic-solutions/product-applications/photonic-integrated-circuits","step":"verify","ok":false,"why":"about:error in delivered html"}
{"t":"2026-09-11T10:22:36.662Z","path":"/photonic-solutions/product-applications/pon-catv-rof/ask-modulated-rf-subcarrier-fiber-optic-transmission","step":"verify","ok":true}
{"t":"2026-09-11T10:22:39.770Z","path":"/photonic-solutions/product-applications/pon-catv-rof/estimating-noise-figure-of-rf-over-fiber-link","step":"verify","ok":true}
{"t":"2026-09-11T10:22:40.496Z","path":"/photonic-solutions/product-applications/pon-catv-rof/fsk-modulated-rf-subcarrier-fiber-optic-transmission","step":"verify","ok":true}
{"t":"2026-09-11T10:22:41.391Z","path":"/photonic-solutions/product-applications/pon-catv-rof/bdc-based-burstmode-receiver","step":"verify","ok":true}
{"t":"2026-09-11T10:22:41.605Z","path":"/photonic-solutions/product-applications/pon-catv-rof/optsim-analog-catv-examples","step":"verify","ok":true}
{"t":"2026-09-11T10:22:42.386Z","path":"/photonic-solutions/product-applications/pon-catv-rof/optsim-bidirectional-modeling","step":"verify","ok":true}
{"t":"2026-09-11T10:22:45.890Z","path":"/photonic-solutions/product-applications/pon-catv-rof/optsim-ftth-system-gepon-access-architecture","step":"verify","ok":true}
{"t":"2026-09-11T10:22:46.467Z","path":"/photonic-solutions/product-applications/pon-catv-rof/rf-dual-parallel-mzm","step":"verify","ok":true}
{"t":"2026-09-11T10:22:46.906Z","path":"/photonic-solutions/product-applications/pon-catv-rof","step":"verify","ok":false,"why":"about:error in delivered html"}
{"t":"2026-09-11T10:22:47.496Z","path":"/photonic-solutions/product-applications/solar-energy-photovoltaics/optsim-circuit-optical-notch-filter","step":"verify","ok":true}
{"t":"2026-09-11T10:22:48.514Z","path":"/photonic-solutions/product-applications/tof-lidar/time-of-flight-lidar","step":"verify","ok":true}
{"t":"2026-09-11T10:22:51.047Z","path":"/photonic-solutions/product-applications/tof-lidar","step":"verify","ok":true}
{"t":"2026-09-11T10:22:52.386Z","path":"/photonic-solutions/product-applications/transmission-impairments-fiber/dispersion-managed-soliton","step":"verify","ok":true}
{"t":"2026-09-11T10:22:52.756Z","path":"/photonic-solutions/product-applications/transmission-impairments-fiber/optsim-dispersion-compensation","step":"verify","ok":true}
{"t":"2026-09-11T10:22:53.312Z","path":"/photonic-solutions/product-applications/transmission-impairments-fiber/optsim-effective-loss-stimulated-brillouin-scattering","step":"verify","ok":true}
{"t":"2026-09-11T10:22:53.841Z","path":"/photonic-solutions/product-applications/transmission-impairments-fiber/optsim-fiber-nonlinearity","step":"verify","ok":true}
{"t":"2026-09-11T10:22:56.837Z","path":"/photonic-solutions/product-applications/transmission-impairments-fiber/pmd-in-highbit-rate-systems","step":"verify","ok":true}
{"t":"2026-09-11T10:22:58.280Z","path":"/photonic-solutions/product-applications/transmission-impairments-fiber","step":"verify","ok":false,"why":"about:error in delivered html"}
{"t":"2026-09-11T10:22:58.507Z","path":"/photonic-solutions/product-applications/waveguide-sensors/optsim-methane-gas-sensor","step":"verify","ok":true}
{"t":"2026-09-11T10:22:58.696Z","path":"/photonic-solutions/product-applications/waveguide-sensors","step":"verify","ok":true}
{"t":"2026-09-11T10:23:00.105Z","path":"/photonic-solutions/resources","step":"verify","ok":true}
{"t":"2026-09-11T10:23:02.143Z","path":"/photonic-solutions/support","step":"verify","ok":true}
{"t":"2026-09-11T10:23:03.924Z","path":"/resources","step":"verify","ok":true}
{"t":"2026-09-11T10:23:04.366Z","path":"/silicon-design","step":"verify","ok":false,"why":"about:error in delivered html"}
{"t":"2026-09-11T10:23:05.373Z","path":"/solutions/automotive","step":"verify","ok":true}
{"t":"2026-09-11T10:23:06.277Z","path":"/solutions/electronics-digital-twin","step":"verify","ok":true}
{"t":"2026-09-11T10:23:07.618Z","path":"/solutions/energy-efficient/low-power-design","step":"verify","ok":true}
{"t":"2026-09-11T10:23:09.301Z","path":"/solutions/memory/dtco","step":"verify","ok":true}
{"t":"2026-09-11T10:23:11.060Z","path":"/solutions/memory/reliability","step":"verify","ok":true}
{"t":"2026-09-11T10:23:11.569Z","path":"/solutions/memory/shift-left","step":"verify","ok":true}
{"t":"2026-09-11T10:23:12.175Z","path":"/solutions/multi-die-design","step":"verify","ok":true}
{"t":"2026-09-11T10:23:13.418Z","path":"/solutions/silicon-lifecycle-management/data-highway/high-speed-access-and-test","step":"verify","ok":true}
{"t":"2026-09-11T10:23:15.138Z","path":"/solutions/silicon-lifecycle-management/data-highway/synopsys-ip-shs/shs-silicon-browser","step":"verify","ok":true}
{"t":"2026-09-11T10:23:17.512Z","path":"/solutions/silicon-lifecycle-management/data-highway/synopsys-ip-shs/shs-yield-accelerator","step":"verify","ok":true}
{"t":"2026-09-11T10:23:18.003Z","path":"/solutions/silicon-lifecycle-management/data-highway","step":"verify","ok":true}
{"t":"2026-09-11T10:23:18.332Z","path":"/solutions/silicon-lifecycle-management/data-highway/synopsys-ip-shs","step":"verify","ok":true}
{"t":"2026-09-11T10:23:19.671Z","path":"/solutions/silicon-lifecycle-management/environmental-monitors/slm-pvt-monitor-ip","step":"verify","ok":true}
{"t":"2026-09-11T10:23:20.521Z","path":"/solutions/silicon-lifecycle-management/environmental-monitors","step":"verify","ok":true}
{"t":"2026-09-11T10:23:22.431Z","path":"/solutions/silicon-lifecycle-management/functional-monitors","step":"verify","ok":true}
{"t":"2026-09-11T10:23:23.122Z","path":"/solutions/silicon-lifecycle-management/structural-monitors","step":"verify","ok":true}
{"t":"2026-09-11T10:23:24.968Z","path":"/solutions/silicon-lifecycle-management","step":"verify","ok":true}
{"t":"2026-09-11T10:23:25.712Z","path":"/success-stories/aaroh-labs-advanced-node-semiconductor-designs","step":"verify","ok":true}
{"t":"2026-09-11T10:23:26.552Z","path":"/success-stories/achronix-accelerates-chip-design-with-synopsys-cloud","step":"verify","ok":true}
{"t":"2026-09-11T10:23:28.148Z","path":"/success-stories/achronix-achieves-first-pass-silicon-success-for-high-performance-fpgas","step":"verify","ok":true}
{"t":"2026-09-11T10:23:28.420Z","path":"/success-stories/advantest-improves-semiconductor-yield-with-test-data-analytics","step":"verify","ok":true}
{"t":"2026-09-11T10:23:30.591Z","path":"/success-stories/arm-enabling-soc-visibility-for-secure-hardware","step":"verify","ok":true}
{"t":"2026-09-11T10:23:31.931Z","path":"/success-stories/astera-labs-accelerates-hpc-systems-time-to-market","step":"verify","ok":true}
{"t":"2026-09-11T10:23:32.683Z","path":"/success-stories/aws-leveraging-high-speed-interfaces-for-testing-monitoring","step":"verify","ok":true}
{"t":"2026-09-11T10:23:34.609Z","path":"/success-stories/carnegie-technologies-iot-security-for-asset-management","step":"verify","ok":true}
{"t":"2026-09-11T10:23:35.105Z","path":"/success-stories/calligotech-next-gen-computing-with-synopsys-design-flow","step":"verify","ok":true}
{"t":"2026-09-11T10:23:36.191Z","path":"/success-stories/cerebras-uses-in-chip-sensors-in-wse-2-chip","step":"verify","ok":true}
{"t":"2026-09-11T10:23:37.713Z","path":"/success-stories/cisco-enhances-asic-slm","step":"verify","ok":true}
{"t":"2026-09-11T10:23:38.069Z","path":"/success-stories/cisco-reduces-project-schedule-with-synopsys-cloud","step":"verify","ok":true}
{"t":"2026-09-11T10:23:40.696Z","path":"/success-stories/corehw-80ghz-mmwave-pll-with-synopsys-rfic-design-flow","step":"verify","ok":true}
{"t":"2026-09-11T10:23:41.353Z","path":"/success-stories/ferrari-cuts-powertrain-prototypes-by-40-percent-with-simulation","step":"verify","ok":true}
{"t":"2026-09-11T10:23:42.143Z","path":"/success-stories/flex-logix-enhancing-efpga-security","step":"verify","ok":true}
{"t":"2026-09-11T10:23:44.128Z","path":"/success-stories/google-accelerates-advanced-soc-testing","step":"verify","ok":true}
{"t":"2026-09-11T10:23:44.517Z","path":"/success-stories/gowin-securing-iot-with-fpga","step":"verify","ok":true}
{"t":"2026-09-11T10:23:46.120Z","path":"/success-stories/guc-accelerates-chip-design-with-floorplan-automation","step":"verify","ok":true}
{"t":"2026-09-11T10:23:46.743Z","path":"/success-stories/hcltech-accelerating-silicon-success-with-synopsys-cloud-ip","step":"verify","ok":true}
{"t":"2026-09-11T10:23:48.538Z","path":"/success-stories/hcltech-speeds-asic-thermal-modeling-with-sentaurus","step":"verify","ok":true}
{"t":"2026-09-11T10:23:50.106Z","path":"/success-stories/ibm-explores-alternative-interconnect-metals","step":"verify","ok":true}
{"t":"2026-09-11T10:23:50.234Z","path":"/success-stories/impar-leveraging-chip-design-verification-in-the-cloud","step":"verify","ok":true}
{"t":"2026-09-11T10:23:52.327Z","path":"/success-stories/infineon-drives-automotive-mcu-performance-with-synopsys","step":"verify","ok":true}
{"t":"2026-09-11T10:23:53.230Z","path":"/success-stories/intel-accelerates-x-propagation-debug-with-synopsys-verdi-xrca-technology","step":"verify","ok":true}
{"t":"2026-09-11T10:23:54.068Z","path":"/success-stories/intel-achieves-first-ucie-connected-chiplet-based-test-chip","step":"verify","ok":true}
{"t":"2026-09-11T10:23:55.728Z","path":"/success-stories/intel-replicates-real-world-vulnerability","step":"verify","ok":true}
{"t":"2026-09-11T10:23:55.766Z","path":"/success-stories/intel-self-timed-sram-timing-verification-nanotime","step":"verify","ok":true}
{"t":"2026-09-11T10:23:57.770Z","path":"/success-stories/intel-sepl","step":"verify","ok":true}
{"t":"2026-09-11T10:23:59.477Z","path":"/success-stories/intelliprop-meets-design-schedule-for-memory-controller","step":"verify","ok":true}
{"t":"2026-09-11T10:24:00.193Z","path":"/success-stories/iontra-accelerates-dev-synopsys-cloud-saas","step":"verify","ok":true}
{"t":"2026-09-11T10:24:01.349Z","path":"/success-stories/lightelligence-revolutionizes-optical-soc-design","step":"verify","ok":true}
{"t":"2026-09-11T10:24:01.349Z","path":"/success-stories/keysight-validates-pcie-6-0-specification","step":"verify","ok":true}
{"t":"2026-09-11T10:24:03.655Z","path":"/success-stories/mediatek-2nm-sram-yield-hcva-primesim-xa","step":"verify","ok":true}
{"t":"2026-09-11T10:24:05.279Z","path":"/success-stories/mentium-accelerates-ai-chip-tape-out-for-space-applications","step":"verify","ok":true}
{"t":"2026-09-11T10:24:06.234Z","path":"/success-stories/microsoft-uncovers-hidden-testbench-bugs","step":"verify","ok":true}
{"t":"2026-09-11T10:24:06.643Z","path":"/success-stories/neuchips-creates-ai-accelerator-chip-in-18-months","step":"verify","ok":true}
{"t":"2026-09-11T10:24:07.872Z","path":"/success-stories/multibeam-innovation-with-e-beam-lithography","step":"verify","ok":true}
{"t":"2026-09-11T10:24:09.363Z","path":"/success-stories/neureality-accelerating-ai-chip-tape-out-with-cloud-based-emulation","step":"verify","ok":true}
{"t":"2026-09-11T10:24:10.639Z","path":"/success-stories/neureality-ml-driven-simulation-faster-coverage-bug-detection","step":"verify","ok":true}
{"t":"2026-09-11T10:24:11.916Z","path":"/success-stories/nxp-accelerates-automotive-software-and-processor-design","step":"verify","ok":true}
{"t":"2026-09-11T10:24:12.145Z","path":"/success-stories/novatek-achieves-first-pass-silicon-success-for-mobile-display-soc","step":"verify","ok":true}
{"t":"2026-09-11T10:24:13.468Z","path":"/success-stories/orbbec-achieves-first-pass-silicon-success-for-3d-camera","step":"verify","ok":true}
{"t":"2026-09-11T10:24:14.650Z","path":"/success-stories/parade-technologies-tapes-out-usb4-retimer-dut-with-synopsys","step":"verify","ok":true}
{"t":"2026-09-11T10:24:16.488Z","path":"/success-stories/rebellions-transforms-energy-efficient-ai-computing","step":"verify","ok":true}
{"t":"2026-09-11T10:24:17.746Z","path":"/success-stories/samsung-foundry-achieves-accelerated-multi-die-system-design","step":"verify","ok":true}
{"t":"2026-09-11T10:24:18.547Z","path":"/success-stories/sima-ai-enables-edge-machine-learning-applications","step":"verify","ok":true}
{"t":"2026-09-11T10:24:19.683Z","path":"/success-stories/sophic-silicon-accelerates-wireless-soc-innovation","step":"verify","ok":true}
{"t":"2026-09-11T10:24:20.360Z","path":"/success-stories/stmicroelectronics-power-aware-clock-domain-crossing","step":"verify","ok":true}
{"t":"2026-09-11T10:24:22.772Z","path":"/success-stories/synaptics-arc-hs58x3-migration-with-synopsys-qik-and-dso-ai","step":"verify","ok":true}
{"t":"2026-09-11T10:24:23.129Z","path":"/success-stories/tetramem-develops-novel-ai-accelerator-soc","step":"verify","ok":true}
{"t":"2026-09-11T10:24:24.462Z","path":"/success-stories/xconn-achieves-first-pass-silicon-success-for-cxl-switch-soc","step":"verify","ok":true}
{"t":"2026-09-11T10:24:25.467Z","path":"/support/global-support-centers","step":"verify","ok":true}
{"t":"2026-09-11T10:24:26.034Z","path":"/support/licensing-installation-computeplatforms/certificates","step":"verify","ok":true}
{"t":"2026-09-11T10:24:27.886Z","path":"/support/licensing-installation-computeplatforms/compute-platforms/compute-platforms-roadmap","step":"verify","ok":true}
{"t":"2026-09-11T10:24:28.461Z","path":"/support/licensing-installation-computeplatforms/compute-platforms/containers","step":"verify","ok":true}
{"t":"2026-09-11T10:24:30.013Z","path":"/support/licensing-installation-computeplatforms/compute-platforms/platform-notice/2004-red-hat-linux-versions","step":"verify","ok":true}
{"t":"2026-09-11T10:24:30.604Z","path":"/support/licensing-installation-computeplatforms/compute-platforms/platform-notice/2005-hp-ux-platform-end-of-life","step":"verify","ok":true}
{"t":"2026-09-11T10:24:31.405Z","path":"/support/licensing-installation-computeplatforms/compute-platforms/platform-notice/2005-qsc-solaris-aix-baseline-changes","step":"verify","ok":true}
{"t":"2026-09-11T10:24:33.025Z","path":"/support/licensing-installation-computeplatforms/compute-platforms/platform-notice/2005-tcad-products-notice","step":"verify","ok":true}
{"t":"2026-09-11T10:24:33.606Z","path":"/support/licensing-installation-computeplatforms/compute-platforms/platform-notice/2006-ic-workbench-ev-on-hp-ux","step":"verify","ok":true}
{"t":"2026-09-11T10:24:35.409Z","path":"/support/licensing-installation-computeplatforms/compute-platforms/platform-notice/2006-os-platform-end-of-life-itanium-processor","step":"verify","ok":true}
{"t":"2026-09-11T10:24:35.484Z","path":"/support/licensing-installation-computeplatforms/compute-platforms/platform-notice/2006-proteus-products-on-hp-ux-or-red-hat-linux","step":"verify","ok":true}
{"t":"2026-09-11T10:24:36.562Z","path":"/support/licensing-installation-computeplatforms/compute-platforms/platform-notice/2007-a-foundation-red-hat-enterprise-linux-baseline-changes","step":"verify","ok":true}
{"t":"2026-09-11T10:24:38.466Z","path":"/support/licensing-installation-computeplatforms/compute-platforms/platform-notice/2007-ic-workbench-product-on-the-sun-sparc-solaris-platform","step":"verify","ok":true}
{"t":"2026-09-11T10:24:38.544Z","path":"/support/licensing-installation-computeplatforms/compute-platforms/platform-notice/2007-proteus-products-on-the-ia-64","step":"verify","ok":true}
{"t":"2026-09-11T10:24:40.376Z","path":"/support/licensing-installation-computeplatforms/compute-platforms/platform-notice/2007-proteus-products-on-the-sun-sparc-solaris-platform","step":"verify","ok":true}
{"t":"2026-09-11T10:24:40.641Z","path":"/support/licensing-installation-computeplatforms/compute-platforms/platform-notice/2007-proteus-sun-sparc-solaris-platform","step":"verify","ok":true}
{"t":"2026-09-11T10:24:41.561Z","path":"/support/licensing-installation-computeplatforms/compute-platforms/platform-notice/2007-sivl-products-on-the-ia-64-itanium-platform","step":"verify","ok":true}
{"t":"2026-09-11T10:24:43.921Z","path":"/support/licensing-installation-computeplatforms/compute-platforms/platform-notice/2008-sparc-solaris-schedule-change","step":"verify","ok":true}
{"t":"2026-09-11T10:24:44.135Z","path":"/support/licensing-installation-computeplatforms/compute-platforms/platform-notice/2008-sivl-sun-sparc-solaris","step":"verify","ok":true}
{"t":"2026-09-11T10:24:45.868Z","path":"/support/licensing-installation-computeplatforms/compute-platforms/platform-notice/2008-tcad-sentaurus","step":"verify","ok":true}
{"t":"2026-09-11T10:24:46.103Z","path":"/support/licensing-installation-computeplatforms/compute-platforms/platform-notice/2009-tcad-product-letter","step":"verify","ok":true}
{"t":"2026-09-11T10:24:47.106Z","path":"/support/licensing-installation-computeplatforms/compute-platforms/platform-notice/2011-microsoft-windows-support-changes","step":"verify","ok":true}
{"t":"2026-09-11T10:24:49.549Z","path":"/support/licensing-installation-computeplatforms/compute-platforms/platform-notice/2011-sparc-solaris-support-changes","step":"verify","ok":true}
{"t":"2026-09-11T10:24:49.561Z","path":"/support/licensing-installation-computeplatforms/compute-platforms/platform-notice/2011-stl-port","step":"verify","ok":true}
{"t":"2026-09-11T10:24:51.216Z","path":"/support/licensing-installation-computeplatforms/compute-platforms/platform-notice/2012-i-foundation-red-hat-enterprise-linux-baseline-changes","step":"verify","ok":true}
{"t":"2026-09-11T10:24:51.677Z","path":"/support/licensing-installation-computeplatforms/compute-platforms/platform-notice/2015-end-of-support-for-synopsys-license-server-on-sparc-olaris","step":"verify","ok":true}
{"t":"2026-09-11T10:24:52.511Z","path":"/support/licensing-installation-computeplatforms/compute-platforms/platform-notice/2015-k-foundation-solaris-sparc-support-end-of-life","step":"verify","ok":true}
{"t":"2026-09-11T10:24:54.256Z","path":"/support/licensing-installation-computeplatforms/compute-platforms/platform-notice/2015-platform-name-change-for-red-hat-enterprise-linux","step":"verify","ok":true}
{"t":"2026-09-11T10:24:55.130Z","path":"/support/licensing-installation-computeplatforms/compute-platforms/platform-notice/2015-suse-port-moving-linux-executable","step":"verify","ok":true}
{"t":"2026-09-11T10:24:56.205Z","path":"/support/licensing-installation-computeplatforms/compute-platforms/platform-notice/2017-o-foundation-suse-linux-and-windows-support-changes","step":"verify","ok":true}
{"t":"2026-09-11T10:24:56.972Z","path":"/support/licensing-installation-computeplatforms/compute-platforms/platform-notice/2016-m-foundation-red-hat-enterprise-linux","step":"verify","ok":true}
{"t":"2026-09-11T10:24:57.537Z","path":"/support/licensing-installation-computeplatforms/compute-platforms/platform-notice/2018-o-foundation-centos-support-changes","step":"verify","ok":true}
{"t":"2026-09-11T10:24:59.575Z","path":"/support/licensing-installation-computeplatforms/compute-platforms/platform-notice/2020-s-foundation-centos-and-rhel-support-changes","step":"verify","ok":true}
{"t":"2026-09-11T10:25:00.470Z","path":"/support/licensing-installation-computeplatforms/compute-platforms/platform-notice/2020-s-foundation-sles-and-win-support-changes","step":"verify","ok":true}
{"t":"2026-09-11T10:25:01.939Z","path":"/support/licensing-installation-computeplatforms/compute-platforms/platform-notice/2021-t-foundation-centos-support-changes","step":"verify","ok":true}
{"t":"2026-09-11T10:25:02.204Z","path":"/support/licensing-installation-computeplatforms/compute-platforms/platform-notice/2022-v-foundation-sles-support-changes","step":"verify","ok":true}
{"t":"2026-09-11T10:25:03.065Z","path":"/support/licensing-installation-computeplatforms/compute-platforms/platform-notice/2023-w-foundation-win-support-changes","step":"verify","ok":true}
{"t":"2026-09-11T10:25:04.486Z","path":"/support/licensing-installation-computeplatforms/compute-platforms/platform-notice/2025-y-foundation-centos-support-changes","step":"verify","ok":true}
{"t":"2026-09-11T10:25:05.625Z","path":"/support/licensing-installation-computeplatforms/compute-platforms/platform-notice/2025-y-foundation-sles-and-win-support-changes","step":"verify","ok":true}
{"t":"2026-09-11T10:25:07.509Z","path":"/support/licensing-installation-computeplatforms/compute-platforms/platform-notice","step":"verify","ok":true}
{"t":"2026-09-11T10:25:07.555Z","path":"/support/licensing-installation-computeplatforms/compute-platforms/release-specific-support/supported-a-foundation","step":"verify","ok":true}
{"t":"2026-09-11T10:25:08.278Z","path":"/support/licensing-installation-computeplatforms/compute-platforms/release-specific-support/supported-j-foundation","step":"verify","ok":true}
{"t":"2026-09-11T10:25:09.556Z","path":"/support/licensing-installation-computeplatforms/compute-platforms/release-specific-support/supported-m-foundation","step":"verify","ok":true}
{"t":"2026-09-11T10:25:10.786Z","path":"/support/licensing-installation-computeplatforms/compute-platforms/release-specific-support/supported-n-foundation","step":"verify","ok":true}
{"t":"2026-09-11T10:25:12.612Z","path":"/support/licensing-installation-computeplatforms/compute-platforms/release-specific-support/supported-p-foundation","step":"verify","ok":true}
{"t":"2026-09-11T10:25:12.673Z","path":"/support/licensing-installation-computeplatforms/compute-platforms/release-specific-support/supported-o-foundation","step":"verify","ok":true}
{"t":"2026-09-11T10:25:14.023Z","path":"/support/licensing-installation-computeplatforms/compute-platforms/release-specific-support/supported-q-foundation","step":"verify","ok":true}
{"t":"2026-09-11T10:25:14.647Z","path":"/support/licensing-installation-computeplatforms/compute-platforms/release-specific-support/supported-r-foundation","step":"verify","ok":true}
{"t":"2026-09-11T10:25:16.426Z","path":"/support/licensing-installation-computeplatforms/compute-platforms/release-specific-support/supported-s-foundation","step":"verify","ok":true}
{"t":"2026-09-11T10:25:17.746Z","path":"/support/licensing-installation-computeplatforms/compute-platforms/release-specific-support/supported-u-foundation","step":"verify","ok":true}
{"t":"2026-09-11T10:25:18.017Z","path":"/support/licensing-installation-computeplatforms/compute-platforms/release-specific-support/supported-t-foundation","step":"verify","ok":true}
{"t":"2026-09-11T10:25:19.552Z","path":"/support/licensing-installation-computeplatforms/compute-platforms/release-specific-support/supported-v-foundation","step":"verify","ok":true}
{"t":"2026-09-11T10:25:20.165Z","path":"/support/licensing-installation-computeplatforms/compute-platforms/release-specific-support/supported-w-foundation","step":"verify","ok":true}
{"t":"2026-09-11T10:25:21.280Z","path":"/support/licensing-installation-computeplatforms/compute-platforms/release-specific-support/supported-x-foundation","step":"verify","ok":true}
{"t":"2026-09-11T10:25:23.183Z","path":"/support/licensing-installation-computeplatforms/compute-platforms/release-specific-support/supported-y-foundation","step":"verify","ok":true}
{"t":"2026-09-11T10:25:23.270Z","path":"/support/licensing-installation-computeplatforms/compute-platforms/release-specific-support/supported-z-foundation","step":"verify","ok":true}
{"t":"2026-09-11T10:25:24.979Z","path":"/support/licensing-installation-computeplatforms/compute-platforms/release-specific-support/synopsys-k-foundation","step":"verify","ok":true}
{"t":"2026-09-11T10:25:25.451Z","path":"/support/licensing-installation-computeplatforms/compute-platforms/release-specific-support/synopsys-l-foundation","step":"verify","ok":true}
{"t":"2026-09-11T10:25:26.062Z","path":"/support/licensing-installation-computeplatforms/compute-platforms/release-specific-support","step":"verify","ok":true}
{"t":"2026-09-11T10:25:28.547Z","path":"/support/licensing-installation-computeplatforms/installation/archived-installation-guides","step":"verify","ok":true}
{"t":"2026-09-11T10:25:29.847Z","path":"/support/licensing-installation-computeplatforms/installation/installation-guide-products-not-found","step":"verify","ok":true}
{"t":"2026-09-11T10:25:30.835Z","path":"/support/licensing-installation-computeplatforms/licensing/daemons","step":"verify","ok":true}
{"t":"2026-09-11T10:25:31.047Z","path":"/support/licensing-installation-computeplatforms/licensing/determining-the-correct-flexnet-hostid","step":"verify","ok":true}
{"t":"2026-09-11T10:25:31.634Z","path":"/support/licensing-installation-computeplatforms/licensing/dongle-orders","step":"verify","ok":true}
{"t":"2026-09-11T10:25:33.985Z","path":"/support/licensing-installation-computeplatforms/licensing/dongle","step":"verify","ok":true}
{"t":"2026-09-11T10:25:35.207Z","path":"/support/licensing-installation-computeplatforms/licensing/legacy-tool-support","step":"verify","ok":true}
{"t":"2026-09-11T10:25:35.727Z","path":"/support/licensing-installation-computeplatforms/licensing/magma-tools","step":"verify","ok":true}
{"t":"2026-09-11T10:25:36.694Z","path":"/support/licensing-installation-computeplatforms/licensing/perfect-vips-tools","step":"verify","ok":true}
{"t":"2026-09-11T10:25:37.053Z","path":"/support/licensing-installation-computeplatforms/licensing/scl-supported-os","step":"verify","ok":true}
{"t":"2026-09-11T10:25:38.973Z","path":"/support/licensing-installation-computeplatforms/licensing/springsoft-tools","step":"verify","ok":true}
{"t":"2026-09-11T10:25:40.625Z","path":"/support/licensing-installation-computeplatforms/licensing/synplicity-users","step":"verify","ok":true}
{"t":"2026-09-11T10:25:40.991Z","path":"/support/licensing-installation-computeplatforms/licensing/target-compiler-migration","step":"verify","ok":true}
{"t":"2026-09-11T10:25:42.023Z","path":"/support/licensing-installation-computeplatforms/licensing/trl","step":"verify","ok":true}
{"t":"2026-09-11T10:25:42.186Z","path":"/support/licensing-installation-computeplatforms/licensing/zebu-and-knights-tools-migrating","step":"verify","ok":true}
{"t":"2026-09-11T10:25:44.807Z","path":"/support/licensing-installation-computeplatforms","step":"verify","ok":true}
{"t":"2026-09-11T10:25:45.793Z","path":"/support/training/locations/locations-austin","step":"verify","ok":true}
{"t":"2026-09-11T10:25:46.001Z","path":"/support/training/locations/locations-denmark","step":"verify","ok":true}
{"t":"2026-09-11T10:25:46.786Z","path":"/support/training/locations/locations-finland","step":"verify","ok":true}
{"t":"2026-09-11T10:25:47.506Z","path":"/support/training/locations/locations-france-grenoble","step":"verify","ok":true}
{"t":"2026-09-11T10:25:49.965Z","path":"/support/training/locations/locations-germany","step":"verify","ok":true}
{"t":"2026-09-11T10:25:50.983Z","path":"/support/training/locations/locations-hillsboro","step":"verify","ok":true}
{"t":"2026-09-11T10:25:51.203Z","path":"/support/training/locations/locations-israel","step":"verify","ok":true}
{"t":"2026-09-11T10:25:51.850Z","path":"/support/training/locations/locations-italy","step":"verify","ok":true}
{"t":"2026-09-11T10:25:52.443Z","path":"/support/training/locations/locations-longmont","step":"verify","ok":true}
{"t":"2026-09-11T10:25:55.137Z","path":"/support/training/locations/locations-marlborough","step":"verify","ok":true}
{"t":"2026-09-11T10:25:56.390Z","path":"/support/training/locations/locations-mtview","step":"verify","ok":true}
{"t":"2026-09-11T10:25:56.425Z","path":"/support/training/locations/locations-singapore","step":"verify","ok":true}
{"t":"2026-09-11T10:25:56.503Z","path":"/support/training/locations/locations-sweden","step":"verify","ok":true}
{"t":"2026-09-11T10:25:57.197Z","path":"/support/training/locations/locations-uk","step":"verify","ok":true}
{"t":"2026-09-11T10:26:00.288Z","path":"/support/training/locations/naeducation-packages","step":"verify","ok":true}
{"t":"2026-09-11T10:26:01.912Z","path":"/support/training/locations","step":"verify","ok":true}
{"t":"2026-09-11T10:26:02.169Z","path":"/support/training","step":"verify","ok":true}
{"t":"2026-09-11T10:26:02.338Z","path":"/support/training/purple-certification","step":"verify","ok":true}
{"t":"2026-09-11T10:26:02.971Z","path":"/support","step":"verify","ok":true}
{"t":"2026-09-11T10:26:06.086Z","path":"/systems","step":"verify","ok":true}
{"t":"2026-09-11T10:26:08.429Z","path":"/verification/debug","step":"verify","ok":true}
{"t":"2026-09-11T10:26:08.680Z","path":"/verification/emulation-prototyping/emulation","step":"verify","ok":true}
{"t":"2026-09-11T10:26:08.944Z","path":"/verification/debug/verdi-vms","step":"verify","ok":true}
{"t":"2026-09-11T10:26:09.712Z","path":"/verification/emulation-prototyping/hav-interface-solutions","step":"verify","ok":true}
{"t":"2026-09-11T10:26:12.660Z","path":"/verification/emulation-prototyping/prototyping","step":"verify","ok":true}
{"t":"2026-09-11T10:26:14.032Z","path":"/verification/emulation-prototyping","step":"verify","ok":true}
{"t":"2026-09-11T10:26:14.613Z","path":"/verification/resources","step":"verify","ok":false,"why":"about:error in delivered html"}
{"t":"2026-09-11T10:26:15.071Z","path":"/verification/fpga-simulation","step":"verify","ok":true}
{"t":"2026-09-11T10:26:15.274Z","path":"/verification/simulation/vc-z01x","step":"verify","ok":true}
{"t":"2026-09-11T10:26:18.535Z","path":"/verification/simulation","step":"verify","ok":true}
{"t":"2026-09-11T10:26:19.474Z","path":"/verification/soc-verification-automation/vc-portable-stimulus","step":"verify","ok":true}
{"t":"2026-09-11T10:26:19.867Z","path":"/verification/soc-verification-automation","step":"verify","ok":true}
{"t":"2026-09-11T10:26:20.604Z","path":"/verification/solutions/low-power/power-aware-prototyping","step":"verify","ok":true}
{"t":"2026-09-11T10:26:21.367Z","path":"/verification/solutions/low-power/low-power-verification","step":"verify","ok":true}
{"t":"2026-09-11T10:26:23.805Z","path":"/verification/solutions/low-power","step":"verify","ok":true}
{"t":"2026-09-11T10:26:25.066Z","path":"/verification/static-and-formal-verification/spyglass","step":"verify","ok":true}
{"t":"2026-09-11T10:26:25.118Z","path":"/verification/static-and-formal-verification/vc-formal/vc-formal-training-videos","step":"verify","ok":true}
{"t":"2026-09-11T10:26:26.292Z","path":"/verification/static-and-formal-verification/vc-spyglass","step":"verify","ok":true}
{"t":"2026-09-11T10:26:27.387Z","path":"/verification/static-and-formal-verification","step":"verify","ok":true}
{"t":"2026-09-11T10:26:29.080Z","path":"/verification/verification-ip/amba","step":"verify","ok":true}
{"t":"2026-09-11T10:26:30.073Z","path":"/verification/verification-ip/automotive","step":"verify","ok":true}
{"t":"2026-09-11T10:26:31.208Z","path":"/verification/verification-ip/bus-interface","step":"verify","ok":true}
{"t":"2026-09-11T10:26:31.285Z","path":"/verification/verification-ip/display","step":"verify","ok":true}
{"t":"2026-09-11T10:26:33.074Z","path":"/verification/verification-ip/ethernet/uec","step":"verify","ok":true}
{"t":"2026-09-11T10:26:34.303Z","path":"/verification/verification-ip/ethernet","step":"verify","ok":true}
{"t":"2026-09-11T10:26:35.942Z","path":"/verification/verification-ip/memory/hbm-verificationip","step":"verify","ok":true}
{"t":"2026-09-11T10:26:37.112Z","path":"/verification/verification-ip/memory","step":"verify","ok":true}
{"t":"2026-09-11T10:26:37.602Z","path":"/verification/verification-ip/memory/ip-lpddr","step":"verify","ok":true}
{"t":"2026-09-11T10:26:38.604Z","path":"/verification/verification-ip/mipi/ufs","step":"verify","ok":true}
{"t":"2026-09-11T10:26:39.713Z","path":"/verification/verification-ip/mipi","step":"verify","ok":true}
{"t":"2026-09-11T10:26:41.214Z","path":"/verification/verification-ip/pcie","step":"verify","ok":true}
{"t":"2026-09-11T10:26:42.143Z","path":"/verification/verification-ip/storage","step":"verify","ok":true}
{"t":"2026-09-11T10:26:42.816Z","path":"/verification/verification-ip/subsystems/compute-express-link","step":"verify","ok":true}
{"t":"2026-09-11T10:26:43.811Z","path":"/verification/verification-ip/subsystems/vc-verification-ip-for-ucie","step":"verify","ok":true}
{"t":"2026-09-11T10:26:44.440Z","path":"/verification/verification-ip/subsystems","step":"verify","ok":true}
{"t":"2026-09-11T10:26:46.790Z","path":"/verification/verification-ip/usb","step":"verify","ok":true}
{"t":"2026-09-11T10:26:46.979Z","path":"/verification/verification-ip/ualink","step":"verify","ok":true}
{"t":"2026-09-11T10:26:48.917Z","path":"/verification/verification-ip","step":"verify","ok":true}
{"t":"2026-09-11T10:26:49.357Z","path":"/verification/virtual-prototyping/automotive-ecosystem-collaboration","step":"verify","ok":true}
{"t":"2026-09-11T10:26:50.046Z","path":"/verification/virtual-prototyping/platform-architect-multi-die","step":"verify","ok":true}
{"t":"2026-09-11T10:26:51.783Z","path":"/verification/virtual-prototyping/references/amg","step":"verify","ok":true}
{"t":"2026-09-11T10:26:53.043Z","path":"/verification/virtual-prototyping/platform-architect","step":"verify","ok":true}
{"t":"2026-09-11T10:26:54.581Z","path":"/verification/virtual-prototyping/references/gif","step":"verify","ok":true}
{"t":"2026-09-11T10:26:54.581Z","path":"/verification/virtual-prototyping/references/haldex","step":"verify","ok":true}
{"t":"2026-09-11T10:26:55.608Z","path":"/verification/virtual-prototyping/references/iav","step":"verify","ok":true}
{"t":"2026-09-11T10:26:57.028Z","path":"/verification/virtual-prototyping/references/mercedes-benz","step":"verify","ok":true}
{"t":"2026-09-11T10:26:58.258Z","path":"/verification/virtual-prototyping/references/renault","step":"verify","ok":true}
{"t":"2026-09-11T10:26:59.614Z","path":"/verification/virtual-prototyping/references/volvo","step":"verify","ok":true}
{"t":"2026-09-11T10:27:00.109Z","path":"/verification/virtual-prototyping/references","step":"verify","ok":true}
{"t":"2026-09-11T10:27:00.688Z","path":"/verification/virtual-prototyping/silver/silver-videos","step":"verify","ok":true}
{"t":"2026-09-11T10:27:02.721Z","path":"/verification/virtual-prototyping/virtualizer","step":"verify","ok":true}
{"t":"2026-09-11T10:27:04.393Z","path":"/verification/virtual-prototyping/vp-book/download-vp-book","step":"verify","ok":true}
{"t":"2026-09-11T10:27:04.523Z","path":"/verification/virtual-prototyping/vp-book","step":"verify","ok":true}
{"t":"2026-09-11T10:27:06.008Z","path":"/verification/virtual-prototyping","step":"verify","ok":true}
{"t":"2026-09-11T10:27:06.345Z","path":"/verification","step":"verify","ok":true}
{"t":"2026-09-11T10:27:08.904Z","path":"/webinars/ai-advanced-security-solutions","step":"verify","ok":true}
{"t":"2026-09-11T10:27:09.925Z","path":"/webinars/amd-3dic-feasibility-analysis","step":"verify","ok":true}
{"t":"2026-09-11T10:27:10.040Z","path":"/webinars/scalable-heterogeneous-systems","step":"verify","ok":true}
{"t":"2026-09-11T10:27:11.910Z","path":"/zh-cn","step":"verify","ok":true}
{"t":"2026-09-11T10:27:12.287Z","path":"/zh-tw","step":"verify","ok":true}
