{"t":"2026-09-10T05:02:07.324Z","path":"/articles/ai-powered-analog-design","step":"verify","ok":true}
{"t":"2026-09-10T05:02:07.429Z","path":"/authors/sassine-ghazi","step":"verify","ok":true}
{"t":"2026-09-10T05:02:07.544Z","path":"/blogs/chip-design/multiphysics-chip-design-challenges","step":"verify","ok":true}
{"t":"2026-09-10T05:02:07.705Z","path":"/blogs/chip-design","step":"verify","ok":true}
{"t":"2026-09-10T05:02:12.569Z","path":"/community/snug","step":"verify","ok":true}
{"t":"2026-09-10T05:02:12.922Z","path":"/company","step":"verify","ok":true}
{"t":"2026-09-10T05:02:13.103Z","path":"/company/management-team","step":"verify","ok":true}
{"t":"2026-09-10T05:02:13.117Z","path":"/designware-ip/interface-ip","step":"verify","ok":true}
{"t":"2026-09-10T05:02:18.260Z","path":"/glossary/what-are-chiplets","step":"verify","ok":true}
{"t":"2026-09-10T05:02:18.366Z","path":"/newsroom","step":"verify","ok":true}
{"t":"2026-09-10T05:02:18.409Z","path":"/resources","step":"verify","ok":true}
{"t":"2026-09-10T05:02:18.997Z","path":"/implementation-and-signoff/signoff","step":"verify","ok":true}
{"t":"2026-09-10T05:02:23.118Z","path":"/support","step":"verify","ok":true}
{"t":"2026-09-10T05:02:23.423Z","path":"/success-stories/electronics-digital-twins-volvo-cars","step":"verify","ok":true}
{"t":"2026-09-10T05:02:23.727Z","path":"/solutions/automotive","step":"verify","ok":true}
{"t":"2026-09-10T05:02:24.283Z","path":"/verification/simulation/vcs","step":"verify","ok":true}
{"t":"2026-09-10T05:02:28.188Z","path":"/verification","step":"verify","ok":true}
{"t":"2026-09-10T05:02:29.201Z","path":"/webinars","step":"verify","ok":true}
{"t":"2026-09-10T06:06:54.345Z","path":"/academic-research/contactus/entrepreneurs","step":"verify","ok":true}
{"t":"2026-09-10T06:06:54.556Z","path":"/academic-research/contactus/students","step":"verify","ok":true}
{"t":"2026-09-10T06:06:54.611Z","path":"/academic-research/contactus/educators","step":"verify","ok":true}
{"t":"2026-09-10T06:06:54.938Z","path":"/academic-research/contactus/researchers","step":"verify","ok":true}
{"t":"2026-09-10T06:07:01.731Z","path":"/academic-research/contactus","step":"verify","ok":true}
{"t":"2026-09-10T06:07:02.096Z","path":"/academic-research/entrepreneurs","step":"verify","ok":true}
{"t":"2026-09-10T06:07:02.599Z","path":"/academic-research/educators","step":"verify","ok":true}
{"t":"2026-09-10T06:07:03.124Z","path":"/academic-research/researchers","step":"verify","ok":true}
{"t":"2026-09-10T06:07:08.720Z","path":"/academic-research/subscription","step":"verify","ok":true}
{"t":"2026-09-10T06:07:08.877Z","path":"/academic-research/students","step":"verify","ok":true}
{"t":"2026-09-10T06:07:10.189Z","path":"/ai/agentic-ai","step":"verify","ok":true}
{"t":"2026-09-10T06:07:10.735Z","path":"/academic-research/university","step":"verify","ok":true}
{"t":"2026-09-10T06:07:14.643Z","path":"/ai/ai-chip-development","step":"verify","ok":true}
{"t":"2026-09-10T06:07:14.821Z","path":"/ai/ai-powered-eda/aso-ai","step":"verify","ok":true}
{"t":"2026-09-10T06:07:15.327Z","path":"/ai/ai-powered-eda/design-da","step":"verify","ok":true}
{"t":"2026-09-10T06:07:16.197Z","path":"/ai/ai-powered-eda/dso-ai","step":"verify","ok":true}
{"t":"2026-09-10T06:07:17.250Z","path":"/ai/ai-powered-eda/silicon-da","step":"preview","status":409,"text":"error from content-bus"}
{"t":"2026-09-10T06:07:20.222Z","path":"/ai/ai-powered-eda/tso-ai","step":"verify","ok":true}
{"t":"2026-09-10T06:07:20.238Z","path":"/ai/ai-powered-eda","step":"preview","status":409,"text":"error from content-bus"}
{"t":"2026-09-10T06:07:21.303Z","path":"/ai/ai-powered-eda/vso-ai","step":"verify","ok":true}
{"t":"2026-09-10T06:07:21.909Z","path":"/ai/ai-powered-eda/videos","step":"verify","ok":true}
{"t":"2026-09-10T06:07:24.925Z","path":"/ai/contact-us","step":"verify","ok":true}
{"t":"2026-09-10T06:07:25.339Z","path":"/ai/generative-ai","step":"verify","ok":true}
{"t":"2026-09-10T06:07:27.420Z","path":"/ai/physical-ai","step":"verify","ok":true}
{"t":"2026-09-10T06:07:27.844Z","path":"/ai","step":"verify","ok":true}
{"t":"2026-09-10T06:07:30.845Z","path":"/articles/112g-ethernet-implementations","step":"verify","ok":true}
{"t":"2026-09-10T06:07:31.169Z","path":"/articles/112g-ethernet-ip","step":"verify","ok":true}
{"t":"2026-09-10T06:07:32.992Z","path":"/articles/112g-linear-optics-phy","step":"verify","ok":true}
{"t":"2026-09-10T06:07:34.214Z","path":"/articles/224g-ethernet-phy-ip","step":"verify","ok":true}
{"t":"2026-09-10T06:07:36.350Z","path":"/articles/224g-serdes-interoperability-ai-hpc","step":"verify","ok":true}
{"t":"2026-09-10T06:07:36.819Z","path":"/articles/224g-serdes-ip-linear-drive-optics","step":"verify","ok":true}
{"t":"2026-09-10T06:07:38.391Z","path":"/articles/224gbps-electrical-interface","step":"verify","ok":true}
{"t":"2026-09-10T06:07:39.236Z","path":"/articles/25g-ethernet-ip-for-high-performance-data-center-socs","step":"verify","ok":true}
{"t":"2026-09-10T06:07:41.358Z","path":"/articles/25g-ethernet","step":"verify","ok":true}
{"t":"2026-09-10T06:07:42.313Z","path":"/articles/3dio-multi-die-integration","step":"verify","ok":true}
{"t":"2026-09-10T06:07:44.023Z","path":"/articles/40g-ucie-ip-ai-applications","step":"verify","ok":true}
{"t":"2026-09-10T06:07:45.033Z","path":"/articles/5g-asips-communication-socs","step":"verify","ok":true}
{"t":"2026-09-10T06:07:47.102Z","path":"/articles/5g-dsp-controller-radio-modems","step":"verify","ok":true}
{"t":"2026-09-10T06:07:47.882Z","path":"/articles/accelerate-time-to-market-with-interface-ip-subsystems","step":"verify","ok":true}
{"t":"2026-09-10T06:07:49.084Z","path":"/articles/accelerating-32gtps-pcie5-designs","step":"verify","ok":true}
{"t":"2026-09-10T06:07:50.487Z","path":"/articles/accelerating-cryptographic-operations","step":"verify","ok":true}
{"t":"2026-09-10T06:07:52.028Z","path":"/articles/achieving-10-gbps","step":"verify","ok":true}
{"t":"2026-09-10T06:07:53.590Z","path":"/articles/achieving-iso-compliance","step":"verify","ok":true}
{"t":"2026-09-10T06:07:54.583Z","path":"/articles/adapting-non-volatile-memory","step":"verify","ok":true}
{"t":"2026-09-10T06:07:56.555Z","path":"/articles/adas-ivi-automotive-grade","step":"verify","ok":true}
{"t":"2026-09-10T06:07:58.147Z","path":"/articles/adas-ivi-socs-sdv-automotive-ip","step":"verify","ok":true}
{"t":"2026-09-10T06:08:00.041Z","path":"/articles/addressing-ai-advanced-packaging-3dio-phy","step":"verify","ok":true}
{"t":"2026-09-10T06:08:02.207Z","path":"/articles/addressing-functional-safety-in-socs-with-test-solutions","step":"verify","ok":true}
{"t":"2026-09-10T06:08:02.716Z","path":"/articles/adoption-5g-automotive-applications","step":"verify","ok":true}
{"t":"2026-09-10T06:08:03.509Z","path":"/articles/advanced-processors-virtual-reality-interfaces","step":"verify","ok":true}
{"t":"2026-09-10T06:08:06.401Z","path":"/articles/advantages-embedded-mtp-nvm-iot-soc-designs","step":"verify","ok":true}
{"t":"2026-09-10T06:08:08.054Z","path":"/articles/ai-edge-algorithms","step":"verify","ok":true}
{"t":"2026-09-10T06:08:10.184Z","path":"/articles/ai-hpc-multi-die-designs","step":"verify","ok":true}
{"t":"2026-09-10T06:08:10.717Z","path":"/articles/anatomy-ethernet-phy-for-hpc","step":"verify","ok":true}
{"t":"2026-09-10T06:08:12.049Z","path":"/articles/arc-sem130fs-safety-security-processor","step":"verify","ok":true}
{"t":"2026-09-10T06:08:14.444Z","path":"/articles/artificial-intelligence-soc-nature-nurture","step":"verify","ok":true}
{"t":"2026-09-10T06:08:15.809Z","path":"/articles/asil-d-systematic-iso-26262-compliance","step":"verify","ok":true}
{"t":"2026-09-10T06:08:17.465Z","path":"/articles/augmenting-your-reality","step":"verify","ok":true}
{"t":"2026-09-10T06:08:18.103Z","path":"/articles/automotive-certified-trng-ip","step":"verify","ok":true}
{"t":"2026-09-10T06:08:20.514Z","path":"/articles/automotive-cybersecurity-starts-with-chips","step":"verify","ok":true}
{"t":"2026-09-10T06:08:21.879Z","path":"/articles/automotive-ddr-dram","step":"verify","ok":true}
{"t":"2026-09-10T06:08:23.261Z","path":"/articles/automotive-embedded-storage-ufs","step":"verify","ok":true}
{"t":"2026-09-10T06:08:23.719Z","path":"/articles/automotive-ic-design","step":"verify","ok":true}
{"t":"2026-09-10T06:08:25.659Z","path":"/articles/automotive-macsec-ethernet","step":"verify","ok":true}
{"t":"2026-09-10T06:08:27.060Z","path":"/articles/automotive-nvm-ip-accelerating-design-schedules","step":"verify","ok":true}
{"t":"2026-09-10T06:08:28.153Z","path":"/articles/automotive-puf-unclonable-silicon-identity","step":"verify","ok":true}
{"t":"2026-09-10T06:08:28.912Z","path":"/articles/automotive-safety","step":"verify","ok":true}
{"t":"2026-09-10T06:08:30.666Z","path":"/articles/automotive-security-pcie-ip-solutions","step":"verify","ok":true}
{"t":"2026-09-10T06:08:32.750Z","path":"/articles/automotive-soc-design-platform","step":"verify","ok":true}
{"t":"2026-09-10T06:08:33.819Z","path":"/articles/balancing-security-requirements","step":"verify","ok":true}
{"t":"2026-09-10T06:08:35.021Z","path":"/articles/benefits-800g-ethernet-implementation","step":"verify","ok":true}
{"t":"2026-09-10T06:08:36.774Z","path":"/articles/best-112g-serdes-ip-performance","step":"verify","ok":true}
{"t":"2026-09-10T06:08:39.014Z","path":"/articles/category.5g-wireless","step":"preview","status":415,"text":"error from content-bus"}
{"t":"2026-09-10T06:08:39.188Z","path":"/articles/bluetooth-5-ready-ip-iot-soc-integration","step":"verify","ok":true}
{"t":"2026-09-10T06:08:41.352Z","path":"/articles/category.ai-and-machine-learning","step":"preview","status":415,"text":"error from content-bus"}
{"t":"2026-09-10T06:08:41.462Z","path":"/articles/category.analog-ip","step":"preview","status":415,"text":"error from content-bus"}
{"t":"2026-09-10T06:08:42.014Z","path":"/articles/catching-clock-integrity-jitter-issues","step":"verify","ok":true}
{"t":"2026-09-10T06:08:42.634Z","path":"/articles/building-efficient-deep-learning","step":"verify","ok":true}
{"t":"2026-09-10T06:08:43.599Z","path":"/articles/category.automotive","step":"preview","status":415,"text":"error from content-bus"}
{"t":"2026-09-10T06:08:43.679Z","path":"/articles/category.cloud","step":"preview","status":415,"text":"error from content-bus"}
{"t":"2026-09-10T06:08:44.935Z","path":"/articles/category.consideration","step":"preview","status":415,"text":"error from content-bus"}
{"t":"2026-09-10T06:08:45.325Z","path":"/articles/category.consumer","step":"preview","status":415,"text":"error from content-bus"}
{"t":"2026-09-10T06:08:45.692Z","path":"/articles/category.custom-design-platform","step":"preview","status":415,"text":"error from content-bus"}
{"t":"2026-09-10T06:08:46.040Z","path":"/articles/category.data-center","step":"preview","status":415,"text":"error from content-bus"}
{"t":"2026-09-10T06:08:47.137Z","path":"/articles/category.design","step":"preview","status":415,"text":"error from content-bus"}
{"t":"2026-09-10T06:08:47.611Z","path":"/articles/category.emulation","step":"preview","status":415,"text":"error from content-bus"}
{"t":"2026-09-10T06:08:47.966Z","path":"/articles/category.energy-efficient-socs","step":"preview","status":415,"text":"error from content-bus"}
{"t":"2026-09-10T06:08:48.321Z","path":"/articles/category.foundation-ip","step":"preview","status":415,"text":"error from content-bus"}
{"t":"2026-09-10T06:08:49.011Z","path":"/articles/category.fpga-design","step":"preview","status":415,"text":"error from content-bus"}
{"t":"2026-09-10T06:08:49.881Z","path":"/articles/category.general-ip","step":"preview","status":415,"text":"error from content-bus"}
{"t":"2026-09-10T06:08:50.249Z","path":"/articles/category.hpc-data-center","step":"preview","status":415,"text":"error from content-bus"}
{"t":"2026-09-10T06:08:50.332Z","path":"/articles/category.interface-ip","step":"preview","status":415,"text":"error from content-bus"}
{"t":"2026-09-10T06:08:51.290Z","path":"/articles/category.internet-of-things","step":"preview","status":415,"text":"error from content-bus"}
{"t":"2026-09-10T06:08:52.153Z","path":"/articles/category.ip-accelerated","step":"preview","status":415,"text":"error from content-bus"}
{"t":"2026-09-10T06:08:52.330Z","path":"/articles/category.multi-die-system","step":"preview","status":415,"text":"error from content-bus"}
{"t":"2026-09-10T06:08:52.350Z","path":"/articles/category.prototyping","step":"preview","status":415,"text":"error from content-bus"}
{"t":"2026-09-10T06:08:53.197Z","path":"/articles/category.security-ip","step":"preview","status":415,"text":"error from content-bus"}
{"t":"2026-09-10T06:08:54.045Z","path":"/articles/category.signoff","step":"preview","status":415,"text":"error from content-bus"}
{"t":"2026-09-10T06:08:54.347Z","path":"/articles/category.silicon-ip","step":"preview","status":415,"text":"error from content-bus"}
{"t":"2026-09-10T06:08:54.470Z","path":"/articles/category.silicon-ip-technical-bulletin","step":"preview","status":415,"text":"error from content-bus"}
{"t":"2026-09-10T06:08:55.002Z","path":"/articles/category.silicon-lifecycle-management","step":"preview","status":415,"text":"error from content-bus"}
{"t":"2026-09-10T06:08:55.616Z","path":"/articles/category.soc-infrastructure-ip","step":"preview","status":415,"text":"error from content-bus"}
{"t":"2026-09-10T06:08:55.980Z","path":"/articles/category.test","step":"preview","status":415,"text":"error from content-bus"}
{"t":"2026-09-10T06:08:56.178Z","path":"/articles/category.verification","step":"preview","status":415,"text":"error from content-bus"}
{"t":"2026-09-10T06:08:57.051Z","path":"/articles/category.verificationip","step":"preview","status":415,"text":"error from content-bus"}
{"t":"2026-09-10T06:08:57.267Z","path":"/articles/category.virtualprototyping","step":"preview","status":415,"text":"error from content-bus"}
{"t":"2026-09-10T06:09:01.766Z","path":"/articles/challenges-of-moving-to-32gts-pcie-designs","step":"verify","ok":true}
{"t":"2026-09-10T06:09:02.094Z","path":"/articles/choosing-embedded-processor","step":"verify","ok":true}
{"t":"2026-09-10T06:09:02.401Z","path":"/articles/challenges-of-usb-3-1-ip-certification","step":"verify","ok":true}
{"t":"2026-09-10T06:09:04.462Z","path":"/articles/cmos-image-sensor-otp-nvm","step":"verify","ok":true}
{"t":"2026-09-10T06:09:07.021Z","path":"/articles/competitive-advantage-sram-puf","step":"verify","ok":true}
{"t":"2026-09-10T06:09:07.884Z","path":"/articles/complete-die-to-die-ip-solution","step":"verify","ok":true}
{"t":"2026-09-10T06:09:09.018Z","path":"/articles/compute-express-link-standard","step":"verify","ok":true}
{"t":"2026-09-10T06:09:10.152Z","path":"/articles/computer-vision-lab-life","step":"verify","ok":true}
{"t":"2026-09-10T06:09:12.577Z","path":"/articles/configuring-ddr-subsystems","step":"verify","ok":true}
{"t":"2026-09-10T06:09:14.145Z","path":"/articles/considerations-chiplet-designs","step":"verify","ok":true}
{"t":"2026-09-10T06:09:14.902Z","path":"/articles/content-protection","step":"verify","ok":true}
{"t":"2026-09-10T06:09:15.003Z","path":"/articles/converging-cloud-computing-infrastucture","step":"verify","ok":true}
{"t":"2026-09-10T06:09:17.666Z","path":"/articles/converting-existing-designs-usb-c","step":"verify","ok":true}
{"t":"2026-09-10T06:09:20.460Z","path":"/articles/cxl-in-memory-solutions","step":"verify","ok":true}
{"t":"2026-09-10T06:09:21.503Z","path":"/articles/cxl-applications","step":"verify","ok":true}
{"t":"2026-09-10T06:09:22.292Z","path":"/articles/cxl2-3-storage-memory-applications","step":"verify","ok":true}
{"t":"2026-09-10T06:09:24.451Z","path":"/articles/data-centers-driving-ethernet-interconnects","step":"verify","ok":true}
{"t":"2026-09-10T06:09:26.552Z","path":"/articles/data-conv-ip-auto-func-safety-socs","step":"verify","ok":true}
{"t":"2026-09-10T06:09:27.810Z","path":"/articles/data-fusion-ip-iot-accelerating-application-development","step":"verify","ok":true}
{"t":"2026-09-10T06:09:29.547Z","path":"/articles/ddr-hardening-demystified","step":"verify","ok":true}
{"t":"2026-09-10T06:09:31.603Z","path":"/articles/ddr4-bank-groups","step":"verify","ok":true}
{"t":"2026-09-10T06:09:32.447Z","path":"/articles/ddr5-features","step":"verify","ok":true}
{"t":"2026-09-10T06:09:34.768Z","path":"/articles/demystifying-40-interfaces","step":"verify","ok":true}
{"t":"2026-09-10T06:09:35.839Z","path":"/articles/deep-learning-adas-applications","step":"verify","ok":true}
{"t":"2026-09-10T06:09:36.694Z","path":"/articles/design-challenges-of-clock-integrity-and-clock-jitter","step":"verify","ok":true}
{"t":"2026-09-10T06:09:37.900Z","path":"/articles/design-considerations","step":"verify","ok":true}
{"t":"2026-09-10T06:09:40.223Z","path":"/articles/design-precision","step":"verify","ok":true}
{"t":"2026-09-10T06:09:41.479Z","path":"/articles/design-verification-environment","step":"verify","ok":true}
{"t":"2026-09-10T06:09:42.004Z","path":"/articles/designing-effective-use-pcie6-bandwidth","step":"verify","ok":true}
{"t":"2026-09-10T06:09:42.932Z","path":"/articles/designing-processors","step":"verify","ok":true}
{"t":"2026-09-10T06:09:46.844Z","path":"/articles/designware-hybrid-ip","step":"verify","ok":true}
{"t":"2026-09-10T06:09:48.029Z","path":"/articles/designware-libraries","step":"verify","ok":true}
{"t":"2026-09-10T06:09:49.045Z","path":"/articles/direct-drive-electro-optical","step":"verify","ok":true}
{"t":"2026-09-10T06:09:49.394Z","path":"/articles/easing-smart-automotive-design-and-certification","step":"verify","ok":true}
{"t":"2026-09-10T06:09:52.339Z","path":"/articles/ecc-memory-error-correction","step":"verify","ok":true}
{"t":"2026-09-10T06:09:53.926Z","path":"/articles/edge-ai-near-threshold-foundation-ip","step":"verify","ok":true}
{"t":"2026-09-10T06:09:57.001Z","path":"/articles/embedded-challenges-superscalar","step":"verify","ok":true}
{"t":"2026-09-10T06:09:58.161Z","path":"/articles/embedded-linux-system","step":"verify","ok":true}
{"t":"2026-09-10T06:09:58.594Z","path":"/articles/embedded-design-prototyping","step":"verify","ok":true}
{"t":"2026-09-10T06:09:59.346Z","path":"/articles/embedded-memory-test","step":"verify","ok":true}
{"t":"2026-09-10T06:10:02.640Z","path":"/articles/embedding-artificial-intelligence-into-our-lives","step":"verify","ok":true}
{"t":"2026-09-10T06:10:03.680Z","path":"/articles/embedding-vision","step":"verify","ok":true}
{"t":"2026-09-10T06:10:04.145Z","path":"/articles/emerging-applications-cxl","step":"verify","ok":true}
{"t":"2026-09-10T06:10:04.821Z","path":"/articles/emmc-and-ufs-inline-encryption","step":"verify","ok":true}
{"t":"2026-09-10T06:10:09.587Z","path":"/articles/enabling-cars","step":"verify","ok":true}
{"t":"2026-09-10T06:10:10.108Z","path":"/articles/ensuring-security-processor-socs","step":"verify","ok":true}
{"t":"2026-09-10T06:10:10.688Z","path":"/articles/estimating-power-early-ai-vision","step":"verify","ok":true}
{"t":"2026-09-10T06:10:12.163Z","path":"/articles/emram-low-power-advanced-nodes","step":"verify","ok":false,"why":"about:error in delivered html"}
{"t":"2026-09-10T06:10:14.842Z","path":"/articles/ethernet-qos-v40","step":"verify","ok":true}
{"t":"2026-09-10T06:10:15.417Z","path":"/articles/ether-time-sens-net-for-auto-adas-socs","step":"verify","ok":true}
{"t":"2026-09-10T06:10:17.264Z","path":"/articles/ethernet-security-macsec","step":"verify","ok":true}
{"t":"2026-09-10T06:10:17.495Z","path":"/articles/ethernet-standards-scale-up-ai","step":"verify","ok":true}
{"t":"2026-09-10T06:10:19.730Z","path":"/articles/ethernet-terminology","step":"verify","ok":true}
{"t":"2026-09-10T06:10:21.518Z","path":"/articles/eusb2v2-interoperability-fpga-prototyping","step":"verify","ok":true}
{"t":"2026-09-10T06:10:22.850Z","path":"/articles/ev-facial-expression","step":"verify","ok":true}
{"t":"2026-09-10T06:10:24.474Z","path":"/articles/face-recognition-detection-arc-ev","step":"verify","ok":true}
{"t":"2026-09-10T06:10:25.170Z","path":"/articles/faster-iteration","step":"verify","ok":true}
{"t":"2026-09-10T06:10:27.544Z","path":"/articles/finfet-design","step":"verify","ok":true}
{"t":"2026-09-10T06:10:28.644Z","path":"/articles/finfet-process","step":"verify","ok":true}
{"t":"2026-09-10T06:10:29.873Z","path":"/articles/firmware-based-training-ddr-ip","step":"verify","ok":true}
{"t":"2026-09-10T06:10:31.085Z","path":"/articles/flexible-connectivity","step":"verify","ok":true}
{"t":"2026-09-10T06:10:32.786Z","path":"/articles/flexible-processing","step":"verify","ok":true}
{"t":"2026-09-10T06:10:34.791Z","path":"/articles/foundation-ip-optimized-ppa","step":"verify","ok":true}
{"t":"2026-09-10T06:10:35.617Z","path":"/articles/foundation-ip-low-power-ai","step":"verify","ok":true}
{"t":"2026-09-10T06:10:37.935Z","path":"/articles/future-nvm-memories","step":"verify","ok":true}
{"t":"2026-09-10T06:10:40.164Z","path":"/articles/functional-safety-quality-automotive","step":"verify","ok":true}
{"t":"2026-09-10T06:10:40.850Z","path":"/articles/guaranteed-isochronous-traffic-usb31","step":"verify","ok":true}
{"t":"2026-09-10T06:10:42.044Z","path":"/articles/guidelines-for-integration","step":"verify","ok":true}
{"t":"2026-09-10T06:10:43.925Z","path":"/articles/hardware-aware-training-keyword-spotting","step":"verify","ok":true}
{"t":"2026-09-10T06:10:45.317Z","path":"/articles/hardware-mathematics-for-ai","step":"verify","ok":true}
{"t":"2026-09-10T06:10:46.269Z","path":"/articles/have-linux-your-way-yocto","step":"verify","ok":true}
{"t":"2026-09-10T06:10:47.214Z","path":"/articles/hbm3-ip-dwtb","step":"verify","ok":true}
{"t":"2026-09-10T06:10:49.276Z","path":"/articles/hdmi-and-mhl","step":"verify","ok":true}
{"t":"2026-09-10T06:10:50.009Z","path":"/articles/hdmi-fast-switching","step":"verify","ok":true}
{"t":"2026-09-10T06:10:51.059Z","path":"/articles/hdmi21-for-immersive-consumer-experience","step":"verify","ok":true}
{"t":"2026-09-10T06:10:52.839Z","path":"/articles/high-accuracy-computer-vision-isps-vision-processors","step":"verify","ok":true}
{"t":"2026-09-10T06:10:54.829Z","path":"/articles/high-bandwidth-interconnects-224g-phy-ip","step":"verify","ok":true}
{"t":"2026-09-10T06:10:55.638Z","path":"/articles/high-bandwidth-memory-encryption-security","step":"verify","ok":true}
{"t":"2026-09-10T06:10:56.835Z","path":"/articles/high-performance-dsp-for-5g","step":"verify","ok":true}
{"t":"2026-09-10T06:10:59.138Z","path":"/articles/high-res-displays-hdcp","step":"verify","ok":true}
{"t":"2026-09-10T06:11:01.921Z","path":"/articles/high-speed-test-io","step":"verify","ok":true}
{"t":"2026-09-10T06:11:02.917Z","path":"/articles/how-ai-edge-computing-drives-5g-iot","step":"verify","ok":true}
{"t":"2026-09-10T06:11:03.957Z","path":"/articles/impact-of-100g-ethernet-on-edge-computing","step":"verify","ok":true}
{"t":"2026-09-10T06:11:05.374Z","path":"/articles/implementing-high-performance-deep-learning","step":"verify","ok":true}
{"t":"2026-09-10T06:11:06.789Z","path":"/articles/implementing-large-numbers","step":"verify","ok":true}
{"t":"2026-09-10T06:11:08.762Z","path":"/articles/implementing-usb-type-c","step":"verify","ok":true}
{"t":"2026-09-10T06:11:09.093Z","path":"/articles/implementing-mipi-camera","step":"verify","ok":true}
{"t":"2026-09-10T06:11:10.988Z","path":"/articles/improving-quality-of-service-amba","step":"verify","ok":true}
{"t":"2026-09-10T06:11:12.158Z","path":"/articles/in-chip-sensor-pvt","step":"verify","ok":true}
{"t":"2026-09-10T06:11:13.503Z","path":"/articles/in-memory-computing-ai","step":"verify","ok":true}
{"t":"2026-09-10T06:11:14.703Z","path":"/articles/integrated-400g-800g-ethernet-ip","step":"verify","ok":true}
{"t":"2026-09-10T06:11:16.238Z","path":"/articles/integrated-adas-domain-controller-26262","step":"verify","ok":true}
{"t":"2026-09-10T06:11:17.425Z","path":"/articles/integrated-ip-mipi-camera-display","step":"verify","ok":true}
{"t":"2026-09-10T06:11:19.590Z","path":"/articles/introduction-ccix","step":"verify","ok":true}
{"t":"2026-09-10T06:11:21.740Z","path":"/articles/introduction-to-tcam","step":"verify","ok":true}
{"t":"2026-09-10T06:11:22.966Z","path":"/articles/interface-ip-avoid-cloud-jams","step":"verify","ok":true}
{"t":"2026-09-10T06:11:23.759Z","path":"/articles/iot-connectivity-low-power-solution","step":"verify","ok":true}
{"t":"2026-09-10T06:11:24.354Z","path":"/articles/ip-die-to-die-connectivity","step":"verify","ok":true}
{"t":"2026-09-10T06:11:27.023Z","path":"/articles/ip-integration","step":"verify","ok":true}
{"t":"2026-09-10T06:11:28.223Z","path":"/articles/ip-interfaces-reduce-hpc-latency","step":"verify","ok":true}
{"t":"2026-09-10T06:11:28.926Z","path":"/articles/iso-26262-compliance-adas-socs","step":"verify","ok":true}
{"t":"2026-09-10T06:11:29.764Z","path":"/articles/iso-sae-21434-automotive-cybersecurity","step":"verify","ok":true}
{"t":"2026-09-10T06:11:32.798Z","path":"/articles/key-features-about-lpddr5","step":"verify","ok":true}
{"t":"2026-09-10T06:11:35.031Z","path":"/articles/kgd-ucie-ip-article","step":"verify","ok":true}
{"t":"2026-09-10T06:11:35.680Z","path":"/articles/low-power-mobile-storage","step":"verify","ok":true}
{"t":"2026-09-10T06:11:36.930Z","path":"/articles/logic-library-capabilities","step":"verify","ok":true}
{"t":"2026-09-10T06:11:38.836Z","path":"/articles/low-power-processor-solutions","step":"verify","ok":true}
{"t":"2026-09-10T06:11:40.514Z","path":"/articles/lpddr4","step":"verify","ok":true}
{"t":"2026-09-10T06:11:42.679Z","path":"/articles/mac-pcs-ethernet","step":"verify","ok":true}
{"t":"2026-09-10T06:11:43.662Z","path":"/articles/maximizing-performance-arc-dsp-plugin-ashling","step":"verify","ok":true}
{"t":"2026-09-10T06:11:44.605Z","path":"/articles/meeting-automotive-functional-safety-gpio","step":"verify","ok":true}
{"t":"2026-09-10T06:11:45.769Z","path":"/articles/memory-architectures-ai-socs","step":"verify","ok":true}
{"t":"2026-09-10T06:11:48.191Z","path":"/articles/memory-options","step":"verify","ok":true}
{"t":"2026-09-10T06:11:50.177Z","path":"/articles/mhl-protocol","step":"verify","ok":true}
{"t":"2026-09-10T06:11:50.867Z","path":"/articles/mhl-vs-miracast","step":"verify","ok":true}
{"t":"2026-09-10T06:11:52.065Z","path":"/articles/minimizing-auto-vulnerabilities","step":"verify","ok":true}
{"t":"2026-09-10T06:11:55.507Z","path":"/articles/modeling-integration-112g-phy-ip","step":"verify","ok":true}
{"t":"2026-09-10T06:11:56.379Z","path":"/articles/monitor-test-repair-slm","step":"verify","ok":true}
{"t":"2026-09-10T06:11:56.379Z","path":"/articles/modern-prototyping-systems","step":"verify","ok":true}
{"t":"2026-09-10T06:11:58.616Z","path":"/articles/multi-chip-design-technical-article","step":"verify","ok":true}
{"t":"2026-09-10T06:12:00.929Z","path":"/articles/multi-die-design-3d-ip","step":"verify","ok":true}
{"t":"2026-09-10T06:12:02.995Z","path":"/articles/noc-interconnects-ucie-ip","step":"verify","ok":true}
{"t":"2026-09-10T06:12:03.762Z","path":"/articles/next-gen-npus-physical-ai","step":"verify","ok":true}
{"t":"2026-09-10T06:12:04.139Z","path":"/articles/non-volatile-memory","step":"verify","ok":true}
{"t":"2026-09-10T06:12:06.781Z","path":"/articles/nvm-ip-pmics","step":"verify","ok":true}
{"t":"2026-09-10T06:12:08.863Z","path":"/articles/optimal-ppa-16ff","step":"verify","ok":true}
{"t":"2026-09-10T06:12:09.393Z","path":"/articles/optimized-memory-cpu-gpu-dsp","step":"verify","ok":true}
{"t":"2026-09-10T06:12:10.436Z","path":"/articles/optimizing-high-end-designs","step":"verify","ok":true}
{"t":"2026-09-10T06:12:13.431Z","path":"/articles/optimizing-vision-applications-openvx-visualization","step":"verify","ok":true}
{"t":"2026-09-10T06:12:14.985Z","path":"/articles/optimizing","step":"verify","ok":true}
{"t":"2026-09-10T06:12:16.114Z","path":"/articles/overcoming-design-challengse-vesa-dsc-ip","step":"verify","ok":true}
{"t":"2026-09-10T06:12:16.700Z","path":"/articles/pam3-technology-implementation-usb4-v2","step":"verify","ok":true}
{"t":"2026-09-10T06:12:19.236Z","path":"/articles/pam4-400g-ethernet","step":"verify","ok":true}
{"t":"2026-09-10T06:12:21.059Z","path":"/articles/parallel-based-phy-for-die2die","step":"verify","ok":true}
{"t":"2026-09-10T06:12:22.268Z","path":"/articles/pci-express-4-lane-margining","step":"verify","ok":true}
{"t":"2026-09-10T06:12:22.980Z","path":"/articles/pci-design-challenges","step":"verify","ok":true}
{"t":"2026-09-10T06:12:24.426Z","path":"/articles/pci-express","step":"verify","ok":true}
{"t":"2026-09-10T06:12:26.193Z","path":"/articles/pcie-6-designs","step":"verify","ok":true}
{"t":"2026-09-10T06:12:28.036Z","path":"/articles/pcie-6-hpc-socs","step":"verify","ok":true}
{"t":"2026-09-10T06:12:29.170Z","path":"/articles/pcie-7-design-ai-bandwidth","step":"verify","ok":true}
{"t":"2026-09-10T06:12:29.997Z","path":"/articles/pcie-automotive-application","step":"verify","ok":true}
{"t":"2026-09-10T06:12:31.687Z","path":"/articles/pcie-cxl-chip-to-chip-ai-scaling","step":"verify","ok":true}
{"t":"2026-09-10T06:12:33.867Z","path":"/articles/pcie-over-optics","step":"verify","ok":true}
{"t":"2026-09-10T06:12:34.493Z","path":"/articles/pcie-u2-u3-data-centers","step":"verify","ok":true}
{"t":"2026-09-10T06:12:36.363Z","path":"/articles/pcie3-bandwidth-considerations","step":"verify","ok":true}
{"t":"2026-09-10T06:12:37.587Z","path":"/articles/pcie5-edge-soc-designs","step":"verify","ok":true}
{"t":"2026-09-10T06:12:39.440Z","path":"/articles/performance-coding-advantages","step":"verify","ok":true}
{"t":"2026-09-10T06:12:40.228Z","path":"/articles/power-gating","step":"verify","ok":true}
{"t":"2026-09-10T06:12:42.094Z","path":"/articles/processor-configurations","step":"verify","ok":true}
{"t":"2026-09-10T06:12:42.641Z","path":"/articles/processor-safety-adas-automotive-systems","step":"verify","ok":true}
{"t":"2026-09-10T06:12:44.499Z","path":"/articles/protecting-against-side-channel","step":"verify","ok":true}
{"t":"2026-09-10T06:12:47.701Z","path":"/articles/prototyping-your-system","step":"verify","ok":true}
{"t":"2026-09-10T06:12:48.124Z","path":"/articles/ras-data-protection","step":"verify","ok":true}
{"t":"2026-09-10T06:12:48.169Z","path":"/articles/pvt-monitoring-ip-gaa-process","step":"verify","ok":true}
{"t":"2026-09-10T06:12:49.337Z","path":"/articles/reach-your-targets","step":"verify","ok":true}
{"t":"2026-09-10T06:12:54.807Z","path":"/articles/reduce-power-consumption","step":"verify","ok":true}
{"t":"2026-09-10T06:12:55.155Z","path":"/articles/risc-processors","step":"verify","ok":true}
{"t":"2026-09-10T06:12:55.507Z","path":"/articles/reliable-secure-otp-ip","step":"verify","ok":true}
{"t":"2026-09-10T06:12:56.366Z","path":"/articles/secure-connectivity-integrated-sim-isim","step":"verify","ok":true}
{"t":"2026-09-10T06:13:01.662Z","path":"/articles/secure-high-speed-interfaces","step":"verify","ok":true}
{"t":"2026-09-10T06:13:02.148Z","path":"/articles/securing-camera-data-mipi-cse2","step":"verify","ok":true}
{"t":"2026-09-10T06:13:02.284Z","path":"/articles/secure-iot-system","step":"verify","ok":true}
{"t":"2026-09-10T06:13:02.288Z","path":"/articles/secure-storage-solution-otp-ip","step":"verify","ok":true}
{"t":"2026-09-10T06:13:08.056Z","path":"/articles/securing-high-value-targets","step":"verify","ok":true}
{"t":"2026-09-10T06:13:08.965Z","path":"/articles/security-ide-ip","step":"verify","ok":true}
{"t":"2026-09-10T06:13:09.105Z","path":"/articles/securing-ualink-security-module","step":"verify","ok":true}
{"t":"2026-09-10T06:13:10.322Z","path":"/articles/selecting-standard-ip","step":"verify","ok":true}
{"t":"2026-09-10T06:13:17.336Z","path":"/articles/slm-pvt-monitoring-advanced-node-gaa","step":"verify","ok":true}
{"t":"2026-09-10T06:13:17.541Z","path":"/articles/serdes-design-trends-angstrom-era","step":"verify","ok":true}
{"t":"2026-09-10T06:13:18.054Z","path":"/articles/sima-machine-learning-embedded-edge","step":"verify","ok":true}
{"t":"2026-09-10T06:13:18.348Z","path":"/articles/sima-synopsys-multi-die-adas-ivi-solutions","step":"verify","ok":true}
{"t":"2026-09-10T06:13:23.908Z","path":"/articles/software-for-cameras","step":"verify","ok":true}
{"t":"2026-09-10T06:13:24.396Z","path":"/articles/software-image-signal-processor","step":"verify","ok":true}
{"t":"2026-09-10T06:13:24.398Z","path":"/articles/solving-clock-signal-integrity-and-jitter-issues","step":"verify","ok":true}
{"t":"2026-09-10T06:13:24.476Z","path":"/articles/solid-foundation-ai-powered-socs","step":"verify","ok":true}
{"t":"2026-09-10T06:13:29.975Z","path":"/articles/sta-strategies-multi-billion-instance-designs","step":"verify","ok":true}
{"t":"2026-09-10T06:13:30.079Z","path":"/articles/sram-puf-secure-silicon-fingerprint","step":"verify","ok":true}
{"t":"2026-09-10T06:13:30.455Z","path":"/articles/super-resolution-with-arc-ev","step":"verify","ok":true}
{"t":"2026-09-10T06:13:30.557Z","path":"/articles/synopsys-and-arm-display-ip","step":"verify","ok":true}
{"t":"2026-09-10T06:13:34.886Z","path":"/articles/tee-device-interface-secure-protocol","step":"verify","ok":true}
{"t":"2026-09-10T06:13:36.709Z","path":"/articles/techniques-for-improving-qor","step":"verify","ok":true}
{"t":"2026-09-10T06:13:36.997Z","path":"/articles/terabit-ethernet-macsec-security","step":"verify","ok":true}
{"t":"2026-09-10T06:13:37.840Z","path":"/articles/test-die-to-die-phy","step":"verify","ok":true}
{"t":"2026-09-10T06:13:42.145Z","path":"/articles/the-dna-of-an-ai-soc","step":"verify","ok":true}
{"t":"2026-09-10T06:13:42.553Z","path":"/articles/top-5-features","step":"verify","ok":true}
{"t":"2026-09-10T06:13:43.279Z","path":"/articles/the-next-frontier","step":"verify","ok":true}
{"t":"2026-09-10T06:13:43.771Z","path":"/articles/training-self-driving-cars-video-games","step":"verify","ok":true}
{"t":"2026-09-10T06:13:47.674Z","path":"/articles/transitioning","step":"verify","ok":true}
{"t":"2026-09-10T06:13:48.551Z","path":"/articles/ucie-3-0-64gbps-challenges","step":"verify","ok":true}
{"t":"2026-09-10T06:13:49.418Z","path":"/articles/true-random-number-generator-security","step":"verify","ok":true}
{"t":"2026-09-10T06:13:50.607Z","path":"/articles/ucie-memory-ai-hpc-use-cases","step":"verify","ok":true}
{"t":"2026-09-10T06:13:54.548Z","path":"/articles/ucie-multi-die-socs","step":"verify","ok":true}
{"t":"2026-09-10T06:13:55.810Z","path":"/articles/ultra-ethernet-ualink-ai-networks","step":"verify","ok":true}
{"t":"2026-09-10T06:13:56.453Z","path":"/articles/ulsee-designing-neural-network","step":"verify","ok":true}
{"t":"2026-09-10T06:13:57.123Z","path":"/articles/understanding-hardware-roots-of-trust","step":"verify","ok":true}
{"t":"2026-09-10T06:14:03.004Z","path":"/articles/understanding-power-profile","step":"verify","ok":true}
{"t":"2026-09-10T06:14:03.485Z","path":"/articles/understanding-the-mipi","step":"verify","ok":true}
{"t":"2026-09-10T06:14:04.402Z","path":"/articles/understanding-sdram-standards","step":"verify","ok":true}
{"t":"2026-09-10T06:14:04.905Z","path":"/articles/understanding-peripherals","step":"verify","ok":true}
{"t":"2026-09-10T06:14:10.757Z","path":"/articles/understanding-usb3-1-terminology","step":"verify","ok":true}
{"t":"2026-09-10T06:14:11.170Z","path":"/articles/usb-30-superspeed-rises","step":"verify","ok":true}
{"t":"2026-09-10T06:14:11.567Z","path":"/articles/understanding-usb4-soc-design-upgrades","step":"verify","ok":true}
{"t":"2026-09-10T06:14:11.774Z","path":"/articles/usb-3-1-host-ip-certification-guide","step":"verify","ok":true}
{"t":"2026-09-10T06:14:16.894Z","path":"/articles/usb-ip-finfet","step":"verify","ok":true}
{"t":"2026-09-10T06:14:17.252Z","path":"/articles/usb-type-c","step":"verify","ok":true}
{"t":"2026-09-10T06:14:17.524Z","path":"/articles/usb-audio","step":"verify","ok":true}
{"t":"2026-09-10T06:14:17.852Z","path":"/articles/usb31-protocol-layer-changes","step":"verify","ok":true}
{"t":"2026-09-10T06:14:23.687Z","path":"/articles/usb4-80gbps-ecosystem","step":"verify","ok":true}
{"t":"2026-09-10T06:14:23.687Z","path":"/articles/using-foundation-ip","step":"verify","ok":true}
{"t":"2026-09-10T06:14:23.687Z","path":"/articles/using-ai-harness-data-explosion","step":"verify","ok":true}
{"t":"2026-09-10T06:14:24.012Z","path":"/articles/using-threat-models","step":"verify","ok":true}
{"t":"2026-09-10T06:14:29.771Z","path":"/articles/verifying-arm-amba5","step":"verify","ok":true}
{"t":"2026-09-10T06:14:30.169Z","path":"/articles/visually-lossless-compression-for-uhd-displays","step":"verify","ok":true}
{"t":"2026-09-10T06:14:30.204Z","path":"/articles/virtual-prototyping-interface-ip","step":"verify","ok":true}
{"t":"2026-09-10T06:14:30.615Z","path":"/articles/vdk-fast-track","step":"verify","ok":true}
{"t":"2026-09-10T06:14:34.525Z","path":"/articles/when-compute-outruns-io-interface-ip-ai-scaling","step":"verify","ok":true}
{"t":"2026-09-10T06:14:35.062Z","path":"/articles/why-ai-needs-security","step":"verify","ok":true}
{"t":"2026-09-10T06:14:35.654Z","path":"/articles/wired-ethernet-speeds","step":"verify","ok":true}
{"t":"2026-09-10T06:14:36.345Z","path":"/articles","step":"verify","ok":true}
{"t":"2026-09-10T06:14:38.695Z","path":"/authors/aart-de-geus","step":"verify","ok":true}
{"t":"2026-09-10T06:14:39.563Z","path":"/authors/abhijeet-chakraborty","step":"verify","ok":true}
{"t":"2026-09-10T06:14:41.587Z","path":"/authors/achim-nohl","step":"verify","ok":true}
{"t":"2026-09-10T06:14:42.626Z","path":"/authors/abhinav-kothiala","step":"verify","ok":true}
{"t":"2026-09-10T06:14:43.672Z","path":"/authors/adam-cron","step":"verify","ok":true}
{"t":"2026-09-10T06:14:44.159Z","path":"/authors/aditi-sharma","step":"verify","ok":true}
{"t":"2026-09-10T06:14:46.421Z","path":"/authors/adrian-ng","step":"verify","ok":true}
{"t":"2026-09-10T06:14:48.272Z","path":"/authors/ahmed-ramadan","step":"verify","ok":true}
{"t":"2026-09-10T06:14:49.328Z","path":"/authors/ajay-daga","step":"verify","ok":true}
{"t":"2026-09-10T06:14:49.487Z","path":"/authors/akanksha-soni","step":"verify","ok":true}
{"t":"2026-09-10T06:14:51.516Z","path":"/authors/al-blais","step":"verify","ok":true}
{"t":"2026-09-10T06:14:55.040Z","path":"/authors/alec-vogt","step":"verify","ok":true}
{"t":"2026-09-10T06:14:55.501Z","path":"/authors/alessandra-nardi","step":"verify","ok":true}
{"t":"2026-09-10T06:14:55.826Z","path":"/authors/alan-courtay","step":"verify","ok":true}
{"t":"2026-09-10T06:14:56.901Z","path":"/authors/alex-wakefield","step":"verify","ok":true}
{"t":"2026-09-10T06:15:00.545Z","path":"/authors/alexey-smirnov","step":"verify","ok":true}
{"t":"2026-09-10T06:15:01.585Z","path":"/authors/alfred-koelbl","step":"verify","ok":true}
{"t":"2026-09-10T06:15:02.983Z","path":"/authors/amitkumar-gound","step":"verify","ok":true}
{"t":"2026-09-10T06:15:04.534Z","path":"/authors/almitra-pradhan","step":"verify","ok":true}
{"t":"2026-09-10T06:15:06.422Z","path":"/authors/amlendu-shekhar-choubey","step":"verify","ok":true}
{"t":"2026-09-10T06:15:07.937Z","path":"/authors/anand-thiruvengadam","step":"verify","ok":true}
{"t":"2026-09-10T06:15:08.463Z","path":"/authors/anders-blom","step":"verify","ok":true}
{"t":"2026-09-10T06:15:10.284Z","path":"/authors/andreas-ropers","step":"verify","ok":true}
{"t":"2026-09-10T06:15:11.324Z","path":"/authors/andrew-appleby","step":"verify","ok":true}
{"t":"2026-09-10T06:15:13.032Z","path":"/authors/andrew-elias","step":"verify","ok":true}
{"t":"2026-09-10T06:15:13.656Z","path":"/authors/andy-jolley","step":"verify","ok":true}
{"t":"2026-09-10T06:15:14.924Z","path":"/authors/andy-tai","step":"verify","ok":true}
{"t":"2026-09-10T06:15:16.924Z","path":"/authors/anil-kumar-gurugubelli","step":"verify","ok":true}
{"t":"2026-09-10T06:15:17.485Z","path":"/authors/anmol-gupta","step":"verify","ok":true}
{"t":"2026-09-10T06:15:17.974Z","path":"/authors/anjaneya-thakar","step":"verify","ok":true}
{"t":"2026-09-10T06:15:19.830Z","path":"/authors/ann-keffer","step":"verify","ok":true}
{"t":"2026-09-10T06:15:22.435Z","path":"/authors/anshul-chawla","step":"verify","ok":true}
{"t":"2026-09-10T06:15:23.298Z","path":"/authors/anthony-matarazzo","step":"verify","ok":true}
{"t":"2026-09-10T06:15:25.177Z","path":"/authors/antonio-costa","step":"verify","ok":true}
{"t":"2026-09-10T06:15:25.405Z","path":"/authors/antonio-varas","step":"verify","ok":true}
{"t":"2026-09-10T06:15:28.920Z","path":"/authors/anuj-pant","step":"verify","ok":true}
{"t":"2026-09-10T06:15:30.065Z","path":"/authors/anupama-shojaei","step":"verify","ok":true}
{"t":"2026-09-10T06:15:31.383Z","path":"/authors/archana-varanasi","step":"verify","ok":true}
{"t":"2026-09-10T06:15:32.019Z","path":"/authors/aparna-tarde","step":"verify","ok":true}
{"t":"2026-09-10T06:15:35.937Z","path":"/authors/arturo-salz","step":"verify","ok":true}
{"t":"2026-09-10T06:15:37.421Z","path":"/authors/arvind-narayanan","step":"verify","ok":true}
{"t":"2026-09-10T06:15:37.930Z","path":"/authors/arun-venkatachar","step":"verify","ok":true}
{"t":"2026-09-10T06:15:38.108Z","path":"/authors/arun-bhattacharya","step":"verify","ok":true}
{"t":"2026-09-10T06:15:42.405Z","path":"/authors/asutosh-mishra","step":"verify","ok":true}
{"t":"2026-09-10T06:15:43.315Z","path":"/authors/ash-patel","step":"verify","ok":true}
{"t":"2026-09-10T06:15:44.222Z","path":"/authors/atul-walimbe","step":"verify","ok":true}
{"t":"2026-09-10T06:15:44.517Z","path":"/authors/ashutosh-varma","step":"verify","ok":true}
{"t":"2026-09-10T06:15:48.268Z","path":"/authors/avanish-singh","step":"verify","ok":true}
{"t":"2026-09-10T06:15:49.795Z","path":"/authors/ayush-goyal","step":"verify","ok":true}
{"t":"2026-09-10T06:15:50.284Z","path":"/authors/avinash-palepu","step":"verify","ok":true}
{"t":"2026-09-10T06:15:51.199Z","path":"/authors/barbara-donaldson","step":"verify","ok":true}
{"t":"2026-09-10T06:15:53.361Z","path":"/authors/bhavana-chaurasia","step":"verify","ok":true}
{"t":"2026-09-10T06:15:54.645Z","path":"/authors/biswanath-tayenjam","step":"verify","ok":true}
{"t":"2026-09-10T06:15:55.269Z","path":"/authors/bjoern-hartmann","step":"verify","ok":true}
{"t":"2026-09-10T06:15:56.704Z","path":"/authors/bobby-zuiss","step":"verify","ok":true}
{"t":"2026-09-10T06:15:57.857Z","path":"/authors/brad-bailey","step":"verify","ok":true}
{"t":"2026-09-10T06:15:59.477Z","path":"/authors/bradley-geden","step":"verify","ok":true}
{"t":"2026-09-10T06:16:01.036Z","path":"/authors/brandon-wang","step":"verify","ok":true}
{"t":"2026-09-10T06:16:01.568Z","path":"/authors/brett-murdock","step":"verify","ok":true}
{"t":"2026-09-10T06:16:02.627Z","path":"/authors/brian-davenport","step":"verify","ok":true}
{"t":"2026-09-10T06:16:04.624Z","path":"/authors/bryan-kelly","step":"verify","ok":true}
{"t":"2026-09-10T06:16:06.027Z","path":"/authors/carlos-basto","step":"verify","ok":true}
{"t":"2026-09-10T06:16:06.750Z","path":"/authors/buvanesh-balasubramanian","step":"verify","ok":true}
{"t":"2026-09-10T06:16:07.377Z","path":"/authors/catherine-le-lan","step":"verify","ok":true}
{"t":"2026-09-10T06:16:09.487Z","path":"/authors/chahinez-hamlaoui","step":"verify","ok":true}
{"t":"2026-09-10T06:16:11.218Z","path":"/authors/charles-dittmer","step":"verify","ok":true}
{"t":"2026-09-10T06:16:11.665Z","path":"/authors/charlie-matar","step":"verify","ok":true}
{"t":"2026-09-10T06:16:12.792Z","path":"/authors/chiragkumar-patel","step":"verify","ok":true}
{"t":"2026-09-10T06:16:15.500Z","path":"/authors/chris-clark","step":"verify","ok":true}
{"t":"2026-09-10T06:16:16.725Z","path":"/authors/christoph-kuznik","step":"verify","ok":true}
{"t":"2026-09-10T06:16:17.941Z","path":"/authors/chun-chan","step":"verify","ok":true}
{"t":"2026-09-10T06:16:18.776Z","path":"/authors/christian-malter","step":"verify","ok":true}
{"t":"2026-09-10T06:16:20.688Z","path":"/authors/chun-soo-kim","step":"verify","ok":true}
{"t":"2026-09-10T06:16:22.317Z","path":"/authors/claris-leung","step":"verify","ok":true}
{"t":"2026-09-10T06:16:23.434Z","path":"/authors/dale-donchin","step":"verify","ok":true}
{"t":"2026-09-10T06:16:23.744Z","path":"/authors/damian-roberts","step":"verify","ok":true}
{"t":"2026-09-10T06:16:27.528Z","path":"/authors/daniel-castello","step":"verify","ok":true}
{"t":"2026-09-10T06:16:28.117Z","path":"/authors/daniel-koehler","step":"verify","ok":true}
{"t":"2026-09-10T06:16:28.707Z","path":"/authors/dana-neustadter","step":"verify","ok":true}
{"t":"2026-09-10T06:16:29.036Z","path":"/authors/daryl-seitzer","step":"verify","ok":true}
{"t":"2026-09-10T06:16:34.271Z","path":"/authors/deandre-hoskins","step":"verify","ok":true}
{"t":"2026-09-10T06:16:35.494Z","path":"/authors/debbie-chiu","step":"verify","ok":true}
{"t":"2026-09-10T06:16:35.640Z","path":"/authors/datsen-davies-tharakan","step":"verify","ok":true}
{"t":"2026-09-10T06:16:36.312Z","path":"/authors/deepak-ahuja","step":"verify","ok":true}
{"t":"2026-09-10T06:16:40.364Z","path":"/authors/deepak-kumar-lnu","step":"verify","ok":true}
{"t":"2026-09-10T06:16:41.246Z","path":"/authors/deepak-sherlekar","step":"verify","ok":true}
{"t":"2026-09-10T06:16:41.550Z","path":"/authors/deirdre-hanford","step":"verify","ok":true}
{"t":"2026-09-10T06:16:41.892Z","path":"/authors/deepak-nagaria","step":"verify","ok":true}
{"t":"2026-09-10T06:16:45.252Z","path":"/authors/dennis-kengo-oka","step":"verify","ok":true}
{"t":"2026-09-10T06:16:46.898Z","path":"/authors/derya-eker","step":"verify","ok":true}
{"t":"2026-09-10T06:16:47.256Z","path":"/authors/dermott-lynch","step":"verify","ok":true}
{"t":"2026-09-10T06:16:48.308Z","path":"/authors/dhruv-garg","step":"verify","ok":true}
{"t":"2026-09-10T06:16:50.044Z","path":"/authors/diego-gonzalez-montes","step":"verify","ok":true}
{"t":"2026-09-10T06:16:52.539Z","path":"/authors/dipanjan-basu","step":"verify","ok":true}
{"t":"2026-09-10T06:16:53.691Z","path":"/authors/diwakar-kumaraswamy","step":"verify","ok":true}
{"t":"2026-09-10T06:16:54.607Z","path":"/authors/dr-antonio-salazar","step":"verify","ok":true}
{"t":"2026-09-10T06:16:56.509Z","path":"/authors/dr-johannes-stahl","step":"verify","ok":true}
{"t":"2026-09-10T06:16:57.558Z","path":"/authors/dr-larry-melvin","step":"verify","ok":true}
{"t":"2026-09-10T06:16:58.063Z","path":"/authors/dr-markus-wedler","step":"verify","ok":true}
{"t":"2026-09-10T06:16:59.884Z","path":"/authors/dustin-todd","step":"verify","ok":true}
{"t":"2026-09-10T06:17:01.973Z","path":"/authors/eldo-n-baby","step":"verify","ok":true}
{"t":"2026-09-10T06:17:02.663Z","path":"/authors/eldon-nelson","step":"verify","ok":true}
{"t":"2026-09-10T06:17:03.084Z","path":"/authors/emily-gerken","step":"verify","ok":true}
{"t":"2026-09-10T06:17:05.896Z","path":"/authors/emmanuel-follin-sr","step":"verify","ok":true}
{"t":"2026-09-10T06:17:08.227Z","path":"/authors/eric-huang","step":"verify","ok":true}
{"t":"2026-09-10T06:17:08.672Z","path":"/authors/erika-varga-mcenroe","step":"verify","ok":true}
{"t":"2026-09-10T06:17:08.742Z","path":"/authors/erin-guzman","step":"verify","ok":true}
{"t":"2026-09-10T06:17:11.138Z","path":"/authors/faisal-goriawalla","step":"verify","ok":true}
{"t":"2026-09-10T06:17:13.121Z","path":"/authors/falco-munsche","step":"verify","ok":true}
{"t":"2026-09-10T06:17:13.810Z","path":"/authors/farzin-rasteh","step":"verify","ok":true}
{"t":"2026-09-10T06:17:14.750Z","path":"/authors/fergus-casey","step":"verify","ok":true}
{"t":"2026-09-10T06:17:15.453Z","path":"/authors/filip-thoen","step":"verify","ok":true}
{"t":"2026-09-10T06:17:18.337Z","path":"/authors/frank-gover","step":"verify","ok":true}
{"t":"2026-09-10T06:17:20.555Z","path":"/authors/frank-schirrmeister","step":"verify","ok":true}
{"t":"2026-09-10T06:17:21.642Z","path":"/authors/frank-malloy","step":"verify","ok":true}
{"t":"2026-09-10T06:17:21.716Z","path":"/authors/gabriele-penazzi","step":"verify","ok":true}
{"t":"2026-09-10T06:17:23.766Z","path":"/authors/gandharv-bhatara","step":"verify","ok":true}
{"t":"2026-09-10T06:17:27.781Z","path":"/authors/gary-rudolph","step":"verify","ok":true}
{"t":"2026-09-10T06:17:28.701Z","path":"/authors/gaurav-kumar","step":"verify","ok":true}
{"t":"2026-09-10T06:17:29.890Z","path":"/authors/gary-ruggles","step":"verify","ok":true}
{"t":"2026-09-10T06:17:30.421Z","path":"/authors/geert-jan-schrijen","step":"verify","ok":true}
{"t":"2026-09-10T06:17:34.217Z","path":"/authors/geetha-rangarajan","step":"verify","ok":true}
{"t":"2026-09-10T06:17:35.262Z","path":"/authors/gerhard-scherer","step":"verify","ok":true}
{"t":"2026-09-10T06:17:36.073Z","path":"/authors/gert-goossens","step":"verify","ok":true}
{"t":"2026-09-10T06:17:37.574Z","path":"/authors/gervais-fong","step":"verify","ok":true}
{"t":"2026-09-10T06:17:38.624Z","path":"/authors/gnana-kanagaratnam","step":"verify","ok":true}
{"t":"2026-09-10T06:17:40.159Z","path":"/authors/godwin-maben","step":"verify","ok":true}
{"t":"2026-09-10T06:17:40.463Z","path":"/authors/gopinath-lakshmi-narasimhan","step":"verify","ok":true}
{"t":"2026-09-10T06:17:42.727Z","path":"/authors/gordon-cooper","step":"verify","ok":true}
{"t":"2026-09-10T06:17:44.262Z","path":"/authors/graham-allan","step":"verify","ok":true}
{"t":"2026-09-10T06:17:45.184Z","path":"/authors/gunjan-kumar-gupta","step":"verify","ok":true}
{"t":"2026-09-10T06:17:45.798Z","path":"/authors/greg-sorber","step":"verify","ok":true}
{"t":"2026-09-10T06:17:47.640Z","path":"/authors/gunnar-braun","step":"verify","ok":true}
{"t":"2026-09-10T06:17:50.047Z","path":"/authors/gurbir-singh","step":"verify","ok":true}
{"t":"2026-09-10T06:17:50.602Z","path":"/authors/gustavo-pimentel","step":"verify","ok":true}
{"t":"2026-09-10T06:17:50.931Z","path":"/authors/guy-cortez","step":"verify","ok":true}
{"t":"2026-09-10T06:17:52.003Z","path":"/authors/hany-elhak","step":"verify","ok":true}
{"t":"2026-09-10T06:17:54.343Z","path":"/authors/harsha-vardhan","step":"verify","ok":true}
{"t":"2026-09-10T06:17:55.882Z","path":"/authors/henry-sheng","step":"verify","ok":true}
{"t":"2026-09-10T06:17:56.415Z","path":"/authors/hezi-saar","step":"verify","ok":true}
{"t":"2026-09-10T06:17:56.982Z","path":"/authors/himanshu-kathuria","step":"verify","ok":true}
{"t":"2026-09-10T06:18:00.023Z","path":"/authors/holger-keding","step":"verify","ok":true}
{"t":"2026-09-10T06:18:01.112Z","path":"/authors/hiromitsu-fujii","step":"verify","ok":true}
{"t":"2026-09-10T06:18:01.512Z","path":"/authors/hoseong-kim","step":"verify","ok":true}
{"t":"2026-09-10T06:18:02.708Z","path":"/authors/hugo-neto","step":"verify","ok":true}
{"t":"2026-09-10T06:18:06.594Z","path":"/authors/igor-markov","step":"verify","ok":true}
{"t":"2026-09-10T06:18:07.277Z","path":"/authors/ian-land","step":"verify","ok":true}
{"t":"2026-09-10T06:18:07.455Z","path":"/authors/idan-berko","step":"verify","ok":true}
{"t":"2026-09-10T06:18:07.630Z","path":"/authors/ilyat-tolchinsky","step":"verify","ok":true}
{"t":"2026-09-10T06:18:12.619Z","path":"/authors/isaac-zafrany","step":"verify","ok":true}
{"t":"2026-09-10T06:18:13.132Z","path":"/authors/irfan-shaikh","step":"verify","ok":true}
{"t":"2026-09-10T06:18:13.146Z","path":"/authors/james-chuang","step":"verify","ok":true}
{"t":"2026-09-10T06:18:13.214Z","path":"/authors/jacob-avidan","step":"verify","ok":true}
{"t":"2026-09-10T06:18:16.686Z","path":"/authors/james-patton","step":"verify","ok":true}
{"t":"2026-09-10T06:18:17.772Z","path":"/authors/jamie-gooch","step":"verify","ok":true}
{"t":"2026-09-10T06:18:18.067Z","path":"/authors/jamil-kawa","step":"verify","ok":true}
{"t":"2026-09-10T06:18:18.165Z","path":"/authors/jason-niatas","step":"verify","ok":true}
{"t":"2026-09-10T06:18:20.910Z","path":"/authors/jay-roy","step":"verify","ok":true}
{"t":"2026-09-10T06:18:22.172Z","path":"/authors/jayraj-nair","step":"verify","ok":true}
{"t":"2026-09-10T06:18:22.856Z","path":"/authors/jerome-avezou","step":"verify","ok":true}
{"t":"2026-09-10T06:18:23.291Z","path":"/authors/jennifer-pyon","step":"verify","ok":true}
{"t":"2026-09-10T06:18:25.204Z","path":"/authors/jerome-toublanc","step":"verify","ok":true}
{"t":"2026-09-10T06:18:26.599Z","path":"/authors/jian-yang","step":"verify","ok":true}
{"t":"2026-09-10T06:18:27.706Z","path":"/authors/jiangtao-meng","step":"verify","ok":true}
{"t":"2026-09-10T06:18:29.010Z","path":"/authors/jigesh-patel","step":"verify","ok":true}
{"t":"2026-09-10T06:18:29.697Z","path":"/authors/jim-schultz","step":"verify","ok":true}
{"t":"2026-09-10T06:18:31.269Z","path":"/authors/jin-zhang","step":"verify","ok":true}
{"t":"2026-09-10T06:18:33.612Z","path":"/authors/jirka-schatz","step":"verify","ok":true}
{"t":"2026-09-10T06:18:34.922Z","path":"/authors/joao-lucas","step":"verify","ok":true}
{"t":"2026-09-10T06:18:36.441Z","path":"/authors/joep-boonstra","step":"verify","ok":true}
{"t":"2026-09-10T06:18:37.030Z","path":"/authors/john-alwyn","step":"verify","ok":true}
{"t":"2026-09-10T06:18:39.563Z","path":"/authors/john-koeter","step":"verify","ok":true}
{"t":"2026-09-10T06:18:41.612Z","path":"/authors/john-moors","step":"verify","ok":true}
{"t":"2026-09-10T06:18:43.471Z","path":"/authors/john-wilkosz","step":"verify","ok":true}
{"t":"2026-09-10T06:18:44.536Z","path":"/authors/john-swanson","step":"verify","ok":true}
{"t":"2026-09-10T06:18:45.556Z","path":"/authors/jon-ames","step":"verify","ok":true}
{"t":"2026-09-10T06:18:47.109Z","path":"/authors/jon-colburn","step":"verify","ok":true}
{"t":"2026-09-10T06:18:48.333Z","path":"/authors/josefina-hobbs","step":"verify","ok":true}
{"t":"2026-09-10T06:18:50.506Z","path":"/authors/jyotika-athavale","step":"verify","ok":true}
{"t":"2026-09-10T06:18:50.930Z","path":"/authors/kai-wang","step":"verify","ok":true}
{"t":"2026-09-10T06:18:52.396Z","path":"/authors/kamal-desai","step":"verify","ok":true}
{"t":"2026-09-10T06:18:53.626Z","path":"/authors/kant-deshpande","step":"verify","ok":true}
{"t":"2026-09-10T06:18:55.018Z","path":"/authors/karan-shah","step":"verify","ok":true}
{"t":"2026-09-10T06:18:56.131Z","path":"/authors/karthik-kalpat","step":"verify","ok":true}
{"t":"2026-09-10T06:18:57.613Z","path":"/authors/keith-redmond","step":"verify","ok":true}
{"t":"2026-09-10T06:18:58.252Z","path":"/authors/keivan-javadi-khasraghi","step":"verify","ok":true}
{"t":"2026-09-10T06:19:00.024Z","path":"/authors/kelly-damalou","step":"verify","ok":true}
{"t":"2026-09-10T06:19:01.609Z","path":"/authors/kelvin-boey","step":"verify","ok":true}
{"t":"2026-09-10T06:19:02.963Z","path":"/authors/ken-potts","step":"verify","ok":true}
{"t":"2026-09-10T06:19:05.530Z","path":"/authors/kent-lusted","step":"verify","ok":true}
{"t":"2026-09-10T06:19:06.756Z","path":"/authors/kerim-genc","step":"verify","ok":true}
{"t":"2026-09-10T06:19:07.297Z","path":"/authors/kenneth-larsen","step":"verify","ok":true}
{"t":"2026-09-10T06:19:07.617Z","path":"/authors/kevin-brand","step":"verify","ok":true}
{"t":"2026-09-10T06:19:10.494Z","path":"/authors/kevin-wei","step":"verify","ok":true}
{"t":"2026-09-10T06:19:11.340Z","path":"/authors/khalid-khan","step":"verify","ok":true}
{"t":"2026-09-10T06:19:12.478Z","path":"/authors/kirankumar-karanam","step":"verify","ok":true}
{"t":"2026-09-10T06:19:15.300Z","path":"/authors/kopal-kulshreshtha","step":"verify","ok":true}
{"t":"2026-09-10T06:19:15.963Z","path":"/authors/krishna-balachandran","step":"verify","ok":true}
{"t":"2026-09-10T06:19:17.061Z","path":"/authors/kritti-pathak","step":"verify","ok":true}
{"t":"2026-09-10T06:19:17.319Z","path":"/authors/kiran-vittal","step":"verify","ok":false,"why":"about:error in delivered html"}
{"t":"2026-09-10T06:19:20.208Z","path":"/authors/lakshmi-jain","step":"verify","ok":true}
{"t":"2026-09-10T06:19:20.673Z","path":"/authors/lam-trinh","step":"verify","ok":true}
{"t":"2026-09-10T06:19:22.067Z","path":"/authors/lang-lin","step":"verify","ok":true}
{"t":"2026-09-10T06:19:22.938Z","path":"/authors/larry-williams","step":"verify","ok":true}
{"t":"2026-09-10T06:19:25.008Z","path":"/authors/lauren-wu","step":"verify","ok":true}
{"t":"2026-09-10T06:19:26.385Z","path":"/authors/laxmi-narayan","step":"verify","ok":true}
{"t":"2026-09-10T06:19:27.171Z","path":"/authors/leonard-drucker","step":"verify","ok":true}
{"t":"2026-09-10T06:19:28.298Z","path":"/authors/lianna-balayan","step":"verify","ok":true}
{"t":"2026-09-10T06:19:31.120Z","path":"/authors/licinio-sousa","step":"verify","ok":true}
{"t":"2026-09-10T06:19:32.031Z","path":"/authors/lj-chen","step":"verify","ok":true}
{"t":"2026-09-10T06:19:32.482Z","path":"/authors/lokesh-ahuja","step":"verify","ok":true}
{"t":"2026-09-10T06:19:33.064Z","path":"/authors/lorin-kennedy","step":"verify","ok":true}
{"t":"2026-09-10T06:19:36.856Z","path":"/authors/luca-amaru","step":"verify","ok":true}
{"t":"2026-09-10T06:19:37.723Z","path":"/authors/makarand-patil","step":"verify","ok":true}
{"t":"2026-09-10T06:19:38.274Z","path":"/authors/magaly-sandoval-pichardo","step":"verify","ok":true}
{"t":"2026-09-10T06:19:38.815Z","path":"/authors/madhumita-sanyal","step":"verify","ok":true}
{"t":"2026-09-10T06:19:41.978Z","path":"/authors/malay-ganai","step":"verify","ok":true}
{"t":"2026-09-10T06:19:42.359Z","path":"/authors/mallik-devulapalli","step":"verify","ok":true}
{"t":"2026-09-10T06:19:43.261Z","path":"/authors/malte-doerper","step":"verify","ok":true}
{"t":"2026-09-10T06:19:44.114Z","path":"/authors/manas-ranjan-raiguru","step":"verify","ok":true}
{"t":"2026-09-10T06:19:46.917Z","path":"/authors/manoj-chacko","step":"verify","ok":true}
{"t":"2026-09-10T06:19:47.081Z","path":"/authors/manmeet-walia","step":"verify","ok":true}
{"t":"2026-09-10T06:19:47.858Z","path":"/authors/manoz-palaparthi","step":"verify","ok":true}
{"t":"2026-09-10T06:19:49.348Z","path":"/authors/manu-verma","step":"verify","ok":true}
{"t":"2026-09-10T06:19:53.094Z","path":"/authors/marc-serughetti","step":"verify","ok":true}
{"t":"2026-09-10T06:19:53.974Z","path":"/authors/manuel-mota","step":"verify","ok":true}
{"t":"2026-09-10T06:19:54.460Z","path":"/authors/marc-swinnen","step":"verify","ok":true}
{"t":"2026-09-10T06:19:54.811Z","path":"/authors/maria-auras-rodriguez","step":"verify","ok":true}
{"t":"2026-09-10T06:19:58.599Z","path":"/authors/marin-stanev","step":"verify","ok":true}
{"t":"2026-09-10T06:19:59.633Z","path":"/authors/mark-richards","step":"verify","ok":true}
{"t":"2026-09-10T06:19:59.996Z","path":"/authors/markus-willems","step":"verify","ok":true}
{"t":"2026-09-10T06:20:00.672Z","path":"/authors/markus-stix","step":"verify","ok":true}
{"t":"2026-09-10T06:20:03.957Z","path":"/authors/marta-plantykow","step":"verify","ok":true}
{"t":"2026-09-10T06:20:05.073Z","path":"/authors/martyn-bronziet","step":"verify","ok":true}
{"t":"2026-09-10T06:20:05.665Z","path":"/authors/martin-niset","step":"verify","ok":true}
{"t":"2026-09-10T06:20:06.088Z","path":"/authors/mary-ann-white","step":"verify","ok":true}
{"t":"2026-09-10T06:20:09.433Z","path":"/authors/mathias-hoehne","step":"verify","ok":true}
{"t":"2026-09-10T06:20:11.064Z","path":"/authors/meenakshy-ramachandran","step":"verify","ok":true}
{"t":"2026-09-10T06:20:11.825Z","path":"/authors/mehak-kalra","step":"verify","ok":true}
{"t":"2026-09-10T06:20:11.859Z","path":"/authors/meghana-bellumori","step":"verify","ok":true}
{"t":"2026-09-10T06:20:14.986Z","path":"/authors/michael-posner","step":"verify","ok":true}
{"t":"2026-09-10T06:20:16.684Z","path":"/authors/min-guo","step":"verify","ok":true}
{"t":"2026-09-10T06:20:18.078Z","path":"/authors/mike-borza","step":"verify","ok":true}
{"t":"2026-09-10T06:20:18.455Z","path":"/authors/mike-gianfagna","step":"verify","ok":true}
{"t":"2026-09-10T06:20:19.796Z","path":"/authors/mingchi-liu","step":"verify","ok":true}
{"t":"2026-09-10T06:20:24.323Z","path":"/authors/mischa-jonker","step":"verify","ok":true}
{"t":"2026-09-10T06:20:24.950Z","path":"/authors/mohammad-tanveer","step":"verify","ok":true}
{"t":"2026-09-10T06:20:25.857Z","path":"/authors/mitch-heins","step":"verify","ok":true}
{"t":"2026-09-10T06:20:27.519Z","path":"/authors/mohit-bhardwaj","step":"verify","ok":true}
{"t":"2026-09-10T06:20:30.877Z","path":"/authors/monica-olvera","step":"verify","ok":true}
{"t":"2026-09-10T06:20:32.192Z","path":"/authors/moninder-bansal","step":"verify","ok":true}
{"t":"2026-09-10T06:20:32.611Z","path":"/authors/myles-glisson","step":"verify","ok":true}
{"t":"2026-09-10T06:20:33.081Z","path":"/authors/morten-christiansen","step":"verify","ok":true}
{"t":"2026-09-10T06:20:36.187Z","path":"/authors/nafiz-ahmed","step":"verify","ok":true}
{"t":"2026-09-10T06:20:36.542Z","path":"/authors/nahmsuk-oh","step":"verify","ok":true}
{"t":"2026-09-10T06:20:37.468Z","path":"/authors/nancy-wall","step":"verify","ok":true}
{"t":"2026-09-10T06:20:38.361Z","path":"/authors/narasimha-babu-g-v-l","step":"verify","ok":true}
{"t":"2026-09-10T06:20:40.971Z","path":"/authors/nathalie-bijnens","step":"verify","ok":true}
{"t":"2026-09-10T06:20:41.808Z","path":"/authors/naveen-battu","step":"verify","ok":true}
{"t":"2026-09-10T06:20:42.331Z","path":"/authors/navneet-kumar-chaurasia","step":"verify","ok":true}
{"t":"2026-09-10T06:20:42.687Z","path":"/authors/neel-gopalan","step":"verify","ok":true}
{"t":"2026-09-10T06:20:45.745Z","path":"/authors/neelabja-dutta","step":"verify","ok":true}
{"t":"2026-09-10T06:20:46.472Z","path":"/authors/neeraj-paliwal","step":"verify","ok":true}
{"t":"2026-09-10T06:20:46.940Z","path":"/authors/neil-songcuan","step":"verify","ok":true}
{"t":"2026-09-10T06:20:47.534Z","path":"/authors/nicolas-amringer","step":"verify","ok":true}
{"t":"2026-09-10T06:20:49.972Z","path":"/authors/nikhil-amin","step":"verify","ok":true}
{"t":"2026-09-10T06:20:51.179Z","path":"/authors/nishith-sharma","step":"verify","ok":true}
{"t":"2026-09-10T06:20:51.858Z","path":"/authors/nitin-kalra","step":"verify","ok":true}
{"t":"2026-09-10T06:20:52.682Z","path":"/authors/nikhil-jain","step":"verify","ok":true}
{"t":"2026-09-10T06:20:56.006Z","path":"/authors/noman-hai","step":"verify","ok":true}
{"t":"2026-09-10T06:20:56.517Z","path":"/authors/nusrat-ali","step":"verify","ok":true}
{"t":"2026-09-10T06:20:58.432Z","path":"/authors/pamela-mcdaniel","step":"verify","ok":true}
{"t":"2026-09-10T06:20:58.574Z","path":"/authors/paras-mal-jain","step":"verify","ok":true}
{"t":"2026-09-10T06:21:01.951Z","path":"/authors/paritosh-pushp","step":"verify","ok":true}
{"t":"2026-09-10T06:21:03.933Z","path":"/authors/patrick-haspel","step":"verify","ok":true}
{"t":"2026-09-10T06:21:04.726Z","path":"/authors/patrick-sheridan","step":"verify","ok":true}
{"t":"2026-09-10T06:21:04.954Z","path":"/authors/patrick-verbist","step":"verify","ok":true}
{"t":"2026-09-10T06:21:07.028Z","path":"/authors/paul-holt","step":"verify","ok":true}
{"t":"2026-09-10T06:21:10.620Z","path":"/authors/pavani-jella","step":"verify","ok":true}
{"t":"2026-09-10T06:21:11.056Z","path":"/authors/pawini-mahajan","step":"verify","ok":true}
{"t":"2026-09-10T06:21:11.615Z","path":"/authors/pavithra-c-suriyanarayanan","step":"verify","ok":true}
{"t":"2026-09-10T06:21:12.708Z","path":"/authors/pedro-ricardo-miguel","step":"verify","ok":true}
{"t":"2026-09-10T06:21:15.289Z","path":"/authors/peter-simons","step":"verify","ok":true}
{"t":"2026-09-10T06:21:15.846Z","path":"/authors/peter-tsai","step":"verify","ok":true}
{"t":"2026-09-10T06:21:16.539Z","path":"/authors/phani-emani","step":"verify","ok":true}
{"t":"2026-09-10T06:21:17.223Z","path":"/authors/pieter-van-der-wolf","step":"verify","ok":true}
{"t":"2026-09-10T06:21:20.621Z","path":"/authors/plamen-asenov","step":"verify","ok":true}
{"t":"2026-09-10T06:21:21.084Z","path":"/authors/piyush-sancheti","step":"verify","ok":true}
{"t":"2026-09-10T06:21:21.472Z","path":"/authors/prasad-saggurti","step":"verify","ok":true}
{"t":"2026-09-10T06:21:21.485Z","path":"/authors/prabha-krishnaswami","step":"verify","ok":true}
{"t":"2026-09-10T06:21:25.185Z","path":"/authors/prasad-subudhi-k-s","step":"verify","ok":true}
{"t":"2026-09-10T06:21:25.859Z","path":"/authors/pratap-neelashetty","step":"verify","ok":true}
{"t":"2026-09-10T06:21:26.521Z","path":"/authors/pratik-mahajan","step":"verify","ok":true}
{"t":"2026-09-10T06:21:27.555Z","path":"/authors/praveen-durga","step":"verify","ok":true}
{"t":"2026-09-10T06:21:30.672Z","path":"/authors/prith-banerjee","step":"verify","ok":true}
{"t":"2026-09-10T06:21:30.824Z","path":"/authors/preeti-jain","step":"verify","ok":true}
{"t":"2026-09-10T06:21:32.237Z","path":"/authors/priyank-shukla","step":"verify","ok":true}
{"t":"2026-09-10T06:21:32.571Z","path":"/authors/pushpal-nautiyal","step":"verify","ok":true}
{"t":"2026-09-10T06:21:35.318Z","path":"/authors/rahul-deokar","step":"verify","ok":true}
{"t":"2026-09-10T06:21:36.003Z","path":"/authors/rahul-singhal","step":"verify","ok":true}
{"t":"2026-09-10T06:21:36.823Z","path":"/authors/rahul-thukral","step":"verify","ok":true}
{"t":"2026-09-10T06:21:36.823Z","path":"/authors/raja-badrinarayanan","step":"verify","ok":true}
{"t":"2026-09-10T06:21:40.472Z","path":"/authors/ramesh-narayanaswamy","step":"verify","ok":true}
{"t":"2026-09-10T06:21:40.637Z","path":"/authors/raja-tabet","step":"verify","ok":true}
{"t":"2026-09-10T06:21:40.869Z","path":"/authors/ramsay-allen","step":"verify","ok":true}
{"t":"2026-09-10T06:21:42.137Z","path":"/authors/randy-fish","step":"verify","ok":true}
{"t":"2026-09-10T06:21:44.957Z","path":"/authors/ravi-todi","step":"verify","ok":true}
{"t":"2026-09-10T06:21:45.285Z","path":"/authors/reed-hinkel","step":"verify","ok":true}
{"t":"2026-09-10T06:21:45.736Z","path":"/authors/revi-ofir","step":"verify","ok":true}
{"t":"2026-09-10T06:21:47.064Z","path":"/authors/ricardo-borges","step":"verify","ok":true}
{"t":"2026-09-10T06:21:50.472Z","path":"/authors/rich-goldman","step":"verify","ok":true}
{"t":"2026-09-10T06:21:51.691Z","path":"/authors/rich-collins","step":"verify","ok":true}
{"t":"2026-09-10T06:21:52.157Z","path":"/authors/rick-furtner","step":"verify","ok":true}
{"t":"2026-09-10T06:21:53.574Z","path":"/authors/richard-solomon","step":"verify","ok":true}
{"t":"2026-09-10T06:21:57.188Z","path":"/authors/rimpy-chugh","step":"verify","ok":true}
{"t":"2026-09-10T06:21:59.543Z","path":"/authors/rob-aitken","step":"verify","ok":true}
{"t":"2026-09-10T06:22:00.170Z","path":"/authors/rishikumar-chauhan","step":"verify","ok":true}
{"t":"2026-09-10T06:22:01.107Z","path":"/authors/rita-horner","step":"verify","ok":true}
{"t":"2026-09-10T06:22:02.800Z","path":"/authors/rob-dohanyos","step":"verify","ok":true}
{"t":"2026-09-10T06:22:07.046Z","path":"/authors/rob-kruger","step":"verify","ok":true}
{"t":"2026-09-10T06:22:08.756Z","path":"/authors/robert-petrosyan","step":"verify","ok":true}
{"t":"2026-09-10T06:22:10.470Z","path":"/authors/rob-parris","step":"verify","ok":true}
{"t":"2026-09-10T06:22:10.533Z","path":"/authors/rob-van-blommestein","step":"verify","ok":true}
{"t":"2026-09-10T06:22:16.654Z","path":"/authors/robert-ruiz","step":"verify","ok":true}
{"t":"2026-09-10T06:22:17.961Z","path":"/authors/rohan-bhatangar","step":"verify","ok":true}
{"t":"2026-09-10T06:22:18.325Z","path":"/authors/rohan-bhatnagar","step":"verify","ok":true}
{"t":"2026-09-10T06:22:18.737Z","path":"/authors/rohit-kumar-ohlayan","step":"verify","ok":true}
{"t":"2026-09-10T06:22:23.035Z","path":"/authors/rohitash-shukla","step":"verify","ok":true}
{"t":"2026-09-10T06:22:23.647Z","path":"/authors/ron-duncan","step":"verify","ok":true}
{"t":"2026-09-10T06:22:24.950Z","path":"/authors/ron-digiuseppe","step":"verify","ok":true}
{"t":"2026-09-10T06:22:25.807Z","path":"/authors/ron-lowman","step":"verify","ok":true}
{"t":"2026-09-10T06:22:28.892Z","path":"/authors/ruben-molina","step":"verify","ok":true}
{"t":"2026-09-10T06:22:29.129Z","path":"/authors/ruben-sousa","step":"verify","ok":true}
{"t":"2026-09-10T06:22:30.598Z","path":"/authors/rupali-kale-gaikwad","step":"verify","ok":true}
{"t":"2026-09-10T06:22:30.953Z","path":"/authors/rutger-carlsson","step":"verify","ok":true}
{"t":"2026-09-10T06:22:34.429Z","path":"/authors/ruud-derwig","step":"verify","ok":true}
{"t":"2026-09-10T06:22:34.610Z","path":"/authors/sahil-bargal","step":"verify","ok":true}
{"t":"2026-09-10T06:22:35.875Z","path":"/authors/sai-kumar-yella","step":"verify","ok":true}
{"t":"2026-09-10T06:22:37.185Z","path":"/authors/sairam-kolapalli","step":"verify","ok":true}
{"t":"2026-09-10T06:22:39.985Z","path":"/authors/sajani-patel","step":"verify","ok":true}
{"t":"2026-09-10T06:22:40.645Z","path":"/authors/saksham-gupta","step":"verify","ok":true}
{"t":"2026-09-10T06:22:41.750Z","path":"/authors/sam-tennent","step":"verify","ok":true}
{"t":"2026-09-10T06:22:42.421Z","path":"/authors/samad-parekh","step":"verify","ok":true}
{"t":"2026-09-10T06:22:45.934Z","path":"/authors/samskrut-konduru","step":"verify","ok":true}
{"t":"2026-09-10T06:22:46.264Z","path":"/authors/sandeep-mehndiratta","step":"verify","ok":true}
{"t":"2026-09-10T06:22:47.017Z","path":"/authors/sanjay-bali","step":"verify","ok":true}
{"t":"2026-09-10T06:22:48.102Z","path":"/authors/sangeeta-kulkarni","step":"verify","ok":true}
{"t":"2026-09-10T06:22:50.949Z","path":"/authors/sanjay-gangadhara","step":"verify","ok":true}
{"t":"2026-09-10T06:22:51.463Z","path":"/authors/sara-zafar-jafarzadeh","step":"verify","ok":true}
{"t":"2026-09-10T06:22:52.362Z","path":"/authors/scott-durrant","step":"verify","ok":true}
{"t":"2026-09-10T06:22:52.661Z","path":"/authors/sashi-obilisetty","step":"verify","ok":true}
{"t":"2026-09-10T06:22:55.859Z","path":"/authors/scott-knowlton","step":"verify","ok":true}
{"t":"2026-09-10T06:22:56.113Z","path":"/authors/senthil-annamalai","step":"verify","ok":true}
{"t":"2026-09-10T06:22:56.355Z","path":"/authors/sergio-silva","step":"verify","ok":true}
{"t":"2026-09-10T06:22:57.410Z","path":"/authors/shankar-krishnamoorthy","step":"verify","ok":true}
{"t":"2026-09-10T06:23:00.594Z","path":"/authors/shawn-carpenter","step":"verify","ok":true}
{"t":"2026-09-10T06:23:01.467Z","path":"/authors/shela-aboud","step":"verify","ok":true}
{"t":"2026-09-10T06:23:01.678Z","path":"/authors/shekhar-kapoor","step":"verify","ok":true}
{"t":"2026-09-10T06:23:01.749Z","path":"/authors/shruti-bagaria","step":"verify","ok":true}
{"t":"2026-09-10T06:23:05.278Z","path":"/authors/shruti-masaguppi","step":"verify","ok":true}
{"t":"2026-09-10T06:23:06.107Z","path":"/authors/siddartha-papineni","step":"verify","ok":true}
{"t":"2026-09-10T06:23:06.343Z","path":"/authors/simon-han","step":"verify","ok":true}
{"t":"2026-09-10T06:23:06.985Z","path":"/authors/shuaiyu-jiang","step":"verify","ok":true}
{"t":"2026-09-10T06:23:11.010Z","path":"/authors/soren-smidstrup","step":"verify","ok":true}
{"t":"2026-09-10T06:23:11.419Z","path":"/authors/solaiman-rahim","step":"verify","ok":true}
{"t":"2026-09-10T06:23:11.538Z","path":"/authors/soheil-modirzadeh","step":"verify","ok":true}
{"t":"2026-09-10T06:23:12.269Z","path":"/authors/sojan-philips","step":"verify","ok":true}
{"t":"2026-09-10T06:23:15.379Z","path":"/authors/sreenath-panganamala","step":"verify","ok":true}
{"t":"2026-09-10T06:23:16.704Z","path":"/authors/sri-ganta","step":"verify","ok":true}
{"t":"2026-09-10T06:23:17.619Z","path":"/authors/srideepti-pisipati","step":"verify","ok":true}
{"t":"2026-09-10T06:23:18.214Z","path":"/authors/sridhar-panchapakesan","step":"verify","ok":true}
{"t":"2026-09-10T06:23:21.948Z","path":"/authors/srini-krishnaswami","step":"verify","ok":true}
{"t":"2026-09-10T06:23:22.486Z","path":"/authors/srinivas-macha","step":"verify","ok":true}
{"t":"2026-09-10T06:23:23.218Z","path":"/authors/srinivas-velivala","step":"verify","ok":true}
{"t":"2026-09-10T06:23:23.697Z","path":"/authors/sriram-balasubramanian","step":"verify","ok":true}
{"t":"2026-09-10T06:23:27.336Z","path":"/authors/stefan-pruisken","step":"verify","ok":true}
{"t":"2026-09-10T06:23:28.198Z","path":"/authors/stephane-maulet","step":"verify","ok":true}
{"t":"2026-09-10T06:23:28.712Z","path":"/authors/stelios-diamantidis","step":"verify","ok":true}
{"t":"2026-09-10T06:23:29.319Z","path":"/authors/steve-pateras","step":"verify","ok":true}
{"t":"2026-09-10T06:23:32.379Z","path":"/authors/stewart-williams","step":"verify","ok":true}
{"t":"2026-09-10T06:23:33.546Z","path":"/authors/sudesh-gadewar","step":"verify","ok":true}
{"t":"2026-09-10T06:23:33.547Z","path":"/authors/sudeep-shivalli","step":"verify","ok":true}
{"t":"2026-09-10T06:23:34.333Z","path":"/authors/sudhanshu-rao","step":"verify","ok":true}
{"t":"2026-09-10T06:23:37.243Z","path":"/authors/sudipta-kundu","step":"verify","ok":true}
{"t":"2026-09-10T06:23:38.898Z","path":"/authors/suresh-venkatachalam","step":"verify","ok":true}
{"t":"2026-09-10T06:23:39.352Z","path":"/authors/sumit-vishwakarma","step":"verify","ok":true}
{"t":"2026-09-10T06:23:39.596Z","path":"/authors/surabh-suryavanshi","step":"verify","ok":true}
{"t":"2026-09-10T06:23:41.968Z","path":"/authors/sushil-sharma","step":"verify","ok":true}
{"t":"2026-09-10T06:23:43.953Z","path":"/authors/sutirtha-kabir","step":"verify","ok":true}
{"t":"2026-09-10T06:23:44.408Z","path":"/authors/swami-venkat","step":"verify","ok":true}
{"t":"2026-09-10T06:23:44.609Z","path":"/authors/sween-kang","step":"verify","ok":true}
{"t":"2026-09-10T06:23:46.801Z","path":"/authors/sylvain-bayon-de-noyer","step":"verify","ok":true}
{"t":"2026-09-10T06:23:46.808Z","path":"/authors/synopsys-editorial-staff","step":"preview","status":409,"text":"error from content-bus"}
{"t":"2026-09-10T06:23:49.496Z","path":"/authors/tao-huang","step":"verify","ok":true}
{"t":"2026-09-10T06:23:51.838Z","path":"/authors/taylor-armerding","step":"verify","ok":true}
{"t":"2026-09-10T06:23:52.048Z","path":"/authors/ted-mido","step":"verify","ok":true}
{"t":"2026-09-10T06:23:52.739Z","path":"/authors/taruna-reddy","step":"verify","ok":true}
{"t":"2026-09-10T06:23:55.435Z","path":"/authors/teng-kiat-lee","step":"verify","ok":true}
{"t":"2026-09-10T06:23:57.419Z","path":"/authors/thomas-andersen","step":"verify","ok":true}
{"t":"2026-09-10T06:23:58.237Z","path":"/authors/todd-koelling","step":"verify","ok":true}
{"t":"2026-09-10T06:23:58.237Z","path":"/authors/tim-kogel","step":"verify","ok":true}
{"t":"2026-09-10T06:24:00.909Z","path":"/authors/tom-de-schutter","step":"verify","ok":true}
{"t":"2026-09-10T06:24:02.287Z","path":"/authors/tri-nguyen","step":"verify","ok":true}
{"t":"2026-09-10T06:24:03.123Z","path":"/authors/tushar-mattu","step":"verify","ok":true}
{"t":"2026-09-10T06:24:04.193Z","path":"/authors/twan-korthorst","step":"verify","ok":true}
{"t":"2026-09-10T06:24:06.405Z","path":"/authors/urmimala-roy","step":"verify","ok":true}
{"t":"2026-09-10T06:24:07.269Z","path":"/authors/uyen-tran","step":"verify","ok":true}
{"t":"2026-09-10T06:24:08.326Z","path":"/authors/vadhiraj-sankaranarayanan","step":"verify","ok":true}
{"t":"2026-09-10T06:24:09.795Z","path":"/authors/vaida-arcisauskaite","step":"verify","ok":true}
{"t":"2026-09-10T06:24:12.374Z","path":"/authors/varun-agrawal","step":"verify","ok":true}
{"t":"2026-09-10T06:24:13.143Z","path":"/authors/varun-shah","step":"verify","ok":true}
{"t":"2026-09-10T06:24:14.096Z","path":"/authors/venkata-ravella","step":"verify","ok":true}
{"t":"2026-09-10T06:24:15.017Z","path":"/authors/venkatesh-kudumula","step":"verify","ok":true}
{"t":"2026-09-10T06:24:17.595Z","path":"/authors/venugopal-santhanam","step":"verify","ok":true}
{"t":"2026-09-10T06:24:19.689Z","path":"/authors/victor-grimblatt","step":"verify","ok":true}
{"t":"2026-09-10T06:24:20.796Z","path":"/authors/verification-expert","step":"verify","ok":true}
{"t":"2026-09-10T06:24:22.447Z","path":"/authors/vikas-gautam","step":"verify","ok":true}
{"t":"2026-09-10T06:24:22.624Z","path":"/authors/victor-moroz","step":"verify","ok":true}
{"t":"2026-09-10T06:24:26.081Z","path":"/authors/vikram-bhatia","step":"verify","ok":true}
{"t":"2026-09-10T06:24:26.331Z","path":"/authors/vincent-van-der-leest","step":"verify","ok":true}
{"t":"2026-09-10T06:24:28.350Z","path":"/authors/viral-sharma","step":"verify","ok":true}
{"t":"2026-09-10T06:24:30.231Z","path":"/authors/vita-liao","step":"verify","ok":true}
{"t":"2026-09-10T06:24:31.401Z","path":"/authors/vip-expert","step":"verify","ok":true}
{"t":"2026-09-10T06:24:32.331Z","path":"/authors/vivek-jain","step":"verify","ok":true}
{"t":"2026-09-10T06:24:33.123Z","path":"/authors/vivek-prasad","step":"verify","ok":true}
{"t":"2026-09-10T06:24:35.818Z","path":"/authors/wagner-nascimento","step":"verify","ok":true}
{"t":"2026-09-10T06:24:38.109Z","path":"/authors/wei-yu-ma","step":"verify","ok":true}
{"t":"2026-09-10T06:24:38.499Z","path":"/authors/walter-wottreng","step":"verify","ok":true}
{"t":"2026-09-10T06:24:39.191Z","path":"/authors/will-chen","step":"verify","ok":true}
{"t":"2026-09-10T06:24:41.757Z","path":"/authors/will-felten","step":"verify","ok":true}
{"t":"2026-09-10T06:24:44.072Z","path":"/authors/wim-slagter","step":"verify","ok":true}
{"t":"2026-09-10T06:24:45.024Z","path":"/authors/william-ruby","step":"verify","ok":true}
{"t":"2026-09-10T06:24:45.489Z","path":"/authors/wolfgang-demmerle","step":"verify","ok":true}
{"t":"2026-09-10T06:24:47.359Z","path":"/authors/xavier-mathes","step":"verify","ok":true}
{"t":"2026-09-10T06:24:49.213Z","path":"/authors/xi-wei-lin","step":"verify","ok":true}
{"t":"2026-09-10T06:24:50.905Z","path":"/authors/xingang-zhao","step":"verify","ok":true}
{"t":"2026-09-10T06:24:51.523Z","path":"/authors/yann-antonioli","step":"verify","ok":true}
{"t":"2026-09-10T06:24:52.522Z","path":"/authors/yervant-zorian","step":"verify","ok":true}
{"t":"2026-09-10T06:24:53.683Z","path":"/authors/youngkwon-cho","step":"verify","ok":true}
{"t":"2026-09-10T06:24:56.719Z","path":"/authors/zongyao-wen","step":"verify","ok":true}
{"t":"2026-09-10T06:24:57.250Z","path":"/authors/yuval-shay","step":"verify","ok":true}
{"t":"2026-09-10T06:24:57.429Z","path":"/authors","step":"verify","ok":true}
{"t":"2026-09-10T06:24:59.168Z","path":"/blogs/chip-design/1-6t-ethernet-specification-ip","step":"verify","ok":true}
{"t":"2026-09-10T06:25:01.768Z","path":"/blogs/chip-design/10baset1-s-vip-automotive-socs","step":"verify","ok":true}
{"t":"2026-09-10T06:25:03.373Z","path":"/blogs/chip-design/10k-resolution-120hz-display-reality-dsc-1-2-hdmi-2-1","step":"verify","ok":true}
{"t":"2026-09-10T06:25:04.048Z","path":"/blogs/chip-design/112g-serdes-ethernet-ip-hpc-soc","step":"verify","ok":true}
{"t":"2026-09-10T06:25:04.891Z","path":"/blogs/chip-design/2021-eri-summit-and-mto-symposium","step":"verify","ok":true}
{"t":"2026-09-10T06:25:08.235Z","path":"/blogs/chip-design/2022-eda-and-chip-design-advances","step":"verify","ok":true}
{"t":"2026-09-10T06:25:09.701Z","path":"/blogs/chip-design/2022-esg-report","step":"verify","ok":true}
{"t":"2026-09-10T06:25:11.430Z","path":"/blogs/chip-design/2023-big-for-multi-die-systems","step":"verify","ok":true}
{"t":"2026-09-10T06:25:12.003Z","path":"/blogs/chip-design/2023-community-service-hours","step":"verify","ok":true}
{"t":"2026-09-10T06:25:13.981Z","path":"/blogs/chip-design/2023-electronic-design-predictions","step":"verify","ok":true}
{"t":"2026-09-10T06:25:15.362Z","path":"/blogs/chip-design/2023-esg-report","step":"verify","ok":true}
{"t":"2026-09-10T06:25:16.850Z","path":"/blogs/chip-design/2023-hpc-predictions","step":"verify","ok":true}
{"t":"2026-09-10T06:25:19.148Z","path":"/blogs/chip-design/256gb-pcie-gen6-verification-ip","step":"verify","ok":true}
{"t":"2026-09-10T06:25:19.691Z","path":"/blogs/chip-design/2024-season-of-service","step":"verify","ok":true}
{"t":"2026-09-10T06:25:21.525Z","path":"/blogs/chip-design/2nm-power-efficiency-hyperscale-socs","step":"verify","ok":true}
{"t":"2026-09-10T06:25:22.211Z","path":"/blogs/chip-design/2nm-technology-process-design-kit-imec","step":"verify","ok":true}
{"t":"2026-09-10T06:25:26.743Z","path":"/blogs/chip-design/346-chip-simulation-technology-multi-die-systems","step":"verify","ok":true}
{"t":"2026-09-10T06:25:27.645Z","path":"/blogs/chip-design/3d-chip-tape-out-socionext-success","step":"verify","ok":true}
{"t":"2026-09-10T06:25:28.105Z","path":"/blogs/chip-design/3d-ic-design-tools-enhance-productivity","step":"verify","ok":true}
{"t":"2026-09-10T06:25:29.207Z","path":"/blogs/chip-design/3d-pcie-6-0-phy-8-lane-test-chip","step":"verify","ok":true}
{"t":"2026-09-10T06:25:35.246Z","path":"/blogs/chip-design/3dhi-chip-designs","step":"verify","ok":true}
{"t":"2026-09-10T06:25:35.842Z","path":"/blogs/chip-design/3dic-design-optimize-power-performance-area","step":"verify","ok":true}
{"t":"2026-09-10T06:25:36.563Z","path":"/blogs/chip-design/3dic-packaging-design-tools-guc","step":"verify","ok":true}
{"t":"2026-09-10T06:25:36.563Z","path":"/blogs/chip-design/3dics-sparks-innovation-snug-2022","step":"verify","ok":true}
{"t":"2026-09-10T06:25:43.337Z","path":"/blogs/chip-design/40g-ucie-ip","step":"verify","ok":true}
{"t":"2026-09-10T06:25:43.474Z","path":"/blogs/chip-design/3x-verification-performance-hpe-greenlake-flex-synopsys-flexeda","step":"verify","ok":true}
{"t":"2026-09-10T06:25:43.869Z","path":"/blogs/chip-design/4-criteria-for-picking-best-eda-tools","step":"verify","ok":true}
{"t":"2026-09-10T06:25:44.040Z","path":"/blogs/chip-design/4-ways-ualink-2-0-advances-ai-scale-up","step":"verify","ok":true}
{"t":"2026-09-10T06:25:49.407Z","path":"/blogs/chip-design/5-challenges-to-achieve-high-level-automated-driving","step":"verify","ok":true}
{"t":"2026-09-10T06:25:49.666Z","path":"/blogs/chip-design/5-automotive-functional-safety-insights","step":"verify","ok":true}
{"t":"2026-09-10T06:25:49.876Z","path":"/blogs/chip-design/5-key-smart-tech-innovations","step":"verify","ok":true}
{"t":"2026-09-10T06:25:50.195Z","path":"/blogs/chip-design/5-ways-flexeda-saas-model-transforms-chip-design","step":"verify","ok":true}
{"t":"2026-09-10T06:25:55.849Z","path":"/blogs/chip-design/5g-networks-accelerate-development-smart-cities","step":"verify","ok":true}
{"t":"2026-09-10T06:25:55.849Z","path":"/blogs/chip-design/5g-rollout-with-soc-emulation","step":"verify","ok":true}
{"t":"2026-09-10T06:25:56.395Z","path":"/blogs/chip-design/5g-rollout-and-soc-design","step":"verify","ok":true}
{"t":"2026-09-10T06:25:56.533Z","path":"/blogs/chip-design/5g-soc-design-virtual-verification-with-keysight","step":"verify","ok":true}
{"t":"2026-09-10T06:26:02.265Z","path":"/blogs/chip-design/600-million-lines-code-cars-2027","step":"verify","ok":true}
{"t":"2026-09-10T06:26:02.837Z","path":"/blogs/chip-design/5g-vs-4g","step":"verify","ok":true}
{"t":"2026-09-10T06:26:02.998Z","path":"/blogs/chip-design/64g-ucie-ip-high-speed-die-to-die-connectivity","step":"verify","ok":true}
{"t":"2026-09-10T06:26:03.488Z","path":"/blogs/chip-design/7nm-european-ai-chip-innovation","step":"verify","ok":true}
{"t":"2026-09-10T06:26:08.879Z","path":"/blogs/chip-design/800g-ethernet-demo-ecoc-2024","step":"verify","ok":true}
{"t":"2026-09-10T06:26:09.009Z","path":"/blogs/chip-design/800g-ethernet-bandwidth-for-hyperscale-data-centers","step":"verify","ok":true}
{"t":"2026-09-10T06:26:09.218Z","path":"/blogs/chip-design/8k-uhd-displays-emerging-technologies","step":"verify","ok":true}
{"t":"2026-09-10T06:26:09.449Z","path":"/blogs/chip-design/800g-ethernet-industry-standards","step":"verify","ok":true}
{"t":"2026-09-10T06:26:17.256Z","path":"/blogs/chip-design/aaroh-labs-advanced-node-semiconductor-designs","step":"verify","ok":true}
{"t":"2026-09-10T06:26:17.295Z","path":"/blogs/chip-design/8k-ultra-hd-evolution","step":"verify","ok":true}
{"t":"2026-09-10T06:26:17.865Z","path":"/blogs/chip-design/accelerate-ai-silicon-systems-physical-ai","step":"verify","ok":true}
{"t":"2026-09-10T06:26:18.220Z","path":"/blogs/chip-design/accelerate-development-for-soc","step":"verify","ok":true}
{"t":"2026-09-10T06:26:25.789Z","path":"/blogs/chip-design/accelerate-soc-design-flow-with-functional-eco","step":"verify","ok":true}
{"t":"2026-09-10T06:26:25.802Z","path":"/blogs/chip-design/accelerate-soc-verification-experts","step":"verify","ok":true}
{"t":"2026-09-10T06:26:26.349Z","path":"/blogs/chip-design/accelerate-soc-design-flow-with-ai-enabled-kits","step":"verify","ok":true}
{"t":"2026-09-10T06:26:26.571Z","path":"/blogs/chip-design/accelerate-vip-coverage-with-vso","step":"verify","ok":true}
{"t":"2026-09-10T06:26:33.742Z","path":"/blogs/chip-design/accelerating-L0p-verification-in-pcie-6-designs","step":"verify","ok":false,"why":"plain.html 404"}
{"t":"2026-09-10T06:26:34.097Z","path":"/blogs/chip-design/accelerating-ai-enabled-vehicles-npx-ces","step":"verify","ok":true}
{"t":"2026-09-10T06:26:34.272Z","path":"/blogs/chip-design/accelerating-accuracy-primesim-spice-gpu","step":"verify","ok":true}
{"t":"2026-09-10T06:26:34.560Z","path":"/blogs/chip-design/accelerating-auto-software-and-processor-design-with-nxp","step":"verify","ok":true}
{"t":"2026-09-10T06:26:40.346Z","path":"/blogs/chip-design/accelerating-product-design-silicon-to-systems","step":"verify","ok":true}
{"t":"2026-09-10T06:26:40.635Z","path":"/blogs/chip-design/accelerating-emib-t-packaging-synopsys-intel-foundry","step":"verify","ok":true}
{"t":"2026-09-10T06:26:40.772Z","path":"/blogs/chip-design/accelerating-rf-designs-keysight-pathwave-ads-custom-design-platform","step":"verify","ok":true}
{"t":"2026-09-10T06:26:40.840Z","path":"/blogs/chip-design/accelerating-development-for-arm-based-automotive-systems","step":"verify","ok":true}
{"t":"2026-09-10T06:26:46.084Z","path":"/blogs/chip-design/accelerating-system-debug-in-soc-verification-flow","step":"verify","ok":true}
{"t":"2026-09-10T06:26:46.444Z","path":"/blogs/chip-design/achieving-best-arm-ppa-discussion-sudhakar-jilla","step":"verify","ok":true}
{"t":"2026-09-10T06:26:46.577Z","path":"/blogs/chip-design/access-memory-mapped-registers-cxl","step":"verify","ok":true}
{"t":"2026-09-10T06:26:46.704Z","path":"/blogs/chip-design/achieving-functional-safety-high-reliability-design-synplify-tool","step":"verify","ok":true}
{"t":"2026-09-10T06:26:53.039Z","path":"/blogs/chip-design/adaptive-scenario-compression-chip-design-closure","step":"verify","ok":true}
{"t":"2026-09-10T06:26:53.039Z","path":"/blogs/chip-design/advanced-node-physical-verification-ic-validator","step":"verify","ok":true}
{"t":"2026-09-10T06:26:53.039Z","path":"/blogs/chip-design/advanced-node-physical-verification-nvidia","step":"verify","ok":true}
{"t":"2026-09-10T06:26:54.121Z","path":"/blogs/chip-design/advanced-node-challenges-primetime-interview-feroze-taraporevala","step":"verify","ok":true}
{"t":"2026-09-10T06:26:59.020Z","path":"/blogs/chip-design/advanced-soc-verification-enables-new-era-ai-chips","step":"verify","ok":true}
{"t":"2026-09-10T06:26:59.158Z","path":"/blogs/chip-design/advanced-semiconductor-manufacturing-fab-da","step":"verify","ok":true}
{"t":"2026-09-10T06:26:59.558Z","path":"/blogs/chip-design/advanced-rpmb-ufs4-authentication","step":"verify","ok":true}
{"t":"2026-09-10T06:26:59.984Z","path":"/blogs/chip-design/advancing-automotive-with-software-defined-vehicles","step":"verify","ok":true}
{"t":"2026-09-10T06:27:05.323Z","path":"/blogs/chip-design/aerospace-semiconductor-reliability","step":"verify","ok":true}
{"t":"2026-09-10T06:27:05.604Z","path":"/blogs/chip-design/advancing-quantum-computing-rd","step":"verify","ok":true}
{"t":"2026-09-10T06:27:05.933Z","path":"/blogs/chip-design/ag-chip-design-silicon-lifecycle-management","step":"verify","ok":true}
{"t":"2026-09-10T06:27:07.147Z","path":"/blogs/chip-design/agentengineer-technology-transforming-engineering-workflows","step":"verify","ok":true}
{"t":"2026-09-10T06:27:11.645Z","path":"/blogs/chip-design/agentic-ai-chip-design","step":"verify","ok":true}
{"t":"2026-09-10T06:27:12.434Z","path":"/blogs/chip-design/ai-accelerator-ip-development","step":"verify","ok":true}
{"t":"2026-09-10T06:27:13.469Z","path":"/blogs/chip-design/ai-accelerators-chip-design-eda-tools","step":"verify","ok":true}
{"t":"2026-09-10T06:27:13.516Z","path":"/blogs/chip-design/ai-accelerator-data-center-intelligent-edge","step":"verify","ok":true}
{"t":"2026-09-10T06:27:19.788Z","path":"/blogs/chip-design/ai-agents-in-2025","step":"verify","ok":true}
{"t":"2026-09-10T06:27:20.507Z","path":"/blogs/chip-design/ai-accelerators-hbm5-verification-ip","step":"verify","ok":true}
{"t":"2026-09-10T06:27:21.088Z","path":"/blogs/chip-design/ai-chip-architecture","step":"verify","ok":true}
{"t":"2026-09-10T06:27:21.664Z","path":"/blogs/chip-design/ai-analog-design-migration-samsung-safe-forum-2023","step":"verify","ok":true}
{"t":"2026-09-10T06:27:28.033Z","path":"/blogs/chip-design/ai-chip-design-adaptive-flows","step":"verify","ok":true}
{"t":"2026-09-10T06:27:29.368Z","path":"/blogs/chip-design/ai-chip-design-breakthroughs-snug","step":"verify","ok":true}
{"t":"2026-09-10T06:27:29.729Z","path":"/blogs/chip-design/ai-chip-design-dac-2024","step":"verify","ok":true}
{"t":"2026-09-10T06:27:30.069Z","path":"/blogs/chip-design/ai-chip-design-cloud-eda-tools-neureality","step":"verify","ok":true}
{"t":"2026-09-10T06:27:35.853Z","path":"/blogs/chip-design/ai-chip-design-emulation-prototyping-tools","step":"verify","ok":true}
{"t":"2026-09-10T06:27:36.243Z","path":"/blogs/chip-design/ai-chip-design-retargeting","step":"verify","ok":true}
{"t":"2026-09-10T06:27:36.313Z","path":"/blogs/chip-design/ai-chip-design-hot-chips-2024","step":"verify","ok":true}
{"t":"2026-09-10T06:27:36.939Z","path":"/blogs/chip-design/ai-chip-design-opens-new-doors-for-chip-makers","step":"verify","ok":true}
{"t":"2026-09-10T06:27:42.072Z","path":"/blogs/chip-design/ai-chip-design-synopsys-microsoft","step":"verify","ok":true}
{"t":"2026-09-10T06:27:42.189Z","path":"/blogs/chip-design/ai-chip-design-stmicroelectronics-microsoft","step":"verify","ok":true}
{"t":"2026-09-10T06:27:42.802Z","path":"/blogs/chip-design/ai-chip-design-tools-autonomous-insights","step":"verify","ok":true}
{"t":"2026-09-10T06:27:42.952Z","path":"/blogs/chip-design/ai-chip-design-verification-qualcomm","step":"verify","ok":true}
{"t":"2026-09-10T06:27:49.373Z","path":"/blogs/chip-design/ai-chip-pre-silicon-planning-guide","step":"verify","ok":true}
{"t":"2026-09-10T06:27:49.846Z","path":"/blogs/chip-design/ai-chip-design-with-ibm-hybrid-cloud-architecture","step":"verify","ok":true}
{"t":"2026-09-10T06:27:50.070Z","path":"/blogs/chip-design/ai-chip-design-with-specialized-soc-ip-solutions","step":"verify","ok":true}
{"t":"2026-09-10T06:27:50.197Z","path":"/blogs/chip-design/ai-chip-design-workflow-automation","step":"verify","ok":true}
{"t":"2026-09-10T06:27:55.498Z","path":"/blogs/chip-design/ai-chip-silicon-success-tips","step":"verify","ok":true}
{"t":"2026-09-10T06:27:56.213Z","path":"/blogs/chip-design/ai-chiplet-integration-arm-synopsys","step":"verify","ok":true}
{"t":"2026-09-10T06:27:56.241Z","path":"/blogs/chip-design/ai-compute-architecture-evolution","step":"verify","ok":true}
{"t":"2026-09-10T06:27:56.404Z","path":"/blogs/chip-design/ai-chip-startups-cloud-eda-tools","step":"verify","ok":true}
{"t":"2026-09-10T06:28:01.776Z","path":"/blogs/chip-design/ai-driven-analog-digital-node-migration","step":"verify","ok":true}
{"t":"2026-09-10T06:28:02.269Z","path":"/blogs/chip-design/ai-driven-debug-automation-speeds-root-cause-analysis","step":"verify","ok":true}
{"t":"2026-09-10T06:28:02.447Z","path":"/blogs/chip-design/ai-driven-bug-discovery-coverage-closure-chip-design","step":"verify","ok":true}
{"t":"2026-09-10T06:28:02.775Z","path":"/blogs/chip-design/ai-eda-tools-chip-design","step":"verify","ok":true}
{"t":"2026-09-10T06:28:09.549Z","path":"/blogs/chip-design/ai-edge-devices-tsmc-n2-silicon-success","step":"verify","ok":true}
{"t":"2026-09-10T06:28:10.095Z","path":"/blogs/chip-design/ai-hardware-design-power-challenges","step":"verify","ok":true}
{"t":"2026-09-10T06:28:10.600Z","path":"/blogs/chip-design/ai-hardware-boosts-innovation","step":"verify","ok":true}
{"t":"2026-09-10T06:28:10.651Z","path":"/blogs/chip-design/ai-factories-data-center-infrastructure","step":"verify","ok":true}
{"t":"2026-09-10T06:28:18.504Z","path":"/blogs/chip-design/ai-hpc-chip-test-solutions-seq-compression-streaming-fabric","step":"verify","ok":true}
{"t":"2026-09-10T06:28:19.336Z","path":"/blogs/chip-design/ai-hardware-summit-2020-recap","step":"verify","ok":true}
{"t":"2026-09-10T06:28:19.416Z","path":"/blogs/chip-design/ai-impact-chip-design-synopsys-insights","step":"verify","ok":true}
{"t":"2026-09-10T06:28:19.808Z","path":"/blogs/chip-design/ai-impact-on-low-power-chip-design","step":"verify","ok":true}
{"t":"2026-09-10T06:28:27.061Z","path":"/blogs/chip-design/ai-in-engineering-role-transformation","step":"verify","ok":true}
{"t":"2026-09-10T06:28:27.143Z","path":"/blogs/chip-design/ai-infrastructure-hardware-failures-data-corruption","step":"verify","ok":true}
{"t":"2026-09-10T06:28:27.363Z","path":"/blogs/chip-design/ai-multi-die-pg-bump-ir-drop-optimization","step":"verify","ok":true}
{"t":"2026-09-10T06:28:27.707Z","path":"/blogs/chip-design/ai-iot-impact-power-consumption","step":"verify","ok":true}
{"t":"2026-09-10T06:28:33.118Z","path":"/blogs/chip-design/ai-predictions-2023","step":"verify","ok":true}
{"t":"2026-09-10T06:28:33.594Z","path":"/blogs/chip-design/ai-security-silicon-level","step":"verify","ok":true}
{"t":"2026-09-10T06:28:33.712Z","path":"/blogs/chip-design/ai-predictions-2022","step":"verify","ok":true}
{"t":"2026-09-10T06:28:34.036Z","path":"/blogs/chip-design/ai-server-architecture","step":"verify","ok":true}
{"t":"2026-09-10T06:28:39.825Z","path":"/blogs/chip-design/ai-soc-design-for-better-chips","step":"verify","ok":true}
{"t":"2026-09-10T06:28:40.524Z","path":"/blogs/chip-design/ai-sovereignty-strategic-interdependence","step":"verify","ok":true}
{"t":"2026-09-10T06:28:40.702Z","path":"/blogs/chip-design/ai-soc-memory-architecture","step":"verify","ok":true}
{"t":"2026-09-10T06:28:40.702Z","path":"/blogs/chip-design/ai-soc-design-verification-flow","step":"verify","ok":true}
{"t":"2026-09-10T06:28:47.162Z","path":"/blogs/chip-design/ai-startup-panel-2025","step":"verify","ok":true}
{"t":"2026-09-10T06:28:47.436Z","path":"/blogs/chip-design/ai-tool-adoption-semiconductor-engineering","step":"verify","ok":true}
{"t":"2026-09-10T06:28:47.769Z","path":"/blogs/chip-design/aiot-technology-applications","step":"verify","ok":true}
{"t":"2026-09-10T06:28:48.552Z","path":"/blogs/chip-design/aiot-edge-ai-chip-design-innovation","step":"verify","ok":true}
{"t":"2026-09-10T06:28:54.007Z","path":"/blogs/chip-design/aip-vip-technology-benefits","step":"verify","ok":true}
{"t":"2026-09-10T06:28:54.100Z","path":"/blogs/chip-design/ais-impact-on-chip-design-from-ceo-aart-de-geus","step":"verify","ok":true}
{"t":"2026-09-10T06:28:54.528Z","path":"/blogs/chip-design/alessandra-costa-qa","step":"verify","ok":true}
{"t":"2026-09-10T06:28:55.492Z","path":"/blogs/chip-design/alternative-semiconductor-materials","step":"verify","ok":true}
{"t":"2026-09-10T06:28:59.327Z","path":"/blogs/chip-design/ams-emulation-dale-donchin-johanness-stahl","step":"preview","status":409,"text":"error from content-bus"}
{"t":"2026-09-10T06:29:00.823Z","path":"/blogs/chip-design/amba-chi-g-verification-ip","step":"verify","ok":true}
{"t":"2026-09-10T06:29:01.369Z","path":"/blogs/chip-design/amba5-chi-d-verification-ip-success","step":"verify","ok":true}
{"t":"2026-09-10T06:29:01.547Z","path":"/blogs/chip-design/amba-chi-c2c-system-verification-solutions","step":"verify","ok":true}
{"t":"2026-09-10T06:29:05.648Z","path":"/blogs/chip-design/analog-circuit-design-migration","step":"verify","ok":true}
{"t":"2026-09-10T06:29:07.582Z","path":"/blogs/chip-design/analog-design-ai-aimc-innovation","step":"verify","ok":true}
{"t":"2026-09-10T06:29:08.258Z","path":"/blogs/chip-design/analog-design-verification","step":"verify","ok":true}
{"t":"2026-09-10T06:29:08.554Z","path":"/blogs/chip-design/analog-ic-design-contest","step":"verify","ok":true}
{"t":"2026-09-10T06:29:10.433Z","path":"/blogs/chip-design/analog-ic-design-migration-ai","step":"verify","ok":true}
{"t":"2026-09-10T06:29:12.828Z","path":"/blogs/chip-design/analog-ic-design-tools-snug-panel","step":"verify","ok":true}
{"t":"2026-09-10T06:29:14.017Z","path":"/blogs/chip-design/analyze-semiconductor-power-devices-more-accurately-with-synopsys-powerx","step":"verify","ok":true}
{"t":"2026-09-10T06:29:14.486Z","path":"/blogs/chip-design/analog-layout-synthesis-ai","step":"verify","ok":true}
{"t":"2026-09-10T06:29:15.713Z","path":"/blogs/chip-design/angstrom-scale-chip-design","step":"verify","ok":true}
{"t":"2026-09-10T06:29:17.926Z","path":"/blogs/chip-design/arm-amba-ace5-axi5-test-suite","step":"verify","ok":true}
{"t":"2026-09-10T06:29:18.808Z","path":"/blogs/chip-design/arm-amba-axi5-latest-features","step":"verify","ok":true}
{"t":"2026-09-10T06:29:20.695Z","path":"/blogs/chip-design/arm-automotive-semiconductor-design","step":"verify","ok":true}
{"t":"2026-09-10T06:29:21.379Z","path":"/blogs/chip-design/arm-hardware-software-compliance","step":"verify","ok":true}
{"t":"2026-09-10T06:29:23.222Z","path":"/blogs/chip-design/arm-synopsys-collaboration-interview-deirdre-hanford","step":"verify","ok":true}
{"t":"2026-09-10T06:29:25.135Z","path":"/blogs/chip-design/arm-synopsys-integrated-chip-design-flow","step":"verify","ok":true}
{"t":"2026-09-10T06:29:26.833Z","path":"/blogs/chip-design/asic-hardware-verification-bugs","step":"verify","ok":true}
{"t":"2026-09-10T06:29:27.844Z","path":"/blogs/chip-design/asil-d-certification-automation","step":"verify","ok":true}
{"t":"2026-09-10T06:29:29.156Z","path":"/blogs/chip-design/atomic-scale-simulation-resistive-switching-reram","step":"verify","ok":true}
{"t":"2026-09-10T06:29:31.219Z","path":"/blogs/chip-design/auto-cybersecurity-ota-vehicle-software-updates","step":"verify","ok":true}
{"t":"2026-09-10T06:29:33.870Z","path":"/blogs/chip-design/auto-cybersecurity-vs-aftermarket-car-accessories","step":"verify","ok":true}
{"t":"2026-09-10T06:29:35.833Z","path":"/blogs/chip-design/auto-functional-safety-iso-26262-key-challenges","step":"verify","ok":true}
{"t":"2026-09-10T06:29:37.204Z","path":"/blogs/chip-design/auto-industry-predictions-2023","step":"verify","ok":true}
{"t":"2026-09-10T06:29:38.593Z","path":"/blogs/chip-design/auto-industry-trends-2022","step":"verify","ok":true}
{"t":"2026-09-10T06:29:40.344Z","path":"/blogs/chip-design/auto-soc-design-tools-safe-smart-vehicles","step":"verify","ok":true}
{"t":"2026-09-10T06:29:41.970Z","path":"/blogs/chip-design/automated-soc-performance-pcie-gen4","step":"verify","ok":true}
{"t":"2026-09-10T06:29:43.860Z","path":"/blogs/chip-design/automated-soc-performance-verification","step":"verify","ok":true}
{"t":"2026-09-10T06:29:45.244Z","path":"/blogs/chip-design/automating-synchronous-signal-distribution","step":"verify","ok":true}
{"t":"2026-09-10T06:29:46.846Z","path":"/blogs/chip-design/automating-testbench-creation-network-on-chip","step":"verify","ok":true}
{"t":"2026-09-10T06:29:47.902Z","path":"/blogs/chip-design/automating-testbench-network-chip-verification","step":"verify","ok":true}
{"t":"2026-09-10T06:29:50.444Z","path":"/blogs/chip-design/automating-the-chip-design-flow","step":"verify","ok":true}
{"t":"2026-09-10T06:29:52.394Z","path":"/blogs/chip-design/automotive-cybersecurity-best-practices","step":"verify","ok":true}
{"t":"2026-09-10T06:29:53.068Z","path":"/blogs/chip-design/automotive-ai-vision-chip-design","step":"verify","ok":true}
{"t":"2026-09-10T06:29:53.395Z","path":"/blogs/chip-design/automotive-cybersecurity-data-management","step":"verify","ok":true}
{"t":"2026-09-10T06:29:56.361Z","path":"/blogs/chip-design/automotive-cybersecurity-engineering-standard-iso-sae-21434","step":"verify","ok":true}
{"t":"2026-09-10T06:29:58.216Z","path":"/blogs/chip-design/automotive-cybersecurity-for-ecus-in-vehicle-networks","step":"verify","ok":true}
{"t":"2026-09-10T06:29:58.786Z","path":"/blogs/chip-design/automotive-electronics-design-efficiency","step":"verify","ok":true}
{"t":"2026-09-10T06:29:59.982Z","path":"/blogs/chip-design/automotive-finfet-foundation-ip","step":"verify","ok":true}
{"t":"2026-09-10T06:30:02.143Z","path":"/blogs/chip-design/automotive-industry-trends-2024","step":"verify","ok":true}
{"t":"2026-09-10T06:30:03.990Z","path":"/blogs/chip-design/automotive-mcu-performance-infineon","step":"verify","ok":true}
{"t":"2026-09-10T06:30:04.591Z","path":"/blogs/chip-design/automotive-innovation-trends-challenges-interview-dr-burkhard-huhnke","step":"verify","ok":true}
{"t":"2026-09-10T06:30:06.321Z","path":"/blogs/chip-design/automotive-soc-design-4-requirements","step":"verify","ok":true}
{"t":"2026-09-10T06:30:08.976Z","path":"/blogs/chip-design/automotive-soc-slm","step":"verify","ok":true}
{"t":"2026-09-10T06:30:09.761Z","path":"/blogs/chip-design/autonomous-driving-levels","step":"verify","ok":true}
{"t":"2026-09-10T06:30:12.836Z","path":"/blogs/chip-design/autosens-detroit-2024-automotive-ee-architectures","step":"verify","ok":true}
{"t":"2026-09-10T06:30:15.476Z","path":"/blogs/chip-design/avina-verma-custom-routing-technology-interview","step":"verify","ok":true}
{"t":"2026-09-10T06:30:16.152Z","path":"/blogs/chip-design/axi-k-arm-support","step":"verify","ok":true}
{"t":"2026-09-10T06:30:16.651Z","path":"/blogs/chip-design/avoid-bad-asic-design-with-virtual-prototyping","step":"verify","ok":true}
{"t":"2026-09-10T06:30:20.020Z","path":"/blogs/chip-design/bandwidth-latency-die-to-die-interfaces-data-centers","step":"verify","ok":true}
{"t":"2026-09-10T06:30:22.944Z","path":"/blogs/chip-design/benefits-of-adopting-cloud-technology","step":"verify","ok":true}
{"t":"2026-09-10T06:30:23.978Z","path":"/blogs/chip-design/benefits-of-redundancy-in-cloud-computing","step":"verify","ok":true}
{"t":"2026-09-10T06:30:25.508Z","path":"/blogs/chip-design/benefits-of-virtualization-in-a-cloud-environment","step":"verify","ok":true}
{"t":"2026-09-10T06:30:26.434Z","path":"/blogs/chip-design/bit-error-rates-usb32","step":"verify","ok":true}
{"t":"2026-09-10T06:30:29.029Z","path":"/blogs/chip-design/block-storage-vs-object-storage-vs-file-storage","step":"verify","ok":true}
{"t":"2026-09-10T06:30:31.094Z","path":"/blogs/chip-design/boost-debug-productivity-serial-protocols","step":"verify","ok":true}
{"t":"2026-09-10T06:30:31.778Z","path":"/blogs/chip-design/boost-networking-soc-design-cloud-emulation","step":"verify","ok":true}
{"t":"2026-09-10T06:30:33.657Z","path":"/blogs/chip-design/boosting-eco-optimization-overcoming-ppa-challenges-with-machine-learning","step":"verify","ok":true}
{"t":"2026-09-10T06:30:35.242Z","path":"/blogs/chip-design/category.3d-image-processing","step":"preview","status":415,"text":"error from content-bus"}
{"t":"2026-09-10T06:30:35.396Z","path":"/blogs/chip-design/building-secure-chips-verified-cxl","step":"verify","ok":true}
{"t":"2026-09-10T06:30:36.395Z","path":"/blogs/chip-design/bumblebee-moment-ai-silicon","step":"verify","ok":true}
{"t":"2026-09-10T06:30:36.796Z","path":"/blogs/chip-design/category.3dic-design","step":"preview","status":415,"text":"error from content-bus"}
{"t":"2026-09-10T06:30:37.227Z","path":"/blogs/chip-design/cache-coherent-verification-amba-chi","step":"verify","ok":true}
{"t":"2026-09-10T06:30:37.285Z","path":"/blogs/chip-design/category.5g-wireless","step":"preview","status":415,"text":"error from content-bus"}
{"t":"2026-09-10T06:30:37.646Z","path":"/blogs/chip-design/category.5nm-and-below","step":"preview","status":415,"text":"error from content-bus"}
{"t":"2026-09-10T06:30:38.496Z","path":"/blogs/chip-design/category.about-synopsys","step":"preview","status":415,"text":"error from content-bus"}
{"t":"2026-09-10T06:30:39.005Z","path":"/blogs/chip-design/category.ai-and-machine-learning","step":"preview","status":415,"text":"error from content-bus"}
{"t":"2026-09-10T06:30:39.314Z","path":"/blogs/chip-design/category.ams-simulation","step":"preview","status":415,"text":"error from content-bus"}
{"t":"2026-09-10T06:30:39.366Z","path":"/blogs/chip-design/category.aerospace-and-government","step":"preview","status":415,"text":"error from content-bus"}
{"t":"2026-09-10T06:30:39.906Z","path":"/blogs/chip-design/category.amsverification","step":"preview","status":415,"text":"error from content-bus"}
{"t":"2026-09-10T06:30:40.534Z","path":"/blogs/chip-design/category.analog-design","step":"preview","status":415,"text":"error from content-bus"}
{"t":"2026-09-10T06:30:40.709Z","path":"/blogs/chip-design/category.ar-vr","step":"preview","status":415,"text":"error from content-bus"}
{"t":"2026-09-10T06:30:41.150Z","path":"/blogs/chip-design/category.atomic-scale-modeling","step":"preview","status":415,"text":"error from content-bus"}
{"t":"2026-09-10T06:30:41.216Z","path":"/blogs/chip-design/category.atomistic-simulation-software","step":"preview","status":415,"text":"error from content-bus"}
{"t":"2026-09-10T06:30:42.124Z","path":"/blogs/chip-design/category.automotive","step":"preview","status":415,"text":"error from content-bus"}
{"t":"2026-09-10T06:30:42.592Z","path":"/blogs/chip-design/category.cloud","step":"preview","status":415,"text":"error from content-bus"}
{"t":"2026-09-10T06:30:42.719Z","path":"/blogs/chip-design/category.consumer","step":"preview","status":415,"text":"error from content-bus"}
{"t":"2026-09-10T06:30:42.744Z","path":"/blogs/chip-design/category.blog","step":"preview","status":415,"text":"error from content-bus"}
{"t":"2026-09-10T06:30:43.404Z","path":"/blogs/chip-design/category.custom-implementation","step":"preview","status":415,"text":"error from content-bus"}
{"t":"2026-09-10T06:30:43.880Z","path":"/blogs/chip-design/category.customer-spotlight","step":"preview","status":415,"text":"error from content-bus"}
{"t":"2026-09-10T06:30:44.041Z","path":"/blogs/chip-design/category.debug","step":"preview","status":415,"text":"error from content-bus"}
{"t":"2026-09-10T06:30:44.210Z","path":"/blogs/chip-design/category.data-center","step":"preview","status":415,"text":"error from content-bus"}
{"t":"2026-09-10T06:30:44.827Z","path":"/blogs/chip-design/category.design-technology-co-optimization","step":"preview","status":415,"text":"error from content-bus"}
{"t":"2026-09-10T06:30:45.485Z","path":"/blogs/chip-design/category.design","step":"preview","status":415,"text":"error from content-bus"}
{"t":"2026-09-10T06:30:45.935Z","path":"/blogs/chip-design/category.emulation","step":"preview","status":415,"text":"error from content-bus"}
{"t":"2026-09-10T06:30:45.981Z","path":"/blogs/chip-design/category.energy-efficient-socs","step":"preview","status":415,"text":"error from content-bus"}
{"t":"2026-09-10T06:30:46.165Z","path":"/blogs/chip-design/category.engineering-central","step":"preview","status":415,"text":"error from content-bus"}
{"t":"2026-09-10T06:30:47.084Z","path":"/blogs/chip-design/category.executive-voices","step":"preview","status":415,"text":"error from content-bus"}
{"t":"2026-09-10T06:30:47.464Z","path":"/blogs/chip-design/category.fpga-design","step":"preview","status":415,"text":"error from content-bus"}
{"t":"2026-09-10T06:30:47.515Z","path":"/blogs/chip-design/category.foundation-ip","step":"preview","status":415,"text":"error from content-bus"}
{"t":"2026-09-10T06:30:47.589Z","path":"/blogs/chip-design/category.formal-verification","step":"preview","status":415,"text":"error from content-bus"}
{"t":"2026-09-10T06:30:48.371Z","path":"/blogs/chip-design/category.fusion-design-platform","step":"preview","status":415,"text":"error from content-bus"}
{"t":"2026-09-10T06:30:49.011Z","path":"/blogs/chip-design/category.hpc-data-center","step":"preview","status":415,"text":"error from content-bus"}
{"t":"2026-09-10T06:30:49.340Z","path":"/blogs/chip-design/category.ide","step":"preview","status":415,"text":"error from content-bus"}
{"t":"2026-09-10T06:30:49.341Z","path":"/blogs/chip-design/category.fusion-technology","step":"preview","status":415,"text":"error from content-bus"}
{"t":"2026-09-10T06:30:49.873Z","path":"/blogs/chip-design/category.insights","step":"preview","status":415,"text":"error from content-bus"}
{"t":"2026-09-10T06:30:50.584Z","path":"/blogs/chip-design/category.interface-ip-subsystems","step":"preview","status":415,"text":"error from content-bus"}
{"t":"2026-09-10T06:30:50.767Z","path":"/blogs/chip-design/category.interface-ip","step":"preview","status":415,"text":"error from content-bus"}
{"t":"2026-09-10T06:30:50.769Z","path":"/blogs/chip-design/category.internet-of-things","step":"preview","status":415,"text":"error from content-bus"}
{"t":"2026-09-10T06:30:51.429Z","path":"/blogs/chip-design/category.lowpower","step":"preview","status":415,"text":"error from content-bus"}
{"t":"2026-09-10T06:30:51.943Z","path":"/blogs/chip-design/category.manufacturing","step":"preview","status":415,"text":"error from content-bus"}
{"t":"2026-09-10T06:30:52.255Z","path":"/blogs/chip-design/category.mask-solutions","step":"preview","status":415,"text":"error from content-bus"}
{"t":"2026-09-10T06:30:52.623Z","path":"/blogs/chip-design/category.medical","step":"preview","status":415,"text":"error from content-bus"}
{"t":"2026-09-10T06:30:52.963Z","path":"/blogs/chip-design/category.memory","step":"preview","status":415,"text":"error from content-bus"}
{"t":"2026-09-10T06:30:53.519Z","path":"/blogs/chip-design/category.multi-die-system","step":"preview","status":415,"text":"error from content-bus"}
{"t":"2026-09-10T06:30:54.002Z","path":"/blogs/chip-design/category.multiphysics-fusion","step":"preview","status":415,"text":"error from content-bus"}
{"t":"2026-09-10T06:30:54.356Z","path":"/blogs/chip-design/category.photonic","step":"preview","status":415,"text":"error from content-bus"}
{"t":"2026-09-10T06:30:54.709Z","path":"/blogs/chip-design/category.physical-implementation","step":"preview","status":415,"text":"error from content-bus"}
{"t":"2026-09-10T06:30:55.549Z","path":"/blogs/chip-design/category.physical-verification","step":"preview","status":415,"text":"error from content-bus"}
{"t":"2026-09-10T06:30:55.713Z","path":"/blogs/chip-design/category.platform","step":"preview","status":415,"text":"error from content-bus"}
{"t":"2026-09-10T06:30:56.086Z","path":"/blogs/chip-design/category.prototyping","step":"preview","status":415,"text":"error from content-bus"}
{"t":"2026-09-10T06:30:56.418Z","path":"/blogs/chip-design/category.quantum-computing","step":"preview","status":415,"text":"error from content-bus"}
{"t":"2026-09-10T06:30:57.327Z","path":"/blogs/chip-design/category.rf-design","step":"preview","status":415,"text":"error from content-bus"}
{"t":"2026-09-10T06:30:57.585Z","path":"/blogs/chip-design/category.risc-v","step":"preview","status":415,"text":"error from content-bus"}
{"t":"2026-09-10T06:30:58.201Z","path":"/blogs/chip-design/category.security-ip","step":"preview","status":415,"text":"error from content-bus"}
{"t":"2026-09-10T06:30:58.551Z","path":"/blogs/chip-design/category.rtl-synthesis","step":"preview","status":415,"text":"error from content-bus"}
{"t":"2026-09-10T06:30:59.160Z","path":"/blogs/chip-design/category.signal-&amp;-power-integrity","step":"preview","status":415,"text":"error from content-bus"}
{"t":"2026-09-10T06:30:59.318Z","path":"/blogs/chip-design/category.signoff","step":"preview","status":415,"text":"error from content-bus"}
{"t":"2026-09-10T06:30:59.705Z","path":"/blogs/chip-design/category.silicon-ip","step":"preview","status":415,"text":"error from content-bus"}
{"t":"2026-09-10T06:31:00.163Z","path":"/blogs/chip-design/category.silicon-lifecycle-management","step":"preview","status":415,"text":"error from content-bus"}
{"t":"2026-09-10T06:31:00.516Z","path":"/blogs/chip-design/category.simpleware","step":"preview","status":415,"text":"error from content-bus"}
{"t":"2026-09-10T06:31:00.614Z","path":"/blogs/chip-design/category.simulation","step":"preview","status":415,"text":"error from content-bus"}
{"t":"2026-09-10T06:31:01.348Z","path":"/blogs/chip-design/category.smart-manufacturing","step":"preview","status":415,"text":"error from content-bus"}
{"t":"2026-09-10T06:31:01.830Z","path":"/blogs/chip-design/category.soc-verification-automation","step":"preview","status":415,"text":"error from content-bus"}
{"t":"2026-09-10T06:31:01.991Z","path":"/blogs/chip-design/category.static-and-formal-verification","step":"preview","status":415,"text":"error from content-bus"}
{"t":"2026-09-10T06:31:02.431Z","path":"/blogs/chip-design/category.software-integrity","step":"preview","status":415,"text":"error from content-bus"}
{"t":"2026-09-10T06:31:02.875Z","path":"/blogs/chip-design/category.static-verification","step":"preview","status":415,"text":"error from content-bus"}
{"t":"2026-09-10T06:31:03.568Z","path":"/blogs/chip-design/category.synopsys-ip-technical-bulletin","step":"preview","status":415,"text":"error from content-bus"}
{"t":"2026-09-10T06:31:04.155Z","path":"/blogs/chip-design/category.storage","step":"preview","status":415,"text":"error from content-bus"}
{"t":"2026-09-10T06:31:04.408Z","path":"/blogs/chip-design/category.tcad","step":"preview","status":415,"text":"error from content-bus"}
{"t":"2026-09-10T06:31:05.117Z","path":"/blogs/chip-design/category.test-automation","step":"preview","status":415,"text":"error from content-bus"}
{"t":"2026-09-10T06:31:05.643Z","path":"/blogs/chip-design/category.test","step":"preview","status":415,"text":"error from content-bus"}
{"t":"2026-09-10T06:31:06.240Z","path":"/blogs/chip-design/category.verification","step":"preview","status":415,"text":"error from content-bus"}
{"t":"2026-09-10T06:31:06.578Z","path":"/blogs/chip-design/category.verificationip","step":"preview","status":415,"text":"error from content-bus"}
{"t":"2026-09-10T06:31:07.308Z","path":"/blogs/chip-design/category.virtualprototyping","step":"preview","status":415,"text":"error from content-bus"}
{"t":"2026-09-10T06:31:13.147Z","path":"/blogs/chip-design/ccix-pcie-ai-networking-storage","step":"verify","ok":true}
{"t":"2026-09-10T06:31:13.323Z","path":"/blogs/chip-design/celebrating-40-years-of-hspice","step":"verify","ok":true}
{"t":"2026-09-10T06:31:14.284Z","path":"/blogs/chip-design/celebrating-the-76th-anniversary-of-the-transistor","step":"verify","ok":true}
{"t":"2026-09-10T06:31:14.569Z","path":"/blogs/chip-design/celebrating-women-innovation-nvidia-gtc-2026","step":"verify","ok":true}
{"t":"2026-09-10T06:31:20.771Z","path":"/blogs/chip-design/ces-2024-software-defined-vehicles","step":"verify","ok":true}
{"t":"2026-09-10T06:31:21.124Z","path":"/blogs/chip-design/chip-design-debug-verification-ai","step":"verify","ok":true}
{"t":"2026-09-10T06:31:21.181Z","path":"/blogs/chip-design/ceos-synopsys-arm-ai-opportunities-challenges","step":"verify","ok":true}
{"t":"2026-09-10T06:31:21.860Z","path":"/blogs/chip-design/chip-design-data-analytics","step":"verify","ok":true}
{"t":"2026-09-10T06:31:29.249Z","path":"/blogs/chip-design/chip-design-tools-github-hardware-development","step":"verify","ok":true}
{"t":"2026-09-10T06:31:29.538Z","path":"/blogs/chip-design/chip-design-latest-technology","step":"verify","ok":true}
{"t":"2026-09-10T06:31:29.712Z","path":"/blogs/chip-design/chip-floorplan-design-automation","step":"verify","ok":true}
{"t":"2026-09-10T06:31:30.701Z","path":"/blogs/chip-design/chiplet-design-best-practices-multi-die","step":"verify","ok":true}
{"t":"2026-09-10T06:31:37.790Z","path":"/blogs/chip-design/chiplets-multi-die-alchip","step":"verify","ok":true}
{"t":"2026-09-10T06:31:38.780Z","path":"/blogs/chip-design/cloud-access-security-broker","step":"verify","ok":true}
{"t":"2026-09-10T06:31:38.901Z","path":"/blogs/chip-design/chips-act-research-development","step":"verify","ok":true}
{"t":"2026-09-10T06:31:39.410Z","path":"/blogs/chip-design/chips-and-science-act-semiconductor-industry","step":"verify","ok":true}
{"t":"2026-09-10T06:31:47.059Z","path":"/blogs/chip-design/cloud-ai-chip-emulation","step":"verify","ok":true}
{"t":"2026-09-10T06:31:47.236Z","path":"/blogs/chip-design/cloud-adoption-framework-eda-software","step":"verify","ok":true}
{"t":"2026-09-10T06:31:48.188Z","path":"/blogs/chip-design/cloud-based-chip-design-and-verification-2022","step":"verify","ok":true}
{"t":"2026-09-10T06:31:48.429Z","path":"/blogs/chip-design/cloud-architecture-patterns","step":"verify","ok":true}
{"t":"2026-09-10T06:31:57.213Z","path":"/blogs/chip-design/cloud-based-eda-software-ai-accelerator-mentium","step":"verify","ok":true}
{"t":"2026-09-10T06:31:57.570Z","path":"/blogs/chip-design/cloud-based-chip-design-innovation-snug","step":"verify","ok":true}
{"t":"2026-09-10T06:31:58.070Z","path":"/blogs/chip-design/cloud-based-chip-design-security","step":"verify","ok":true}
{"t":"2026-09-10T06:31:58.603Z","path":"/blogs/chip-design/cloud-based-eda-tools-explained","step":"verify","ok":true}
{"t":"2026-09-10T06:32:04.465Z","path":"/blogs/chip-design/cloud-based-ic-hardware-design-tools-enhance-chip-design","step":"verify","ok":true}
{"t":"2026-09-10T06:32:04.816Z","path":"/blogs/chip-design/cloud-capacity-planning","step":"verify","ok":true}
{"t":"2026-09-10T06:32:05.350Z","path":"/blogs/chip-design/cloud-based-soc-virtual-prototyping","step":"verify","ok":true}
{"t":"2026-09-10T06:32:05.350Z","path":"/blogs/chip-design/cloud-computing-architecture","step":"verify","ok":true}
{"t":"2026-09-10T06:32:11.426Z","path":"/blogs/chip-design/cloud-computing-facts","step":"verify","ok":true}
{"t":"2026-09-10T06:32:12.124Z","path":"/blogs/chip-design/cloud-computing-features","step":"verify","ok":true}
{"t":"2026-09-10T06:32:12.263Z","path":"/blogs/chip-design/cloud-computing-deployment-models","step":"verify","ok":true}
{"t":"2026-09-10T06:32:12.374Z","path":"/blogs/chip-design/cloud-computing-flexibility","step":"verify","ok":true}
{"t":"2026-09-10T06:32:19.150Z","path":"/blogs/chip-design/cloud-computing-overview","step":"verify","ok":true}
{"t":"2026-09-10T06:32:19.467Z","path":"/blogs/chip-design/cloud-computing-security-concerns","step":"verify","ok":true}
{"t":"2026-09-10T06:32:19.619Z","path":"/blogs/chip-design/cloud-computing-vs-traditional-it-structures","step":"verify","ok":true}
{"t":"2026-09-10T06:32:19.796Z","path":"/blogs/chip-design/cloud-computing-infrastructure","step":"verify","ok":true}
{"t":"2026-09-10T06:32:27.042Z","path":"/blogs/chip-design/cloud-data-center-architecture","step":"verify","ok":true}
{"t":"2026-09-10T06:32:27.196Z","path":"/blogs/chip-design/cloud-configuration-management-tools","step":"verify","ok":true}
{"t":"2026-09-10T06:32:27.732Z","path":"/blogs/chip-design/cloud-consumption","step":"verify","ok":true}
{"t":"2026-09-10T06:32:28.203Z","path":"/blogs/chip-design/cloud-eda-license-management","step":"verify","ok":true}
{"t":"2026-09-10T06:32:33.938Z","path":"/blogs/chip-design/cloud-eda-tools-enable-preconfigured-chip-design-flows","step":"verify","ok":true}
{"t":"2026-09-10T06:32:33.964Z","path":"/blogs/chip-design/cloud-eda-tools-scale-soc-design-and-verification","step":"verify","ok":true}
{"t":"2026-09-10T06:32:34.930Z","path":"/blogs/chip-design/cloud-eda-tools-to-saas-model","step":"verify","ok":true}
{"t":"2026-09-10T06:32:34.990Z","path":"/blogs/chip-design/cloud-eda-tools-fuel-semiconductor-design","step":"verify","ok":true}
{"t":"2026-09-10T06:32:39.908Z","path":"/blogs/chip-design/cloud-enabled-chip-design-education-concept-to-tapeout","step":"verify","ok":true}
{"t":"2026-09-10T06:32:40.855Z","path":"/blogs/chip-design/cloud-hpc-for-ai-architecture","step":"verify","ok":true}
{"t":"2026-09-10T06:32:40.856Z","path":"/blogs/chip-design/cloud-native-benefits","step":"verify","ok":true}
{"t":"2026-09-10T06:32:41.036Z","path":"/blogs/chip-design/cloud-interoperability-chip-design","step":"verify","ok":true}
{"t":"2026-09-10T06:32:47.760Z","path":"/blogs/chip-design/cloud-native-technologies","step":"verify","ok":true}
{"t":"2026-09-10T06:32:48.012Z","path":"/blogs/chip-design/cloud-native-vs-cloud-agnostic","step":"verify","ok":true}
{"t":"2026-09-10T06:32:48.504Z","path":"/blogs/chip-design/cloud-predictions-2023","step":"verify","ok":true}
{"t":"2026-09-10T06:32:48.734Z","path":"/blogs/chip-design/cloud-security-architecture","step":"verify","ok":true}
{"t":"2026-09-10T06:32:56.096Z","path":"/blogs/chip-design/cloud-security-challenges","step":"verify","ok":true}
{"t":"2026-09-10T06:32:56.360Z","path":"/blogs/chip-design/cloud-storage-security","step":"verify","ok":true}
{"t":"2026-09-10T06:32:57.020Z","path":"/blogs/chip-design/cloud-security-strategy","step":"verify","ok":true}
{"t":"2026-09-10T06:32:57.182Z","path":"/blogs/chip-design/cloud-soc-prototyping-fpga-prototyping-tools","step":"verify","ok":true}
{"t":"2026-09-10T06:33:03.435Z","path":"/blogs/chip-design/cloud-virtual-prototypes-sdvs","step":"verify","ok":true}
{"t":"2026-09-10T06:33:03.958Z","path":"/blogs/chip-design/cloud-to-cloud-integration","step":"verify","ok":true}
{"t":"2026-09-10T06:33:03.958Z","path":"/blogs/chip-design/cloud-workload-protection","step":"verify","ok":true}
{"t":"2026-09-10T06:33:04.662Z","path":"/blogs/chip-design/color-space-conversions-display","step":"verify","ok":true}
{"t":"2026-09-10T06:33:11.203Z","path":"/blogs/chip-design/comparing-cloud-on-premises-security-chip-design","step":"verify","ok":true}
{"t":"2026-09-10T06:33:11.255Z","path":"/blogs/chip-design/community-service-synopsys-for-good","step":"verify","ok":true}
{"t":"2026-09-10T06:33:11.638Z","path":"/blogs/chip-design/complete-ufs-5-0-m-phy-v6-0-ip-solution-storage","step":"verify","ok":true}
{"t":"2026-09-10T06:33:12.468Z","path":"/blogs/chip-design/compliance-load-board-verification-for-pcie-6-designs","step":"verify","ok":true}
{"t":"2026-09-10T06:33:20.066Z","path":"/blogs/chip-design/computational-lithography-chip-design-with-nvidia","step":"verify","ok":true}
{"t":"2026-09-10T06:33:20.586Z","path":"/blogs/chip-design/compute-capacity","step":"verify","ok":true}
{"t":"2026-09-10T06:33:21.253Z","path":"/blogs/chip-design/continuous-integration-practices","step":"verify","ok":true}
{"t":"2026-09-10T06:33:21.577Z","path":"/blogs/chip-design/connected-vehicle-cybersecurity-wireless-comm","step":"verify","ok":true}
{"t":"2026-09-10T06:33:27.328Z","path":"/blogs/chip-design/copilot-generative-ai-chip-design","step":"verify","ok":true}
{"t":"2026-09-10T06:33:27.786Z","path":"/blogs/chip-design/copper-ai-interconnect","step":"verify","ok":true}
{"t":"2026-09-10T06:33:27.926Z","path":"/blogs/chip-design/corporate-social-responsibility-report-2021","step":"verify","ok":true}
{"t":"2026-09-10T06:33:28.398Z","path":"/blogs/chip-design/coverage-models-memory-vip-solutions","step":"verify","ok":true}
{"t":"2026-09-10T06:33:34.027Z","path":"/blogs/chip-design/cpo-multi-die-design","step":"verify","ok":true}
{"t":"2026-09-10T06:33:34.130Z","path":"/blogs/chip-design/create-ai-accelerator-chip-18-months-neuchips","step":"verify","ok":true}
{"t":"2026-09-10T06:33:35.386Z","path":"/blogs/chip-design/cryogenic-cmos-computing-semiwise","step":"verify","ok":true}
{"t":"2026-09-10T06:33:35.530Z","path":"/blogs/chip-design/custom-compiler-design-assistants-part-2","step":"verify","ok":true}
{"t":"2026-09-10T06:33:43.563Z","path":"/blogs/chip-design/custom-compiler-design-insights","step":"verify","ok":true}
{"t":"2026-09-10T06:33:43.872Z","path":"/blogs/chip-design/custom-design-family-customer-testimonials","step":"verify","ok":true}
{"t":"2026-09-10T06:33:43.971Z","path":"/blogs/chip-design/custom-compiler-design-assistants","step":"verify","ok":true}
{"t":"2026-09-10T06:33:44.366Z","path":"/blogs/chip-design/custom-compiler-layout","step":"verify","ok":true}
{"t":"2026-09-10T06:33:50.428Z","path":"/blogs/chip-design/customizing-foundation-ip-low-voltage-design","step":"verify","ok":true}
{"t":"2026-09-10T06:33:50.757Z","path":"/blogs/chip-design/cxl-2-device-discovery-path","step":"verify","ok":true}
{"t":"2026-09-10T06:33:50.865Z","path":"/blogs/chip-design/cxl-2-data-center-interconnects","step":"verify","ok":true}
{"t":"2026-09-10T06:33:51.098Z","path":"/blogs/chip-design/custom-routing-cmos-image-sensors-co-design-flow","step":"verify","ok":true}
{"t":"2026-09-10T06:33:57.324Z","path":"/blogs/chip-design/cxl-3-0-verification-solution-synopsys","step":"verify","ok":true}
{"t":"2026-09-10T06:33:57.801Z","path":"/blogs/chip-design/cxl-3-protocol-standard-demo-sc24","step":"verify","ok":true}
{"t":"2026-09-10T06:33:57.802Z","path":"/blogs/chip-design/cxl-3-1-standard","step":"verify","ok":true}
{"t":"2026-09-10T06:33:58.341Z","path":"/blogs/chip-design/cxl-4-bandwidth-first-what-designers-are-solving-next","step":"verify","ok":true}
{"t":"2026-09-10T06:34:04.050Z","path":"/blogs/chip-design/cxl-design-verification-synopsys-protocol","step":"verify","ok":true}
{"t":"2026-09-10T06:34:04.617Z","path":"/blogs/chip-design/cxl-compliance-testevent","step":"verify","ok":true}
{"t":"2026-09-10T06:34:04.736Z","path":"/blogs/chip-design/cxl-4-ip-solution-ai-memory-connectivity","step":"verify","ok":true}
{"t":"2026-09-10T06:34:05.025Z","path":"/blogs/chip-design/cxl-protocol-memory-pooling","step":"verify","ok":true}
{"t":"2026-09-10T06:34:10.835Z","path":"/blogs/chip-design/cxl-secured-network-traffic-specification","step":"verify","ok":true}
{"t":"2026-09-10T06:34:11.081Z","path":"/blogs/chip-design/darpa-aiss-security-deirdre-hanford","step":"verify","ok":true}
{"t":"2026-09-10T06:34:11.294Z","path":"/blogs/chip-design/data-volume-growth-and-moores-law","step":"verify","ok":true}
{"t":"2026-09-10T06:34:11.654Z","path":"/blogs/chip-design/cybersecurity-qa-cso-deirdre-hanford","step":"verify","ok":true}
{"t":"2026-09-10T06:34:18.067Z","path":"/blogs/chip-design/datapath-validation-artificial-intelligence-mathematical-cores","step":"verify","ok":true}
{"t":"2026-09-10T06:34:19.236Z","path":"/blogs/chip-design/ddr-generations-memory-density-speed","step":"verify","ok":true}
{"t":"2026-09-10T06:34:19.551Z","path":"/blogs/chip-design/ddr5-technology-advancements-performance","step":"verify","ok":true}
{"t":"2026-09-10T06:34:26.089Z","path":"/blogs/chip-design/debugging-x-can-be-difficult","step":"verify","ok":false,"why":"about:error in delivered html"}
{"t":"2026-09-10T06:34:27.118Z","path":"/blogs/chip-design/delivering-lpddr6-read-write-eyes-10-6-gbps","step":"verify","ok":true}
{"t":"2026-09-10T06:34:28.302Z","path":"/blogs/chip-design/demanding-chip-complexity-manufacturing-requirements-call-for-data-analytics","step":"verify","ok":true}
{"t":"2026-09-10T06:34:28.768Z","path":"/blogs/chip-design/demystifying-pcie-pipe-serdes-architecture","step":"verify","ok":true}
{"t":"2026-09-10T06:34:35.033Z","path":"/blogs/chip-design/designing-chips-with-ai-enabled-tools","step":"verify","ok":true}
{"t":"2026-09-10T06:34:35.041Z","path":"/blogs/chip-design/design-automation-conference-2022","step":"verify","ok":true}
{"t":"2026-09-10T06:34:35.252Z","path":"/blogs/chip-design/designing-ai-chips-interview-thomas-andersen","step":"verify","ok":true}
{"t":"2026-09-10T06:34:36.027Z","path":"/blogs/chip-design/designing-electrostatic-discharge-protection-for-monolithic-socs-and-multi-die-systems","step":"verify","ok":true}
{"t":"2026-09-10T06:34:41.732Z","path":"/blogs/chip-design/designing-hbm3-high-bandwidth-memory-interfaces","step":"verify","ok":true}
{"t":"2026-09-10T06:34:42.180Z","path":"/blogs/chip-design/dfi-5-enhances-ddr5-lpddr5-performance","step":"verify","ok":true}
{"t":"2026-09-10T06:34:42.334Z","path":"/blogs/chip-design/difference-between-mom-mim-mos-capacitor","step":"verify","ok":true}
{"t":"2026-09-10T06:34:46.147Z","path":"/blogs/chip-design/die-to-die-connectivity-for-hpc","step":"verify","ok":false,"why":"about:error in delivered html"}
{"t":"2026-09-10T06:34:48.470Z","path":"/blogs/chip-design/digital-design-tech-symposium-2021","step":"verify","ok":true}
{"t":"2026-09-10T06:34:50.016Z","path":"/blogs/chip-design/digital-engineering-transforms-chips-future","step":"verify","ok":true}
{"t":"2026-09-10T06:34:50.969Z","path":"/blogs/chip-design/digital-media-internship-program","step":"verify","ok":true}
{"t":"2026-09-10T06:34:53.779Z","path":"/blogs/chip-design/digital-twins-drive-innovation-in-auto-industry","step":"verify","ok":true}
{"t":"2026-09-10T06:34:55.353Z","path":"/blogs/chip-design/digital-twins-semiconductor-industry","step":"verify","ok":true}
{"t":"2026-09-10T06:34:56.997Z","path":"/blogs/chip-design/digital-twins-transform-aerospace-defense","step":"verify","ok":true}
{"t":"2026-09-10T06:34:58.045Z","path":"/blogs/chip-design/displayport-2-features-20gbps-16k","step":"verify","ok":true}
{"t":"2026-09-10T06:34:59.988Z","path":"/blogs/chip-design/distributed-object-storage","step":"verify","ok":true}
{"t":"2026-09-10T06:35:01.520Z","path":"/blogs/chip-design/dma-enhances-computer-performance","step":"verify","ok":true}
{"t":"2026-09-10T06:35:03.707Z","path":"/blogs/chip-design/dod-microelectronics-commons-hub-eda-tools","step":"verify","ok":true}
{"t":"2026-09-10T06:35:05.462Z","path":"/blogs/chip-design/driving-the-future-renesas-r-car-gen-5-virtual-prototypes-enable-sdvs","step":"verify","ok":true}
{"t":"2026-09-10T06:35:06.657Z","path":"/blogs/chip-design/dvcon-2024-multi-die-verification-panel","step":"verify","ok":true}
{"t":"2026-09-10T06:35:07.576Z","path":"/blogs/chip-design/dynamic-hdr-hdmi2-for-tv-mobiles","step":"verify","ok":true}
{"t":"2026-09-10T06:35:09.639Z","path":"/blogs/chip-design/eda-cloud-predictions-2024","step":"verify","ok":true}
{"t":"2026-09-10T06:35:11.359Z","path":"/blogs/chip-design/eda-in-the-cloud-snug-2023","step":"verify","ok":true}
{"t":"2026-09-10T06:35:12.529Z","path":"/blogs/chip-design/eda-tools-dso-ai-100-tapeouts","step":"verify","ok":true}
{"t":"2026-09-10T06:35:13.075Z","path":"/blogs/chip-design/eda-license-management","step":"verify","ok":true}
{"t":"2026-09-10T06:35:15.038Z","path":"/blogs/chip-design/eda-tools-for-aerospace-chip-designers","step":"verify","ok":true}
{"t":"2026-09-10T06:35:17.516Z","path":"/blogs/chip-design/eda-tools-help-students-build-ic-design-skills","step":"verify","ok":true}
{"t":"2026-09-10T06:35:17.854Z","path":"/blogs/chip-design/eda-tools-ip-solutions-and-auto-compliance","step":"verify","ok":true}
{"t":"2026-09-10T06:35:19.298Z","path":"/blogs/chip-design/eda-workloads-amd-epyc-processors","step":"verify","ok":true}
{"t":"2026-09-10T06:35:20.236Z","path":"/blogs/chip-design/eda-workloads-amd-processors","step":"verify","ok":true}
{"t":"2026-09-10T06:35:22.430Z","path":"/blogs/chip-design/eda-workloads","step":"verify","ok":true}
{"t":"2026-09-10T06:35:23.479Z","path":"/blogs/chip-design/eda-workloads-hybrid-cloud-solution","step":"verify","ok":true}
{"t":"2026-09-10T06:35:24.114Z","path":"/blogs/chip-design/edge-ai-in-memory-compute","step":"verify","ok":true}
{"t":"2026-09-10T06:35:25.532Z","path":"/blogs/chip-design/edge-ai-where-artificial-intelligence-meets-the-physical-world","step":"verify","ok":true}
{"t":"2026-09-10T06:35:27.807Z","path":"/blogs/chip-design/edge-computing-architecture","step":"verify","ok":true}
{"t":"2026-09-10T06:35:28.737Z","path":"/blogs/chip-design/edge-computing-benefits-and-challenges","step":"verify","ok":true}
{"t":"2026-09-10T06:35:30.423Z","path":"/blogs/chip-design/edge-machine-learning-apps-sima-ai-synopsys","step":"verify","ok":true}
{"t":"2026-09-10T06:35:31.805Z","path":"/blogs/chip-design/edp-verification-challenges-panel-refresh","step":"verify","ok":true}
{"t":"2026-09-10T06:35:34.635Z","path":"/blogs/chip-design/efficient-interconnect-planning-synopsys-ic-compiler-ii","step":"verify","ok":true}
{"t":"2026-09-10T06:35:37.162Z","path":"/blogs/chip-design/electron-beam-lithography-multibeam","step":"verify","ok":true}
{"t":"2026-09-10T06:35:38.706Z","path":"/blogs/chip-design/electronic-design-snug-israel-2022","step":"verify","ok":true}
{"t":"2026-09-10T06:35:38.877Z","path":"/blogs/chip-design/electronics-digital-twin-automotive-innovation","step":"verify","ok":true}
{"t":"2026-09-10T06:35:42.072Z","path":"/blogs/chip-design/electronics-digital-twin-edt","step":"verify","ok":true}
{"t":"2026-09-10T06:35:44.943Z","path":"/blogs/chip-design/electronics-digital-twin-platform","step":"verify","ok":true}
{"t":"2026-09-10T06:35:46.349Z","path":"/blogs/chip-design/electronics-industry-sustainable-world","step":"verify","ok":true}
{"t":"2026-09-10T06:35:47.319Z","path":"/blogs/chip-design/emulation-helps-find-power-bugs-soc-verification","step":"verify","ok":true}
{"t":"2026-09-10T06:35:49.514Z","path":"/blogs/chip-design/emulation-technology-soc-power-verification","step":"verify","ok":true}
{"t":"2026-09-10T06:35:51.797Z","path":"/blogs/chip-design/enabling-electronics-digital-twins-with-nxp-s32n-processor-vdks","step":"verify","ok":true}
{"t":"2026-09-10T06:35:54.579Z","path":"/blogs/chip-design/enabling-superior-rtl-with-synopsys-rtl-architect-discussion-with-vineet-rashingkar","step":"verify","ok":true}
{"t":"2026-09-10T06:35:56.144Z","path":"/blogs/chip-design/energy-efficient-ai-per-watt","step":"verify","ok":true}
{"t":"2026-09-10T06:35:56.774Z","path":"/blogs/chip-design/energy-efficient-ai-accelerator-data-centers","step":"verify","ok":true}
{"t":"2026-09-10T06:35:57.958Z","path":"/blogs/chip-design/energy-efficient-compute-designs-cxl-3-0-verification-ip","step":"verify","ok":true}
{"t":"2026-09-10T06:36:00.025Z","path":"/blogs/chip-design/engineering-intelligent-systems-multiphysics-world","step":"verify","ok":true}
{"t":"2026-09-10T06:36:01.987Z","path":"/blogs/chip-design/enhance-chip-verification-with-ai-and-machine-learning","step":"verify","ok":true}
{"t":"2026-09-10T06:36:02.539Z","path":"/blogs/chip-design/enhancing-chip-design-simulation-with-artificial-intelligence","step":"verify","ok":true}
{"t":"2026-09-10T06:36:03.887Z","path":"/blogs/chip-design/enhancing-chip-design-with-ai","step":"verify","ok":true}
{"t":"2026-09-10T06:36:06.115Z","path":"/blogs/chip-design/ensuring-reliability-haps-physical-prototyping-systems","step":"verify","ok":true}
{"t":"2026-09-10T06:36:07.527Z","path":"/blogs/chip-design/enterprise-generative-ai-tools-roi","step":"verify","ok":true}
{"t":"2026-09-10T06:36:08.394Z","path":"/blogs/chip-design/equivalence-checking-and-functional-eco","step":"verify","ok":true}
{"t":"2026-09-10T06:36:08.916Z","path":"/blogs/chip-design/esd-electrostatic-discharge-analysis-prevention","step":"verify","ok":true}
{"t":"2026-09-10T06:36:11.882Z","path":"/blogs/chip-design/esp-bridging-the-gap-video-series","step":"verify","ok":true}
{"t":"2026-09-10T06:36:13.263Z","path":"/blogs/chip-design/esp-equivalence-checking-custom-design-interview-almitra-pradhan","step":"verify","ok":true}
{"t":"2026-09-10T06:36:13.848Z","path":"/blogs/chip-design/essential-cloud-computing-characteristics","step":"verify","ok":true}
{"t":"2026-09-10T06:36:15.785Z","path":"/blogs/chip-design/esp-technology-high-coverage-symbolic-verification","step":"verify","ok":true}
{"t":"2026-09-10T06:36:17.588Z","path":"/blogs/chip-design/esun-ethernet-ai-scale-up-networking","step":"verify","ok":true}
{"t":"2026-09-10T06:36:18.335Z","path":"/blogs/chip-design/ethernet-1-6t-vip-and-protocol-solutions","step":"verify","ok":true}
{"t":"2026-09-10T06:36:19.180Z","path":"/blogs/chip-design/ethernet-802-3ck-800g-terabit-speeds","step":"verify","ok":true}
{"t":"2026-09-10T06:36:21.035Z","path":"/blogs/chip-design/ethernet-connectivity-for-hyperscale-data-centers","step":"verify","ok":true}
{"t":"2026-09-10T06:36:22.271Z","path":"/blogs/chip-design/ethernet-evolution-trends-challenges-future","step":"verify","ok":true}
{"t":"2026-09-10T06:36:23.887Z","path":"/blogs/chip-design/ethernet-interoperability-simulation","step":"verify","ok":true}
{"t":"2026-09-10T06:36:25.721Z","path":"/blogs/chip-design/ethernet-tsn-automotive-avb-applications","step":"verify","ok":true}
{"t":"2026-09-10T06:36:26.256Z","path":"/blogs/chip-design/ethernet-tsn-synopsys-verification","step":"verify","ok":true}
{"t":"2026-09-10T06:36:27.970Z","path":"/blogs/chip-design/europe-semiconductor-workforce-development","step":"verify","ok":true}
{"t":"2026-09-10T06:36:29.917Z","path":"/blogs/chip-design/evolution-of-synthesis-navigating-complex-rules-in-finfet-era","step":"verify","ok":true}
{"t":"2026-09-10T06:36:31.660Z","path":"/blogs/chip-design/evolution-pvt-ip-ams-digitally-assisted-analog-daa","step":"verify","ok":true}
{"t":"2026-09-10T06:36:34.155Z","path":"/blogs/chip-design/examining-data-bus-inversions-for-lpddr-in-stateye","step":"verify","ok":true}
{"t":"2026-09-10T06:36:34.620Z","path":"/blogs/chip-design/explaining-bizarre-results-p2p-resistance-current-density-on-chip-esd-network-simulations","step":"verify","ok":true}
{"t":"2026-09-10T06:36:35.657Z","path":"/blogs/chip-design/exploring-resistance-extraction-techniques-starrc","step":"verify","ok":true}
{"t":"2026-09-10T06:36:37.004Z","path":"/blogs/chip-design/exploring-technical-features-of-starrc-merge-corners","step":"verify","ok":true}
{"t":"2026-09-10T06:36:39.054Z","path":"/blogs/chip-design/exploring-transistor-architecture-for-the-5-nm-node-and-beyond","step":"verify","ok":true}
{"t":"2026-09-10T06:36:40.400Z","path":"/blogs/chip-design/extraction-custom-design-advanced-nodes-interview-mo-movahed-ezazi","step":"verify","ok":true}
{"t":"2026-09-10T06:36:41.330Z","path":"/blogs/chip-design/extending-mobile-soc-battery-life","step":"verify","ok":true}
{"t":"2026-09-10T06:36:41.802Z","path":"/blogs/chip-design/fanout-rdl-routing-design-automation","step":"verify","ok":true}
{"t":"2026-09-10T06:36:44.006Z","path":"/blogs/chip-design/fast-accurate-virtual-prototyping","step":"verify","ok":true}
{"t":"2026-09-10T06:36:46.210Z","path":"/blogs/chip-design/fast-soc-emulation-boost-chip-verification","step":"verify","ok":true}
{"t":"2026-09-10T06:36:46.983Z","path":"/blogs/chip-design/faster-chiplet-soc-design-with-arm-collaboration","step":"verify","ok":true}
{"t":"2026-09-10T06:36:49.075Z","path":"/blogs/chip-design/faster-prototyping-haps","step":"verify","ok":true}
{"t":"2026-09-10T06:36:49.765Z","path":"/blogs/chip-design/faster-chip-timing-signoff-flexeda","step":"verify","ok":true}
{"t":"2026-09-10T06:36:51.155Z","path":"/blogs/chip-design/faster-waveform-dumping-verdi-vcs","step":"verify","ok":true}
{"t":"2026-09-10T06:36:52.831Z","path":"/blogs/chip-design/fault-simulation-techniques-for-safety-critical-chip-designs","step":"verify","ok":true}
{"t":"2026-09-10T06:36:55.007Z","path":"/blogs/chip-design/fault-simulation-techniques","step":"verify","ok":true}
{"t":"2026-09-10T06:36:55.604Z","path":"/blogs/chip-design/finding-hardware-bugs-faster","step":"verify","ok":true}
{"t":"2026-09-10T06:36:56.165Z","path":"/blogs/chip-design/first-mobile-phone-usb-type-c","step":"verify","ok":true}
{"t":"2026-09-10T06:36:57.661Z","path":"/blogs/chip-design/first-verification-ip-arm-amba","step":"verify","ok":true}
{"t":"2026-09-10T06:36:59.774Z","path":"/blogs/chip-design/first-verification-ips-arm-amba","step":"verify","ok":true}
{"t":"2026-09-10T06:37:01.229Z","path":"/blogs/chip-design/formal-verification-increases-soc-design-productivity","step":"verify","ok":true}
{"t":"2026-09-10T06:37:01.856Z","path":"/blogs/chip-design/formal-chip-design-verification-in-the-cloud","step":"verify","ok":true}
{"t":"2026-09-10T06:37:03.576Z","path":"/blogs/chip-design/fpga-prototyping-for-high-rtl-debug-productivity","step":"verify","ok":true}
{"t":"2026-09-10T06:37:05.592Z","path":"/blogs/chip-design/fpga-prototyping-powers-soc-process","step":"verify","ok":true}
{"t":"2026-09-10T06:37:07.076Z","path":"/blogs/chip-design/fpga-prototyping-scaled-out-chip-design-validation","step":"verify","ok":true}
{"t":"2026-09-10T06:37:08.837Z","path":"/blogs/chip-design/freertos-virtual-ecu-development-validation-silver","step":"verify","ok":true}
{"t":"2026-09-10T06:37:09.843Z","path":"/blogs/chip-design/fujitsu-monaka-green-data-centers","step":"verify","ok":true}
{"t":"2026-09-10T06:37:11.695Z","path":"/blogs/chip-design/functional-safety-automotive-digital-mipi-cse","step":"verify","ok":true}
{"t":"2026-09-10T06:37:12.894Z","path":"/blogs/chip-design/functional-safety-implementation-goes-mainstream","step":"verify","ok":true}
{"t":"2026-09-10T06:37:15.091Z","path":"/blogs/chip-design/fundamentals-of-cloud-computing-and-its-role-in-eda","step":"verify","ok":true}
{"t":"2026-09-10T06:37:16.439Z","path":"/blogs/chip-design/fusion-compiler-scaling-design","step":"verify","ok":true}
{"t":"2026-09-10T06:37:17.546Z","path":"/blogs/chip-design/future-gaming-displays-advancements","step":"verify","ok":true}
{"t":"2026-09-10T06:37:19.296Z","path":"/blogs/chip-design/future-mobility-arm-zena-soafee-workflows-ces","step":"verify","ok":true}
{"t":"2026-09-10T06:37:21.958Z","path":"/blogs/chip-design/future-of-ai-in-chip-design","step":"verify","ok":true}
{"t":"2026-09-10T06:37:23.347Z","path":"/blogs/chip-design/future-of-auto-sensor-fusion-data-handling","step":"verify","ok":true}
{"t":"2026-09-10T06:37:25.055Z","path":"/blogs/chip-design/future-of-electronic-design-automation","step":"verify","ok":true}
{"t":"2026-09-10T06:37:25.797Z","path":"/blogs/chip-design/future-semiconductor-industry-multi-die","step":"verify","ok":true}
{"t":"2026-09-10T06:37:28.668Z","path":"/blogs/chip-design/gate-all-around-complementary-fets-whats-next-transistor-scaling","step":"verify","ok":true}
{"t":"2026-09-10T06:37:30.307Z","path":"/blogs/chip-design/gate-resistance-ic-design-flow","step":"verify","ok":true}
{"t":"2026-09-10T06:37:30.928Z","path":"/blogs/chip-design/gddr6-ai-vr-autonomous-driving","step":"verify","ok":true}
{"t":"2026-09-10T06:37:32.182Z","path":"/blogs/chip-design/generative-agentic-ai-chip-design","step":"verify","ok":true}
{"t":"2026-09-10T06:37:33.716Z","path":"/blogs/chip-design/generative-ai-chip-design-panel","step":"verify","ok":true}
{"t":"2026-09-10T06:37:35.212Z","path":"/blogs/chip-design/generative-ai-computex-2024","step":"verify","ok":true}
{"t":"2026-09-10T06:37:36.997Z","path":"/blogs/chip-design/generative-ai-in-chip-design-2024","step":"verify","ok":true}
{"t":"2026-09-10T06:37:38.166Z","path":"/blogs/chip-design/generative-ai-semiconductor-industry-eda-panel","step":"verify","ok":true}
{"t":"2026-09-10T06:37:39.802Z","path":"/blogs/chip-design/ghg-emission-reduction-goals","step":"verify","ok":true}
{"t":"2026-09-10T06:37:41.378Z","path":"/blogs/chip-design/golden-signoff-backbone-fusion-compiler-neeraj-kaul","step":"verify","ok":true}
{"t":"2026-09-10T06:37:42.568Z","path":"/blogs/chip-design/good-activity-data-improve-your-dynamic-voltage-drop-analysis","step":"verify","ok":true}
{"t":"2026-09-10T06:37:44.512Z","path":"/blogs/chip-design/good-enough-government-work","step":"verify","ok":true}
{"t":"2026-09-10T06:37:45.589Z","path":"/blogs/chip-design/gpu-acceleration-chip-design-flow","step":"verify","ok":true}
{"t":"2026-09-10T06:37:47.243Z","path":"/blogs/chip-design/haps-prototyping-systems-use-cases-benefits","step":"verify","ok":true}
{"t":"2026-09-10T06:37:49.377Z","path":"/blogs/chip-design/hardware-root-of-trust-security","step":"verify","ok":true}
{"t":"2026-09-10T06:37:51.486Z","path":"/blogs/chip-design/hbm-performance-verification-guide","step":"verify","ok":true}
{"t":"2026-09-10T06:37:52.250Z","path":"/blogs/chip-design/hardware-security-vs-software-security","step":"verify","ok":true}
{"t":"2026-09-10T06:37:53.062Z","path":"/blogs/chip-design/hbm-signal-integrity-after-routing","step":"verify","ok":true}
{"t":"2026-09-10T06:37:55.914Z","path":"/blogs/chip-design/hbm3-next-generation-memory-standard","step":"verify","ok":true}
{"t":"2026-09-10T06:37:57.519Z","path":"/blogs/chip-design/hdmi-2-1-channeling-the-genx-audio-video-experience","step":"verify","ok":true}
{"t":"2026-09-10T06:37:58.737Z","path":"/blogs/chip-design/hdmi-2-1a-sbtm-gaming-acceleration","step":"verify","ok":true}
{"t":"2026-09-10T06:37:59.919Z","path":"/blogs/chip-design/hdmi-hdcp2-authentication-process","step":"verify","ok":true}
{"t":"2026-09-10T06:38:01.746Z","path":"/blogs/chip-design/hdmi-quick-media-switching","step":"verify","ok":true}
{"t":"2026-09-10T06:38:02.850Z","path":"/blogs/chip-design/hdmi-scrambling-higher-data-rates","step":"verify","ok":true}
{"t":"2026-09-10T06:38:04.224Z","path":"/blogs/chip-design/heterogeneous-clusters-and-dynamic-scaling","step":"verify","ok":true}
{"t":"2026-09-10T06:38:06.046Z","path":"/blogs/chip-design/high-bandwidth-memory-hbm-ai-future","step":"verify","ok":true}
{"t":"2026-09-10T06:38:08.083Z","path":"/blogs/chip-design/high-frequency-jitter-amplification-accuracy-stateye","step":"verify","ok":true}
{"t":"2026-09-10T06:38:08.480Z","path":"/blogs/chip-design/high-capacity-high-performance-flash-memory","step":"verify","ok":true}
{"t":"2026-09-10T06:38:09.311Z","path":"/blogs/chip-design/high-na-euv-computational-lithography","step":"verify","ok":true}
{"t":"2026-09-10T06:38:10.945Z","path":"/blogs/chip-design/high-performance-compute-eda-cloud","step":"verify","ok":true}
{"t":"2026-09-10T06:38:13.201Z","path":"/blogs/chip-design/high-performance-computing-2022","step":"verify","ok":true}
{"t":"2026-09-10T06:38:13.568Z","path":"/blogs/chip-design/high-performance-computing-applications","step":"verify","ok":true}
{"t":"2026-09-10T06:38:14.239Z","path":"/blogs/chip-design/high-performance-computing-architecture","step":"verify","ok":true}
{"t":"2026-09-10T06:38:15.934Z","path":"/blogs/chip-design/high-performance-computing-cluster","step":"verify","ok":true}
{"t":"2026-09-10T06:38:18.738Z","path":"/blogs/chip-design/high-performance-storage","step":"verify","ok":true}
{"t":"2026-09-10T06:38:19.447Z","path":"/blogs/chip-design/high-performance-simulation-predictable-capacity-uplift-cloud","step":"verify","ok":true}
{"t":"2026-09-10T06:38:21.561Z","path":"/blogs/chip-design/high-speed-memory-smartphones-mipi","step":"verify","ok":true}
{"t":"2026-09-10T06:38:24.177Z","path":"/blogs/chip-design/high-res-displays-hdmi-dsc","step":"verify","ok":false,"why":"about:error in delivered html"}
{"t":"2026-09-10T06:38:25.304Z","path":"/blogs/chip-design/how-3dic-compiler-powers-multidie-design-breakthroughs","step":"verify","ok":true}
{"t":"2026-09-10T06:38:27.309Z","path":"/blogs/chip-design/how-ai-changed-chip-design-eda-tools","step":"verify","ok":true}
{"t":"2026-09-10T06:38:28.760Z","path":"/blogs/chip-design/how-ai-changes-chip-design-flow","step":"verify","ok":true}
{"t":"2026-09-10T06:38:30.981Z","path":"/blogs/chip-design/how-asu-researcher-became-chip-designer","step":"verify","ok":true}
{"t":"2026-09-10T06:38:33.185Z","path":"/blogs/chip-design/how-cameras-use-ai-neural-network-image-processing","step":"verify","ok":true}
{"t":"2026-09-10T06:38:33.943Z","path":"/blogs/chip-design/how-certify-supercomputer","step":"verify","ok":true}
{"t":"2026-09-10T06:38:35.554Z","path":"/blogs/chip-design/how-dtco-advances-chip-design-process","step":"verify","ok":true}
{"t":"2026-09-10T06:38:37.465Z","path":"/blogs/chip-design/how-eda-forms-basis-for-designing-secure-systems","step":"verify","ok":true}
{"t":"2026-09-10T06:38:39.686Z","path":"/blogs/chip-design/how-prototyping-increases-interoperability-success","step":"verify","ok":true}
{"t":"2026-09-10T06:38:41.489Z","path":"/blogs/chip-design/how-secure-ddr-interfaces-protect-dram-from-memory-attacks","step":"verify","ok":true}
{"t":"2026-09-10T06:38:42.893Z","path":"/blogs/chip-design/how-socs-are-designed-for-ai-applications","step":"verify","ok":true}
{"t":"2026-09-10T06:38:44.125Z","path":"/blogs/chip-design/how-synopsys-and-quintauris-accelerate-the-path-to-production","step":"verify","ok":true}
{"t":"2026-09-10T06:38:45.425Z","path":"/blogs/chip-design/how-to-build-chips-functional-safety-applications","step":"verify","ok":true}
{"t":"2026-09-10T06:38:47.405Z","path":"/blogs/chip-design/how-to-design-socs-for-the-sysmoore-era","step":"verify","ok":true}
{"t":"2026-09-10T06:38:49.584Z","path":"/blogs/chip-design/how-to-maximize-pcie-6-with-end-to-end-design-solutions","step":"verify","ok":true}
{"t":"2026-09-10T06:38:49.916Z","path":"/blogs/chip-design/how-to-integrate-usb4-in-soc-design","step":"verify","ok":true}
{"t":"2026-09-10T06:38:51.757Z","path":"/blogs/chip-design/how-to-secure-auto-ota-updates","step":"verify","ok":true}
{"t":"2026-09-10T06:38:53.365Z","path":"/blogs/chip-design/hpc-and-cloud-predictions-2021","step":"verify","ok":true}
{"t":"2026-09-10T06:38:55.142Z","path":"/blogs/chip-design/hpc-applications-drive-chiplet-demand","step":"verify","ok":true}
{"t":"2026-09-10T06:38:56.030Z","path":"/blogs/chip-design/hpc-data-center-power-consumption","step":"verify","ok":true}
{"t":"2026-09-10T06:38:56.899Z","path":"/blogs/chip-design/hpc-multi-die-chip-design-2025","step":"verify","ok":true}
{"t":"2026-09-10T06:38:59.014Z","path":"/blogs/chip-design/hpe-hpc-chip-design-tools","step":"verify","ok":true}
{"t":"2026-09-10T06:39:01.100Z","path":"/blogs/chip-design/hybrid-cloud-architecture-benefits-and-challenges","step":"verify","ok":true}
{"t":"2026-09-10T06:39:02.338Z","path":"/blogs/chip-design/hybrid-cloud-integration","step":"verify","ok":true}
{"t":"2026-09-10T06:39:03.425Z","path":"/blogs/chip-design/hybrid-cloud-chip-design-agility-efficiency","step":"verify","ok":true}
{"t":"2026-09-10T06:39:05.304Z","path":"/blogs/chip-design/hybrid-prototyping-solution","step":"verify","ok":true}
{"t":"2026-09-10T06:39:07.238Z","path":"/blogs/chip-design/hyper-convergent-chip-design-tools-power-soc","step":"verify","ok":true}
{"t":"2026-09-10T06:39:08.889Z","path":"/blogs/chip-design/hyper-convergent-chip-designs-news-and-trends","step":"verify","ok":true}
{"t":"2026-09-10T06:39:09.246Z","path":"/blogs/chip-design/hyper-convergent-chip-designs","step":"verify","ok":true}
{"t":"2026-09-10T06:39:10.696Z","path":"/blogs/chip-design/hyperscale-data-center-security-cloud-computing","step":"verify","ok":true}
{"t":"2026-09-10T06:39:12.729Z","path":"/blogs/chip-design/hyperscale-data-centers-224g-serdes-ethernet","step":"verify","ok":true}
{"t":"2026-09-10T06:39:15.258Z","path":"/blogs/chip-design/i3c-vip-hdr-multi-lane-verification","step":"verify","ok":true}
{"t":"2026-09-10T06:39:16.132Z","path":"/blogs/chip-design/ibm-research-ai-hardware-center","step":"verify","ok":true}
{"t":"2026-09-10T06:39:16.310Z","path":"/blogs/chip-design/ic-design-engineer-training-vietnam","step":"verify","ok":true}
{"t":"2026-09-10T06:39:18.249Z","path":"/blogs/chip-design/ic-design-reliability-analysis-primesim-continuum","step":"verify","ok":true}
{"t":"2026-09-10T06:39:21.183Z","path":"/blogs/chip-design/ic-design-tools-enable-ic-hyperconvergence","step":"verify","ok":true}
{"t":"2026-09-10T06:39:21.755Z","path":"/blogs/chip-design/ieee-standards-functional-safety","step":"verify","ok":true}
{"t":"2026-09-10T06:39:22.239Z","path":"/blogs/chip-design/ieee-8023-launches-study-group-400gbps-per-lane-ethernet-ai-networks","step":"verify","ok":true}
{"t":"2026-09-10T06:39:24.002Z","path":"/blogs/chip-design/impare-chip-design-verification-cloud","step":"verify","ok":true}
{"t":"2026-09-10T06:39:26.542Z","path":"/blogs/chip-design/improve-ai-chip-power-efficiency","step":"verify","ok":true}
{"t":"2026-09-10T06:39:27.708Z","path":"/blogs/chip-design/improving-analog-layout-efficiency-with-reusable-user-defined-device","step":"verify","ok":true}
{"t":"2026-09-10T06:39:28.106Z","path":"/blogs/chip-design/improved-power-system-optimization-soc-designs","step":"verify","ok":true}
{"t":"2026-09-10T06:39:29.373Z","path":"/blogs/chip-design/improving-design-robustness-primeshield-discussion-li-ding","step":"verify","ok":true}
{"t":"2026-09-10T06:39:34.531Z","path":"/blogs/chip-design/improving-quality-of-results-with-design-compiler-nxt","step":"verify","ok":true}
{"t":"2026-09-10T06:39:34.531Z","path":"/blogs/chip-design/improving-results-quickly-with-singular-rtl-to-gdsii-product","step":"verify","ok":true}
{"t":"2026-09-10T06:39:35.418Z","path":"/blogs/chip-design/improving-semiconductor-yield-with-test-data-analytics","step":"verify","ok":true}
{"t":"2026-09-10T06:39:35.419Z","path":"/blogs/chip-design/improving-robustness-design-variability","step":"verify","ok":true}
{"t":"2026-09-10T06:39:41.351Z","path":"/blogs/chip-design/india-semiconductor-industry-influence","step":"verify","ok":true}
{"t":"2026-09-10T06:39:41.393Z","path":"/blogs/chip-design/industry-1stcxl-verification-ip-transforming-aihpc-systems","step":"verify","ok":true}
{"t":"2026-09-10T06:39:41.741Z","path":"/blogs/chip-design/industry-first-verification-ip-arm-amba-axi-l-simplifies-soc","step":"verify","ok":true}
{"t":"2026-09-10T06:39:41.888Z","path":"/blogs/chip-design/industry-first-verification-ip-arm-amb-dtih","step":"verify","ok":true}
{"t":"2026-09-10T06:39:47.722Z","path":"/blogs/chip-design/industry-first-vip-for-pcie-7-0","step":"verify","ok":true}
{"t":"2026-09-10T06:39:47.840Z","path":"/blogs/chip-design/industry-first-vip-for-arm-amba-dti-g","step":"verify","ok":true}
{"t":"2026-09-10T06:39:48.090Z","path":"/blogs/chip-design/industry-first-vip-for-display-port-automotive-extensions","step":"verify","ok":true}
{"t":"2026-09-10T06:39:48.769Z","path":"/blogs/chip-design/innovation-enablers-synopsys-story","step":"verify","ok":true}
{"t":"2026-09-10T06:39:54.278Z","path":"/blogs/chip-design/innovations-in-ic-validator-physical-signoff","step":"verify","ok":true}
{"t":"2026-09-10T06:39:54.770Z","path":"/blogs/chip-design/innovations-formality-equivalence-checking-interview-todd-buzan","step":"verify","ok":true}
{"t":"2026-09-10T06:39:54.817Z","path":"/blogs/chip-design/integrated-design-ai-chip-software","step":"verify","ok":true}
{"t":"2026-09-10T06:39:55.391Z","path":"/blogs/chip-design/intel-ucie-chiplet-test","step":"verify","ok":true}
{"t":"2026-09-10T06:40:02.571Z","path":"/blogs/chip-design/interconnect-ip-scalable-compute-clusters","step":"verify","ok":true}
{"t":"2026-09-10T06:40:03.051Z","path":"/blogs/chip-design/interactive-debugging-reducing-simulation-debug-tat","step":"verify","ok":true}
{"t":"2026-09-10T06:40:03.059Z","path":"/blogs/chip-design/interface-ip-3d-multi-die","step":"verify","ok":true}
{"t":"2026-09-10T06:40:03.495Z","path":"/blogs/chip-design/interface-protocol-validation-zebu-solutions","step":"verify","ok":true}
{"t":"2026-09-10T06:40:10.800Z","path":"/blogs/chip-design/international-day-of-women-in-science-2022","step":"verify","ok":true}
{"t":"2026-09-10T06:40:11.316Z","path":"/blogs/chip-design/introducing-fusion-compiler-synthesis-place-and-route-solution","step":"verify","ok":true}
{"t":"2026-09-10T06:40:11.665Z","path":"/blogs/chip-design/introduction-cxl-device-types","step":"verify","ok":true}
{"t":"2026-09-10T06:40:11.842Z","path":"/blogs/chip-design/introducing-zebu-200-haps-200","step":"verify","ok":true}
{"t":"2026-09-10T06:40:18.665Z","path":"/blogs/chip-design/introduction-to-analog-fault-simulation-using-synopsys-custom-design-platform","step":"verify","ok":true}
{"t":"2026-09-10T06:40:19.101Z","path":"/blogs/chip-design/iot-design-the-future-is-smart-and-connected","step":"verify","ok":true}
{"t":"2026-09-10T06:40:20.261Z","path":"/blogs/chip-design/iot-device-security-isim","step":"verify","ok":true}
{"t":"2026-09-10T06:40:20.890Z","path":"/blogs/chip-design/iot-applications-with-low-power-design-techniques","step":"verify","ok":true}
{"t":"2026-09-10T06:40:24.581Z","path":"/blogs/chip-design/ir-eco-is-it-possible-to-fix-voltage-drop-violations-without-destroying-your-chip-timing","step":"verify","ok":true}
{"t":"2026-09-10T06:40:25.767Z","path":"/blogs/chip-design/iot-security-challenges-solutions","step":"verify","ok":true}
{"t":"2026-09-10T06:40:26.672Z","path":"/blogs/chip-design/jedec-ddr5-sdram-vip-hpc","step":"verify","ok":true}
{"t":"2026-09-10T06:40:26.959Z","path":"/blogs/chip-design/is-your-voltage-drop-flow-obsolete","step":"verify","ok":true}
{"t":"2026-09-10T06:40:29.241Z","path":"/blogs/chip-design/jedec-lpddr4-standard-publication","step":"verify","ok":true}
{"t":"2026-09-10T06:40:30.932Z","path":"/blogs/chip-design/journey-of-coverage-closure","step":"verify","ok":true}
{"t":"2026-09-10T06:40:33.259Z","path":"/blogs/chip-design/jumpstart-chip-design-digital-instance-cloud","step":"verify","ok":true}
{"t":"2026-09-10T06:40:35.204Z","path":"/blogs/chip-design/kioxia-innovates-soc-design-eda-ai-technologies","step":"verify","ok":true}
{"t":"2026-09-10T06:40:35.977Z","path":"/blogs/chip-design/kioxia-leads-the-way-in-optimizing-simulation-verification","step":"verify","ok":true}
{"t":"2026-09-10T06:40:36.431Z","path":"/blogs/chip-design/latest-arm-amba-ace5-lite-updates","step":"verify","ok":true}
{"t":"2026-09-10T06:40:38.947Z","path":"/blogs/chip-design/latin-america-semiconductor-workforce-development","step":"verify","ok":true}
{"t":"2026-09-10T06:40:41.049Z","path":"/blogs/chip-design/leverage-the-pcie-6-0-1-design","step":"verify","ok":true}
{"t":"2026-09-10T06:40:42.392Z","path":"/blogs/chip-design/leveraging-static-linting-tools","step":"verify","ok":true}
{"t":"2026-09-10T06:40:43.025Z","path":"/blogs/chip-design/library-characterization-eda-cloud","step":"verify","ok":true}
{"t":"2026-09-10T06:40:44.658Z","path":"/blogs/chip-design/library-characterization-for-advanced-process-designs","step":"verify","ok":true}
{"t":"2026-09-10T06:40:46.873Z","path":"/blogs/chip-design/library-characterization-tool-advanced-node-soc-design","step":"verify","ok":true}
{"t":"2026-09-10T06:40:48.994Z","path":"/blogs/chip-design/linting-techniques-automotive-aerospace-chip-design","step":"verify","ok":true}
{"t":"2026-09-10T06:40:49.866Z","path":"/blogs/chip-design/linting-tools-machine-learning","step":"verify","ok":true}
{"t":"2026-09-10T06:40:51.791Z","path":"/blogs/chip-design/low-power-chip-design-verification-tool","step":"verify","ok":true}
{"t":"2026-09-10T06:40:53.365Z","path":"/blogs/chip-design/low-power-chip-design-verification","step":"verify","ok":true}
{"t":"2026-09-10T06:40:54.857Z","path":"/blogs/chip-design/low-power-design-and-smart-iot-edge","step":"verify","ok":true}
{"t":"2026-09-10T06:40:57.024Z","path":"/blogs/chip-design/low-power-qa-with-dr-renu-mehra","step":"verify","ok":true}
{"t":"2026-09-10T06:40:57.391Z","path":"/blogs/chip-design/low-power-soc-design-hpc-data-center","step":"verify","ok":true}
{"t":"2026-09-10T06:40:59.321Z","path":"/blogs/chip-design/low-power-soc-design-verification","step":"verify","ok":true}
{"t":"2026-09-10T06:41:02.229Z","path":"/blogs/chip-design/lowering-analog-design-costs-with-strategic-approach","step":"verify","ok":true}
{"t":"2026-09-10T06:41:03.534Z","path":"/blogs/chip-design/lpddr5-enhancements-iot-ai-image-processing","step":"verify","ok":true}
{"t":"2026-09-10T06:41:03.638Z","path":"/blogs/chip-design/lpddr3-vs-ddr3l-differences","step":"verify","ok":true}
{"t":"2026-09-10T06:41:05.451Z","path":"/blogs/chip-design/lpddr5-ip-vip-solution-ddr5-leadership","step":"verify","ok":true}
{"t":"2026-09-10T06:41:10.687Z","path":"/blogs/chip-design/lpddr5-power-performance-ai-iot","step":"verify","ok":true}
{"t":"2026-09-10T06:41:11.556Z","path":"/blogs/chip-design/lpddr5x-specification-memory-design","step":"verify","ok":true}
{"t":"2026-09-10T06:41:12.265Z","path":"/blogs/chip-design/lpddr5x-future-mobile-memory","step":"verify","ok":true}
{"t":"2026-09-10T06:41:12.785Z","path":"/blogs/chip-design/lpddr6-verification-ip-ai-automotive-hpc-mobile-socs","step":"verify","ok":true}
{"t":"2026-09-10T06:41:18.497Z","path":"/blogs/chip-design/lpddr6-vs-lpddr5x-lpddr5-differences","step":"verify","ok":true}
{"t":"2026-09-10T06:41:19.433Z","path":"/blogs/chip-design/machine-learned-force-fields-atomistic-simulation","step":"verify","ok":true}
{"t":"2026-09-10T06:41:20.076Z","path":"/blogs/chip-design/lvs-checking-process","step":"verify","ok":true}
{"t":"2026-09-10T06:41:20.776Z","path":"/blogs/chip-design/machine-learning-chip-design-flow","step":"verify","ok":true}
{"t":"2026-09-10T06:41:26.441Z","path":"/blogs/chip-design/macsec-ip-iso-pas-8800-automotive","step":"verify","ok":true}
{"t":"2026-09-10T06:41:27.087Z","path":"/blogs/chip-design/managing-1000-thermal-states-mobile-soc","step":"verify","ok":true}
{"t":"2026-09-10T06:41:27.316Z","path":"/blogs/chip-design/managing-nvme-verification-complexity","step":"verify","ok":true}
{"t":"2026-09-10T06:41:30.467Z","path":"/blogs/chip-design/managing-initial-state-formal-verification","step":"verify","ok":true}
{"t":"2026-09-10T06:41:33.591Z","path":"/blogs/chip-design/mastering-uvm-axi-vip-usage","step":"verify","ok":true}
{"t":"2026-09-10T06:41:34.411Z","path":"/blogs/chip-design/mastering-ddr-phy-interoperability-dfi","step":"verify","ok":true}
{"t":"2026-09-10T06:41:35.679Z","path":"/blogs/chip-design/mastering-uvm-register-model-simplification","step":"verify","ok":true}
{"t":"2026-09-10T06:41:36.488Z","path":"/blogs/chip-design/maximizing-mobile-performance-lpddr4-ram","step":"verify","ok":true}
{"t":"2026-09-10T06:41:40.259Z","path":"/blogs/chip-design/meeting-ethernet-bandwidth-demand-1-6t-ethernet","step":"verify","ok":true}
{"t":"2026-09-10T06:41:41.732Z","path":"/blogs/chip-design/memory-chip-design-tools-and-challenges","step":"verify","ok":true}
{"t":"2026-09-10T06:41:42.487Z","path":"/blogs/chip-design/memory-design-with-machine-learning","step":"verify","ok":true}
{"t":"2026-09-10T06:41:42.635Z","path":"/blogs/chip-design/memory-design-techniques-silicon-reliability","step":"verify","ok":true}
{"t":"2026-09-10T06:41:48.670Z","path":"/blogs/chip-design/mipi-csi2-v30-5g-imaging-solution","step":"verify","ok":true}
{"t":"2026-09-10T06:41:48.670Z","path":"/blogs/chip-design/minimizing-late-stage-functional-ecos-interview-todd-buzan","step":"verify","ok":true}
{"t":"2026-09-10T06:41:49.543Z","path":"/blogs/chip-design/mipi-csi2-v21-automotive-drones-iot","step":"verify","ok":true}
{"t":"2026-09-10T06:41:49.835Z","path":"/blogs/chip-design/mipi-m-phy-protocol-sergio-silva-qa","step":"verify","ok":true}
{"t":"2026-09-10T06:41:56.075Z","path":"/blogs/chip-design/misra-autosar-future-connected-car","step":"verify","ok":true}
{"t":"2026-09-10T06:41:56.429Z","path":"/blogs/chip-design/multi-chip-module-packaging-types","step":"verify","ok":true}
{"t":"2026-09-10T06:41:56.575Z","path":"/blogs/chip-design/ml-regression-failure-analysis","step":"verify","ok":true}
{"t":"2026-09-10T06:41:56.994Z","path":"/blogs/chip-design/multi-cloud-infrastructure","step":"verify","ok":true}
{"t":"2026-09-10T06:42:03.343Z","path":"/blogs/chip-design/multi-cloud-security","step":"verify","ok":true}
{"t":"2026-09-10T06:42:03.855Z","path":"/blogs/chip-design/multi-cloud-strategy","step":"verify","ok":true}
{"t":"2026-09-10T06:42:03.861Z","path":"/blogs/chip-design/multi-cloud-storage","step":"verify","ok":true}
{"t":"2026-09-10T06:42:04.734Z","path":"/blogs/chip-design/multi-die-automotive-chip-designs","step":"verify","ok":true}
{"t":"2026-09-10T06:42:10.914Z","path":"/blogs/chip-design/multi-die-chip-design-synopsys-samsung","step":"verify","ok":true}
{"t":"2026-09-10T06:42:10.987Z","path":"/blogs/chip-design/multi-die-chip-design-samsung-foundry","step":"verify","ok":true}
{"t":"2026-09-10T06:42:11.532Z","path":"/blogs/chip-design/multi-die-design-challenges-industry-insights-chiplet-summit","step":"verify","ok":true}
{"t":"2026-09-10T06:42:11.888Z","path":"/blogs/chip-design/multi-die-chip-design-tsmc","step":"verify","ok":true}
{"t":"2026-09-10T06:42:15.947Z","path":"/blogs/chip-design/multi-die-design-comparison-monolithic-pcb","step":"verify","ok":true}
{"t":"2026-09-10T06:42:16.308Z","path":"/blogs/chip-design/multi-die-design-stco-ai","step":"verify","ok":true}
{"t":"2026-09-10T06:42:17.027Z","path":"/blogs/chip-design/multi-die-health-reliability-advances","step":"verify","ok":true}
{"t":"2026-09-10T06:42:17.071Z","path":"/blogs/chip-design/multi-die-multiphysics-co-design","step":"verify","ok":true}
{"t":"2026-09-10T06:42:23.765Z","path":"/blogs/chip-design/multi-die-systems-report-mit-technology-review","step":"verify","ok":true}
{"t":"2026-09-10T06:42:24.256Z","path":"/blogs/chip-design/multi-die-systems-panel","step":"verify","ok":true}
{"t":"2026-09-10T06:42:24.761Z","path":"/blogs/chip-design/multi-die-systems-chip-verification","step":"verify","ok":true}
{"t":"2026-09-10T06:42:28.425Z","path":"/blogs/chip-design/multi-die-systems-changing-semiconductor-design","step":"verify","ok":false,"why":"about:error in delivered html"}
{"t":"2026-09-10T06:42:31.911Z","path":"/blogs/chip-design/multi-die-systems-semiconductor-companies","step":"verify","ok":true}
{"t":"2026-09-10T06:42:33.144Z","path":"/blogs/chip-design/multi-domain-voltage-control-verification-avsbus-2-vip","step":"verify","ok":true}
{"t":"2026-09-10T06:42:33.820Z","path":"/blogs/chip-design/multi-die-systems-silicon-lifecycle-management","step":"verify","ok":true}
{"t":"2026-09-10T06:42:34.901Z","path":"/blogs/chip-design/multi-physics-effects-multi-die-systems","step":"verify","ok":true}
{"t":"2026-09-10T06:42:39.494Z","path":"/blogs/chip-design/multiphysics-fusion-chip-design","step":"verify","ok":true}
{"t":"2026-09-10T06:42:40.603Z","path":"/blogs/chip-design/nand-flash-memory-system-verification","step":"verify","ok":true}
{"t":"2026-09-10T06:42:41.470Z","path":"/blogs/chip-design/mutli-die-systems-2024","step":"verify","ok":true}
{"t":"2026-09-10T06:42:43.522Z","path":"/blogs/chip-design/nas-vs-san","step":"verify","ok":true}
{"t":"2026-09-10T06:42:49.603Z","path":"/blogs/chip-design/navigating-transition-mil-to-vhil-virtualizer-studio","step":"verify","ok":true}
{"t":"2026-09-10T06:42:49.936Z","path":"/blogs/chip-design/new-generation-lpddr-advancements","step":"verify","ok":true}
{"t":"2026-09-10T06:42:50.138Z","path":"/blogs/chip-design/neuromorphic-computing-physical-ai-edge","step":"verify","ok":true}
{"t":"2026-09-10T06:42:50.537Z","path":"/blogs/chip-design/new-synopsys-hq","step":"verify","ok":true}
{"t":"2026-09-10T06:42:56.642Z","path":"/blogs/chip-design/next-decade-chip-startups-insights-opportunities","step":"verify","ok":true}
{"t":"2026-09-10T06:42:56.917Z","path":"/blogs/chip-design/next-era-chip-design-and-machine-learning","step":"verify","ok":true}
{"t":"2026-09-10T06:42:57.008Z","path":"/blogs/chip-design/new-world-of-tech-innovation","step":"verify","ok":true}
{"t":"2026-09-10T06:42:57.242Z","path":"/blogs/chip-design/next-evolution-synopsys-digital-toolset-fusion-compiler-design-compiler-nxt","step":"verify","ok":true}
{"t":"2026-09-10T06:43:02.714Z","path":"/blogs/chip-design/nvdimms-blending-memory-storage","step":"verify","ok":true}
{"t":"2026-09-10T06:43:02.888Z","path":"/blogs/chip-design/next-gen-memory-tech-for-graphics-networking-hpc","step":"verify","ok":true}
{"t":"2026-09-10T06:43:03.420Z","path":"/blogs/chip-design/nvidia-gpu-circuit-simulation","step":"verify","ok":true}
{"t":"2026-09-10T06:43:03.760Z","path":"/blogs/chip-design/nhtsa-auto-cybersecurity-best-practices","step":"verify","ok":true}
{"t":"2026-09-10T06:43:09.196Z","path":"/blogs/chip-design/official-pcie-5-speed-chart","step":"verify","ok":true}
{"t":"2026-09-10T06:43:09.464Z","path":"/blogs/chip-design/on-premise-vs-cloud-pros-and-cons","step":"verify","ok":true}
{"t":"2026-09-10T06:43:09.747Z","path":"/blogs/chip-design/on-premise-cloud","step":"verify","ok":true}
{"t":"2026-09-10T06:43:10.452Z","path":"/blogs/chip-design/on-the-fly-code-review-chip-design-process","step":"verify","ok":true}
{"t":"2026-09-10T06:43:15.562Z","path":"/blogs/chip-design/optical-interconnects-enable-data-center-disaggregation","step":"verify","ok":true}
{"t":"2026-09-10T06:43:15.756Z","path":"/blogs/chip-design/optical-soc-design-tool-lightelligence","step":"verify","ok":true}
{"t":"2026-09-10T06:43:16.197Z","path":"/blogs/chip-design/optimize-ucie-verification-synopsys-vip","step":"verify","ok":true}
{"t":"2026-09-10T06:43:16.207Z","path":"/blogs/chip-design/one-on-one-with-aveek-sarkar","step":"verify","ok":true}
{"t":"2026-09-10T06:43:22.475Z","path":"/blogs/chip-design/optimizing-pcie-pipe-power-management","step":"verify","ok":true}
{"t":"2026-09-10T06:43:23.006Z","path":"/blogs/chip-design/optimizing-rtl-design-flow-real-time-ppa-analysis","step":"verify","ok":true}
{"t":"2026-09-10T06:43:23.007Z","path":"/blogs/chip-design/optimizing-your-hardware-ip-verification-in-the-cloud","step":"verify","ok":true}
{"t":"2026-09-10T06:43:23.518Z","path":"/blogs/chip-design/optimizing-hbm2e-runtime-performance","step":"verify","ok":true}
{"t":"2026-09-10T06:43:30.220Z","path":"/blogs/chip-design/ota-updates-automotive-apps","step":"verify","ok":true}
{"t":"2026-09-10T06:43:30.242Z","path":"/blogs/chip-design/overview-haps-prototyping-software","step":"verify","ok":true}
{"t":"2026-09-10T06:43:30.830Z","path":"/blogs/chip-design/overcoming-analog-circuit-design-challenges-at-advanced-semiconductor-nodes","step":"verify","ok":true}
{"t":"2026-09-10T06:43:31.064Z","path":"/blogs/chip-design/overview-synopsys-virtual-prototyping-services","step":"verify","ok":true}
{"t":"2026-09-10T06:43:37.682Z","path":"/blogs/chip-design/pci-express-6-high-bandwidth-interconnect","step":"verify","ok":true}
{"t":"2026-09-10T06:43:38.149Z","path":"/blogs/chip-design/pcie-5-0-verification-synopsys-vip","step":"verify","ok":true}
{"t":"2026-09-10T06:43:38.378Z","path":"/blogs/chip-design/pci-express-sriov-virtualization","step":"verify","ok":true}
{"t":"2026-09-10T06:43:38.378Z","path":"/blogs/chip-design/parasitic-extraction-high-speed-chip-design","step":"verify","ok":true}
{"t":"2026-09-10T06:43:43.692Z","path":"/blogs/chip-design/pcie-5-demos-ip-vip-ai","step":"verify","ok":true}
{"t":"2026-09-10T06:43:44.158Z","path":"/blogs/chip-design/pcie-5-ip-solutions-pass-compliance-testing","step":"verify","ok":true}
{"t":"2026-09-10T06:43:44.645Z","path":"/blogs/chip-design/pcie-5-applications-and-importance-of-silicon-proven-ip","step":"verify","ok":true}
{"t":"2026-09-10T06:43:45.944Z","path":"/blogs/chip-design/pcie-6-high-performance-computing-solutions","step":"verify","ok":true}
{"t":"2026-09-10T06:43:50.039Z","path":"/blogs/chip-design/pcie-6-verifaction-fec-crc","step":"verify","ok":true}
{"t":"2026-09-10T06:43:51.264Z","path":"/blogs/chip-design/pcie-6x-112gbps-ethernet-linear-optics","step":"verify","ok":true}
{"t":"2026-09-10T06:43:51.280Z","path":"/blogs/chip-design/pcie-6-specification-speed-keysight","step":"verify","ok":true}
{"t":"2026-09-10T06:43:52.824Z","path":"/blogs/chip-design/pcie-6x-compliance-testing-gold-system","step":"verify","ok":true}
{"t":"2026-09-10T06:43:56.374Z","path":"/blogs/chip-design/pcie-7-bandwidth-ai-chips","step":"verify","ok":true}
{"t":"2026-09-10T06:43:58.799Z","path":"/blogs/chip-design/pcie-ai-accelerator-chip-design","step":"verify","ok":true}
{"t":"2026-09-10T06:43:59.333Z","path":"/blogs/chip-design/pcie-bifurcation-basic-guide","step":"verify","ok":true}
{"t":"2026-09-10T06:44:00.728Z","path":"/blogs/chip-design/pcie-8-0-verification-ip-ai-hpc-automotive","step":"verify","ok":true}
{"t":"2026-09-10T06:44:02.421Z","path":"/blogs/chip-design/pcie-challenges-software-hardware-system","step":"verify","ok":true}
{"t":"2026-09-10T06:44:04.753Z","path":"/blogs/chip-design/pcie-gen1-speed-basics","step":"verify","ok":true}
{"t":"2026-09-10T06:44:06.340Z","path":"/blogs/chip-design/pcie-ptm-spring-ahead","step":"verify","ok":true}
{"t":"2026-09-10T06:44:07.116Z","path":"/blogs/chip-design/pcie-over-fiber-optics-pcie-7","step":"verify","ok":true}
{"t":"2026-09-10T06:44:09.383Z","path":"/blogs/chip-design/pervasive-intelligence-snug-2024","step":"verify","ok":true}
{"t":"2026-09-10T06:44:10.558Z","path":"/blogs/chip-design/phalanx-greek-warfare-verification","step":"verify","ok":true}
{"t":"2026-09-10T06:44:12.052Z","path":"/blogs/chip-design/photonic-integrated-circuits-ai-chatbot","step":"verify","ok":true}
{"t":"2026-09-10T06:44:14.011Z","path":"/blogs/chip-design/photonic-integrated-circuits-augmented-reality","step":"verify","ok":true}
{"t":"2026-09-10T06:44:15.750Z","path":"/blogs/chip-design/photonic-integrated-circuits-multi-die-systems","step":"verify","ok":true}
{"t":"2026-09-10T06:44:17.673Z","path":"/blogs/chip-design/photonic-saas-ic-design","step":"verify","ok":true}
{"t":"2026-09-10T06:44:18.714Z","path":"/blogs/chip-design/photonics-rf-fiber-jigesh-patel","step":"verify","ok":true}
{"t":"2026-09-10T06:44:19.768Z","path":"/blogs/chip-design/physical-ai-physics-simulation","step":"verify","ok":true}
{"t":"2026-09-10T06:44:21.135Z","path":"/blogs/chip-design/physical-ai-silicon-software-robots","step":"verify","ok":true}
{"t":"2026-09-10T06:44:24.129Z","path":"/blogs/chip-design/physical-ai-system-level-engineering","step":"verify","ok":true}
{"t":"2026-09-10T06:44:25.730Z","path":"/blogs/chip-design/physical-chip-design-verification-aws-cloud","step":"verify","ok":true}
{"t":"2026-09-10T06:44:25.933Z","path":"/blogs/chip-design/physics-chip-design-constraint","step":"verify","ok":true}
{"t":"2026-09-10T06:44:26.347Z","path":"/blogs/chip-design/piketec-acquisition-digital-twins","step":"verify","ok":true}
{"t":"2026-09-10T06:44:28.930Z","path":"/blogs/chip-design/pipe-5-1-1-pcie-usb-sata","step":"verify","ok":true}
{"t":"2026-09-10T06:44:31.840Z","path":"/blogs/chip-design/pitch-fest-semiconductor-innovation","step":"verify","ok":true}
{"t":"2026-09-10T06:44:33.589Z","path":"/blogs/chip-design/point-of-care-3d-printing-software","step":"verify","ok":true}
{"t":"2026-09-10T06:44:34.497Z","path":"/blogs/chip-design/post-quantum-cryptography-algorithms-security","step":"verify","ok":true}
{"t":"2026-09-10T06:44:35.805Z","path":"/blogs/chip-design/post-quantum-cryptography-in-soc-design","step":"verify","ok":true}
{"t":"2026-09-10T06:44:38.671Z","path":"/blogs/chip-design/power-aware-cdc-with-stmicroelectronics","step":"verify","ok":true}
{"t":"2026-09-10T06:44:40.053Z","path":"/blogs/chip-design/power-hdmi-arc-technology","step":"verify","ok":true}
{"t":"2026-09-10T06:44:42.010Z","path":"/blogs/chip-design/power-integrity-challenges-semiconductor-design","step":"verify","ok":true}
{"t":"2026-09-10T06:44:42.646Z","path":"/blogs/chip-design/power-semiconductor-device-design","step":"verify","ok":true}
{"t":"2026-09-10T06:44:44.304Z","path":"/blogs/chip-design/power-semiconductor-devices","step":"verify","ok":true}
{"t":"2026-09-10T06:44:45.377Z","path":"/blogs/chip-design/powering-ai-chip-design-process-with-ai","step":"verify","ok":true}
{"t":"2026-09-10T06:44:47.540Z","path":"/blogs/chip-design/practical-power-management","step":"verify","ok":true}
{"t":"2026-09-10T06:44:48.274Z","path":"/blogs/chip-design/pre-silicon-design-robustness-analysis-discussion-li-ding","step":"verify","ok":true}
{"t":"2026-09-10T06:44:50.170Z","path":"/blogs/chip-design/predicting-silicon-behavior-test-wafers","step":"verify","ok":true}
{"t":"2026-09-10T06:44:51.960Z","path":"/blogs/chip-design/predictions-2021-auto-industry","step":"verify","ok":true}
{"t":"2026-09-10T06:44:53.187Z","path":"/blogs/chip-design/predictive-rtl-design-closure-rtl-architect","step":"verify","ok":true}
{"t":"2026-09-10T06:44:54.739Z","path":"/blogs/chip-design/preeti-sharma-automotive-soc-design","step":"verify","ok":true}
{"t":"2026-09-10T06:44:55.777Z","path":"/blogs/chip-design/preventing-data-loss-high-speed-devices","step":"verify","ok":true}
{"t":"2026-09-10T06:44:57.154Z","path":"/blogs/chip-design/primelib-nextgen-library-characterization-discussion-moninder-bansal","step":"verify","ok":true}
{"t":"2026-09-10T06:44:58.807Z","path":"/blogs/chip-design/primeshield-design-robustness-analysis-eco-overview","step":"verify","ok":true}
{"t":"2026-09-10T06:44:59.864Z","path":"/blogs/chip-design/primesim-continuum-advancing-hyperconvergent-ic-design","step":"verify","ok":true}
{"t":"2026-09-10T06:45:02.625Z","path":"/blogs/chip-design/primesim-continuum-ic-hyperconvergence","step":"verify","ok":true}
{"t":"2026-09-10T06:45:03.574Z","path":"/blogs/chip-design/primesim-continuum-transforming-soc-design-insights-hany-elhak","step":"verify","ok":true}
{"t":"2026-09-10T06:45:05.081Z","path":"/blogs/chip-design/primetime-technologies-digital-design","step":"verify","ok":true}
{"t":"2026-09-10T06:45:05.973Z","path":"/blogs/chip-design/private-cloud-vs-public-cloud","step":"verify","ok":true}
{"t":"2026-09-10T06:45:08.994Z","path":"/blogs/chip-design/process-design-kits-intel-foundry","step":"verify","ok":true}
{"t":"2026-09-10T06:45:12.018Z","path":"/blogs/chip-design/protocol-verification-for-soc-designs","step":"verify","ok":true}
{"t":"2026-09-10T06:45:13.578Z","path":"/blogs/chip-design/prototyping-building-blocks-design","step":"verify","ok":true}
{"t":"2026-09-10T06:45:14.461Z","path":"/blogs/chip-design/protect-advanced-chip-designs","step":"verify","ok":false,"why":"about:error in delivered html"}
{"t":"2026-09-10T06:45:15.709Z","path":"/blogs/chip-design/prototyping-for-chip-verification","step":"verify","ok":true}
{"t":"2026-09-10T06:45:17.835Z","path":"/blogs/chip-design/prototyping-for-electric-car-design","step":"verify","ok":true}
{"t":"2026-09-10T06:45:19.469Z","path":"/blogs/chip-design/prototyping-tools-accelerate-software-development","step":"verify","ok":true}
{"t":"2026-09-10T06:45:20.186Z","path":"/blogs/chip-design/python-gui-builder-eda-tools","step":"verify","ok":true}
{"t":"2026-09-10T06:45:21.332Z","path":"/blogs/chip-design/qa-with-barbara-donaldson","step":"verify","ok":true}
{"t":"2026-09-10T06:45:22.961Z","path":"/blogs/chip-design/qa-with-erika-varga-mcenroe","step":"verify","ok":true}
{"t":"2026-09-10T06:45:24.191Z","path":"/blogs/chip-design/qa-with-latha-venkatachari","step":"verify","ok":true}
{"t":"2026-09-10T06:45:25.584Z","path":"/blogs/chip-design/qa-with-luca-amaru","step":"verify","ok":true}
{"t":"2026-09-10T06:45:26.594Z","path":"/blogs/chip-design/qa-with-mariya-braylovska","step":"verify","ok":true}
{"t":"2026-09-10T06:45:28.803Z","path":"/blogs/chip-design/quantum-computing-transforming-technology-science","step":"verify","ok":true}
{"t":"2026-09-10T06:45:29.670Z","path":"/blogs/chip-design/quantum-cryptography-vs-post-quantum-cryptography","step":"verify","ok":true}
{"t":"2026-09-10T06:45:30.024Z","path":"/blogs/chip-design/radiation-tolerant-ken-oneill","step":"preview","status":409,"text":"error from content-bus"}
{"t":"2026-09-10T06:45:31.853Z","path":"/blogs/chip-design/radhika-shankar-qa","step":"verify","ok":true}
{"t":"2026-09-10T06:45:34.751Z","path":"/blogs/chip-design/rapid-elasticity-in-cloud-computing-on-demand-scaling-for-business","step":"verify","ok":true}
{"t":"2026-09-10T06:45:36.288Z","path":"/blogs/chip-design/re-engineering-engineering-with-ai-innovation","step":"verify","ok":true}
{"t":"2026-09-10T06:45:36.735Z","path":"/blogs/chip-design/rapid-silicon-validation-ml-edge-chips-memory","step":"verify","ok":true}
{"t":"2026-09-10T06:45:38.442Z","path":"/blogs/chip-design/recap-2022-design-automation-conference","step":"verify","ok":true}
{"t":"2026-09-10T06:45:41.530Z","path":"/blogs/chip-design/redefining-test-expectations-with-synopsys-testmax-an-interview-with-amit-sanghani","step":"verify","ok":true}
{"t":"2026-09-10T06:45:41.913Z","path":"/blogs/chip-design/reduce-integration-risks-high-speed-pcie-5-0-compliant-synopsys-ip","step":"verify","ok":true}
{"t":"2026-09-10T06:45:42.718Z","path":"/blogs/chip-design/reduce-memory-model-debug-time","step":"verify","ok":true}
{"t":"2026-09-10T06:45:43.387Z","path":"/blogs/chip-design/reduce-pcie-5-0-link-time","step":"verify","ok":true}
{"t":"2026-09-10T06:45:46.282Z","path":"/blogs/chip-design/reduce-risk-and-time-to-market-for-ddr6-designs","step":"verify","ok":true}
{"t":"2026-09-10T06:45:47.175Z","path":"/blogs/chip-design/reduced-blanking-high-res-displays","step":"verify","ok":true}
{"t":"2026-09-10T06:45:47.886Z","path":"/blogs/chip-design/reducing-energy-consumption-sustainable-chip-design","step":"verify","ok":true}
{"t":"2026-09-10T06:45:48.575Z","path":"/blogs/chip-design/reducing-metal-semiconductor-contact-resistance-quantumatk","step":"verify","ok":true}
{"t":"2026-09-10T06:45:51.555Z","path":"/blogs/chip-design/reflecting-stem-career-pathways","step":"verify","ok":true}
{"t":"2026-09-10T06:45:52.423Z","path":"/blogs/chip-design/reinforcement-learning-dac-2023","step":"verify","ok":true}
{"t":"2026-09-10T06:45:52.601Z","path":"/blogs/chip-design/renesas-electronics-innovation-multi-power-supply-design-verification","step":"verify","ok":true}
{"t":"2026-09-10T06:45:53.631Z","path":"/blogs/chip-design/resiliency-in-cloud-computing","step":"verify","ok":true}
{"t":"2026-09-10T06:45:56.612Z","path":"/blogs/chip-design/restart-career-after-break-riya-returnship","step":"verify","ok":true}
{"t":"2026-09-10T06:45:57.477Z","path":"/blogs/chip-design/revolutionizing-asic-flows-with-early-stage-in-design-rail-analysis","step":"verify","ok":true}
{"t":"2026-09-10T06:45:58.433Z","path":"/blogs/chip-design/returnships-create-new-opportunities","step":"verify","ok":true}
{"t":"2026-09-10T06:45:58.856Z","path":"/blogs/chip-design/rf-digital-twin-of-the-moon","step":"verify","ok":true}
{"t":"2026-09-10T06:46:01.597Z","path":"/blogs/chip-design/rfic-design-flow-corehw","step":"verify","ok":true}
{"t":"2026-09-10T06:46:03.093Z","path":"/blogs/chip-design/risc-v-core-ip-sifive","step":"verify","ok":true}
{"t":"2026-09-10T06:46:03.809Z","path":"/blogs/chip-design/risc-v-accelerator-cloud-eda-tetramem","step":"verify","ok":true}
{"t":"2026-09-10T06:46:05.133Z","path":"/blogs/chip-design/risc-v-processor-posit-arithmetic-calligo","step":"verify","ok":true}
{"t":"2026-09-10T06:46:06.935Z","path":"/blogs/chip-design/risc-v-verification-cloud","step":"verify","ok":true}
{"t":"2026-09-10T06:46:08.466Z","path":"/blogs/chip-design/rise-automotive-cybersecurity","step":"verify","ok":true}
{"t":"2026-09-10T06:46:09.252Z","path":"/blogs/chip-design/rise-popularity-hdmi-2-1","step":"verify","ok":true}
{"t":"2026-09-10T06:46:10.777Z","path":"/blogs/chip-design/ron-duncan-qa-stem-education-roadtrip-nation","step":"verify","ok":true}
{"t":"2026-09-10T06:46:13.108Z","path":"/blogs/chip-design/rram-mram-non-volatile-memory","step":"verify","ok":true}
{"t":"2026-09-10T06:46:13.248Z","path":"/blogs/chip-design/rsoft-device-tools","step":"verify","ok":true}
{"t":"2026-09-10T06:46:14.391Z","path":"/blogs/chip-design/rtl-architect-breakthrough-technology","step":"verify","ok":true}
{"t":"2026-09-10T06:46:15.790Z","path":"/blogs/chip-design/rtl-architect-verdi-integration","step":"verify","ok":true}
{"t":"2026-09-10T06:46:18.314Z","path":"/blogs/chip-design/rtl-debug-fpga-prototyping-challenges","step":"verify","ok":true}
{"t":"2026-09-10T06:46:18.788Z","path":"/blogs/chip-design/rtl-architect-vineet-rashingkar","step":"verify","ok":true}
{"t":"2026-09-10T06:46:19.563Z","path":"/blogs/chip-design/rtl-vs-functional-signoff-differences","step":"verify","ok":true}
{"t":"2026-09-10T06:46:20.622Z","path":"/blogs/chip-design/running-x-prop-with-low-power-simulation","step":"verify","ok":true}
{"t":"2026-09-10T06:46:23.682Z","path":"/blogs/chip-design/saas-cloud-eda-tools","step":"verify","ok":true}
{"t":"2026-09-10T06:46:24.434Z","path":"/blogs/chip-design/saber-for-robust-design-reliable-performance","step":"verify","ok":true}
{"t":"2026-09-10T06:46:25.326Z","path":"/blogs/chip-design/safeguarding-automotive-sensors-for-safety","step":"verify","ok":true}
{"t":"2026-09-10T06:46:25.479Z","path":"/blogs/chip-design/safety-aware-multi-die-ml-architectures-ai-vehicles","step":"verify","ok":true}
{"t":"2026-09-10T06:46:28.524Z","path":"/blogs/chip-design/samsung-ddr4-3ds-tsv-memory","step":"verify","ok":true}
{"t":"2026-09-10T06:46:30.797Z","path":"/blogs/chip-design/scalability-in-cloud-computing","step":"verify","ok":true}
{"t":"2026-09-10T06:46:31.255Z","path":"/blogs/chip-design/sassine-ghazi-named-new-synopsys-ceo","step":"verify","ok":true}
{"t":"2026-09-10T06:46:31.579Z","path":"/blogs/chip-design/saving-power-electronic-displays","step":"verify","ok":true}
{"t":"2026-09-10T06:46:34.093Z","path":"/blogs/chip-design/scalable-performance-for-soc-design","step":"verify","ok":true}
{"t":"2026-09-10T06:46:36.012Z","path":"/blogs/chip-design/secure-chipset-design-in-darpa","step":"verify","ok":true}
{"t":"2026-09-10T06:46:37.027Z","path":"/blogs/chip-design/securing-chip-supply-chain-for-aerospace-defense","step":"verify","ok":true}
{"t":"2026-09-10T06:46:38.069Z","path":"/blogs/chip-design/securing-memory-paths-synopsys-scalable-ime","step":"verify","ok":true}
{"t":"2026-09-10T06:46:38.677Z","path":"/blogs/chip-design/securing-network-traffic-macsec-ethernet","step":"verify","ok":true}
{"t":"2026-09-10T06:46:40.978Z","path":"/blogs/chip-design/securing-physical-ai-systems","step":"verify","ok":true}
{"t":"2026-09-10T06:46:42.914Z","path":"/blogs/chip-design/semiconductor-design-goes-saas-snug","step":"verify","ok":true}
{"t":"2026-09-10T06:46:43.614Z","path":"/blogs/chip-design/semiconductor-engineering-certification-synopsys-purple","step":"verify","ok":true}
{"t":"2026-09-10T06:46:44.303Z","path":"/blogs/chip-design/semiconductor-engineering-degree-programs-purdue","step":"verify","ok":true}
{"t":"2026-09-10T06:46:46.003Z","path":"/blogs/chip-design/semiconductor-engineering-talent-shortage-solutions","step":"verify","ok":true}
{"t":"2026-09-10T06:46:48.349Z","path":"/blogs/chip-design/semiconductor-industry-trends-2023","step":"verify","ok":true}
{"t":"2026-09-10T06:46:49.038Z","path":"/blogs/chip-design/semiconductor-ip-companies-offer-asic-like-services","step":"verify","ok":true}
{"t":"2026-09-10T06:46:50.026Z","path":"/blogs/chip-design/semiconductor-ip-development-qa-jumana-muwafi","step":"verify","ok":true}
{"t":"2026-09-10T06:46:51.573Z","path":"/blogs/chip-design/semiconductor-ip-tsmc-n3e","step":"verify","ok":true}
{"t":"2026-09-10T06:46:53.881Z","path":"/blogs/chip-design/semiconductor-talent-shortage-qa","step":"verify","ok":true}
{"t":"2026-09-10T06:46:55.147Z","path":"/blogs/chip-design/semiconductor-training-workforce-development-program","step":"verify","ok":true}
{"t":"2026-09-10T06:46:55.854Z","path":"/blogs/chip-design/semiconductor-workforce-development-programs","step":"verify","ok":true}
{"t":"2026-09-10T06:46:56.368Z","path":"/blogs/chip-design/semiconductor-yield-analysis-machine-learning","step":"verify","ok":true}
{"t":"2026-09-10T06:46:59.878Z","path":"/blogs/chip-design/semiconductors-chip-design-global-innovation","step":"verify","ok":true}
{"t":"2026-09-10T06:47:00.515Z","path":"/blogs/chip-design/shelagh-glaser-cfo-qa-women-in-tech","step":"verify","ok":true}
{"t":"2026-09-10T06:47:01.184Z","path":"/blogs/chip-design/shift-left-sdv-embedded-validation-virtual-ecus","step":"verify","ok":true}
{"t":"2026-09-10T06:47:01.681Z","path":"/blogs/chip-design/shifting-left-with-ansys-john-lee-jacob-avidan-interview","step":"verify","ok":true}
{"t":"2026-09-10T06:47:04.890Z","path":"/blogs/chip-design/shifting-security-left-for-defense-applications","step":"verify","ok":true}
{"t":"2026-09-10T06:47:05.604Z","path":"/blogs/chip-design/silent-data-corruption-sdc-challenges","step":"verify","ok":true}
{"t":"2026-09-10T06:47:06.861Z","path":"/blogs/chip-design/silicon-design-and-chip-performance-with-concertio","step":"verify","ok":true}
{"t":"2026-09-10T06:47:07.372Z","path":"/blogs/chip-design/silicon-frontline-technology-acquisition","step":"verify","ok":true}
{"t":"2026-09-10T06:47:09.645Z","path":"/blogs/chip-design/silicon-lifecycle-management-smarter-chip-design","step":"verify","ok":true}
{"t":"2026-09-10T06:47:11.164Z","path":"/blogs/chip-design/silicon-lifecycle-management","step":"verify","ok":true}
{"t":"2026-09-10T06:47:12.294Z","path":"/blogs/chip-design/silicon-photonics-data-center-interconnect-design","step":"verify","ok":true}
{"t":"2026-09-10T06:47:12.693Z","path":"/blogs/chip-design/silicon-photonics-multi-die-systems-aerospace-government","step":"verify","ok":true}
{"t":"2026-09-10T06:47:14.475Z","path":"/blogs/chip-design/silicon-proven-ip-for-soc-design-in-hpc","step":"verify","ok":true}
{"t":"2026-09-10T06:47:16.054Z","path":"/blogs/chip-design/silicon-remastering-addressing-chip-supply-shortage","step":"verify","ok":true}
{"t":"2026-09-10T06:47:17.230Z","path":"/blogs/chip-design/silicon-software-automotive-value-chain","step":"verify","ok":true}
{"t":"2026-09-10T06:47:18.227Z","path":"/blogs/chip-design/silicon-testing-with-high-speed-functional-interfaces","step":"verify","ok":true}
{"t":"2026-09-10T06:47:20.361Z","path":"/blogs/chip-design/sima-ai-bug-free-physical-ai-silicon","step":"verify","ok":true}
{"t":"2026-09-10T06:47:21.190Z","path":"/blogs/chip-design/simplify-entertainment-hdmi-earc","step":"verify","ok":true}
{"t":"2026-09-10T06:47:22.925Z","path":"/blogs/chip-design/simulation-quantum-computing-research-development","step":"verify","ok":true}
{"t":"2026-09-10T06:47:26.958Z","path":"/blogs/chip-design/slm-data-center-reliability","step":"verify","ok":true}
{"t":"2026-09-10T06:47:28.449Z","path":"/blogs/chip-design/smart-monitors-improve-arm-socs-performance","step":"verify","ok":true}
{"t":"2026-09-10T06:47:28.779Z","path":"/blogs/chip-design/simulation-solutions-structural-integrity-chip-packages","step":"verify","ok":true}
{"t":"2026-09-10T06:47:29.260Z","path":"/blogs/chip-design/smart-semiconductor-manufacturing-technology","step":"verify","ok":true}
{"t":"2026-09-10T06:47:31.658Z","path":"/blogs/chip-design/smarter-sensors-for-self-driving","step":"verify","ok":true}
{"t":"2026-09-10T06:47:33.272Z","path":"/blogs/chip-design/snug-gets-of-wisdom-synopsys-memory-solutions","step":"verify","ok":true}
{"t":"2026-09-10T06:47:34.098Z","path":"/blogs/chip-design/snug-silicon-valley-2022","step":"verify","ok":true}
{"t":"2026-09-10T06:47:35.237Z","path":"/blogs/chip-design/snug-silicon-valley-2023-keynote","step":"verify","ok":true}
{"t":"2026-09-10T06:47:36.859Z","path":"/blogs/chip-design/snug-silicon-valley-2023","step":"verify","ok":true}
{"t":"2026-09-10T06:47:38.893Z","path":"/blogs/chip-design/snug-silicon-valley-2024","step":"verify","ok":true}
{"t":"2026-09-10T06:47:39.965Z","path":"/blogs/chip-design/snug-silicon-valley-2025","step":"verify","ok":true}
{"t":"2026-09-10T06:47:41.492Z","path":"/blogs/chip-design/soafee-enables-next-gen-connected-vehicles","step":"verify","ok":true}
{"t":"2026-09-10T06:47:42.736Z","path":"/blogs/chip-design/soc-design-services-hpc-data-center","step":"verify","ok":true}
{"t":"2026-09-10T06:47:43.847Z","path":"/blogs/chip-design/soc-design-verification-renesas","step":"verify","ok":true}
{"t":"2026-09-10T06:47:47.647Z","path":"/blogs/chip-design/soc-ip-powers-hpc-applications","step":"verify","ok":true}
{"t":"2026-09-10T06:47:48.339Z","path":"/blogs/chip-design/soc-interfaces-security-enhance-data-protection","step":"verify","ok":true}
{"t":"2026-09-10T06:47:48.436Z","path":"/blogs/chip-design/soc-hbm2e-capacity-speed-benefits","step":"verify","ok":false,"why":"about:error in delivered html"}
{"t":"2026-09-10T06:47:48.651Z","path":"/blogs/chip-design/soc-physical-verification-tool-achronix","step":"verify","ok":true}
{"t":"2026-09-10T06:47:52.547Z","path":"/blogs/chip-design/soc-verification-kit-out-of-the-box-verification-solution","step":"verify","ok":true}
{"t":"2026-09-10T06:47:53.332Z","path":"/blogs/chip-design/socs-take-us-smart-to-smarter","step":"verify","ok":true}
{"t":"2026-09-10T06:47:53.776Z","path":"/blogs/chip-design/software-bring-up-multi-die-systems","step":"verify","ok":true}
{"t":"2026-09-10T06:47:54.460Z","path":"/blogs/chip-design/software-defined-automotive-development","step":"verify","ok":true}
{"t":"2026-09-10T06:47:57.229Z","path":"/blogs/chip-design/software-defined-data-centers-sc24","step":"verify","ok":true}
{"t":"2026-09-10T06:47:58.536Z","path":"/blogs/chip-design/software-defined-vehicle-ecu-architectures","step":"verify","ok":true}
{"t":"2026-09-10T06:47:59.259Z","path":"/blogs/chip-design/software-defined-vehicles-aws","step":"verify","ok":true}
{"t":"2026-09-10T06:47:59.400Z","path":"/blogs/chip-design/software-defined-hardware-assisted-verification","step":"verify","ok":true}
{"t":"2026-09-10T06:48:02.550Z","path":"/blogs/chip-design/software-defined-vehicles-blackberry-aws","step":"verify","ok":true}
{"t":"2026-09-10T06:48:04.123Z","path":"/blogs/chip-design/software-defined-vehicles-changes-auto-design","step":"verify","ok":true}
{"t":"2026-09-10T06:48:04.918Z","path":"/blogs/chip-design/software-defined-vehicles-synopsys-arm","step":"verify","ok":true}
{"t":"2026-09-10T06:48:06.349Z","path":"/blogs/chip-design/software-drives-product-design-innovation","step":"verify","ok":true}
{"t":"2026-09-10T06:48:07.408Z","path":"/blogs/chip-design/software-enabled-full-chip-power-signoff-soc-verification","step":"verify","ok":true}
{"t":"2026-09-10T06:48:09.215Z","path":"/blogs/chip-design/software-modeling-kpi-prototyping","step":"verify","ok":true}
{"t":"2026-09-10T06:48:11.051Z","path":"/blogs/chip-design/software-security-quality-joe-jarzombek","step":"verify","ok":true}
{"t":"2026-09-10T06:48:11.457Z","path":"/blogs/chip-design/south-korean-startup-rebellions-redefines-energy-efficient-ai-computing","step":"verify","ok":true}
{"t":"2026-09-10T06:48:12.963Z","path":"/blogs/chip-design/southeast-asia-semiconductor-workforce-development","step":"verify","ok":true}
{"t":"2026-09-10T06:48:14.149Z","path":"/blogs/chip-design/space-exploration-engineering-silicon-systems","step":"verify","ok":true}
{"t":"2026-09-10T06:48:16.471Z","path":"/blogs/chip-design/speed-up-simulation-coverage-closure","step":"verify","ok":true}
{"t":"2026-09-10T06:48:17.231Z","path":"/blogs/chip-design/sram-margin-analysis-workflow","step":"verify","ok":true}
{"t":"2026-09-10T06:48:18.098Z","path":"/blogs/chip-design/sram-puf-chip-security","step":"verify","ok":true}
{"t":"2026-09-10T06:48:19.326Z","path":"/blogs/chip-design/starrc-advanced-features-custom-soc-design","step":"verify","ok":true}
{"t":"2026-09-10T06:48:21.297Z","path":"/blogs/chip-design/starrc-density-corner-value-proposition","step":"verify","ok":true}
{"t":"2026-09-10T06:48:22.994Z","path":"/blogs/chip-design/starrc-standalone-netlist-reducer","step":"verify","ok":true}
{"t":"2026-09-10T06:48:23.919Z","path":"/blogs/chip-design/starrc-vmf-ic-validator-amf-positioning","step":"verify","ok":true}
{"t":"2026-09-10T06:48:25.728Z","path":"/blogs/chip-design/startup-vc-connect-ai-silicon","step":"verify","ok":true}
{"t":"2026-09-10T06:48:27.087Z","path":"/blogs/chip-design/stem-education-with-eda-tools","step":"verify","ok":true}
{"t":"2026-09-10T06:48:28.768Z","path":"/blogs/chip-design/strategic-role-of-glitch-detection-ip-in-modern-socs","step":"verify","ok":true}
{"t":"2026-09-10T06:48:30.901Z","path":"/blogs/chip-design/streamline-photonic-icd-with-pdks","step":"verify","ok":true}
{"t":"2026-09-10T06:48:31.607Z","path":"/blogs/chip-design/streamlining-camera-security-validation-framework-using-synopsys-mipi-cse-v20-vip","step":"verify","ok":true}
{"t":"2026-09-10T06:48:32.609Z","path":"/blogs/chip-design/summer-2021-internship-interdisciplinary-learning","step":"verify","ok":true}
{"t":"2026-09-10T06:48:34.386Z","path":"/blogs/chip-design/summer-tech-internship-program","step":"verify","ok":true}
{"t":"2026-09-10T06:48:36.347Z","path":"/blogs/chip-design/superconducting-iarpa-jamil-kawa","step":"verify","ok":true}
{"t":"2026-09-10T06:48:37.391Z","path":"/blogs/chip-design/sustainability-efforts-grow-azure-sky-wind-farm","step":"verify","ok":true}
{"t":"2026-09-10T06:48:38.627Z","path":"/blogs/chip-design/swap-marc-swinnen-kenneth-larsen","step":"verify","ok":true}
{"t":"2026-09-10T06:48:40.230Z","path":"/blogs/chip-design/symmetric-layouts-showing-mismatches-spice-simulations","step":"verify","ok":true}
{"t":"2026-09-10T06:48:41.270Z","path":"/blogs/chip-design/synopsys-ai-copilots-chip-design","step":"verify","ok":true}
{"t":"2026-09-10T06:48:43.103Z","path":"/blogs/chip-design/synopsys-ai-eda-tools","step":"verify","ok":true}
{"t":"2026-09-10T06:48:43.489Z","path":"/blogs/chip-design/synopsys-and-fishtail-design-automation","step":"verify","ok":true}
{"t":"2026-09-10T06:48:44.944Z","path":"/blogs/chip-design/synopsys-ansys-engineering-innovation","step":"verify","ok":true}
{"t":"2026-09-10T06:48:46.448Z","path":"/blogs/chip-design/synopsys-arm-aim-to-reduce-silicon-design-cycles","step":"verify","ok":true}
{"t":"2026-09-10T06:48:48.318Z","path":"/blogs/chip-design/synopsys-asem-pcda-advance-malaysia-semiconductor-design","step":"verify","ok":true}
{"t":"2026-09-10T06:48:49.571Z","path":"/blogs/chip-design/synopsys-ceo-sassine-ghazi-future","step":"verify","ok":true}
{"t":"2026-09-10T06:48:51.055Z","path":"/blogs/chip-design/synopsys-cloud-ic-verification-drc","step":"verify","ok":true}
{"t":"2026-09-10T06:48:51.767Z","path":"/blogs/chip-design/synopsys-converge-2026-silicon-systems-conference","step":"verify","ok":true}
{"t":"2026-09-10T06:48:53.235Z","path":"/blogs/chip-design/synopsys-joins-ifs-usmag-alliance","step":"verify","ok":true}
{"t":"2026-09-10T06:48:54.759Z","path":"/blogs/chip-design/synopsys-learning-center-training-accessible-easier","step":"verify","ok":true}
{"t":"2026-09-10T06:48:56.677Z","path":"/blogs/chip-design/synopsys-li-auto-case-study","step":"verify","ok":true}
{"t":"2026-09-10T06:48:57.621Z","path":"/blogs/chip-design/synopsys-learning-center","step":"verify","ok":true}
{"t":"2026-09-10T06:48:58.085Z","path":"/blogs/chip-design/synopsys-pcie-leadership-recognized","step":"verify","ok":true}
{"t":"2026-09-10T06:49:00.007Z","path":"/blogs/chip-design/synopsys-tapes-out-slm-pvt-monitor-ip-on-tsmc-n5-n3e1","step":"verify","ok":true}
{"t":"2026-09-10T06:49:02.001Z","path":"/blogs/chip-design/synopsys-vc-formal-sig-event-2023","step":"verify","ok":true}
{"t":"2026-09-10T06:49:03.257Z","path":"/blogs/chip-design/system-architecture-design-tools","step":"verify","ok":true}
{"t":"2026-09-10T06:49:04.998Z","path":"/blogs/chip-design/synopsys-vcs-vip-cloud-simulation","step":"verify","ok":true}
{"t":"2026-09-10T06:49:06.168Z","path":"/blogs/chip-design/system-interoperability-in-hyperscale-data-centers","step":"verify","ok":true}
{"t":"2026-09-10T06:49:07.932Z","path":"/blogs/chip-design/tachyum-prodigy-hpc-processor-hyperscale-data-centers","step":"verify","ok":true}
{"t":"2026-09-10T06:49:08.664Z","path":"/blogs/chip-design/tackling-tech-talent-shortage-with-stem","step":"verify","ok":true}
{"t":"2026-09-10T06:49:11.446Z","path":"/blogs/chip-design/tcad-semiconductor-industry-iit-bombay","step":"verify","ok":true}
{"t":"2026-09-10T06:49:14.215Z","path":"/blogs/chip-design/tda5-socs-vdk-ai-autonomous-driving-ces","step":"verify","ok":true}
{"t":"2026-09-10T06:49:15.592Z","path":"/blogs/chip-design/tcad-simulations-design-reliable-space-based-chips","step":"verify","ok":true}
{"t":"2026-09-10T06:49:16.809Z","path":"/blogs/chip-design/tech-internships-summer-2023","step":"verify","ok":true}
{"t":"2026-09-10T06:49:18.061Z","path":"/blogs/chip-design/technology-beyond-3nm-interview-jacob-avidan-shankar-krishnamoorthy","step":"verify","ok":true}
{"t":"2026-09-10T06:49:21.424Z","path":"/blogs/chip-design/testmax-test-all-the-limits","step":"verify","ok":true}
{"t":"2026-09-10T06:49:23.473Z","path":"/blogs/chip-design/three-ai-chip-startups-cloud-eda-tools","step":"verify","ok":true}
{"t":"2026-09-10T06:49:24.158Z","path":"/blogs/chip-design/thermal-management-solutions-multi-die-systems","step":"verify","ok":true}
{"t":"2026-09-10T06:49:25.185Z","path":"/blogs/chip-design/tilelink-verification-ip-riscv-socs","step":"verify","ok":true}
{"t":"2026-09-10T06:49:26.679Z","path":"/blogs/chip-design/timing-aware-multiphysics-eco-design-closure","step":"verify","ok":true}
{"t":"2026-09-10T06:49:28.455Z","path":"/blogs/chip-design/timing-constraints-signoff-flow","step":"verify","ok":true}
{"t":"2026-09-10T06:49:29.976Z","path":"/blogs/chip-design/top-cloud-architecture-design-principles-important-for-eda","step":"verify","ok":true}
{"t":"2026-09-10T06:49:30.594Z","path":"/blogs/chip-design/tools-accelerate-memory-chip-design","step":"verify","ok":true}
{"t":"2026-09-10T06:49:31.765Z","path":"/blogs/chip-design/top-medical-device-design-priorities-chip-design","step":"verify","ok":true}
{"t":"2026-09-10T06:49:35.142Z","path":"/blogs/chip-design/tsmc-awards-semiconductor-design-innovation","step":"verify","ok":true}
{"t":"2026-09-10T06:49:35.950Z","path":"/blogs/chip-design/toshiba-enhances-memory-bist-synopsys-testmax","step":"verify","ok":true}
{"t":"2026-09-10T06:49:36.480Z","path":"/blogs/chip-design/tsmc-multi-die-systems-ucie-phy-ip-n3e","step":"verify","ok":true}
{"t":"2026-09-10T06:49:36.659Z","path":"/blogs/chip-design/tsmc-partner-of-the-year-2024","step":"verify","ok":true}
{"t":"2026-09-10T06:49:40.518Z","path":"/blogs/chip-design/turbocharging-ai-how-hardware-assisted-verification-fuels-the-revolution","step":"verify","ok":true}
{"t":"2026-09-10T06:49:41.394Z","path":"/blogs/chip-design/types-of-cloud-security-tools","step":"verify","ok":true}
{"t":"2026-09-10T06:49:41.963Z","path":"/blogs/chip-design/uasp-faster-usb-mass-storage","step":"verify","ok":true}
{"t":"2026-09-10T06:49:42.401Z","path":"/blogs/chip-design/ucie-1-0-protocol-verification-guide","step":"verify","ok":true}
{"t":"2026-09-10T06:49:45.703Z","path":"/blogs/chip-design/ucie-2-0-setting-the-tone-for-chiplet-interoperability","step":"verify","ok":true}
{"t":"2026-09-10T06:49:46.380Z","path":"/blogs/chip-design/ucie-3-0-chiplet-ip-solutions","step":"verify","ok":true}
{"t":"2026-09-10T06:49:47.636Z","path":"/blogs/chip-design/ucie-changes-soc-design","step":"verify","ok":true}
{"t":"2026-09-10T06:49:48.093Z","path":"/blogs/chip-design/ucie-performance-40g-multi-die-systems","step":"verify","ok":true}
{"t":"2026-09-10T06:49:51.350Z","path":"/blogs/chip-design/ucie-protocol-multi-die-chip","step":"verify","ok":true}
{"t":"2026-09-10T06:49:52.036Z","path":"/blogs/chip-design/ucie-standard-multi-die-systems","step":"verify","ok":true}
{"t":"2026-09-10T06:49:52.930Z","path":"/blogs/chip-design/ufs-5-0-verification-mobile-automotive-ai-storage","step":"verify","ok":true}
{"t":"2026-09-10T06:49:53.880Z","path":"/blogs/chip-design/ufs-4-0-specification-flash-storage","step":"verify","ok":true}
{"t":"2026-09-10T06:49:56.721Z","path":"/blogs/chip-design/ultra-ethernet-consortium","step":"verify","ok":true}
{"t":"2026-09-10T06:49:57.124Z","path":"/blogs/chip-design/ultra-ethernet-ualink-ai-infrastructure","step":"verify","ok":true}
{"t":"2026-09-10T06:49:58.394Z","path":"/blogs/chip-design/understanding-amba-axi-exclusive-access","step":"verify","ok":true}
{"t":"2026-09-10T06:49:59.804Z","path":"/blogs/chip-design/understanding-cloud-computing-for-eda-workloads","step":"verify","ok":true}
{"t":"2026-09-10T06:50:02.263Z","path":"/blogs/chip-design/understanding-display-color-space","step":"verify","ok":true}
{"t":"2026-09-10T06:50:03.255Z","path":"/blogs/chip-design/understanding-haps-prototyping-systems-accessories","step":"verify","ok":true}
{"t":"2026-09-10T06:50:04.420Z","path":"/blogs/chip-design/understanding-iso-26262-semiconductors","step":"verify","ok":true}
{"t":"2026-09-10T06:50:05.829Z","path":"/blogs/chip-design/understanding-new-tilelink-standard","step":"verify","ok":true}
{"t":"2026-09-10T06:50:08.039Z","path":"/blogs/chip-design/understanding-pcie-spread-spectrum-clocking","step":"verify","ok":true}
{"t":"2026-09-10T06:50:09.382Z","path":"/blogs/chip-design/understanding-row-hammer-attacks","step":"verify","ok":true}
{"t":"2026-09-10T06:50:10.599Z","path":"/blogs/chip-design/unified-coverage-planning-analysis","step":"verify","ok":true}
{"t":"2026-09-10T06:50:11.978Z","path":"/blogs/chip-design/unified-emulation-prototyping-system","step":"verify","ok":true}
{"t":"2026-09-10T06:50:15.336Z","path":"/blogs/chip-design/unified-power-format-low-power-ic-design","step":"verify","ok":true}
{"t":"2026-09-10T06:50:16.377Z","path":"/blogs/chip-design/unraveling-cxl-technology-overview","step":"verify","ok":true}
{"t":"2026-09-10T06:50:18.374Z","path":"/blogs/chip-design/upstream-downstream-ports-guide","step":"verify","ok":true}
{"t":"2026-09-10T06:50:18.562Z","path":"/blogs/chip-design/upgrading-3d-ic-packaging-for-faster-ai-inference-with-psm","step":"verify","ok":true}
{"t":"2026-09-10T06:50:21.889Z","path":"/blogs/chip-design/usb-80gbps-specification-and-protocol","step":"verify","ok":true}
{"t":"2026-09-10T06:50:23.710Z","path":"/blogs/chip-design/usb-dual-role-advantages","step":"verify","ok":true}
{"t":"2026-09-10T06:50:24.763Z","path":"/blogs/chip-design/usb-audio-device-class3","step":"verify","ok":true}
{"t":"2026-09-10T06:50:25.991Z","path":"/blogs/chip-design/usb-role-in-iot","step":"verify","ok":true}
{"t":"2026-09-10T06:50:27.505Z","path":"/blogs/chip-design/usb-type-c-alternate-mode-universality","step":"verify","ok":true}
{"t":"2026-09-10T06:50:29.327Z","path":"/blogs/chip-design/usb-type-c-trends-worldwide","step":"verify","ok":true}
{"t":"2026-09-10T06:50:32.320Z","path":"/blogs/chip-design/usb3-2-cable-length-water-delivery","step":"verify","ok":true}
{"t":"2026-09-10T06:50:33.367Z","path":"/blogs/chip-design/usb-type-c-verification-challenges","step":"verify","ok":true}
{"t":"2026-09-10T06:50:35.040Z","path":"/blogs/chip-design/usb3-2-primer","step":"verify","ok":true}
{"t":"2026-09-10T06:50:35.048Z","path":"/blogs/chip-design/usb3-2-power-delivery-charging","step":"verify","ok":true}
{"t":"2026-09-10T06:50:37.318Z","path":"/blogs/chip-design/usb4-device-ip-edge-ai","step":"verify","ok":true}
{"t":"2026-09-10T06:50:39.045Z","path":"/blogs/chip-design/usb4-high-performance-combined-data","step":"verify","ok":true}
{"t":"2026-09-10T06:50:40.420Z","path":"/blogs/chip-design/use-cases-benefits-synopsys-virtual-prototyping","step":"verify","ok":true}
{"t":"2026-09-10T06:50:41.348Z","path":"/blogs/chip-design/usb4-specification-advancements-future-devices","step":"verify","ok":true}
{"t":"2026-09-10T06:50:43.532Z","path":"/blogs/chip-design/using-ai-to-debug-more-quickly-and-accurately","step":"verify","ok":true}
{"t":"2026-09-10T06:50:44.518Z","path":"/blogs/chip-design/uvc-device-video-streaming","step":"verify","ok":true}
{"t":"2026-09-10T06:50:46.835Z","path":"/blogs/chip-design/validation-of-autosar-classic-ecus-running-rust-swcs-a-safer-path-to-automotive-software","step":"verify","ok":true}
{"t":"2026-09-10T06:50:47.901Z","path":"/blogs/chip-design/verdi-waveform-utilities","step":"verify","ok":true}
{"t":"2026-09-10T06:50:49.830Z","path":"/blogs/chip-design/verification-challenges-in-the-cloud","step":"verify","ok":true}
{"t":"2026-09-10T06:50:50.863Z","path":"/blogs/chip-design/verification-in-ai-era-scaling-software-driven-hardware-assisted-verification","step":"verify","ok":true}
{"t":"2026-09-10T06:50:52.986Z","path":"/blogs/chip-design/verification-validation-differences","step":"verify","ok":true}
{"t":"2026-09-10T06:50:53.805Z","path":"/blogs/chip-design/verification-of-ual-uec-protocols-for-scalable-hpc-ai-networks-using-synopsys-vip","step":"verify","ok":true}
{"t":"2026-09-10T06:50:55.193Z","path":"/blogs/chip-design/verification-viewpoints-a-new-blog-series","step":"verify","ok":true}
{"t":"2026-09-10T06:50:56.307Z","path":"/blogs/chip-design/verification-viewpoints-shift-left-sanity-testing","step":"verify","ok":true}
{"t":"2026-09-10T06:50:58.205Z","path":"/blogs/chip-design/verifying-complex-datapath-designs-with-hector","step":"verify","ok":true}
{"t":"2026-09-10T06:51:00.414Z","path":"/blogs/chip-design/verifying-cxl3-1-designs-with-synopsys-verification-ip","step":"verify","ok":true}
{"t":"2026-09-10T06:51:01.327Z","path":"/blogs/chip-design/verifying-nvme-2-1-designs-for-ai-hpc-workloads","step":"verify","ok":true}
{"t":"2026-09-10T06:51:01.651Z","path":"/blogs/chip-design/verifying-systems-with-primesim-continuum","step":"verify","ok":true}
{"t":"2026-09-10T06:51:03.573Z","path":"/blogs/chip-design/vip-amba-cxs-early-success","step":"verify","ok":true}
{"t":"2026-09-10T06:51:06.566Z","path":"/blogs/chip-design/virtual-electronic-control-unit-prototyping-tools","step":"verify","ok":true}
{"t":"2026-09-10T06:51:07.604Z","path":"/blogs/chip-design/virtual-prototyping-shifts-software-soc-design-left","step":"verify","ok":true}
{"t":"2026-09-10T06:51:09.221Z","path":"/blogs/chip-design/virtual-prototyping-pre-silicon-verification","step":"verify","ok":true}
{"t":"2026-09-10T06:51:10.224Z","path":"/blogs/chip-design/virtual-prototyping-tools-multi-die-system-architecture-design","step":"verify","ok":true}
{"t":"2026-09-10T06:51:13.949Z","path":"/blogs/chip-design/virtual-sensors-system-design","step":"verify","ok":true}
{"t":"2026-09-10T06:51:17.813Z","path":"/blogs/chip-design/virtualizing-posix-style-ecus-deterministic-sil-simulation","step":"verify","ok":true}
{"t":"2026-09-10T06:51:19.447Z","path":"/blogs/chip-design/virtualizer-native-execution-arm","step":"verify","ok":true}
{"t":"2026-09-10T06:51:21.334Z","path":"/blogs/chip-design/visualizing-cross-die-paths-multi-die-designs","step":"verify","ok":true}
{"t":"2026-09-10T06:51:30.651Z","path":"/blogs/chip-design/volvo-cars-automotive-digital-twin","step":"verify","ok":true}
{"t":"2026-09-10T06:51:33.263Z","path":"/blogs/chip-design/vso-ai-nvidia","step":"verify","ok":true}
{"t":"2026-09-10T06:51:34.292Z","path":"/blogs/chip-design/what-are-co-packaged-optics","step":"verify","ok":true}
{"t":"2026-09-10T06:51:41.604Z","path":"/blogs/chip-design/weikai-sun-interview-synopsys-custom-design-platform","step":"verify","ok":true}
{"t":"2026-09-10T06:51:49.325Z","path":"/blogs/chip-design/what-are-gate-all-around-gaa-transistors","step":"verify","ok":true}
{"t":"2026-09-10T06:51:51.326Z","path":"/blogs/chip-design/what-are-counterfeit-chips","step":"verify","ok":true}
{"t":"2026-09-10T06:51:51.582Z","path":"/blogs/chip-design/what-are-multi-die-systems","step":"verify","ok":true}
{"t":"2026-09-10T06:51:54.373Z","path":"/blogs/chip-design/what-does-cloud-native-mean","step":"verify","ok":true}
{"t":"2026-09-10T06:52:03.474Z","path":"/blogs/chip-design/what-is-bring-your-own-cloud","step":"preview","status":409,"text":"error from content-bus"}
{"t":"2026-09-10T06:52:06.948Z","path":"/blogs/chip-design/what-is-a-cloud-data-center","step":"verify","ok":true}
{"t":"2026-09-10T06:52:09.116Z","path":"/blogs/chip-design/what-is-a-smartnic","step":"verify","ok":true}
{"t":"2026-09-10T06:52:13.220Z","path":"/blogs/chip-design/what-is-ams-verification","step":"verify","ok":true}
{"t":"2026-09-10T06:52:19.659Z","path":"/blogs/chip-design/what-is-clock-domain-crossing","step":"verify","ok":true}
{"t":"2026-09-10T06:52:22.859Z","path":"/blogs/chip-design/what-is-cloud-migration","step":"verify","ok":true}
{"t":"2026-09-10T06:52:23.116Z","path":"/blogs/chip-design/what-is-cloud-native-architecture","step":"verify","ok":true}
{"t":"2026-09-10T06:52:24.571Z","path":"/blogs/chip-design/what-is-cloud-security-framework","step":"verify","ok":true}
{"t":"2026-09-10T06:52:33.009Z","path":"/blogs/chip-design/what-is-code-linting","step":"verify","ok":true}
{"t":"2026-09-10T06:52:34.307Z","path":"/blogs/chip-design/what-is-democratized-design","step":"verify","ok":true}
{"t":"2026-09-10T06:52:34.376Z","path":"/blogs/chip-design/what-is-cryo-cmos-ip","step":"verify","ok":true}
{"t":"2026-09-10T06:52:34.439Z","path":"/blogs/chip-design/what-is-compute-express-link-3","step":"verify","ok":true}
{"t":"2026-09-10T06:52:46.857Z","path":"/blogs/chip-design/what-is-emram","step":"verify","ok":true}
{"t":"2026-09-10T06:52:46.890Z","path":"/blogs/chip-design/what-is-edge-computing","step":"verify","ok":true}
{"t":"2026-09-10T06:52:47.179Z","path":"/blogs/chip-design/what-is-elasticity-in-cloud-computing","step":"verify","ok":true}
{"t":"2026-09-10T06:52:48.988Z","path":"/blogs/chip-design/what-is-distributed-cloud-computing","step":"verify","ok":true}
{"t":"2026-09-10T06:53:01.615Z","path":"/blogs/chip-design/what-is-hardware-assisted-verification-hav","step":"verify","ok":true}
{"t":"2026-09-10T06:53:01.794Z","path":"/blogs/chip-design/what-is-flexeda","step":"verify","ok":true}
{"t":"2026-09-10T06:53:02.868Z","path":"/blogs/chip-design/what-is-macsec-protocol","step":"verify","ok":true}
{"t":"2026-09-10T06:53:04.219Z","path":"/blogs/chip-design/what-is-local-layout-effect-chip-design","step":"verify","ok":true}
{"t":"2026-09-10T06:53:11.858Z","path":"/blogs/chip-design/what-is-multi-cloud-architecture","step":"verify","ok":true}
{"t":"2026-09-10T06:53:12.183Z","path":"/blogs/chip-design/what-is-mobile-industry-processor-interface-protocol","step":"verify","ok":true}
{"t":"2026-09-10T06:53:13.733Z","path":"/blogs/chip-design/what-is-nfs-shared-storage","step":"verify","ok":true}
{"t":"2026-09-10T06:53:13.829Z","path":"/blogs/chip-design/what-is-multi-die-chip-design","step":"verify","ok":true}
{"t":"2026-09-10T06:53:17.728Z","path":"/blogs/chip-design/what-is-object-storage","step":"verify","ok":true}
{"t":"2026-09-10T06:53:19.902Z","path":"/blogs/chip-design/what-is-persistent-storage","step":"verify","ok":true}
{"t":"2026-09-10T06:53:20.716Z","path":"/blogs/chip-design/what-is-photonics","step":"verify","ok":true}
{"t":"2026-09-10T06:53:23.401Z","path":"/blogs/chip-design/what-is-power-optimization","step":"verify","ok":true}
{"t":"2026-09-10T06:53:24.476Z","path":"/blogs/chip-design/what-is-quantum-computing","step":"verify","ok":true}
{"t":"2026-09-10T06:53:26.861Z","path":"/blogs/chip-design/what-is-reset-domain-crossing","step":"verify","ok":true}
{"t":"2026-09-10T06:53:27.452Z","path":"/blogs/chip-design/what-is-shared-cloud-storage","step":"verify","ok":true}
{"t":"2026-09-10T06:53:30.236Z","path":"/blogs/chip-design/what-is-silent-data-corruption-sdc","step":"verify","ok":true}
{"t":"2026-09-10T06:53:31.870Z","path":"/blogs/chip-design/what-is-silicon-lifecycle-management-slm","step":"verify","ok":true}
{"t":"2026-09-10T06:53:32.425Z","path":"/blogs/chip-design/what-is-usb4-v2-specification","step":"verify","ok":true}
{"t":"2026-09-10T06:53:32.428Z","path":"/blogs/chip-design/what-is-tdisp-pcie-io-virtualization","step":"verify","ok":true}
{"t":"2026-09-10T06:53:35.947Z","path":"/blogs/chip-design/what-is-very-short-reach-vsr-connectivity","step":"verify","ok":true}
{"t":"2026-09-10T06:53:38.239Z","path":"/blogs/chip-design/when-ai-gets-a-body-physical-ai","step":"verify","ok":true}
{"t":"2026-09-10T06:53:38.942Z","path":"/blogs/chip-design/whats-new-in-pcie-6","step":"verify","ok":true}
{"t":"2026-09-10T06:53:40.480Z","path":"/blogs/chip-design/when-functional-chip-design-verification-truly-finished","step":"verify","ok":true}
{"t":"2026-09-10T06:53:41.357Z","path":"/blogs/chip-design/where-does-innovation-come-from","step":"verify","ok":true}
{"t":"2026-09-10T06:53:43.532Z","path":"/blogs/chip-design/why-adaptability-is-key-to-faster-prototyping","step":"verify","ok":true}
{"t":"2026-09-10T06:53:45.755Z","path":"/blogs/chip-design/why-dtco-is-key-to-memory-design-techniques","step":"verify","ok":true}
{"t":"2026-09-10T06:53:47.518Z","path":"/blogs/chip-design/why-ai-hardware-demands-the-highest-verifiable-qor","step":"verify","ok":true}
{"t":"2026-09-10T06:53:48.453Z","path":"/blogs/chip-design/will-ai-chip-design-tools-take-your-job","step":"verify","ok":true}
{"t":"2026-09-10T06:53:49.071Z","path":"/blogs/chip-design/why-ras-matters-in-hpc","step":"verify","ok":true}
{"t":"2026-09-10T06:53:50.999Z","path":"/blogs/chip-design/wish-conference-2021-qa-priyanka-joshi","step":"verify","ok":true}
{"t":"2026-09-10T06:53:52.954Z","path":"/blogs/chip-design/women-in-stem-qa-lisa-mcilwain","step":"verify","ok":true}
{"t":"2026-09-10T06:53:53.816Z","path":"/blogs/chip-design/worlds-first-hbm4-ip-test-chip-ai-hpc-validation","step":"verify","ok":true}
{"t":"2026-09-10T06:53:55.390Z","path":"/blogs/chip-design/women-in-tech-engineering-scholarship","step":"verify","ok":true}
{"t":"2026-09-10T06:53:56.260Z","path":"/blogs/chip-design/ywca-tribute-to-women-awards-honors-synopsys","step":"verify","ok":true}
{"t":"2026-09-10T06:53:58.175Z","path":"/blogs/chip-design/zebu-cloud-saas-flow","step":"verify","ok":true}
{"t":"2026-09-10T06:53:59.043Z","path":"/blogs/chip-design/zebu-innovation-advancing-emulation-technology-complex-soc-verification","step":"verify","ok":true}
{"t":"2026-09-10T06:54:00.271Z","path":"/blogs/chip-design/zebu-use-cases-tackling-soc-verification-tasks","step":"verify","ok":true}
{"t":"2026-09-10T06:54:00.639Z","path":"/blogs","step":"preview","status":409,"text":"error from content-bus"}
{"t":"2026-09-10T06:54:01.921Z","path":"/blogs/chip-design/zephyr-rtos-silicon-lifecycle-management","step":"verify","ok":true}
{"t":"2026-09-10T06:54:02.741Z","path":"/careers/benefits/ireland-gender-pay-results","step":"preview","status":409,"text":"error from content-bus"}
{"t":"2026-09-10T06:54:03.506Z","path":"/careers/benefits/fair-credit-reporting-act","step":"verify","ok":true}
{"t":"2026-09-10T06:54:04.161Z","path":"/careers/benefits/france-gender-equality-index","step":"verify","ok":true}
{"t":"2026-09-10T06:54:06.684Z","path":"/careers/benefits/uk-gender-pay-results","step":"verify","ok":true}
{"t":"2026-09-10T06:54:08.113Z","path":"/careers/benefits","step":"verify","ok":true}
{"t":"2026-09-10T06:54:09.327Z","path":"/careers/global/asia-pacific/korea","step":"verify","ok":true}
{"t":"2026-09-10T06:54:09.386Z","path":"/careers/global/asia-pacific/china","step":"verify","ok":true}
{"t":"2026-09-10T06:54:11.821Z","path":"/careers/global/asia-pacific/taiwan","step":"verify","ok":true}
{"t":"2026-09-10T06:54:13.594Z","path":"/careers/global/europe-and-middle-east/armenia-careers/armenia-benefits","step":"verify","ok":true}
{"t":"2026-09-10T06:54:14.302Z","path":"/careers/global/europe-and-middle-east/armenia-careers/employment-opportunities","step":"verify","ok":true}
{"t":"2026-09-10T06:54:14.596Z","path":"/careers/global/asia-pacific","step":"verify","ok":true}
{"t":"2026-09-10T06:54:16.267Z","path":"/careers/global/europe-and-middle-east/armenia-careers","step":"verify","ok":true}
{"t":"2026-09-10T06:54:19.219Z","path":"/careers/global/europe-and-middle-east/israel","step":"verify","ok":true}
{"t":"2026-09-10T06:54:20.479Z","path":"/careers/global/europe-and-middle-east/portugal/microelectronics-agenda","step":"verify","ok":true}
{"t":"2026-09-10T06:54:21.271Z","path":"/careers/global/europe-and-middle-east/portugal/microelectronics-academy","step":"verify","ok":true}
{"t":"2026-09-10T06:54:22.659Z","path":"/careers/global/europe-and-middle-east/portugal","step":"verify","ok":true}
{"t":"2026-09-10T06:54:24.220Z","path":"/careers/global/europe-and-middle-east","step":"verify","ok":true}
{"t":"2026-09-10T06:54:25.915Z","path":"/careers/global/south-asia/bangalore","step":"verify","ok":true}
{"t":"2026-09-10T06:54:26.956Z","path":"/careers/global/south-asia/hyderabad","step":"verify","ok":true}
{"t":"2026-09-10T06:54:27.467Z","path":"/careers/global/south-asia/india","step":"verify","ok":true}
{"t":"2026-09-10T06:54:30.241Z","path":"/careers/global/south-asia/mumbai","step":"verify","ok":true}
{"t":"2026-09-10T06:54:31.854Z","path":"/careers/global/south-asia/ncr","step":"verify","ok":true}
{"t":"2026-09-10T06:54:32.715Z","path":"/careers/global/south-asia","step":"verify","ok":true}
{"t":"2026-09-10T06:54:33.361Z","path":"/careers/global","step":"verify","ok":true}
{"t":"2026-09-10T06:54:35.319Z","path":"/careers/internships","step":"verify","ok":true}
{"t":"2026-09-10T06:54:36.377Z","path":"/careers/right-to-work","step":"verify","ok":true}
{"t":"2026-09-10T06:54:37.590Z","path":"/cloud/analog-saas/cloud-based-analog-design-flow","step":"verify","ok":true}
{"t":"2026-09-10T06:54:38.213Z","path":"/careers/verify-your-recruitment","step":"verify","ok":true}
{"t":"2026-09-10T06:54:40.944Z","path":"/cloud/contact-us","step":"preview","status":409,"text":"error from content-bus"}
{"t":"2026-09-10T06:54:40.992Z","path":"/cloud/analog-saas","step":"verify","ok":true}
{"t":"2026-09-10T06:54:41.475Z","path":"/cloud/astera-labs","step":"verify","ok":true}
{"t":"2026-09-10T06:54:42.693Z","path":"/cloud/cisco-success","step":"verify","ok":true}
{"t":"2026-09-10T06:54:47.786Z","path":"/cloud/digital-saas","step":"verify","ok":true}
{"t":"2026-09-10T06:54:47.979Z","path":"/cloud/digital-saas/cloud-based-digital-design-flow","step":"verify","ok":true}
{"t":"2026-09-10T06:54:48.286Z","path":"/cloud/effectphotonics-success","step":"verify","ok":true}
{"t":"2026-09-10T06:54:48.918Z","path":"/cloud/design-in-the-cloud","step":"verify","ok":true}
{"t":"2026-09-10T06:54:50.199Z","path":"/cloud/free-trial","step":"preview","status":409,"text":"error from content-bus"}
{"t":"2026-09-10T06:54:55.116Z","path":"/cloud/latest-release","step":"verify","ok":true}
{"t":"2026-09-10T06:54:55.796Z","path":"/cloud/hcltech-success","step":"verify","ok":true}
{"t":"2026-09-10T06:54:55.974Z","path":"/cloud/made-in-the-cloud","step":"verify","ok":true}
{"t":"2026-09-10T06:54:56.663Z","path":"/cloud/mentium-success","step":"verify","ok":true}
{"t":"2026-09-10T06:55:00.164Z","path":"/cloud/news/byoc-on-google-cloud","step":"verify","ok":true}
{"t":"2026-09-10T06:55:01.281Z","path":"/cloud/openlink/contact-us","step":"verify","ok":true}
{"t":"2026-09-10T06:55:01.773Z","path":"/cloud/news","step":"verify","ok":true}
{"t":"2026-09-10T06:55:05.526Z","path":"/cloud/openlink/api","step":"verify","ok":false,"why":"about:error in delivered html"}
{"t":"2026-09-10T06:55:05.639Z","path":"/cloud/openlink","step":"verify","ok":true}
{"t":"2026-09-10T06:55:06.499Z","path":"/cloud/photonic-saas","step":"verify","ok":true}
{"t":"2026-09-10T06:55:07.759Z","path":"/cloud/platform","step":"verify","ok":true}
{"t":"2026-09-10T06:55:09.759Z","path":"/cloud/startup-program","step":"preview","status":409,"text":"error from content-bus"}
{"t":"2026-09-10T06:55:10.113Z","path":"/cloud/risc-v","step":"verify","ok":true}
{"t":"2026-09-10T06:55:11.170Z","path":"/cloud/resources","step":"verify","ok":true}
{"t":"2026-09-10T06:55:12.437Z","path":"/cloud/technical-session","step":"verify","ok":true}
{"t":"2026-09-10T06:55:15.047Z","path":"/cloud/transforming-chip-design-on-cloud","step":"verify","ok":true}
{"t":"2026-09-10T06:55:16.404Z","path":"/cloud/tetramem-success","step":"verify","ok":true}
{"t":"2026-09-10T06:55:16.495Z","path":"/cloud/user-survey","step":"verify","ok":true}
{"t":"2026-09-10T06:55:17.000Z","path":"/cloud/verification-saas/cloud-based-verification-design-flow","step":"verify","ok":true}
{"t":"2026-09-10T06:55:20.520Z","path":"/cloud/verification-saas","step":"verify","ok":true}
{"t":"2026-09-10T06:55:21.570Z","path":"/community/interoperability-programs/tap-in","step":"verify","ok":true}
{"t":"2026-09-10T06:55:22.434Z","path":"/cloud","step":"verify","ok":true}
{"t":"2026-09-10T06:55:22.529Z","path":"/community/interoperability-programs","step":"verify","ok":true}
{"t":"2026-09-10T06:55:24.779Z","path":"/community/resources/videos/snug-keynotes","step":"verify","ok":true}
{"t":"2026-09-10T06:55:26.277Z","path":"/community/resources/videos/snug-silicon-videos","step":"verify","ok":true}
{"t":"2026-09-10T06:55:26.555Z","path":"/community/resources/videos","step":"verify","ok":true}
{"t":"2026-09-10T06:55:28.141Z","path":"/community/resources/videos/sponsors","step":"verify","ok":true}
{"t":"2026-09-10T06:55:29.367Z","path":"/community/resources","step":"verify","ok":true}
{"t":"2026-09-10T06:55:31.299Z","path":"/community/snug/snug-china/2018-proceedings","step":"verify","ok":true}
{"t":"2026-09-10T06:55:31.810Z","path":"/community/snug/snug-china/2019-Proceedings","step":"verify","ok":false,"why":"plain.html 404"}
{"t":"2026-09-10T06:55:33.920Z","path":"/community/snug/snug-china/2021-proceedings","step":"verify","ok":true}
{"t":"2026-09-10T06:55:34.476Z","path":"/community/snug/snug-china/location-proceedings-2022","step":"verify","ok":true}
{"t":"2026-09-10T06:55:35.841Z","path":"/community/snug/snug-china/location-proceedings-2023","step":"verify","ok":true}
{"t":"2026-09-10T06:55:37.534Z","path":"/community/snug/snug-china","step":"verify","ok":true}
{"t":"2026-09-10T06:55:39.108Z","path":"/community/snug/snug-europe/authors-kit","step":"verify","ok":true}
{"t":"2026-09-10T06:55:39.847Z","path":"/community/snug/snug-europe/call-for-content","step":"verify","ok":true}
{"t":"2026-09-10T06:55:41.245Z","path":"/community/snug/snug-europe/location-proceedings-2018","step":"verify","ok":true}
{"t":"2026-09-10T06:55:42.045Z","path":"/community/snug/snug-europe/location-proceedings-2019","step":"verify","ok":true}
{"t":"2026-09-10T06:55:43.770Z","path":"/community/snug/snug-europe/location-proceedings-2020","step":"verify","ok":true}
{"t":"2026-09-10T06:55:45.456Z","path":"/community/snug/snug-europe/location-proceedings-2022","step":"verify","ok":true}
{"t":"2026-09-10T06:55:45.857Z","path":"/community/snug/snug-europe/location-proceedings-2024","step":"verify","ok":true}
{"t":"2026-09-10T06:55:46.691Z","path":"/community/snug/snug-europe/location-proceedings-2025","step":"verify","ok":true}
{"t":"2026-09-10T06:55:49.640Z","path":"/community/snug/snug-europe","step":"verify","ok":true}
{"t":"2026-09-10T06:55:51.390Z","path":"/community/snug/snug-india/2026-keynote","step":"verify","ok":true}
{"t":"2026-09-10T06:55:51.750Z","path":"/community/snug/snug-india/2025-keynote","step":"verify","ok":true}
{"t":"2026-09-10T06:55:52.303Z","path":"/community/snug/snug-india/authors-kit","step":"verify","ok":true}
{"t":"2026-09-10T06:55:55.200Z","path":"/community/snug/snug-india/call-for-content","step":"verify","ok":true}
{"t":"2026-09-10T06:55:56.046Z","path":"/community/snug/snug-india/location-proceedings-2018","step":"verify","ok":true}
{"t":"2026-09-10T06:55:57.027Z","path":"/community/snug/snug-india/location-proceedings-2019","step":"verify","ok":true}
{"t":"2026-09-10T06:55:57.567Z","path":"/community/snug/snug-india/location-proceedings-2020","step":"verify","ok":true}
{"t":"2026-09-10T06:56:00.054Z","path":"/community/snug/snug-india/location-proceedings-2022","step":"verify","ok":true}
{"t":"2026-09-10T06:56:00.905Z","path":"/community/snug/snug-india/location-proceedings-2023","step":"verify","ok":true}
{"t":"2026-09-10T06:56:02.021Z","path":"/community/snug/snug-india/location-proceedings-2024","step":"verify","ok":true}
{"t":"2026-09-10T06:56:02.825Z","path":"/community/snug/snug-india/location-proceedings-2025","step":"verify","ok":true}
{"t":"2026-09-10T06:56:05.744Z","path":"/community/snug/snug-india/location-proceedings-2026","step":"verify","ok":true}
{"t":"2026-09-10T06:56:05.901Z","path":"/community/snug/snug-india/location-proceedings-ncr-2019","step":"verify","ok":true}
{"t":"2026-09-10T06:56:07.907Z","path":"/community/snug/snug-india","step":"verify","ok":true}
{"t":"2026-09-10T06:56:08.723Z","path":"/community/snug/snug-india/reg-test-cvent","step":"verify","ok":true}
{"t":"2026-09-10T06:56:11.348Z","path":"/community/snug/snug-israel/call-for-content","step":"verify","ok":true}
{"t":"2026-09-10T06:56:12.944Z","path":"/community/snug/snug-israel/authors-kit","step":"verify","ok":true}
{"t":"2026-09-10T06:56:13.219Z","path":"/community/snug/snug-israel/location-proceedings-2017","step":"verify","ok":true}
{"t":"2026-09-10T06:56:13.618Z","path":"/community/snug/snug-israel/location-proceedings-2019","step":"verify","ok":true}
{"t":"2026-09-10T06:56:16.014Z","path":"/community/snug/snug-israel/location-proceedings-2022","step":"verify","ok":true}
{"t":"2026-09-10T06:56:17.340Z","path":"/community/snug/snug-israel/location-proceedings-2024","step":"verify","ok":true}
{"t":"2026-09-10T06:56:18.777Z","path":"/community/snug/snug-israel","step":"verify","ok":true}
{"t":"2026-09-10T06:56:19.654Z","path":"/community/snug/snug-korea/authors-kit","step":"verify","ok":true}
{"t":"2026-09-10T06:56:21.577Z","path":"/community/snug/snug-korea/call-for-content","step":"verify","ok":true}
{"t":"2026-09-10T06:56:21.899Z","path":"/community/snug/snug-korea/location-proceedings-2024","step":"verify","ok":true}
{"t":"2026-09-10T06:56:22.856Z","path":"/community/snug/snug-korea/location-proceedings-2025","step":"verify","ok":true}
{"t":"2026-09-10T06:56:25.616Z","path":"/community/snug/snug-korea","step":"verify","ok":true}
{"t":"2026-09-10T06:56:26.169Z","path":"/community/snug/snug-news/2025-keynote","step":"verify","ok":true}
{"t":"2026-09-10T06:56:28.311Z","path":"/community/snug/snug-news/keynote-day-2","step":"verify","ok":true}
{"t":"2026-09-10T06:56:28.645Z","path":"/community/snug/snug-news/keynote-day-1","step":"verify","ok":true}
{"t":"2026-09-10T06:56:32.517Z","path":"/community/snug/snug-news/snug-news-2024","step":"verify","ok":true}
{"t":"2026-09-10T06:56:33.187Z","path":"/community/snug/snug-penang/call-for-papers","step":"verify","ok":true}
{"t":"2026-09-10T06:56:33.773Z","path":"/community/snug/snug-penang/authors-kit","step":"verify","ok":true}
{"t":"2026-09-10T06:56:36.504Z","path":"/community/snug/snug-penang/location-proceedings-2017","step":"verify","ok":true}
{"t":"2026-09-10T06:56:37.312Z","path":"/community/snug/snug-penang/location-proceedings-2018","step":"verify","ok":true}
{"t":"2026-09-10T06:56:37.809Z","path":"/community/snug/snug-news","step":"verify","ok":true}
{"t":"2026-09-10T06:56:38.210Z","path":"/community/snug/snug-penang/location-proceedings-2019","step":"verify","ok":true}
{"t":"2026-09-10T06:56:40.579Z","path":"/community/snug/snug-penang/location-proceedings-2023","step":"verify","ok":true}
{"t":"2026-09-10T06:56:41.748Z","path":"/community/snug/snug-penang","step":"verify","ok":true}
{"t":"2026-09-10T06:56:42.154Z","path":"/community/snug/snug-proceedings","step":"verify","ok":true}
{"t":"2026-09-10T06:56:43.357Z","path":"/community/snug/snug-roadshow-austin/location-proceedings-2025","step":"verify","ok":true}
{"t":"2026-09-10T06:56:45.583Z","path":"/community/snug/snug-roadshow-austin","step":"verify","ok":true}
{"t":"2026-09-10T06:56:46.539Z","path":"/community/snug/snug-silicon-bylaws","step":"verify","ok":true}
{"t":"2026-09-10T06:56:48.115Z","path":"/community/snug/snug-silicon-valley/2020-on-demand","step":"verify","ok":true}
{"t":"2026-09-10T06:56:49.443Z","path":"/community/snug/snug-silicon-valley/authors-kit","step":"verify","ok":true}
{"t":"2026-09-10T06:56:50.691Z","path":"/community/snug/snug-silicon-valley/location-proceedings-2017","step":"verify","ok":true}
{"t":"2026-09-10T06:56:51.981Z","path":"/community/snug/snug-silicon-valley/location-proceedings-2018","step":"verify","ok":true}
{"t":"2026-09-10T06:56:52.929Z","path":"/community/snug/snug-silicon-valley/location-proceedings-2019","step":"verify","ok":true}
{"t":"2026-09-10T06:56:54.397Z","path":"/community/snug/snug-silicon-valley/location-proceedings-2022","step":"verify","ok":true}
{"t":"2026-09-10T06:56:54.895Z","path":"/community/snug/snug-silicon-valley/location-proceedings-2023","step":"verify","ok":true}
{"t":"2026-09-10T06:56:56.309Z","path":"/community/snug/snug-silicon-valley/location-proceedings-2024","step":"verify","ok":true}
{"t":"2026-09-10T06:56:57.184Z","path":"/community/snug/snug-silicon-valley/location-proceedings-2025","step":"verify","ok":true}
{"t":"2026-09-10T06:56:59.196Z","path":"/community/snug/snug-silicon-valley/location-proceedings-2026","step":"verify","ok":true}
{"t":"2026-09-10T06:57:00.904Z","path":"/community/snug/snug-silicon-valley","step":"verify","ok":true}
{"t":"2026-09-10T06:57:01.256Z","path":"/community/snug/snug-singapore/authors-kit","step":"verify","ok":true}
{"t":"2026-09-10T06:57:02.642Z","path":"/community/snug/snug-singapore/call-for-content","step":"verify","ok":true}
{"t":"2026-09-10T06:57:04.463Z","path":"/community/snug/snug-singapore/location-proceedings-2017","step":"verify","ok":true}
{"t":"2026-09-10T06:57:05.458Z","path":"/community/snug/snug-singapore/location-proceedings-2018","step":"verify","ok":true}
{"t":"2026-09-10T06:57:06.170Z","path":"/community/snug/snug-singapore/location-proceedings-2019","step":"verify","ok":true}
{"t":"2026-09-10T06:57:07.610Z","path":"/community/snug/snug-singapore/location-proceedings-2022","step":"verify","ok":true}
{"t":"2026-09-10T06:57:09.361Z","path":"/community/snug/snug-singapore/location-proceedings-2023","step":"verify","ok":true}
{"t":"2026-09-10T06:57:10.461Z","path":"/community/snug/snug-singapore/location-proceedings-2024","step":"verify","ok":true}
{"t":"2026-09-10T06:57:11.247Z","path":"/community/snug/snug-singapore/location-proceedings-2025","step":"verify","ok":true}
{"t":"2026-09-10T06:57:13.243Z","path":"/community/snug/snug-singapore","step":"verify","ok":true}
{"t":"2026-09-10T06:57:15.114Z","path":"/community/snug/snug-taiwan/authors-kit","step":"verify","ok":true}
{"t":"2026-09-10T06:57:15.344Z","path":"/community/snug/snug-taiwan/call-for-content","step":"verify","ok":true}
{"t":"2026-09-10T06:57:15.604Z","path":"/community/snug/snug-taiwan/location-proceedings-2018","step":"verify","ok":true}
{"t":"2026-09-10T06:57:17.340Z","path":"/community/snug/snug-taiwan/location-proceedings-2019","step":"verify","ok":true}
{"t":"2026-09-10T06:57:18.915Z","path":"/community/snug/snug-taiwan/location-proceedings-2020","step":"verify","ok":true}
{"t":"2026-09-10T06:57:20.500Z","path":"/community/snug/snug-taiwan/location-proceedings-2022","step":"verify","ok":true}
{"t":"2026-09-10T06:57:21.011Z","path":"/community/snug/snug-taiwan/location-proceedings-2021","step":"verify","ok":true}
{"t":"2026-09-10T06:57:22.679Z","path":"/community/snug/snug-taiwan/location-proceedings-2023","step":"verify","ok":true}
{"t":"2026-09-10T06:57:23.261Z","path":"/community/snug/snug-taiwan/location-proceedings-2024","step":"verify","ok":true}
{"t":"2026-09-10T06:57:24.857Z","path":"/community/snug/snug-taiwan/location-proceedings-2025","step":"verify","ok":true}
{"t":"2026-09-10T06:57:25.213Z","path":"/community/snug/snug-taiwan","step":"preview","status":409,"text":"error from content-bus"}
{"t":"2026-09-10T06:57:26.413Z","path":"/community/snug/snug-taiwan/location-proceedings-2026","step":"verify","ok":true}
{"t":"2026-09-10T06:57:29.021Z","path":"/community/snug/snug-vietnam/authors-kit","step":"verify","ok":true}
{"t":"2026-09-10T06:57:29.587Z","path":"/community/snug/snug-vietnam/call-for-content","step":"verify","ok":true}
{"t":"2026-09-10T06:57:30.290Z","path":"/community/snug/snug-vietnam/location-proceedings-2025","step":"verify","ok":true}
{"t":"2026-09-10T06:57:31.480Z","path":"/community/snug/snug-vietnam","step":"verify","ok":true}
{"t":"2026-09-10T06:57:33.882Z","path":"/community","step":"verify","ok":true}
{"t":"2026-09-10T06:57:34.465Z","path":"/company/acquisitions","step":"verify","ok":true}
{"t":"2026-09-10T06:57:34.998Z","path":"/company/contact-synopsys/office-locations/Korea","step":"verify","ok":false,"why":"plain.html 404"}
{"t":"2026-09-10T06:57:36.124Z","path":"/company/contact-synopsys/office-locations/Taiwan","step":"verify","ok":false,"why":"plain.html 404"}
{"t":"2026-09-10T06:57:39.280Z","path":"/company/contact-synopsys/office-locations/armenia/about-us/about-synopsys-armenia","step":"verify","ok":true}
{"t":"2026-09-10T06:57:40.141Z","path":"/company/contact-synopsys/office-locations/armenia/about-us/management-team","step":"verify","ok":true}
{"t":"2026-09-10T06:57:41.482Z","path":"/company/contact-synopsys/office-locations/armenia/about-us","step":"verify","ok":true}
{"t":"2026-09-10T06:57:42.254Z","path":"/company/contact-synopsys/office-locations/armenia/community-involvement","step":"verify","ok":true}
{"t":"2026-09-10T06:57:44.805Z","path":"/company/contact-synopsys/office-locations/armenia/educational-programs/AI-Multimedia-Course","step":"verify","ok":false,"why":"plain.html 404"}
{"t":"2026-09-10T06:57:46.356Z","path":"/company/contact-synopsys/office-locations/armenia/educational-programs/cooperation-with-universities","step":"verify","ok":true}
{"t":"2026-09-10T06:57:47.153Z","path":"/company/contact-synopsys/office-locations/armenia/educational-programs/high-school-program-step","step":"verify","ok":true}
{"t":"2026-09-10T06:57:47.388Z","path":"/company/contact-synopsys/office-locations/armenia/educational-programs/training-and-internships","step":"verify","ok":true}
{"t":"2026-09-10T06:57:50.334Z","path":"/company/contact-synopsys/office-locations/armenia/educational-programs","step":"verify","ok":true}
{"t":"2026-09-10T06:57:52.185Z","path":"/company/contact-synopsys/office-locations/armenia/research-development","step":"verify","ok":true}
{"t":"2026-09-10T06:57:52.825Z","path":"/company/contact-synopsys/office-locations/armenia/stem-initiatives/state-educational-award-in-it-sphere","step":"verify","ok":true}
{"t":"2026-09-10T06:57:53.788Z","path":"/company/contact-synopsys/office-locations/armenia/stem-initiatives/international-microelectronics-olympiad","step":"verify","ok":true}
{"t":"2026-09-10T06:57:55.995Z","path":"/company/contact-synopsys/office-locations/armenia/stem-initiatives","step":"verify","ok":true}
{"t":"2026-09-10T06:57:57.394Z","path":"/company/contact-synopsys/office-locations/armenia","step":"verify","ok":true}
{"t":"2026-09-10T06:57:58.474Z","path":"/company/contact-synopsys/office-locations/europe-middle-east","step":"verify","ok":true}
{"t":"2026-09-10T06:57:59.351Z","path":"/company/contact-synopsys/office-locations/europe-middle-east/europe-middle-east-highlights","step":"verify","ok":true}
{"t":"2026-09-10T06:58:02.442Z","path":"/company/contact-synopsys/office-locations/india/educational-program/student-design-contest","step":"verify","ok":true}
{"t":"2026-09-10T06:58:03.951Z","path":"/company/contact-synopsys/office-locations/india","step":"verify","ok":true}
{"t":"2026-09-10T06:58:05.763Z","path":"/company/contact-synopsys/office-locations/india/educational-program","step":"verify","ok":true}
{"t":"2026-09-10T06:58:06.481Z","path":"/company/contact-synopsys/office-locations/india/about-synopsys-india","step":"verify","ok":false,"why":"about:error in delivered html"}
{"t":"2026-09-10T06:58:07.812Z","path":"/company/contact-synopsys/office-locations/south-asia","step":"verify","ok":true}
{"t":"2026-09-10T06:58:09.202Z","path":"/company/contact-synopsys/office-locations","step":"verify","ok":true}
{"t":"2026-09-10T06:58:11.535Z","path":"/company/contact-synopsys","step":"verify","ok":true}
{"t":"2026-09-10T06:58:12.996Z","path":"/company/contact-us","step":"verify","ok":true}
{"t":"2026-09-10T06:58:13.068Z","path":"/company/corporate-governance-ethics/audit-committee","step":"verify","ok":true}
{"t":"2026-09-10T06:58:14.486Z","path":"/company/corporate-governance-ethics/board-committees","step":"verify","ok":true}
{"t":"2026-09-10T06:58:15.618Z","path":"/company/corporate-governance-ethics/code-of-ethics","step":"preview","status":409,"text":"error from content-bus"}
{"t":"2026-09-10T06:58:17.310Z","path":"/company/corporate-governance-ethics/board-of-directors","step":"verify","ok":true}
{"t":"2026-09-10T06:58:20.464Z","path":"/company/corporate-governance-ethics/compensation-committee","step":"verify","ok":true}
{"t":"2026-09-10T06:58:21.328Z","path":"/company/corporate-governance-ethics/governance-committee","step":"verify","ok":true}
{"t":"2026-09-10T06:58:22.651Z","path":"/company/corporate-governance-ethics/governance-guidelines","step":"verify","ok":true}
{"t":"2026-09-10T06:58:24.039Z","path":"/company/corporate-governance-ethics/government-affairs","step":"verify","ok":true}
{"t":"2026-09-10T06:58:26.014Z","path":"/company/corporate-governance-ethics","step":"verify","ok":true}
{"t":"2026-09-10T06:58:27.049Z","path":"/company/executive-briefing-center/ebc-hotels","step":"verify","ok":true}
{"t":"2026-09-10T06:58:28.209Z","path":"/company/executive-briefing-center/ebc-map","step":"verify","ok":true}
{"t":"2026-09-10T06:58:29.917Z","path":"/company/executive-briefing-center","step":"verify","ok":true}
{"t":"2026-09-10T06:58:31.310Z","path":"/company/legal/contractor-nda","step":"verify","ok":true}
{"t":"2026-09-10T06:58:32.484Z","path":"/company/legal/copyright","step":"verify","ok":true}
{"t":"2026-09-10T06:58:34.460Z","path":"/company/legal/dpa-supplement","step":"verify","ok":true}
{"t":"2026-09-10T06:58:35.142Z","path":"/company/legal/employment-candidate-privacy-notice","step":"verify","ok":true}
{"t":"2026-09-10T06:58:36.371Z","path":"/company/legal/info-security","step":"verify","ok":true}
{"t":"2026-09-10T06:58:38.484Z","path":"/company/legal/logos-usage","step":"verify","ok":true}
{"t":"2026-09-10T06:58:40.564Z","path":"/company/legal/privacy-policy","step":"verify","ok":true}
{"t":"2026-09-10T06:58:41.388Z","path":"/company/legal/privacy-inquiry","step":"verify","ok":true}
{"t":"2026-09-10T06:58:42.478Z","path":"/company/legal/purchase-order-tc","step":"verify","ok":true}
{"t":"2026-09-10T06:58:44.800Z","path":"/company/legal/security-commitments","step":"verify","ok":true}
{"t":"2026-09-10T06:58:45.848Z","path":"/company/legal/simpleware-medical-regulatory-information","step":"verify","ok":true}
{"t":"2026-09-10T06:58:47.719Z","path":"/company/legal/trademarks-brands","step":"verify","ok":true}
{"t":"2026-09-10T06:58:48.333Z","path":"/company/legal/vulnerability-disclosure-policy/advisories","step":"verify","ok":true}
{"t":"2026-09-10T06:58:49.613Z","path":"/company/legal/vulnerability-disclosure-policy","step":"verify","ok":true}
{"t":"2026-09-10T06:58:50.712Z","path":"/company/legal","step":"verify","ok":true}
{"t":"2026-09-10T06:58:52.729Z","path":"/company/management-team/alessandra-costa-bio","step":"verify","ok":true}
{"t":"2026-09-10T06:58:53.295Z","path":"/company/management-team/ann-minooka-bio","step":"verify","ok":true}
{"t":"2026-09-10T06:58:55.043Z","path":"/company/management-team/antonio-varas-bio","step":"verify","ok":true}
{"t":"2026-09-10T06:58:56.022Z","path":"/company/management-team/buvna-ayyagari-bio","step":"verify","ok":true}
{"t":"2026-09-10T06:58:57.979Z","path":"/company/management-team/charlie-matar-bio","step":"verify","ok":true}
{"t":"2026-09-10T06:58:59.018Z","path":"/company/management-team/janet-lee-bio","step":"verify","ok":true}
{"t":"2026-09-10T06:59:00.363Z","path":"/company/management-team/jill-larsen-bio","step":"verify","ok":true}
{"t":"2026-09-10T06:59:00.922Z","path":"/company/management-team/mike-ellow-bio","step":"verify","ok":true}
{"t":"2026-09-10T06:59:03.132Z","path":"/company/management-team/prith-banerjee-bio","step":"verify","ok":true}
{"t":"2026-09-10T06:59:04.613Z","path":"/company/management-team/raja-tabet-bio","step":"verify","ok":true}
{"t":"2026-09-10T06:59:05.899Z","path":"/company/management-team/ravi-subramanian-bio","step":"verify","ok":true}
{"t":"2026-09-10T06:59:06.798Z","path":"/company/management-team/sassine-ghazi-bio","step":"verify","ok":true}
{"t":"2026-09-10T06:59:07.789Z","path":"/company/management-team/shankar-krishnamoorthy-bio","step":"verify","ok":true}
{"t":"2026-09-10T06:59:09.024Z","path":"/company/management-team/shelagh-glaser-bio","step":"verify","ok":true}
{"t":"2026-09-10T06:59:10.047Z","path":"/company/resources/newsletters","step":"verify","ok":true}
{"t":"2026-09-10T06:59:12.849Z","path":"/company/resources/synopsys-press/better-software-faster","step":"verify","ok":true}
{"t":"2026-09-10T06:59:14.274Z","path":"/company/resources/synopsys-press/fpga-based-prototyping-methodology-manual","step":"verify","ok":true}
{"t":"2026-09-10T06:59:15.284Z","path":"/company/resources/synopsys-press/low-power-methodology-manual-download","step":"verify","ok":false,"why":"about:error in delivered html"}
{"t":"2026-09-10T06:59:16.531Z","path":"/company/resources/synopsys-press/the-ten-commandments-for-effective-standards","step":"verify","ok":true}
{"t":"2026-09-10T06:59:19.068Z","path":"/company/resources/synopsys-press/verification-methodology-manual-for-systemverilog","step":"verify","ok":true}
{"t":"2026-09-10T06:59:20.536Z","path":"/company/resources/synopsys-press/vmm-low-power","step":"verify","ok":true}
{"t":"2026-09-10T06:59:21.067Z","path":"/company/resources/synopsys-press","step":"verify","ok":false,"why":"about:error in delivered html"}
{"t":"2026-09-10T06:59:22.593Z","path":"/company/resources","step":"verify","ok":true}
{"t":"2026-09-10T06:59:23.637Z","path":"/company/responsible-business/environment/environmental-policy","step":"verify","ok":true}
{"t":"2026-09-10T06:59:26.254Z","path":"/company/responsible-business/governance/cybersecurity-privacy","step":"verify","ok":true}
{"t":"2026-09-10T06:59:27.300Z","path":"/company/responsible-business/environment","step":"verify","ok":true}
{"t":"2026-09-10T06:59:27.923Z","path":"/company/responsible-business/governance/safety-physical-security-business-continuity","step":"verify","ok":true}
{"t":"2026-09-10T06:59:29.262Z","path":"/company/responsible-business/governance/supply-chain","step":"verify","ok":true}
{"t":"2026-09-10T06:59:31.062Z","path":"/company/responsible-business/governance","step":"verify","ok":true}
{"t":"2026-09-10T06:59:33.308Z","path":"/company/responsible-business/reporting","step":"verify","ok":true}
{"t":"2026-09-10T06:59:33.884Z","path":"/company/responsible-business/social/social-impact","step":"verify","ok":true}
{"t":"2026-09-10T06:59:34.008Z","path":"/company/responsible-business/social","step":"verify","ok":true}
{"t":"2026-09-10T06:59:35.800Z","path":"/company/responsible-business","step":"verify","ok":true}
{"t":"2026-09-10T06:59:38.523Z","path":"/contact-sales","step":"verify","ok":true}
{"t":"2026-09-10T06:59:39.593Z","path":"/converge/executive-forum-2025","step":"verify","ok":true}
{"t":"2026-09-10T06:59:40.086Z","path":"/converge/call-for-content","step":"verify","ok":true}
{"t":"2026-09-10T06:59:40.526Z","path":"/converge/livestream-2026","step":"verify","ok":true}
{"t":"2026-09-10T06:59:45.884Z","path":"/demo/ldw-sms","step":"verify","ok":true}
{"t":"2026-09-10T06:59:46.010Z","path":"/demo/ldw-vc-spyglass-lint","step":"verify","ok":true}
{"t":"2026-09-10T06:59:46.547Z","path":"/converge","step":"verify","ok":true}
{"t":"2026-09-10T06:59:47.883Z","path":"/converge/newsroom","step":"verify","ok":true}
{"t":"2026-09-10T06:59:53.804Z","path":"/designware-ip/contact-us","step":"verify","ok":true}
{"t":"2026-09-10T06:59:54.513Z","path":"/designware-ip/interface-ip/ccix-controller","step":"verify","ok":true}
{"t":"2026-09-10T06:59:54.673Z","path":"/demo","step":"verify","ok":true}
{"t":"2026-09-10T06:59:55.905Z","path":"/designware-ip/interface-ip/ccix","step":"verify","ok":true}
{"t":"2026-09-10T06:59:58.416Z","path":"/designware-ip/interface-ip/cxl","step":"preview","status":409,"text":"error from content-bus"}
{"t":"2026-09-10T07:00:01.243Z","path":"/designware-ip/interface-ip/consumer8g","step":"verify","ok":true}
{"t":"2026-09-10T07:00:02.081Z","path":"/designware-ip/interface-ip/ddr/ddr-enhanced-universal-ctls","step":"verify","ok":true}
{"t":"2026-09-10T07:00:02.355Z","path":"/designware-ip/interface-ip/cxl/cxl-controller","step":"verify","ok":true}
{"t":"2026-09-10T07:00:04.061Z","path":"/designware-ip/interface-ip/ddr/ddr-gen2-multiphy","step":"verify","ok":true}
{"t":"2026-09-10T07:00:06.934Z","path":"/designware-ip/interface-ip/ddr/ddr-multiphy","step":"verify","ok":true}
{"t":"2026-09-10T07:00:08.862Z","path":"/designware-ip/interface-ip/ddr/ddr-universal-ctls","step":"verify","ok":true}
{"t":"2026-09-10T07:00:10.083Z","path":"/designware-ip/interface-ip/ddr/ddr-universal-umctl","step":"verify","ok":true}
{"t":"2026-09-10T07:00:10.752Z","path":"/designware-ip/interface-ip/ddr/ddr-universal-umctl2","step":"verify","ok":true}
{"t":"2026-09-10T07:00:13.748Z","path":"/designware-ip/interface-ip/ddr/ddr-universal-upctl","step":"verify","ok":true}
{"t":"2026-09-10T07:00:15.835Z","path":"/designware-ip/interface-ip/ddr/ddr2-lite-mem","step":"verify","ok":true}
{"t":"2026-09-10T07:00:16.818Z","path":"/designware-ip/interface-ip/ddr/ddr-universal-upctl2","step":"verify","ok":true}
{"t":"2026-09-10T07:00:18.260Z","path":"/designware-ip/interface-ip/ddr/ddr2-lite-pctl","step":"verify","ok":true}
{"t":"2026-09-10T07:00:19.985Z","path":"/designware-ip/interface-ip/ddr/ddr2-mem","step":"verify","ok":true}
{"t":"2026-09-10T07:00:21.766Z","path":"/designware-ip/interface-ip/ddr/ddr3-pctl","step":"verify","ok":true}
{"t":"2026-09-10T07:00:22.796Z","path":"/designware-ip/interface-ip/ddr/ddr3-phy","step":"verify","ok":true}
{"t":"2026-09-10T07:00:23.624Z","path":"/designware-ip/interface-ip/ddr/ddr4-multiphy","step":"verify","ok":true}
{"t":"2026-09-10T07:00:25.701Z","path":"/designware-ip/interface-ip/ddr/ddr43-phy","step":"verify","ok":true}
{"t":"2026-09-10T07:00:26.860Z","path":"/designware-ip/interface-ip/ddr/ddr5-mrdimm-controller","step":"verify","ok":true}
{"t":"2026-09-10T07:00:28.105Z","path":"/designware-ip/interface-ip/ddr/ddr54-controller","step":"verify","ok":true}
{"t":"2026-09-10T07:00:28.612Z","path":"/designware-ip/interface-ip/ddr/ddr54-phy","step":"verify","ok":true}
{"t":"2026-09-10T07:00:30.452Z","path":"/designware-ip/interface-ip/ddr/lpddr4-multiphy","step":"verify","ok":true}
{"t":"2026-09-10T07:00:31.403Z","path":"/designware-ip/interface-ip/ddr/lpddr54-controller","step":"verify","ok":true}
{"t":"2026-09-10T07:00:32.444Z","path":"/designware-ip/interface-ip/ddr/lpddr54-phy","step":"verify","ok":true}
{"t":"2026-09-10T07:00:33.905Z","path":"/designware-ip/interface-ip/ddr/lpddr5x54x-controller","step":"verify","ok":true}
{"t":"2026-09-10T07:00:35.223Z","path":"/designware-ip/interface-ip/ddr/lpddr5x54x-phy","step":"verify","ok":true}
{"t":"2026-09-10T07:00:35.762Z","path":"/designware-ip/interface-ip/ddr/lpddr65x5-controller","step":"verify","ok":true}
{"t":"2026-09-10T07:00:36.643Z","path":"/designware-ip/interface-ip/ddr/lpddr65x5-phy","step":"verify","ok":true}
{"t":"2026-09-10T07:00:38.243Z","path":"/designware-ip/interface-ip/ddr","step":"preview","status":409,"text":"error from content-bus"}
{"t":"2026-09-10T07:00:38.507Z","path":"/designware-ip/interface-ip/ddr/mrdimm-phy","step":"verify","ok":true}
{"t":"2026-09-10T07:00:40.369Z","path":"/designware-ip/interface-ip/ddr5-lpddr5","step":"verify","ok":true}
{"t":"2026-09-10T07:00:40.948Z","path":"/designware-ip/interface-ip/die-to-die/ucie-controller-ip","step":"verify","ok":true}
{"t":"2026-09-10T07:00:42.673Z","path":"/designware-ip/interface-ip/die-to-die/ucie-phy-ip","step":"verify","ok":true}
{"t":"2026-09-10T07:00:45.395Z","path":"/designware-ip/interface-ip/die-to-die/ucie","step":"verify","ok":true}
{"t":"2026-09-10T07:00:45.584Z","path":"/designware-ip/interface-ip/die-to-die","step":"preview","status":409,"text":"error from content-bus"}
{"t":"2026-09-10T07:00:46.083Z","path":"/designware-ip/interface-ip/die-to-die/usr-xsr-phy","step":"verify","ok":true}
{"t":"2026-09-10T07:00:46.118Z","path":"/designware-ip/interface-ip/die-to-die-controller","step":"verify","ok":true}
{"t":"2026-09-10T07:00:49.921Z","path":"/designware-ip/interface-ip/ethernet/1-6t-ethernet-ip","step":"preview","status":409,"text":"error from content-bus"}
{"t":"2026-09-10T07:00:52.168Z","path":"/designware-ip/interface-ip/ethernet/1-6t-ethernet-cs","step":"verify","ok":true}
{"t":"2026-09-10T07:00:52.290Z","path":"/designware-ip/interface-ip/displayport/dptx-ip","step":"verify","ok":true}
{"t":"2026-09-10T07:00:52.466Z","path":"/designware-ip/interface-ip/displayport","step":"verify","ok":true}
{"t":"2026-09-10T07:00:54.726Z","path":"/designware-ip/interface-ip/ethernet/1-6t-ethernet-mac-ip","step":"verify","ok":true}
{"t":"2026-09-10T07:00:56.656Z","path":"/designware-ip/interface-ip/ethernet/1-6t-ethernet-pcs-ip","step":"verify","ok":true}
{"t":"2026-09-10T07:00:57.178Z","path":"/designware-ip/interface-ip/ethernet/100g-200g-400g-800g-ethernet-mac-ip","step":"verify","ok":true}
{"t":"2026-09-10T07:00:57.336Z","path":"/designware-ip/interface-ip/ethernet/1-6t-ultra-ethernet-cs","step":"verify","ok":true}
{"t":"2026-09-10T07:00:59.350Z","path":"/designware-ip/interface-ip/ethernet/100g-ethernet-mac-tsn","step":"verify","ok":true}
{"t":"2026-09-10T07:01:01.244Z","path":"/designware-ip/interface-ip/ethernet/100g-ethernet-pcs","step":"verify","ok":true}
{"t":"2026-09-10T07:01:03.116Z","path":"/designware-ip/interface-ip/ethernet/112g-ethernet-phy","step":"verify","ok":true}
{"t":"2026-09-10T07:01:03.711Z","path":"/designware-ip/interface-ip/ethernet/200g-400g-ethernet-pcs-ip","step":"verify","ok":true}
{"t":"2026-09-10T07:01:03.712Z","path":"/designware-ip/interface-ip/ethernet/200g-400g-800g-ethernet-mac-ip","step":"verify","ok":true}
{"t":"2026-09-10T07:01:07.063Z","path":"/designware-ip/interface-ip/ethernet/224g-ethernet-phy-ip","step":"verify","ok":true}
{"t":"2026-09-10T07:01:08.798Z","path":"/designware-ip/interface-ip/ethernet/224g-ethernet-phy","step":"verify","ok":true}
{"t":"2026-09-10T07:01:09.486Z","path":"/designware-ip/interface-ip/ethernet/25g-ethernet-mac-ip","step":"verify","ok":true}
{"t":"2026-09-10T07:01:09.487Z","path":"/designware-ip/interface-ip/ethernet/56g-ethernet-phy","step":"verify","ok":true}
{"t":"2026-09-10T07:01:11.341Z","path":"/designware-ip/interface-ip/ethernet/800g-ethernet-pcs-ip","step":"verify","ok":true}
{"t":"2026-09-10T07:01:13.626Z","path":"/designware-ip/interface-ip/ethernet/enterprise-ether-pcs","step":"verify","ok":true}
{"t":"2026-09-10T07:01:14.991Z","path":"/designware-ip/interface-ip/ethernet/ether-200g-400g-800g-mac-pcs","step":"verify","ok":true}
{"t":"2026-09-10T07:01:16.633Z","path":"/designware-ip/interface-ip/ethernet/ether-mac10-100-1000-unive","step":"verify","ok":true}
{"t":"2026-09-10T07:01:18.553Z","path":"/designware-ip/interface-ip/ethernet/ether-mac10-100-universal","step":"verify","ok":true}
{"t":"2026-09-10T07:01:19.958Z","path":"/designware-ip/interface-ip/ethernet/ether-pcs","step":"verify","ok":true}
{"t":"2026-09-10T07:01:20.921Z","path":"/designware-ip/interface-ip/ethernet/ether-enterprise-mac","step":"verify","ok":true}
{"t":"2026-09-10T07:01:21.643Z","path":"/designware-ip/interface-ip/ethernet/ether-pcs40","step":"verify","ok":true}
{"t":"2026-09-10T07:01:23.287Z","path":"/designware-ip/interface-ip/ethernet/ether-qos","step":"verify","ok":true}
{"t":"2026-09-10T07:01:24.856Z","path":"/designware-ip/interface-ip/ethernet/ether-xgmac","step":"verify","ok":true}
{"t":"2026-09-10T07:01:26.025Z","path":"/designware-ip/interface-ip/ethernet/ethernet-scale-up-networking-esun/esun-solution","step":"verify","ok":true}
{"t":"2026-09-10T07:01:27.939Z","path":"/designware-ip/interface-ip/ethernet/ethernet-scale-up-networking-esun","step":"verify","ok":true}
{"t":"2026-09-10T07:01:28.825Z","path":"/designware-ip/interface-ip/ethernet","step":"preview","status":409,"text":"error from content-bus"}
{"t":"2026-09-10T07:01:29.339Z","path":"/designware-ip/interface-ip/ethernet/ultra-ethernet","step":"verify","ok":true}
{"t":"2026-09-10T07:01:31.378Z","path":"/designware-ip/interface-ip/hbm/hbm2","step":"verify","ok":true}
{"t":"2026-09-10T07:01:32.923Z","path":"/designware-ip/interface-ip/hbm/hbm3-controller","step":"verify","ok":true}
{"t":"2026-09-10T07:01:34.389Z","path":"/designware-ip/interface-ip/hbm/hbm4-controller","step":"verify","ok":true}
{"t":"2026-09-10T07:01:35.587Z","path":"/designware-ip/interface-ip/hbm/hbm3-phy","step":"verify","ok":true}
{"t":"2026-09-10T07:01:36.905Z","path":"/designware-ip/interface-ip/hbm/hbm4-phy","step":"verify","ok":true}
{"t":"2026-09-10T07:01:38.953Z","path":"/designware-ip/interface-ip/hbm","step":"verify","ok":true}
{"t":"2026-09-10T07:01:41.213Z","path":"/designware-ip/interface-ip/hdmi/hdmi-13-csds-rx","step":"verify","ok":true}
{"t":"2026-09-10T07:01:41.910Z","path":"/designware-ip/interface-ip/hdmi/hdmi-13-csds-tx","step":"verify","ok":true}
{"t":"2026-09-10T07:01:42.770Z","path":"/designware-ip/interface-ip/hdmi/hdmi-14-csds-rx","step":"verify","ok":true}
{"t":"2026-09-10T07:01:44.774Z","path":"/designware-ip/interface-ip/hdmi/hdmi-14-csds-tx","step":"verify","ok":true}
{"t":"2026-09-10T07:01:48.384Z","path":"/designware-ip/interface-ip/hdmi/hdmi-20-csds-rx","step":"verify","ok":true}
{"t":"2026-09-10T07:01:49.402Z","path":"/designware-ip/interface-ip/hdmi/hdmi-20-csds-tx","step":"verify","ok":true}
{"t":"2026-09-10T07:01:50.026Z","path":"/designware-ip/interface-ip/hdmi/hdmi-21-rx","step":"verify","ok":true}
{"t":"2026-09-10T07:01:50.439Z","path":"/designware-ip/interface-ip/hdmi/hdmi-21-tx","step":"verify","ok":true}
{"t":"2026-09-10T07:01:53.801Z","path":"/designware-ip/interface-ip/hdmi/hdmi-csds-rx","step":"verify","ok":true}
{"t":"2026-09-10T07:01:55.619Z","path":"/designware-ip/interface-ip/hdmi/hdmi-csds-tx","step":"verify","ok":true}
{"t":"2026-09-10T07:01:56.654Z","path":"/designware-ip/interface-ip/hdmi","step":"verify","ok":true}
{"t":"2026-09-10T07:01:57.788Z","path":"/designware-ip/interface-ip/mipi/mipi-c-phy-d-phy","step":"verify","ok":true}
{"t":"2026-09-10T07:01:59.277Z","path":"/designware-ip/interface-ip/mipi/mipi-csi2","step":"verify","ok":true}
{"t":"2026-09-10T07:01:59.851Z","path":"/designware-ip/interface-ip/mipi/mipi-d-phy","step":"verify","ok":true}
{"t":"2026-09-10T07:02:01.871Z","path":"/designware-ip/interface-ip/mipi/mipi-dsi","step":"verify","ok":true}
{"t":"2026-09-10T07:02:02.299Z","path":"/designware-ip/interface-ip/mipi/mipi-i3c","step":"verify","ok":true}
{"t":"2026-09-10T07:02:03.974Z","path":"/designware-ip/interface-ip/mipi/mipi-m-phy","step":"verify","ok":true}
{"t":"2026-09-10T07:02:05.033Z","path":"/designware-ip/interface-ip/mipi/mipi-unipro","step":"verify","ok":true}
{"t":"2026-09-10T07:02:06.919Z","path":"/designware-ip/interface-ip/mipi","step":"verify","ok":true}
{"t":"2026-09-10T07:02:06.932Z","path":"/designware-ip/interface-ip/mobile-storage/sd-emmc-host-controller","step":"verify","ok":true}
{"t":"2026-09-10T07:02:09.292Z","path":"/designware-ip/interface-ip/mobile-storage/sd-emmc-phy","step":"verify","ok":true}
{"t":"2026-09-10T07:02:10.191Z","path":"/designware-ip/interface-ip/mobile-storage","step":"verify","ok":true}
{"t":"2026-09-10T07:02:11.182Z","path":"/designware-ip/interface-ip/multi-protocol-112g-phy","step":"verify","ok":true}
{"t":"2026-09-10T07:02:11.671Z","path":"/designware-ip/interface-ip/multi-protocol-10g-phy","step":"verify","ok":true}
{"t":"2026-09-10T07:02:13.918Z","path":"/designware-ip/interface-ip/multi-protocol-16g-phy","step":"verify","ok":true}
{"t":"2026-09-10T07:02:14.378Z","path":"/designware-ip/interface-ip/multi-protocol-25g-phy","step":"verify","ok":true}
{"t":"2026-09-10T07:02:15.247Z","path":"/designware-ip/interface-ip/multi-protocol-32g-phy","step":"verify","ok":true}
{"t":"2026-09-10T07:02:16.193Z","path":"/designware-ip/interface-ip/multi-protocol-6g-phy","step":"verify","ok":true}
{"t":"2026-09-10T07:02:18.722Z","path":"/designware-ip/interface-ip/pci-express/pci-express-4","step":"verify","ok":true}
{"t":"2026-09-10T07:02:19.552Z","path":"/designware-ip/interface-ip/pci-express/pci-express-5","step":"verify","ok":true}
{"t":"2026-09-10T07:02:20.421Z","path":"/designware-ip/interface-ip/n3e","step":"verify","ok":true}
{"t":"2026-09-10T07:02:21.741Z","path":"/designware-ip/interface-ip/pci-express/pci-express-6","step":"verify","ok":true}
{"t":"2026-09-10T07:02:23.934Z","path":"/designware-ip/interface-ip/pci-express/pci-express-ahb","step":"verify","ok":true}
{"t":"2026-09-10T07:02:25.865Z","path":"/designware-ip/interface-ip/pci-express/pci-express-7","step":"verify","ok":true}
{"t":"2026-09-10T07:02:26.204Z","path":"/designware-ip/interface-ip/pci-express/pci-express-controllers","step":"verify","ok":true}
{"t":"2026-09-10T07:02:26.826Z","path":"/designware-ip/interface-ip/pci-express/pci-express-axi","step":"verify","ok":true}
{"t":"2026-09-10T07:02:30.639Z","path":"/designware-ip/interface-ip/pci-express/pci-express-sriov","step":"verify","ok":true}
{"t":"2026-09-10T07:02:31.178Z","path":"/designware-ip/interface-ip/pci-express/pcie-express-eep","step":"verify","ok":true}
{"t":"2026-09-10T07:02:31.722Z","path":"/designware-ip/interface-ip/pci-express/pci-express-multi-port-sw","step":"verify","ok":true}
{"t":"2026-09-10T07:02:32.689Z","path":"/designware-ip/interface-ip/pci-express/pcie-phy","step":"verify","ok":true}
{"t":"2026-09-10T07:02:35.835Z","path":"/designware-ip/interface-ip/pci-express/pcie2-phy","step":"verify","ok":true}
{"t":"2026-09-10T07:02:36.056Z","path":"/designware-ip/interface-ip/pci-express/pcie3-phy","step":"verify","ok":true}
{"t":"2026-09-10T07:02:37.581Z","path":"/designware-ip/interface-ip/pci-express/pcie4-phy","step":"verify","ok":true}
{"t":"2026-09-10T07:02:38.628Z","path":"/designware-ip/interface-ip/pci-express/pcie5-phy","step":"verify","ok":true}
{"t":"2026-09-10T07:02:41.470Z","path":"/designware-ip/interface-ip/pci-express/pcie6-controller","step":"verify","ok":true}
{"t":"2026-09-10T07:02:42.648Z","path":"/designware-ip/interface-ip/pci-express/pcie6-phy","step":"verify","ok":true}
{"t":"2026-09-10T07:02:43.338Z","path":"/designware-ip/interface-ip/pci-express/pcie7-controller","step":"verify","ok":true}
{"t":"2026-09-10T07:02:44.033Z","path":"/designware-ip/interface-ip/pci-express/pcie7-phy","step":"verify","ok":true}
{"t":"2026-09-10T07:02:48.835Z","path":"/designware-ip/interface-ip/pci-express","step":"verify","ok":true}
{"t":"2026-09-10T07:02:50.773Z","path":"/designware-ip/interface-ip/secure-interfaces/secure-interfaces-portfolio","step":"verify","ok":true}
{"t":"2026-09-10T07:02:51.115Z","path":"/designware-ip/interface-ip/secure-interfaces","step":"verify","ok":true}
{"t":"2026-09-10T07:02:51.614Z","path":"/designware-ip/interface-ip/serdes-phy-ip","step":"verify","ok":true}
{"t":"2026-09-10T07:02:56.301Z","path":"/designware-ip/interface-ip/ufs","step":"verify","ok":true}
{"t":"2026-09-10T07:02:56.302Z","path":"/designware-ip/interface-ip/ualink","step":"verify","ok":true}
{"t":"2026-09-10T07:02:57.168Z","path":"/designware-ip/interface-ip/ultra-accelerator-link-cs","step":"verify","ok":true}
{"t":"2026-09-10T07:02:58.211Z","path":"/designware-ip/interface-ip/usb/eusb2-phy","step":"verify","ok":true}
{"t":"2026-09-10T07:03:01.191Z","path":"/designware-ip/interface-ip/usb/usb-1-1-device","step":"verify","ok":true}
{"t":"2026-09-10T07:03:01.701Z","path":"/designware-ip/interface-ip/usb/eusb2-repeater","step":"verify","ok":true}
{"t":"2026-09-10T07:03:02.234Z","path":"/designware-ip/interface-ip/usb/usb-1-1-hub","step":"verify","ok":true}
{"t":"2026-09-10T07:03:02.531Z","path":"/designware-ip/interface-ip/usb/usb-2-0-device","step":"verify","ok":true}
{"t":"2026-09-10T07:03:05.833Z","path":"/designware-ip/interface-ip/usb/usb-2-0-digital-controllers","step":"verify","ok":true}
{"t":"2026-09-10T07:03:06.239Z","path":"/designware-ip/interface-ip/usb/usb-2-0-eusb2","step":"verify","ok":true}
{"t":"2026-09-10T07:03:06.658Z","path":"/designware-ip/interface-ip/usb/usb-2-0-hs-otg","step":"verify","ok":true}
{"t":"2026-09-10T07:03:10.416Z","path":"/designware-ip/interface-ip/usb/usb-2-0-phy","step":"verify","ok":true}
{"t":"2026-09-10T07:03:10.855Z","path":"/designware-ip/interface-ip/usb/usb-2-0-host-controller","step":"verify","ok":true}
{"t":"2026-09-10T07:03:11.056Z","path":"/designware-ip/interface-ip/usb/usb-3-0-controllers","step":"verify","ok":true}
{"t":"2026-09-10T07:03:11.122Z","path":"/designware-ip/interface-ip/usb/usb-3-0-device-controllers","step":"verify","ok":true}
{"t":"2026-09-10T07:03:14.881Z","path":"/designware-ip/interface-ip/usb/usb-3-0-drd","step":"verify","ok":true}
{"t":"2026-09-10T07:03:15.019Z","path":"/designware-ip/interface-ip/usb/usb-3-0-phy","step":"verify","ok":true}
{"t":"2026-09-10T07:03:15.040Z","path":"/designware-ip/interface-ip/usb/usb-3-0-host-controller","step":"verify","ok":true}
{"t":"2026-09-10T07:03:17.451Z","path":"/designware-ip/interface-ip/usb/usb-3-0","step":"verify","ok":true}
{"t":"2026-09-10T07:03:19.375Z","path":"/designware-ip/interface-ip/usb/usb-3-1-controllers","step":"verify","ok":true}
{"t":"2026-09-10T07:03:19.909Z","path":"/designware-ip/interface-ip/usb/usb-3-1-device-controller","step":"verify","ok":true}
{"t":"2026-09-10T07:03:20.240Z","path":"/designware-ip/interface-ip/usb/usb-3-1-gen2","step":"verify","ok":true}
{"t":"2026-09-10T07:03:22.270Z","path":"/designware-ip/interface-ip/usb/usb-3-1-phy","step":"verify","ok":true}
{"t":"2026-09-10T07:03:23.451Z","path":"/designware-ip/interface-ip/usb/usb-3-2-controllers","step":"verify","ok":true}
{"t":"2026-09-10T07:03:24.709Z","path":"/designware-ip/interface-ip/usb/usb-3-2-phy","step":"verify","ok":true}
{"t":"2026-09-10T07:03:25.149Z","path":"/designware-ip/interface-ip/usb/usb-3-2","step":"verify","ok":true}
{"t":"2026-09-10T07:03:26.287Z","path":"/designware-ip/interface-ip/usb/usb-3","step":"verify","ok":true}
{"t":"2026-09-10T07:03:27.364Z","path":"/designware-ip/interface-ip/usb/usb-c-30-controllers","step":"verify","ok":true}
{"t":"2026-09-10T07:03:29.046Z","path":"/designware-ip/interface-ip/usb/usb-c-31-controllers","step":"verify","ok":true}
{"t":"2026-09-10T07:03:29.623Z","path":"/designware-ip/interface-ip/usb/usb-c-31-displayport","step":"verify","ok":true}
{"t":"2026-09-10T07:03:30.957Z","path":"/designware-ip/interface-ip/usb/usb-c-31-dp-14-ss","step":"verify","ok":true}
{"t":"2026-09-10T07:03:31.731Z","path":"/designware-ip/interface-ip/usb/usb-c-31-dp-14","step":"verify","ok":true}
{"t":"2026-09-10T07:03:34.963Z","path":"/designware-ip/interface-ip/usb/usb-c-32-dp-14","step":"verify","ok":true}
{"t":"2026-09-10T07:03:36.337Z","path":"/designware-ip/interface-ip/usb/usb-lpm-hsic","step":"verify","ok":true}
{"t":"2026-09-10T07:03:36.620Z","path":"/designware-ip/interface-ip/usb/usb-type-c","step":"verify","ok":true}
{"t":"2026-09-10T07:03:39.302Z","path":"/designware-ip/interface-ip/usb/usb-university-series","step":"verify","ok":true}
{"t":"2026-09-10T07:03:40.898Z","path":"/designware-ip/interface-ip/usb/usb2-femtophy","step":"verify","ok":true}
{"t":"2026-09-10T07:03:42.545Z","path":"/designware-ip/interface-ip/usb/usb2-nanophy","step":"verify","ok":true}
{"t":"2026-09-10T07:03:44.079Z","path":"/designware-ip/interface-ip/usb/usb2-picophy","step":"verify","ok":true}
{"t":"2026-09-10T07:03:45.499Z","path":"/designware-ip/interface-ip/usb/usb2-type-c-iot","step":"verify","ok":true}
{"t":"2026-09-10T07:03:47.762Z","path":"/designware-ip/interface-ip/usb/usb3-femtophy","step":"verify","ok":true}
{"t":"2026-09-10T07:03:49.104Z","path":"/designware-ip/interface-ip/usb/usb4-controller-router","step":"verify","ok":true}
{"t":"2026-09-10T07:03:50.430Z","path":"/designware-ip/interface-ip/usb/usb4-phy","step":"verify","ok":true}
{"t":"2026-09-10T07:03:52.759Z","path":"/designware-ip/interface-ip/usb/usb4","step":"verify","ok":true}
{"t":"2026-09-10T07:03:54.521Z","path":"/designware-ip/interface-ip/usb","step":"verify","ok":true}
{"t":"2026-09-10T07:03:56.789Z","path":"/designware-ip/interface-ip/vesa-dsc/vesa-dsc-encoder-decoder","step":"verify","ok":true}
{"t":"2026-09-10T07:03:56.970Z","path":"/designware-ip/interface-ip/vesa-dsc","step":"verify","ok":true}
{"t":"2026-09-10T07:03:59.214Z","path":"/designware-ip/interface-ip/xaui-phy","step":"verify","ok":true}
{"t":"2026-09-10T07:04:01.728Z","path":"/designware-ip/ip-accelerated/ip-hardening","step":"verify","ok":true}
{"t":"2026-09-10T07:04:03.688Z","path":"/designware-ip/ip-accelerated/silicon-bring-up","step":"verify","ok":true}
{"t":"2026-09-10T07:04:03.907Z","path":"/designware-ip/ip-accelerated","step":"verify","ok":true}
{"t":"2026-09-10T07:04:04.272Z","path":"/designware-ip/ip-accelerated/soc-architecture","step":"verify","ok":true}
{"t":"2026-09-10T07:04:07.344Z","path":"/designware-ip/ip-market-segments/automotive/adas","step":"verify","ok":true}
{"t":"2026-09-10T07:04:09.226Z","path":"/designware-ip/ip-market-segments/automotive/functional-safety","step":"verify","ok":true}
{"t":"2026-09-10T07:04:09.527Z","path":"/designware-ip/ip-market-segments/automotive/infotainment","step":"verify","ok":true}
{"t":"2026-09-10T07:04:09.919Z","path":"/designware-ip/ip-market-segments/automotive/gateways","step":"verify","ok":true}
{"t":"2026-09-10T07:04:11.846Z","path":"/designware-ip/ip-market-segments/hpc","step":"preview","status":409,"text":"error from content-bus"}
{"t":"2026-09-10T07:04:12.711Z","path":"/designware-ip/ip-market-segments/automotive","step":"verify","ok":true}
{"t":"2026-09-10T07:04:14.295Z","path":"/designware-ip/ip-market-segments","step":"verify","ok":true}
{"t":"2026-09-10T07:04:15.169Z","path":"/designware-ip/ip-market-segments/edge-ai","step":"verify","ok":true}
{"t":"2026-09-10T07:04:17.077Z","path":"/designware-ip/ip-reuse-tool/core-assembler","step":"verify","ok":true}
{"t":"2026-09-10T07:04:17.369Z","path":"/designware-ip/ip-oem-partners","step":"verify","ok":true}
{"t":"2026-09-10T07:04:18.387Z","path":"/designware-ip/ip-reuse-tool/core-builder","step":"verify","ok":true}
{"t":"2026-09-10T07:04:20.898Z","path":"/designware-ip/ip-reuse-tool/core-consultant","step":"verify","ok":true}
{"t":"2026-09-10T07:04:22.095Z","path":"/designware-ip/ip-reuse-tool","step":"verify","ok":true}
{"t":"2026-09-10T07:04:22.753Z","path":"/designware-ip/ip-subsystems","step":"verify","ok":true}
{"t":"2026-09-10T07:04:22.956Z","path":"/designware-ip/memories-logic-libraries/3dio","step":"verify","ok":true}
{"t":"2026-09-10T07:04:25.836Z","path":"/designware-ip/memories-logic-libraries/duet-package","step":"verify","ok":true}
{"t":"2026-09-10T07:04:27.162Z","path":"/designware-ip/memories-logic-libraries/eco-kits","step":"verify","ok":true}
{"t":"2026-09-10T07:04:27.793Z","path":"/designware-ip/memories-logic-libraries/emram-rram-ip","step":"verify","ok":true}
{"t":"2026-09-10T07:04:29.165Z","path":"/designware-ip/memories-logic-libraries/gpio","step":"verify","ok":true}
{"t":"2026-09-10T07:04:30.726Z","path":"/designware-ip/memories-logic-libraries/high-speed-test-io","step":"verify","ok":true}
{"t":"2026-09-10T07:04:31.768Z","path":"/designware-ip/memories-logic-libraries/hpc-design-kit","step":"verify","ok":true}
{"t":"2026-09-10T07:04:32.926Z","path":"/designware-ip/memories-logic-libraries/io-library-ip","step":"verify","ok":true}
{"t":"2026-09-10T07:04:34.420Z","path":"/designware-ip/memories-logic-libraries/logic-libraries","step":"verify","ok":true}
{"t":"2026-09-10T07:04:35.106Z","path":"/designware-ip/memories-logic-libraries/multi-port-memory","step":"verify","ok":true}
{"t":"2026-09-10T07:04:36.320Z","path":"/designware-ip/memories-logic-libraries/non-volatile-memory/ftp-trim","step":"verify","ok":true}
{"t":"2026-09-10T07:04:37.075Z","path":"/designware-ip/memories-logic-libraries/non-volatile-memory/medium-density","step":"verify","ok":true}
{"t":"2026-09-10T07:04:38.562Z","path":"/designware-ip/memories-logic-libraries/non-volatile-memory/mtp-eeprom","step":"verify","ok":true}
{"t":"2026-09-10T07:04:39.606Z","path":"/designware-ip/memories-logic-libraries/non-volatile-memory/mtp-rfid","step":"verify","ok":true}
{"t":"2026-09-10T07:04:40.874Z","path":"/designware-ip/memories-logic-libraries/non-volatile-memory/otp-slp-c","step":"verify","ok":true}
{"t":"2026-09-10T07:04:41.645Z","path":"/designware-ip/memories-logic-libraries/non-volatile-memory/otp-xbc","step":"verify","ok":true}
{"t":"2026-09-10T07:04:43.179Z","path":"/designware-ip/memories-logic-libraries/non-volatile-memory/otp-xhc","step":"verify","ok":true}
{"t":"2026-09-10T07:04:44.117Z","path":"/designware-ip/memories-logic-libraries/non-volatile-memory/otp-xsc","step":"verify","ok":true}
{"t":"2026-09-10T07:04:46.205Z","path":"/designware-ip/memories-logic-libraries/non-volatile-memory/otp","step":"verify","ok":true}
{"t":"2026-09-10T07:04:47.803Z","path":"/designware-ip/memories-logic-libraries/non-volatile-memory","step":"verify","ok":true}
{"t":"2026-09-10T07:04:48.914Z","path":"/designware-ip/memories-logic-libraries/power-optimization-kit","step":"verify","ok":true}
{"t":"2026-09-10T07:04:50.132Z","path":"/designware-ip/memories-logic-libraries/secure-storage-otp-ip","step":"verify","ok":true}
{"t":"2026-09-10T07:04:53.116Z","path":"/designware-ip/memories-logic-libraries/specialty-io","step":"verify","ok":true}
{"t":"2026-09-10T07:04:55.833Z","path":"/designware-ip/memories-logic-libraries/sram-memory-compilers","step":"verify","ok":true}
{"t":"2026-09-10T07:04:57.095Z","path":"/designware-ip/memories-logic-libraries/tcam-memory-compilers","step":"verify","ok":true}
{"t":"2026-09-10T07:04:57.222Z","path":"/designware-ip/memories-logic-libraries/standard-cell","step":"verify","ok":true}
{"t":"2026-09-10T07:05:00.107Z","path":"/designware-ip/memories-logic-libraries/ull-logic","step":"verify","ok":true}
{"t":"2026-09-10T07:05:04.467Z","path":"/designware-ip/memories-logic-libraries","step":"verify","ok":true}
{"t":"2026-09-10T07:05:05.287Z","path":"/designware-ip/security-ip/contact-us","step":"verify","ok":true}
{"t":"2026-09-10T07:05:05.548Z","path":"/designware-ip/processor-solutions","step":"verify","ok":true}
{"t":"2026-09-10T07:05:06.726Z","path":"/designware-ip/security-ip/cryptography-ip/public-key-accelerators/agile-pqc-pka","step":"verify","ok":true}
{"t":"2026-09-10T07:05:10.768Z","path":"/designware-ip/security-ip/cryptography-ip/public-key-accelerators/security-public-key-accelerator","step":"verify","ok":true}
{"t":"2026-09-10T07:05:12.499Z","path":"/designware-ip/security-ip/cryptography-ip/puf/aerospace-defense","step":"verify","ok":true}
{"t":"2026-09-10T07:05:13.722Z","path":"/designware-ip/security-ip/cryptography-ip/public-key-accelerators","step":"verify","ok":true}
{"t":"2026-09-10T07:05:14.750Z","path":"/designware-ip/security-ip/cryptography-ip/puf/automotive-security","step":"verify","ok":true}
{"t":"2026-09-10T07:05:16.364Z","path":"/designware-ip/security-ip/cryptography-ip/puf/chiplet-security","step":"verify","ok":true}
{"t":"2026-09-10T07:05:19.264Z","path":"/designware-ip/security-ip/cryptography-ip/puf/device-to-host-authentication","step":"verify","ok":true}
{"t":"2026-09-10T07:05:20.257Z","path":"/designware-ip/security-ip/cryptography-ip/puf/edge-cloud-iot-security","step":"verify","ok":true}
{"t":"2026-09-10T07:05:21.269Z","path":"/designware-ip/security-ip/cryptography-ip/puf/embedded-microcontrollers","step":"verify","ok":true}
{"t":"2026-09-10T07:05:22.866Z","path":"/designware-ip/security-ip/cryptography-ip/puf/firmware-ip-protection","step":"verify","ok":true}
{"t":"2026-09-10T07:05:24.761Z","path":"/designware-ip/security-ip/cryptography-ip/puf/industrial-iot","step":"verify","ok":true}
{"t":"2026-09-10T07:05:25.572Z","path":"/designware-ip/security-ip/cryptography-ip/puf/ip-software","step":"verify","ok":true}
{"t":"2026-09-10T07:05:26.871Z","path":"/designware-ip/security-ip/cryptography-ip/puf/just-in-time-key-management","step":"verify","ok":true}
{"t":"2026-09-10T07:05:28.450Z","path":"/designware-ip/security-ip/cryptography-ip/puf/key-vault","step":"verify","ok":true}
{"t":"2026-09-10T07:05:30.721Z","path":"/designware-ip/security-ip/cryptography-ip/puf/medical","step":"verify","ok":true}
{"t":"2026-09-10T07:05:31.761Z","path":"/designware-ip/security-ip/cryptography-ip/puf/security-puf-fpga-x","step":"verify","ok":true}
{"t":"2026-09-10T07:05:31.778Z","path":"/designware-ip/security-ip/cryptography-ip/puf/security-puf-fpga-a","step":"verify","ok":true}
{"t":"2026-09-10T07:05:33.442Z","path":"/designware-ip/security-ip/cryptography-ip/puf/security-puf-ip","step":"verify","ok":true}
{"t":"2026-09-10T07:05:36.614Z","path":"/designware-ip/security-ip/cryptography-ip/puf/sensor-ics","step":"verify","ok":true}
{"t":"2026-09-10T07:05:38.347Z","path":"/designware-ip/security-ip/cryptography-ip/puf/soft-skus","step":"verify","ok":true}
{"t":"2026-09-10T07:05:38.617Z","path":"/designware-ip/security-ip/cryptography-ip/random-number-generators/trng-nist","step":"verify","ok":true}
{"t":"2026-09-10T07:05:38.837Z","path":"/designware-ip/security-ip/cryptography-ip/puf","step":"verify","ok":true}
{"t":"2026-09-10T07:05:41.716Z","path":"/designware-ip/security-ip/cryptography-ip/random-number-generators/trng","step":"verify","ok":true}
{"t":"2026-09-10T07:05:43.627Z","path":"/designware-ip/security-ip/cryptography-ip/random-number-generators","step":"verify","ok":true}
{"t":"2026-09-10T07:05:44.213Z","path":"/designware-ip/security-ip/cryptography-ip/secure-boot-sdk","step":"verify","ok":true}
{"t":"2026-09-10T07:05:45.223Z","path":"/designware-ip/security-ip/cryptography-ip/security-crypto-software-library","step":"verify","ok":true}
{"t":"2026-09-10T07:05:46.265Z","path":"/designware-ip/security-ip/cryptography-ip/symmetric-cryptographic-engines/security-aes-gcm-ctr","step":"verify","ok":true}
{"t":"2026-09-10T07:05:48.530Z","path":"/designware-ip/security-ip/cryptography-ip/symmetric-cryptographic-engines/security-aes-xts","step":"verify","ok":true}
{"t":"2026-09-10T07:05:49.611Z","path":"/designware-ip/security-ip/cryptography-ip/symmetric-cryptographic-engines/ultra-aes-gcm-ctr","step":"verify","ok":true}
{"t":"2026-09-10T07:05:50.945Z","path":"/designware-ip/security-ip/cryptography-ip/symmetric-cryptographic-engines/ultra-high-perf-aes-xts-ecb","step":"verify","ok":true}
{"t":"2026-09-10T07:05:51.960Z","path":"/designware-ip/security-ip/cryptography-ip/symmetric-cryptographic-engines","step":"verify","ok":true}
{"t":"2026-09-10T07:05:53.580Z","path":"/designware-ip/security-ip/cryptography-ip","step":"verify","ok":true}
{"t":"2026-09-10T07:05:54.900Z","path":"/designware-ip/security-ip/interface-security-modules/automotive-macsec-1g-25g","step":"verify","ok":true}
{"t":"2026-09-10T07:05:55.360Z","path":"/designware-ip/security-ip/interface-security-modules/content-protection-ip","step":"verify","ok":true}
{"t":"2026-09-10T07:05:56.542Z","path":"/designware-ip/security-ip/interface-security-modules/hpc-macsec-up-to-1-6t","step":"verify","ok":true}
{"t":"2026-09-10T07:05:58.460Z","path":"/designware-ip/security-ip/interface-security-modules/mipi-cse2-security-module","step":"verify","ok":true}
{"t":"2026-09-10T07:06:00.568Z","path":"/designware-ip/security-ip/interface-security-modules/security-cxl2-ide","step":"verify","ok":true}
{"t":"2026-09-10T07:06:01.469Z","path":"/designware-ip/security-ip/interface-security-modules/security-cxl3-ide","step":"verify","ok":true}
{"t":"2026-09-10T07:06:02.990Z","path":"/designware-ip/security-ip/interface-security-modules/security-cxl4-ide","step":"verify","ok":true}
{"t":"2026-09-10T07:06:03.957Z","path":"/designware-ip/security-ip/interface-security-modules/security-ddr-ime","step":"verify","ok":true}
{"t":"2026-09-10T07:06:06.231Z","path":"/designware-ip/security-ip/interface-security-modules/security-ethernet-macsec","step":"verify","ok":true}
{"t":"2026-09-10T07:06:08.175Z","path":"/designware-ip/security-ip/interface-security-modules/security-hdcp-esm-dp","step":"verify","ok":true}
{"t":"2026-09-10T07:06:08.860Z","path":"/designware-ip/security-ip/interface-security-modules/security-hdcp-esm","step":"verify","ok":true}
{"t":"2026-09-10T07:06:10.087Z","path":"/designware-ip/security-ip/interface-security-modules/security-hdcp-esm-multiport","step":"verify","ok":true}
{"t":"2026-09-10T07:06:11.417Z","path":"/designware-ip/security-ip/interface-security-modules/security-pcie5-ide","step":"verify","ok":true}
{"t":"2026-09-10T07:06:13.210Z","path":"/designware-ip/security-ip/interface-security-modules/security-pcie6-ide","step":"verify","ok":true}
{"t":"2026-09-10T07:06:15.200Z","path":"/designware-ip/security-ip/interface-security-modules/ualinksec-200","step":"verify","ok":true}
{"t":"2026-09-10T07:06:16.187Z","path":"/designware-ip/security-ip/interface-security-modules/security-pcie7-ide","step":"verify","ok":true}
{"t":"2026-09-10T07:06:17.159Z","path":"/designware-ip/security-ip/interface-security-modules","step":"verify","ok":true}
{"t":"2026-09-10T07:06:18.941Z","path":"/designware-ip/security-ip/root-of-trust/troot-fx-hw-secure-module","step":"verify","ok":true}
{"t":"2026-09-10T07:06:21.114Z","path":"/designware-ip/security-ip/root-of-trust/troot-hsm-automotive","step":"verify","ok":true}
{"t":"2026-09-10T07:06:23.359Z","path":"/designware-ip/security-ip/root-of-trust/troot-hw-secure-module","step":"verify","ok":true}
{"t":"2026-09-10T07:06:24.246Z","path":"/designware-ip/security-ip/root-of-trust/troot-hsm-isim","step":"verify","ok":true}
{"t":"2026-09-10T07:06:25.521Z","path":"/designware-ip/security-ip/root-of-trust","step":"verify","ok":true}
{"t":"2026-09-10T07:06:26.868Z","path":"/designware-ip/security-ip/security-protocol-accelerators/multipurpose-spacc","step":"verify","ok":true}
{"t":"2026-09-10T07:06:29.050Z","path":"/designware-ip/security-ip/security-protocol-accelerators/security-protocol-accelerator-sm3-sm4","step":"verify","ok":true}
{"t":"2026-09-10T07:06:31.525Z","path":"/designware-ip/security-ip/security-protocol-accelerators","step":"verify","ok":true}
{"t":"2026-09-10T07:06:32.334Z","path":"/designware-ip/security-ip/security-truphone-report","step":"verify","ok":true}
{"t":"2026-09-10T07:06:32.901Z","path":"/designware-ip/security-ip","step":"verify","ok":true}
{"t":"2026-09-10T07:06:34.154Z","path":"/designware-ip/soc-infrastructure-ip/amba/amba-ahb-dma","step":"verify","ok":true}
{"t":"2026-09-10T07:06:36.199Z","path":"/designware-ip/soc-infrastructure-ip/amba/amba-apb-advanced","step":"verify","ok":true}
{"t":"2026-09-10T07:06:37.641Z","path":"/designware-ip/soc-infrastructure-ip/amba/amba-apb-general","step":"verify","ok":true}
{"t":"2026-09-10T07:06:38.161Z","path":"/designware-ip/soc-infrastructure-ip/amba/amba-axi-dma","step":"verify","ok":true}
{"t":"2026-09-10T07:06:38.870Z","path":"/designware-ip/soc-infrastructure-ip/amba/amba-fabric","step":"verify","ok":true}
{"t":"2026-09-10T07:06:40.466Z","path":"/designware-ip/soc-infrastructure-ip/amba/amba-i2c-smbus","step":"verify","ok":true}
{"t":"2026-09-10T07:06:44.224Z","path":"/designware-ip/soc-infrastructure-ip/amba/amba-uart","step":"verify","ok":true}
{"t":"2026-09-10T07:06:44.868Z","path":"/designware-ip/soc-infrastructure-ip/amba/amba-ssi","step":"verify","ok":true}
{"t":"2026-09-10T07:06:45.736Z","path":"/designware-ip/soc-infrastructure-ip/amba/avsbus-controller","step":"verify","ok":true}
{"t":"2026-09-10T07:06:46.449Z","path":"/designware-ip/soc-infrastructure-ip/amba/dw-amba-hybrid","step":"verify","ok":true}
{"t":"2026-09-10T07:06:49.426Z","path":"/designware-ip/soc-infrastructure-ip/amba/espi-controller","step":"verify","ok":true}
{"t":"2026-09-10T07:06:50.179Z","path":"/designware-ip/soc-infrastructure-ip/amba/general-purpose-timer","step":"verify","ok":true}
{"t":"2026-09-10T07:06:50.924Z","path":"/designware-ip/soc-infrastructure-ip/amba/gpio","step":"verify","ok":true}
{"t":"2026-09-10T07:06:52.064Z","path":"/designware-ip/soc-infrastructure-ip/amba/i2c","step":"verify","ok":true}
{"t":"2026-09-10T07:06:54.583Z","path":"/designware-ip/soc-infrastructure-ip/amba/i2s-controller-ip","step":"verify","ok":true}
{"t":"2026-09-10T07:06:55.598Z","path":"/designware-ip/soc-infrastructure-ip/amba/i2s-tdm-audio-controller","step":"verify","ok":true}
{"t":"2026-09-10T07:06:56.154Z","path":"/designware-ip/soc-infrastructure-ip/amba/spi","step":"verify","ok":true}
{"t":"2026-09-10T07:06:57.659Z","path":"/designware-ip/soc-infrastructure-ip/amba/uart","step":"verify","ok":true}
{"t":"2026-09-10T07:07:00.261Z","path":"/designware-ip/soc-infrastructure-ip/amba/watchdog-timer","step":"verify","ok":true}
{"t":"2026-09-10T07:07:01.773Z","path":"/designware-ip/soc-infrastructure-ip/clock-delay-monitor","step":"verify","ok":true}
{"t":"2026-09-10T07:07:02.976Z","path":"/designware-ip/soc-infrastructure-ip/amba","step":"verify","ok":true}
{"t":"2026-09-10T07:07:03.172Z","path":"/designware-ip/soc-infrastructure-ip/designware-library/microcontrollers","step":"verify","ok":true}
{"t":"2026-09-10T07:07:06.723Z","path":"/designware-ip/soc-infrastructure-ip/designware-library","step":"verify","ok":true}
{"t":"2026-09-10T07:07:08.435Z","path":"/designware-ip/soc-infrastructure-ip/foundation-cores","step":"verify","ok":true}
{"t":"2026-09-10T07:07:09.399Z","path":"/designware-ip/soc-infrastructure-ip","step":"verify","ok":true}
{"t":"2026-09-10T07:07:09.528Z","path":"/designware-ip/star-hierarchical-test","step":"verify","ok":true}
{"t":"2026-09-10T07:07:13.223Z","path":"/designware-ip/technical-bulletin/dwtb-archives","step":"verify","ok":true}
{"t":"2026-09-10T07:07:15.323Z","path":"/designware-ip/videos/ddr","step":"verify","ok":true}
{"t":"2026-09-10T07:07:16.644Z","path":"/designware-ip/technical-bulletin","step":"verify","ok":true}
{"t":"2026-09-10T07:07:16.648Z","path":"/designware-ip/videos/die-to-die","step":"verify","ok":true}
{"t":"2026-09-10T07:07:18.849Z","path":"/designware-ip/videos/embedded-memories-logic-libraries","step":"verify","ok":true}
{"t":"2026-09-10T07:07:21.182Z","path":"/designware-ip/videos/ethernet","step":"verify","ok":true}
{"t":"2026-09-10T07:07:23.708Z","path":"/designware-ip/videos/ip-subsystems","step":"verify","ok":true}
{"t":"2026-09-10T07:07:24.073Z","path":"/designware-ip/videos/hdmi","step":"verify","ok":true}
{"t":"2026-09-10T07:07:24.239Z","path":"/designware-ip/videos/mipi","step":"verify","ok":true}
{"t":"2026-09-10T07:07:25.997Z","path":"/designware-ip/videos/nvm","step":"verify","ok":true}
{"t":"2026-09-10T07:07:28.397Z","path":"/designware-ip/videos/pci-express","step":"verify","ok":true}
{"t":"2026-09-10T07:07:29.914Z","path":"/designware-ip/videos/usb-videos","step":"verify","ok":true}
{"t":"2026-09-10T07:07:30.475Z","path":"/designware-ip/videos/security-ip","step":"verify","ok":true}
{"t":"2026-09-10T07:07:31.169Z","path":"/designware-ip/videos","step":"verify","ok":true}
{"t":"2026-09-10T07:07:31.312Z","path":"/dw/buildingblock.php","step":"preview","status":415,"text":"error from content-bus"}
{"t":"2026-09-10T07:07:32.617Z","path":"/dw/doc.php/ds/c/dwc_100g_ethernet_mac_tsn_ds.pdf","step":"preview","status":404,"text":""}
{"t":"2026-09-10T07:07:32.733Z","path":"/dw/doc.php/ds/c/dwc_hdmi13_tx_phy_225gbps-tsmc_65gp25.pdf","step":"preview","status":404,"text":""}
{"t":"2026-09-10T07:07:33.195Z","path":"/dw/doc.php/ds/c/dwc_sata_phy.pdf","step":"preview","status":404,"text":""}
{"t":"2026-09-10T07:07:34.171Z","path":"/dw/doc.php/ds/c/sensor_subsystem_ds.pdf","step":"preview","status":404,"text":""}
{"t":"2026-09-10T07:07:34.260Z","path":"/designware-ip","step":"verify","ok":true}
{"t":"2026-09-10T07:07:34.407Z","path":"/dw/doc.php/ds/c/uart.pdf","step":"preview","status":404,"text":""}
{"t":"2026-09-10T07:07:34.879Z","path":"/dw/doc.php/ds/cc/arc-hs-enhanced-security-package.pdf","step":"preview","status":404,"text":""}
{"t":"2026-09-10T07:07:35.666Z","path":"/dw/doc.php/ds/cc/arc_hs4x.pdf","step":"preview","status":404,"text":""}
{"t":"2026-09-10T07:07:35.803Z","path":"/dw/doc.php/ds/cc/asip-designer-ds.pdf","step":"preview","status":404,"text":""}
{"t":"2026-09-10T07:07:36.032Z","path":"/dw/doc.php/ds/cc/dw-processor-solutions.pdf","step":"preview","status":404,"text":""}
{"t":"2026-09-10T07:07:36.673Z","path":"/dw/doc.php/ds/es/embed_test_repair_ecc.pdf","step":"preview","status":404,"text":""}
{"t":"2026-09-10T07:07:37.381Z","path":"/dw/doc.php/ds/es/in_chip_pvt_monitor_sensor.pdf","step":"preview","status":404,"text":""}
{"t":"2026-09-10T07:07:37.725Z","path":"/dw/doc.php/ds/i/DW8051.pdf","step":"preview","status":404,"text":""}
{"t":"2026-09-10T07:07:37.726Z","path":"/dw/doc.php/ds/i/DW_6811.pdf","step":"preview","status":404,"text":""}
{"t":"2026-09-10T07:07:38.765Z","path":"/dw/doc.php/ds/o/automotive_brochure.pdf","step":"preview","status":404,"text":""}
{"t":"2026-09-10T07:07:39.637Z","path":"/dw/doc.php/ds/o/data_center_brochure.pdf","step":"preview","status":404,"text":""}
{"t":"2026-09-10T07:07:39.642Z","path":"/dw/doc.php/ds/o/cloud_computing_brochure_cn.pdf","step":"preview","status":404,"text":""}
{"t":"2026-09-10T07:07:39.822Z","path":"/dw/doc.php/ds/o/coretools_ds.pdf","step":"preview","status":404,"text":""}
{"t":"2026-09-10T07:07:40.617Z","path":"/dw/doc.php/ds/o/ip_accelerated_brochure.pdf","step":"preview","status":404,"text":""}
{"t":"2026-09-10T07:07:41.388Z","path":"/dw/doc.php/ds/o/ip_prototyping_kit_usb2_hs_otg.pdf","step":"preview","status":404,"text":""}
{"t":"2026-09-10T07:07:41.743Z","path":"/dw/doc.php/ds/o/ip_prototyping_kits_ds.pdf","step":"preview","status":404,"text":""}
{"t":"2026-09-10T07:07:42.102Z","path":"/dw/doc.php/ds/o/ip_prototyping_kit_usb3-1_host_device.pdf","step":"preview","status":404,"text":""}
{"t":"2026-09-10T07:07:42.787Z","path":"/dw/doc.php/ss/GUC_Light_ss_CN.pdf","step":"preview","status":404,"text":""}
{"t":"2026-09-10T07:07:43.257Z","path":"/dw/doc.php/ss/Kyocera_usb_pcie_ether_amba_Jan2015_ss.pdf","step":"preview","status":404,"text":""}
{"t":"2026-09-10T07:07:43.811Z","path":"/dw/doc.php/ss/Movidius_ss.pdf","step":"preview","status":404,"text":""}
{"t":"2026-09-10T07:07:44.309Z","path":"/dw/doc.php/ss/Novatek_MIPI_FIP_ss.pdf","step":"preview","status":404,"text":""}
{"t":"2026-09-10T07:07:44.663Z","path":"/dw/doc.php/ss/abilis_ss.pdf","step":"preview","status":404,"text":""}
{"t":"2026-09-10T07:07:45.019Z","path":"/dw/doc.php/ss/achronix-speedster7t_ss.pdf","step":"preview","status":404,"text":""}
{"t":"2026-09-10T07:07:45.536Z","path":"/dw/doc.php/ss/amd_ss_cn.pdf","step":"preview","status":404,"text":""}
{"t":"2026-09-10T07:07:46.146Z","path":"/dw/doc.php/ss/arbe-imaging-radar_ss.pdf","step":"preview","status":404,"text":""}
{"t":"2026-09-10T07:07:46.884Z","path":"/dw/doc.php/ss/ewbm-security-success-story.pdf","step":"preview","status":404,"text":""}
{"t":"2026-09-10T07:07:46.895Z","path":"/dw/doc.php/ss/asip_riken_success_story_China.pdf","step":"preview","status":404,"text":""}
{"t":"2026-09-10T07:07:47.650Z","path":"/dw/doc.php/ss/inuitive_usb_ddr_mipi_foundationip_ss.pdf","step":"preview","status":404,"text":""}
{"t":"2026-09-10T07:07:48.042Z","path":"/dw/doc.php/ss/megachips-security-success-story.pdf","step":"preview","status":404,"text":""}
{"t":"2026-09-10T07:07:48.622Z","path":"/dw/doc.php/ss/orbbec_ss_CH.pdf","step":"preview","status":404,"text":""}
{"t":"2026-09-10T07:07:48.712Z","path":"/dw/doc.php/ss/megachips-security-success-story_CHINA.pdf","step":"preview","status":404,"text":""}
{"t":"2026-09-10T07:07:49.407Z","path":"/dw/doc.php/ss/siglead_ss.pdf","step":"preview","status":404,"text":""}
{"t":"2026-09-10T07:07:49.736Z","path":"/dw/doc.php/ss/starblaze_ss.pdf","step":"preview","status":404,"text":""}
{"t":"2026-09-10T07:07:50.490Z","path":"/dw/doc.php/ss/starblaze_ss_cn.pdf","step":"preview","status":404,"text":""}
{"t":"2026-09-10T07:07:50.608Z","path":"/dw/doc.php/ss/xconn_ss.pdf","step":"preview","status":404,"text":""}
{"t":"2026-09-10T07:07:51.140Z","path":"/dw/doc.php/wp/Evolution_of_Data_Center_Networking_Technology-IP_and_Beyond_wp.pdf","step":"preview","status":404,"text":""}
{"t":"2026-09-10T07:07:51.996Z","path":"/dw/doc.php/wp/How_New_Storage_Technologies_Enhance_HPC_Systems.pdf","step":"preview","status":404,"text":""}
{"t":"2026-09-10T07:07:52.467Z","path":"/dw/doc.php/wp/How_the_Doubling_of_Interconnect_Bandwidth_with_PCIe_6.0_Impacts_IP_Electrical_Validation_wp.pdf","step":"preview","status":404,"text":""}
{"t":"2026-09-10T07:07:52.971Z","path":"/dw/doc.php/wp/arc_low_power_machine_learning_for_iot.pdf","step":"preview","status":404,"text":""}
{"t":"2026-09-10T07:07:53.080Z","path":"/dw/doc.php/wp/amba_hybrid_wp.pdf","step":"preview","status":404,"text":""}
{"t":"2026-09-10T07:07:53.827Z","path":"/dw/doc.php/wp/arc_low_power_machine_learning_for_iot_cn.pdf","step":"preview","status":404,"text":""}
{"t":"2026-09-10T07:07:54.411Z","path":"/dw/doc.php/wp/arc_software_test_library.pdf","step":"preview","status":404,"text":""}
{"t":"2026-09-10T07:07:54.848Z","path":"/dw/doc.php/wp/dataconverters_ip_for_automotive_socs_white_paper.pdf","step":"preview","status":404,"text":""}
{"t":"2026-09-10T07:07:55.252Z","path":"/dw/doc.php/wp/calibrate_and_configure_your_power_management_ic_with_nvm_ip_wp_sch.pdf","step":"preview","status":404,"text":""}
{"t":"2026-09-10T07:07:55.908Z","path":"/dw/doc.php/wp/designing-computational-imaging-systems-wp.pdf","step":"preview","status":404,"text":""}
{"t":"2026-09-10T07:07:56.441Z","path":"/dw/doc.php/wp/integrating-fs-and-qms-arc.pdf","step":"preview","status":404,"text":""}
{"t":"2026-09-10T07:07:57.129Z","path":"/dw/doc.php/wp/tortuga-build-secure-processor-systems-faster.pdf","step":"preview","status":404,"text":""}
{"t":"2026-09-10T07:07:58.500Z","path":"/dw/emllselector.php","step":"preview","status":415,"text":"error from content-bus"}
{"t":"2026-09-10T07:07:59.511Z","path":"/dw/doc.php/wp/neuromorphic_computing_emerging_memories_artificial_intelligence_socs.pdf","step":"preview","status":404,"text":""}
{"t":"2026-09-10T07:07:59.893Z","path":"/dw/emllselector.php?i=IO","step":"preview","status":415,"text":"error from content-bus"}
{"t":"2026-09-10T07:08:00.585Z","path":"/dw/ipdir.php?c=DW01_absval","step":"preview","status":415,"text":"error from content-bus"}
{"t":"2026-09-10T07:08:02.379Z","path":"/dw/emllselector.php/university","step":"verify","ok":true}
{"t":"2026-09-10T07:08:02.748Z","path":"/dw/ipdir.php?c=DW01_add","step":"preview","status":415,"text":"error from content-bus"}
{"t":"2026-09-10T07:08:04.587Z","path":"/dw/ipdir.php?c=DW01_addsub","step":"preview","status":415,"text":"error from content-bus"}
{"t":"2026-09-10T07:08:06.692Z","path":"/dw/ipdir.php?c=DW01_cmp2","step":"preview","status":415,"text":"error from content-bus"}
{"t":"2026-09-10T07:08:09.690Z","path":"/dw/ipdir.php?c=DW01_cmp6","step":"preview","status":415,"text":"error from content-bus"}
{"t":"2026-09-10T07:08:12.235Z","path":"/dw/ipdir.php?c=DW01_csa","step":"preview","status":415,"text":"error from content-bus"}
{"t":"2026-09-10T07:08:14.712Z","path":"/dw/ipdir.php?c=DW01_dec","step":"preview","status":415,"text":"error from content-bus"}
{"t":"2026-09-10T07:08:15.245Z","path":"/dw/ipdir.php?c=DW01_ash","step":"put","status":412,"text":"{\"source\":{\"editUrl\":\"https://da.live/edit#/paolomoz/synopsis-sd/dw/ipdir.php\",\"contentUrl\":\"https://content.da.live/paolomoz/synopsis-sd/dw/ipdir.php\"},\"aem\":{\"previewUrl\":\"https://main--synopsis-sd-"}
{"t":"2026-09-10T07:08:17.971Z","path":"/dw/ipdir.php?c=DW01_binenc","step":"preview","status":415,"text":"error from content-bus"}
{"t":"2026-09-10T07:08:19.772Z","path":"/dw/ipdir.php?c=DW01_inc","step":"preview","status":415,"text":"error from content-bus"}
{"t":"2026-09-10T07:08:22.534Z","path":"/dw/ipdir.php?c=DW01_bsh","step":"preview","status":415,"text":"error from content-bus"}
{"t":"2026-09-10T07:08:24.860Z","path":"/dw/ipdir.php?c=DW01_decode","step":"preview","status":415,"text":"error from content-bus"}
{"t":"2026-09-10T07:08:27.475Z","path":"/dw/ipdir.php?c=DW01_mux_any","step":"preview","status":415,"text":"error from content-bus"}
{"t":"2026-09-10T07:08:30.827Z","path":"/dw/ipdir.php?c=DW01_sub","step":"preview","status":415,"text":"error from content-bus"}
{"t":"2026-09-10T07:08:33.446Z","path":"/dw/ipdir.php?c=DW01_satrnd","step":"preview","status":415,"text":"error from content-bus"}
{"t":"2026-09-10T07:08:35.832Z","path":"/dw/ipdir.php?c=DW02_mac","step":"preview","status":415,"text":"error from content-bus"}
{"t":"2026-09-10T07:08:39.702Z","path":"/dw/ipdir.php?c=DW02_mult","step":"preview","status":415,"text":"error from content-bus"}
{"t":"2026-09-10T07:08:42.055Z","path":"/dw/ipdir.php?c=DW02_mult_2_stage","step":"preview","status":415,"text":"error from content-bus"}
{"t":"2026-09-10T07:08:42.620Z","path":"/dw/ipdir.php?c=DW01_prienc","step":"put","status":412,"text":"{\"source\":{\"editUrl\":\"https://da.live/edit#/paolomoz/synopsis-sd/dw/ipdir.php\",\"contentUrl\":\"https://content.da.live/paolomoz/synopsis-sd/dw/ipdir.php\"},\"aem\":{\"previewUrl\":\"https://main--synopsis-sd-"}
{"t":"2026-09-10T07:08:44.688Z","path":"/dw/ipdir.php?c=DW02_mult_4_stage","step":"preview","status":415,"text":"error from content-bus"}
{"t":"2026-09-10T07:08:46.161Z","path":"/dw/ipdir.php?c=DW01_incdec","step":"preview","status":415,"text":"error from content-bus"}
{"t":"2026-09-10T07:08:48.835Z","path":"/dw/ipdir.php?c=DW02_mult_3_stage","step":"preview","status":415,"text":"error from content-bus"}
{"t":"2026-09-10T07:08:52.306Z","path":"/dw/ipdir.php?c=DW02_mult_6_stage","step":"preview","status":415,"text":"error from content-bus"}
{"t":"2026-09-10T07:08:54.841Z","path":"/dw/ipdir.php?c=DW02_prod_sum1","step":"preview","status":415,"text":"error from content-bus"}
{"t":"2026-09-10T07:08:58.246Z","path":"/dw/ipdir.php?c=DW02_sum","step":"preview","status":415,"text":"error from content-bus"}
{"t":"2026-09-10T07:09:00.583Z","path":"/dw/ipdir.php?c=DW02_tree","step":"preview","status":415,"text":"error from content-bus"}
{"t":"2026-09-10T07:09:03.713Z","path":"/dw/ipdir.php?c=DW02_mult_5_stage","step":"preview","status":415,"text":"error from content-bus"}
{"t":"2026-09-10T07:09:06.679Z","path":"/dw/ipdir.php?c=DW03_bictr_decode","step":"preview","status":415,"text":"error from content-bus"}
{"t":"2026-09-10T07:09:08.915Z","path":"/dw/ipdir.php?c=DW02_prod_sum","step":"put","status":412,"text":"{\"source\":{\"editUrl\":\"https://da.live/edit#/paolomoz/synopsis-sd/dw/ipdir.php\",\"contentUrl\":\"https://content.da.live/paolomoz/synopsis-sd/dw/ipdir.php\"},\"aem\":{\"previewUrl\":\"https://main--synopsis-sd-"}
{"t":"2026-09-10T07:09:09.241Z","path":"/dw/ipdir.php?c=DW03_bictr_dcnto","step":"preview","status":415,"text":"error from content-bus"}
{"t":"2026-09-10T07:09:11.563Z","path":"/dw/ipdir.php?c=DW03_lfsr_load","step":"preview","status":415,"text":"error from content-bus"}
{"t":"2026-09-10T07:09:14.045Z","path":"/dw/ipdir.php?c=DW03_lfsr_scnto","step":"preview","status":415,"text":"error from content-bus"}
{"t":"2026-09-10T07:09:15.746Z","path":"/dw/ipdir.php?c=DW02_multp","step":"put","status":412,"text":"{\"source\":{\"editUrl\":\"https://da.live/edit#/paolomoz/synopsis-sd/dw/ipdir.php\",\"contentUrl\":\"https://content.da.live/paolomoz/synopsis-sd/dw/ipdir.php\"},\"aem\":{\"previewUrl\":\"https://main--synopsis-sd-"}
{"t":"2026-09-10T07:09:16.750Z","path":"/dw/ipdir.php?c=DW03_lfsr_dcnto","step":"preview","status":415,"text":"error from content-bus"}
{"t":"2026-09-10T07:09:19.212Z","path":"/dw/ipdir.php?c=DW03_reg_s_pl","step":"preview","status":415,"text":"error from content-bus"}
{"t":"2026-09-10T07:09:22.501Z","path":"/dw/ipdir.php?c=DW03_bictr_scnto","step":"put","status":412,"text":"{\"source\":{\"editUrl\":\"https://da.live/edit#/paolomoz/synopsis-sd/dw/ipdir.php\",\"contentUrl\":\"https://content.da.live/paolomoz/synopsis-sd/dw/ipdir.php\"},\"aem\":{\"previewUrl\":\"https://main--synopsis-sd-"}
{"t":"2026-09-10T07:09:22.772Z","path":"/dw/ipdir.php?c=DW03_lfsr_updn","step":"preview","status":415,"text":"error from content-bus"}
{"t":"2026-09-10T07:09:24.838Z","path":"/dw/ipdir.php?c=DW03_updn_ctr","step":"preview","status":415,"text":"error from content-bus"}
{"t":"2026-09-10T07:09:27.350Z","path":"/dw/ipdir.php?c=DW04_shad_reg","step":"preview","status":415,"text":"error from content-bus"}
{"t":"2026-09-10T07:09:29.786Z","path":"/dw/ipdir.php?c=DW03_shftreg","step":"preview","status":415,"text":"error from content-bus"}
{"t":"2026-09-10T07:09:32.381Z","path":"/dw/ipdir.php?c=DWF_dp_blend","step":"preview","status":415,"text":"error from content-bus"}
{"t":"2026-09-10T07:09:34.824Z","path":"/dw/ipdir.php?c=DWF_dp_count_ones","step":"preview","status":415,"text":"error from content-bus"}
{"t":"2026-09-10T07:09:37.510Z","path":"/dw/ipdir.php?c=DWF_dp_mult_comb","step":"preview","status":415,"text":"error from content-bus"}
{"t":"2026-09-10T07:09:40.532Z","path":"/dw/ipdir.php?c=DW03_pipe_reg","step":"preview","status":415,"text":"error from content-bus"}
{"t":"2026-09-10T07:09:43.514Z","path":"/dw/ipdir.php?c=DWF_dp_absval","step":"preview","status":415,"text":"error from content-bus"}
{"t":"2026-09-10T07:09:45.606Z","path":"/dw/ipdir.php?c=DW04_par_gen","step":"put","status":412,"text":"{\"source\":{\"editUrl\":\"https://da.live/edit#/paolomoz/synopsis-sd/dw/ipdir.php\",\"contentUrl\":\"https://content.da.live/paolomoz/synopsis-sd/dw/ipdir.php\"},\"aem\":{\"previewUrl\":\"https://main--synopsis-sd-"}
{"t":"2026-09-10T07:09:45.904Z","path":"/dw/ipdir.php?c=DWF_dp_mult_comb_ovfldet","step":"preview","status":415,"text":"error from content-bus"}
{"t":"2026-09-10T07:09:48.637Z","path":"/dw/ipdir.php?c=DWF_dp_rnd","step":"preview","status":415,"text":"error from content-bus"}
{"t":"2026-09-10T07:09:51.063Z","path":"/dw/ipdir.php?c=DWF_dp_rndsat","step":"preview","status":415,"text":"error from content-bus"}
{"t":"2026-09-10T07:09:54.408Z","path":"/dw/ipdir.php?c=DWF_dp_sat","step":"preview","status":415,"text":"error from content-bus"}
{"t":"2026-09-10T07:09:56.275Z","path":"/dw/ipdir.php?c=DWF_dp_mult_ovfldet","step":"preview","status":415,"text":"error from content-bus"}
{"t":"2026-09-10T07:09:58.371Z","path":"/dw/ipdir.php?c=DWF_dp_sign_select","step":"preview","status":415,"text":"error from content-bus"}
{"t":"2026-09-10T07:10:01.081Z","path":"/dw/ipdir.php?c=DWF_dp_simd_add","step":"preview","status":415,"text":"error from content-bus"}
{"t":"2026-09-10T07:10:03.622Z","path":"/dw/ipdir.php?c=DWF_dp_mult_sat","step":"put","status":412,"text":"{\"source\":{\"editUrl\":\"https://da.live/edit#/paolomoz/synopsis-sd/dw/ipdir.php\",\"contentUrl\":\"https://content.da.live/paolomoz/synopsis-sd/dw/ipdir.php\"},\"aem\":{\"previewUrl\":\"https://main--synopsis-sd-"}
{"t":"2026-09-10T07:10:04.125Z","path":"/dw/ipdir.php?c=DWF_dp_mult_comb_sat","step":"preview","status":415,"text":"error from content-bus"}
{"t":"2026-09-10T07:10:06.538Z","path":"/dw/ipdir.php?c=DWF_dp_sub_abs","step":"preview","status":415,"text":"error from content-bus"}
{"t":"2026-09-10T07:10:09.721Z","path":"/dw/ipdir.php?c=DW_8b10b_enc","step":"preview","status":415,"text":"error from content-bus"}
{"t":"2026-09-10T07:10:12.902Z","path":"/dw/ipdir.php?c=DWF_dp_simd_mult","step":"preview","status":415,"text":"error from content-bus"}
{"t":"2026-09-10T07:10:15.935Z","path":"/dw/ipdir.php?c=DW_8b10b_unbal","step":"preview","status":415,"text":"error from content-bus"}
{"t":"2026-09-10T07:10:15.966Z","path":"/dw/ipdir.php?c=DWF_dp_simd_addc","step":"put","status":412,"text":"{\"source\":{\"editUrl\":\"https://da.live/edit#/paolomoz/synopsis-sd/dw/ipdir.php\",\"contentUrl\":\"https://content.da.live/paolomoz/synopsis-sd/dw/ipdir.php\"},\"aem\":{\"previewUrl\":\"https://main--synopsis-sd-"}
{"t":"2026-09-10T07:10:18.339Z","path":"/dw/ipdir.php?c=DW_addsub_dx","step":"preview","status":415,"text":"error from content-bus"}
{"t":"2026-09-10T07:10:20.336Z","path":"/dw/ipdir.php?c=DW_ahb","step":"preview","status":415,"text":"error from content-bus"}
{"t":"2026-09-10T07:10:22.560Z","path":"/dw/ipdir.php?c=DW_ahb_h2h","step":"preview","status":415,"text":"error from content-bus"}
{"t":"2026-09-10T07:10:25.377Z","path":"/dw/ipdir.php?c=DW_ahb_eh2h","step":"preview","status":415,"text":"error from content-bus"}
{"t":"2026-09-10T07:10:25.893Z","path":"/dw/ipdir.php?c=DW_8b10b_dec","step":"put","status":412,"text":"{\"source\":{\"editUrl\":\"https://da.live/edit#/paolomoz/synopsis-sd/dw/ipdir.php\",\"contentUrl\":\"https://content.da.live/paolomoz/synopsis-sd/dw/ipdir.php\"},\"aem\":{\"previewUrl\":\"https://main--synopsis-sd-"}
{"t":"2026-09-10T07:10:27.989Z","path":"/dw/ipdir.php?c=DW_ahb_ictl,DW_apb_ictl","step":"preview","status":415,"text":"error from content-bus"}
{"t":"2026-09-10T07:10:30.314Z","path":"/dw/ipdir.php?c=DW_ahb_icm","step":"preview","status":415,"text":"error from content-bus"}
{"t":"2026-09-10T07:10:32.864Z","path":"/dw/ipdir.php?c=DW_ahb_dmac","step":"preview","status":415,"text":"error from content-bus"}
{"t":"2026-09-10T07:10:35.936Z","path":"/dw/ipdir.php?c=DW_apb_rap","step":"preview","status":415,"text":"error from content-bus"}
{"t":"2026-09-10T07:10:39.270Z","path":"/dw/ipdir.php?c=DW_apb_gpio","step":"preview","status":415,"text":"error from content-bus"}
{"t":"2026-09-10T07:10:42.150Z","path":"/dw/ipdir.php?c=DW_apb_ssi","step":"preview","status":415,"text":"error from content-bus"}
{"t":"2026-09-10T07:10:45.163Z","path":"/dw/ipdir.php?c=DW_apb_i2s","step":"preview","status":415,"text":"error from content-bus"}
{"t":"2026-09-10T07:10:48.123Z","path":"/dw/ipdir.php?c=DW_apb_rtc","step":"preview","status":415,"text":"error from content-bus"}
{"t":"2026-09-10T07:10:48.989Z","path":"/dw/ipdir.php?c=DW_apb","step":"put","status":412,"text":"{\"source\":{\"editUrl\":\"https://da.live/edit#/paolomoz/synopsis-sd/dw/ipdir.php\",\"contentUrl\":\"https://content.da.live/paolomoz/synopsis-sd/dw/ipdir.php\"},\"aem\":{\"previewUrl\":\"https://main--synopsis-sd-"}
{"t":"2026-09-10T07:10:51.180Z","path":"/dw/ipdir.php?c=DW_apb_timers","step":"preview","status":415,"text":"error from content-bus"}
{"t":"2026-09-10T07:10:54.205Z","path":"/dw/ipdir.php?c=DW_arb_fcfs","step":"preview","status":415,"text":"error from content-bus"}
{"t":"2026-09-10T07:10:56.891Z","path":"/dw/ipdir.php?c=DW_arb_2t","step":"preview","status":415,"text":"error from content-bus"}
{"t":"2026-09-10T07:11:00.357Z","path":"/dw/ipdir.php?c=DW_arb_rr","step":"preview","status":415,"text":"error from content-bus"}
{"t":"2026-09-10T07:11:03.167Z","path":"/dw/ipdir.php?c=DW_asymdata_inbuf","step":"preview","status":415,"text":"error from content-bus"}
{"t":"2026-09-10T07:11:06.288Z","path":"/dw/ipdir.php?c=DW_arb_sp","step":"preview","status":415,"text":"error from content-bus"}
{"t":"2026-09-10T07:11:09.728Z","path":"/dw/ipdir.php?c=DW_apb_wdt","step":"preview","status":415,"text":"error from content-bus"}
{"t":"2026-09-10T07:11:10.499Z","path":"/dw/ipdir.php?c=DW_arb_dp","step":"put","status":412,"text":"{\"source\":{\"editUrl\":\"https://da.live/edit#/paolomoz/synopsis-sd/dw/ipdir.php\",\"contentUrl\":\"https://content.da.live/paolomoz/synopsis-sd/dw/ipdir.php\"},\"aem\":{\"previewUrl\":\"https://main--synopsis-sd-"}
{"t":"2026-09-10T07:11:12.621Z","path":"/dw/ipdir.php?c=DW_asymfifo_s1_sf","step":"preview","status":415,"text":"error from content-bus"}
{"t":"2026-09-10T07:11:15.503Z","path":"/dw/ipdir.php?c=DW_asymfifoctl_2c_df","step":"preview","status":415,"text":"error from content-bus"}
{"t":"2026-09-10T07:11:17.522Z","path":"/dw/ipdir.php?c=DW_asymdata_outbuf","step":"preview","status":415,"text":"error from content-bus"}
{"t":"2026-09-10T07:11:19.653Z","path":"/dw/ipdir.php?c=DW_asymfifo_s1_df","step":"preview","status":415,"text":"error from content-bus"}
{"t":"2026-09-10T07:11:21.743Z","path":"/dw/ipdir.php?c=DW_asymfifoctl_s1_df","step":"preview","status":415,"text":"error from content-bus"}
{"t":"2026-09-10T07:11:24.010Z","path":"/dw/ipdir.php?c=DW_axi","step":"preview","status":415,"text":"error from content-bus"}
{"t":"2026-09-10T07:11:27.163Z","path":"/dw/ipdir.php?c=DW_axi_a2x","step":"preview","status":415,"text":"error from content-bus"}
{"t":"2026-09-10T07:11:29.439Z","path":"/dw/ipdir.php?c=DW_asymfifo_s2_sf","step":"preview","status":415,"text":"error from content-bus"}
{"t":"2026-09-10T07:11:33.124Z","path":"/dw/ipdir.php?c=DW_axi_dmac","step":"preview","status":415,"text":"error from content-bus"}
{"t":"2026-09-10T07:11:35.708Z","path":"/dw/ipdir.php?c=DW_asymfifoctl_s2_sf","step":"preview","status":415,"text":"error from content-bus"}
{"t":"2026-09-10T07:11:36.087Z","path":"/dw/ipdir.php?c=DW_asymfifoctl_s1_sf","step":"put","status":412,"text":"{\"source\":{\"editUrl\":\"https://da.live/edit#/paolomoz/synopsis-sd/dw/ipdir.php\",\"contentUrl\":\"https://content.da.live/paolomoz/synopsis-sd/dw/ipdir.php\"},\"aem\":{\"previewUrl\":\"https://main--synopsis-sd-"}
{"t":"2026-09-10T07:11:38.828Z","path":"/dw/ipdir.php?c=DW_axi_rs","step":"preview","status":415,"text":"error from content-bus"}
{"t":"2026-09-10T07:11:41.258Z","path":"/dw/ipdir.php?c=DW_axi_x2h","step":"preview","status":415,"text":"error from content-bus"}
{"t":"2026-09-10T07:11:43.863Z","path":"/dw/ipdir.php?c=DW_axi_x2p","step":"preview","status":415,"text":"error from content-bus"}
{"t":"2026-09-10T07:11:46.598Z","path":"/dw/ipdir.php?c=DW_axi_x2x","step":"preview","status":415,"text":"error from content-bus"}
{"t":"2026-09-10T07:11:49.338Z","path":"/dw/ipdir.php?c=DW_axi_hmx","step":"preview","status":415,"text":"error from content-bus"}
{"t":"2026-09-10T07:11:49.936Z","path":"/dw/ipdir.php?c=DW_axi_gm","step":"put","status":412,"text":"{\"source\":{\"editUrl\":\"https://da.live/edit#/paolomoz/synopsis-sd/dw/ipdir.php\",\"contentUrl\":\"https://content.da.live/paolomoz/synopsis-sd/dw/ipdir.php\"},\"aem\":{\"previewUrl\":\"https://main--synopsis-sd-"}
{"t":"2026-09-10T07:11:51.765Z","path":"/dw/ipdir.php?c=DW_bc_1","step":"preview","status":415,"text":"error from content-bus"}
{"t":"2026-09-10T07:11:54.612Z","path":"/dw/ipdir.php?c=DW_bc_3","step":"preview","status":415,"text":"error from content-bus"}
{"t":"2026-09-10T07:11:56.990Z","path":"/dw/ipdir.php?c=DW_bc_10","step":"preview","status":415,"text":"error from content-bus"}
{"t":"2026-09-10T07:11:59.572Z","path":"/dw/ipdir.php?c=DW_bc_5","step":"preview","status":415,"text":"error from content-bus"}
{"t":"2026-09-10T07:12:02.036Z","path":"/dw/ipdir.php?c=DW_bc_4","step":"preview","status":415,"text":"error from content-bus"}
{"t":"2026-09-10T07:12:03.628Z","path":"/dw/ipdir.php?c=DW_axi_gs","step":"put","status":412,"text":"{\"source\":{\"editUrl\":\"https://da.live/edit#/paolomoz/synopsis-sd/dw/ipdir.php\",\"contentUrl\":\"https://content.da.live/paolomoz/synopsis-sd/dw/ipdir.php\"},\"aem\":{\"previewUrl\":\"https://main--synopsis-sd-"}
{"t":"2026-09-10T07:12:05.842Z","path":"/dw/ipdir.php?c=DW_bc_8","step":"preview","status":415,"text":"error from content-bus"}
{"t":"2026-09-10T07:12:07.644Z","path":"/dw/ipdir.php?c=DW_bc_9","step":"preview","status":415,"text":"error from content-bus"}
{"t":"2026-09-10T07:12:10.210Z","path":"/dw/ipdir.php?c=DW_bc_7","step":"preview","status":415,"text":"error from content-bus"}
{"t":"2026-09-10T07:12:10.778Z","path":"/dw/ipdir.php?c=DW_bc_2","step":"put","status":412,"text":"{\"source\":{\"editUrl\":\"https://da.live/edit#/paolomoz/synopsis-sd/dw/ipdir.php\",\"contentUrl\":\"https://content.da.live/paolomoz/synopsis-sd/dw/ipdir.php\"},\"aem\":{\"previewUrl\":\"https://main--synopsis-sd-"}
{"t":"2026-09-10T07:12:13.437Z","path":"/dw/ipdir.php?c=DW_cmp_dx","step":"preview","status":415,"text":"error from content-bus"}
{"t":"2026-09-10T07:12:15.984Z","path":"/dw/ipdir.php?c=DW_cntr_gray","step":"preview","status":415,"text":"error from content-bus"}
{"t":"2026-09-10T07:12:19.330Z","path":"/dw/ipdir.php?c=DW_data_qsync_hl","step":"preview","status":415,"text":"error from content-bus"}
{"t":"2026-09-10T07:12:22.322Z","path":"/dw/ipdir.php?c=DW_crc_s","step":"preview","status":415,"text":"error from content-bus"}
{"t":"2026-09-10T07:12:24.415Z","path":"/dw/ipdir.php?c=DW_bin2gray","step":"preview","status":415,"text":"error from content-bus"}
{"t":"2026-09-10T07:12:26.706Z","path":"/dw/ipdir.php?c=DW_data_sync","step":"preview","status":415,"text":"error from content-bus"}
{"t":"2026-09-10T07:12:29.039Z","path":"/dw/ipdir.php?c=DW_data_sync_1c","step":"preview","status":415,"text":"error from content-bus"}
{"t":"2026-09-10T07:12:31.393Z","path":"/dw/ipdir.php?c=DW_dct_2d","step":"preview","status":415,"text":"error from content-bus"}
{"t":"2026-09-10T07:12:33.814Z","path":"/dw/ipdir.php?c=DW_decode_en","step":"preview","status":415,"text":"error from content-bus"}
{"t":"2026-09-10T07:12:35.711Z","path":"/dw/ipdir.php?c=DW_data_qsync_lh","step":"put","status":412,"text":"{\"source\":{\"editUrl\":\"https://da.live/edit#/paolomoz/synopsis-sd/dw/ipdir.php\",\"contentUrl\":\"https://content.da.live/paolomoz/synopsis-sd/dw/ipdir.php\"},\"aem\":{\"previewUrl\":\"https://main--synopsis-sd-"}
{"t":"2026-09-10T07:12:35.718Z","path":"/dw/ipdir.php?c=DW_data_sync_na","step":"preview","status":415,"text":"error from content-bus"}
{"t":"2026-09-10T07:12:38.336Z","path":"/dw/ipdir.php?c=DW_div_pipe","step":"preview","status":415,"text":"error from content-bus"}
{"t":"2026-09-10T07:12:40.771Z","path":"/dw/ipdir.php?c=DW_div_seq","step":"preview","status":415,"text":"error from content-bus"}
{"t":"2026-09-10T07:12:42.805Z","path":"/dw/ipdir.php?c=DW_crc_p","step":"put","status":412,"text":"{\"source\":{\"editUrl\":\"https://da.live/edit#/paolomoz/synopsis-sd/dw/ipdir.php\",\"contentUrl\":\"https://content.da.live/paolomoz/synopsis-sd/dw/ipdir.php\"},\"aem\":{\"previewUrl\":\"https://main--synopsis-sd-"}
{"t":"2026-09-10T07:12:43.485Z","path":"/dw/ipdir.php?c=DW_div","step":"preview","status":415,"text":"error from content-bus"}
{"t":"2026-09-10T07:12:46.331Z","path":"/dw/ipdir.php?c=DW_ecc","step":"preview","status":415,"text":"error from content-bus"}
{"t":"2026-09-10T07:12:49.841Z","path":"/dw/ipdir.php?c=DW_exp2","step":"preview","status":415,"text":"error from content-bus"}
{"t":"2026-09-10T07:12:52.103Z","path":"/dw/ipdir.php?c=DW_div_sat","step":"put","status":412,"text":"{\"source\":{\"editUrl\":\"https://da.live/edit#/paolomoz/synopsis-sd/dw/ipdir.php\",\"contentUrl\":\"https://content.da.live/paolomoz/synopsis-sd/dw/ipdir.php\"},\"aem\":{\"previewUrl\":\"https://main--synopsis-sd-"}
{"t":"2026-09-10T07:12:52.570Z","path":"/dw/ipdir.php?c=DW_fifo_s1_df","step":"preview","status":415,"text":"error from content-bus"}
{"t":"2026-09-10T07:12:54.976Z","path":"/dw/ipdir.php?c=DW_fifo_s2_sf","step":"preview","status":415,"text":"error from content-bus"}
{"t":"2026-09-10T07:12:57.555Z","path":"/dw/ipdir.php?c=DW_fifoctl_2c_df","step":"preview","status":415,"text":"error from content-bus"}
{"t":"2026-09-10T07:13:00.242Z","path":"/dw/ipdir.php?c=DW_dpll_sd","step":"preview","status":415,"text":"error from content-bus"}
{"t":"2026-09-10T07:13:02.366Z","path":"/dw/ipdir.php?c=DW_fifo_s1_sf","step":"preview","status":415,"text":"error from content-bus"}
{"t":"2026-09-10T07:13:05.951Z","path":"/dw/ipdir.php?c=DW_fifoctl_s2_sf","step":"preview","status":415,"text":"error from content-bus"}
{"t":"2026-09-10T07:13:07.966Z","path":"/dw/ipdir.php?c=DW_fir","step":"preview","status":415,"text":"error from content-bus"}
{"t":"2026-09-10T07:13:10.964Z","path":"/dw/ipdir.php?c=DW_fifoctl_s1_sf","step":"preview","status":415,"text":"error from content-bus"}
{"t":"2026-09-10T07:13:13.941Z","path":"/dw/ipdir.php?c=DW_fp_add","step":"preview","status":415,"text":"error from content-bus"}
{"t":"2026-09-10T07:13:14.589Z","path":"/dw/ipdir.php?c=DW_fifo_2c_df","step":"put","status":412,"text":"{\"source\":{\"editUrl\":\"https://da.live/edit#/paolomoz/synopsis-sd/dw/ipdir.php\",\"contentUrl\":\"https://content.da.live/paolomoz/synopsis-sd/dw/ipdir.php\"},\"aem\":{\"previewUrl\":\"https://main--synopsis-sd-"}
{"t":"2026-09-10T07:13:17.252Z","path":"/dw/ipdir.php?c=DW_fir_seq","step":"preview","status":415,"text":"error from content-bus"}
{"t":"2026-09-10T07:13:18.796Z","path":"/dw/ipdir.php?c=DW_fifoctl_s1_df","step":"put","status":412,"text":"{\"source\":{\"editUrl\":\"https://da.live/edit#/paolomoz/synopsis-sd/dw/ipdir.php\",\"contentUrl\":\"https://content.da.live/paolomoz/synopsis-sd/dw/ipdir.php\"},\"aem\":{\"previewUrl\":\"https://main--synopsis-sd-"}
{"t":"2026-09-10T07:13:20.993Z","path":"/dw/ipdir.php?c=DW_fp_addsub_DG","step":"preview","status":415,"text":"error from content-bus"}
{"t":"2026-09-10T07:13:23.377Z","path":"/dw/ipdir.php?c=DW_fp_add_DG","step":"preview","status":415,"text":"error from content-bus"}
{"t":"2026-09-10T07:13:26.092Z","path":"/dw/ipdir.php?c=DW_fp_div","step":"preview","status":415,"text":"error from content-bus"}
{"t":"2026-09-10T07:13:29.022Z","path":"/dw/ipdir.php?c=DW_fp_div_DG","step":"preview","status":415,"text":"error from content-bus"}
{"t":"2026-09-10T07:13:31.887Z","path":"/dw/ipdir.php?c=DW_fp_cmp_DG","step":"preview","status":415,"text":"error from content-bus"}
{"t":"2026-09-10T07:13:34.545Z","path":"/dw/ipdir.php?c=DW_fp_cmp","step":"put","status":412,"text":"{\"source\":{\"editUrl\":\"https://da.live/edit#/paolomoz/synopsis-sd/dw/ipdir.php\",\"contentUrl\":\"https://content.da.live/paolomoz/synopsis-sd/dw/ipdir.php\"},\"aem\":{\"previewUrl\":\"https://main--synopsis-sd-"}
{"t":"2026-09-10T07:13:34.698Z","path":"/dw/ipdir.php?c=DW_fp_div_seq","step":"preview","status":415,"text":"error from content-bus"}
{"t":"2026-09-10T07:13:37.688Z","path":"/dw/ipdir.php?c=DW_fp_dp3","step":"preview","status":415,"text":"error from content-bus"}
{"t":"2026-09-10T07:13:40.298Z","path":"/dw/ipdir.php?c=DW_fp_exp","step":"preview","status":415,"text":"error from content-bus"}
{"t":"2026-09-10T07:13:42.345Z","path":"/dw/ipdir.php?c=DW_fp_addsub","step":"put","status":412,"text":"{\"source\":{\"editUrl\":\"https://da.live/edit#/paolomoz/synopsis-sd/dw/ipdir.php\",\"contentUrl\":\"https://content.da.live/paolomoz/synopsis-sd/dw/ipdir.php\"},\"aem\":{\"previewUrl\":\"https://main--synopsis-sd-"}
{"t":"2026-09-10T07:13:42.934Z","path":"/dw/ipdir.php?c=DW_fp_exp2","step":"preview","status":415,"text":"error from content-bus"}
{"t":"2026-09-10T07:13:45.322Z","path":"/dw/ipdir.php?c=DW_fp_flt2i","step":"preview","status":415,"text":"error from content-bus"}
{"t":"2026-09-10T07:13:47.236Z","path":"/dw/ipdir.php?c=DW_fp_dp2","step":"preview","status":415,"text":"error from content-bus"}
{"t":"2026-09-10T07:13:49.420Z","path":"/dw/ipdir.php?c=DW_fp_ln","step":"preview","status":415,"text":"error from content-bus"}
{"t":"2026-09-10T07:13:49.980Z","path":"/dw/ipdir.php?c=DW_fp_dp4","step":"put","status":412,"text":"{\"source\":{\"editUrl\":\"https://da.live/edit#/paolomoz/synopsis-sd/dw/ipdir.php\",\"contentUrl\":\"https://content.da.live/paolomoz/synopsis-sd/dw/ipdir.php\"},\"aem\":{\"previewUrl\":\"https://main--synopsis-sd-"}
{"t":"2026-09-10T07:13:51.892Z","path":"/dw/ipdir.php?c=DW_fp_log2","step":"preview","status":415,"text":"error from content-bus"}
{"t":"2026-09-10T07:13:54.433Z","path":"/dw/ipdir.php?c=DW_fp_mac_DG","step":"preview","status":415,"text":"error from content-bus"}
{"t":"2026-09-10T07:13:56.978Z","path":"/dw/ipdir.php?c=DW_fp_mult","step":"preview","status":415,"text":"error from content-bus"}
{"t":"2026-09-10T07:13:59.205Z","path":"/dw/ipdir.php?c=DW_fp_mult_DG","step":"preview","status":415,"text":"error from content-bus"}
{"t":"2026-09-10T07:14:01.544Z","path":"/dw/ipdir.php?c=DW_fp_recip","step":"preview","status":415,"text":"error from content-bus"}
{"t":"2026-09-10T07:14:05.025Z","path":"/dw/ipdir.php?c=DW_fp_i2flt","step":"put","status":412,"text":"{\"source\":{\"editUrl\":\"https://da.live/edit#/paolomoz/synopsis-sd/dw/ipdir.php\",\"contentUrl\":\"https://content.da.live/paolomoz/synopsis-sd/dw/ipdir.php\"},\"aem\":{\"previewUrl\":\"https://main--synopsis-sd-"}
{"t":"2026-09-10T07:14:05.177Z","path":"/dw/ipdir.php?c=DW_fp_mac","step":"preview","status":415,"text":"error from content-bus"}
{"t":"2026-09-10T07:14:05.905Z","path":"/dw/ipdir.php?c=DW_fp_invsqrt","step":"put","status":412,"text":"{\"source\":{\"editUrl\":\"https://da.live/edit#/paolomoz/synopsis-sd/dw/ipdir.php\",\"contentUrl\":\"https://content.da.live/paolomoz/synopsis-sd/dw/ipdir.php\"},\"aem\":{\"previewUrl\":\"https://main--synopsis-sd-"}
{"t":"2026-09-10T07:14:07.997Z","path":"/dw/ipdir.php?c=DW_fp_sincos","step":"preview","status":415,"text":"error from content-bus"}
{"t":"2026-09-10T07:14:11.158Z","path":"/dw/ipdir.php?c=DW_fp_sqrt","step":"preview","status":415,"text":"error from content-bus"}
{"t":"2026-09-10T07:14:13.671Z","path":"/dw/ipdir.php?c=DW_fp_recip_DG","step":"preview","status":415,"text":"error from content-bus"}
{"t":"2026-09-10T07:14:16.930Z","path":"/dw/ipdir.php?c=DW_fp_sum3","step":"preview","status":415,"text":"error from content-bus"}
{"t":"2026-09-10T07:14:19.350Z","path":"/dw/ipdir.php?c=DW_fp_sum3_DG","step":"preview","status":415,"text":"error from content-bus"}
{"t":"2026-09-10T07:14:21.460Z","path":"/dw/ipdir.php?c=DW_fp_square","step":"put","status":412,"text":"{\"source\":{\"editUrl\":\"https://da.live/edit#/paolomoz/synopsis-sd/dw/ipdir.php\",\"contentUrl\":\"https://content.da.live/paolomoz/synopsis-sd/dw/ipdir.php\"},\"aem\":{\"previewUrl\":\"https://main--synopsis-sd-"}
{"t":"2026-09-10T07:14:21.512Z","path":"/dw/ipdir.php?c=DW_fp_sub_DG","step":"preview","status":415,"text":"error from content-bus"}
{"t":"2026-09-10T07:14:24.058Z","path":"/dw/ipdir.php?c=DW_gray_sync","step":"preview","status":415,"text":"error from content-bus"}
{"t":"2026-09-10T07:14:26.943Z","path":"/dw/ipdir.php?c=DW_fp_sum4","step":"preview","status":415,"text":"error from content-bus"}
{"t":"2026-09-10T07:14:29.888Z","path":"/dw/ipdir.php?c=DW_iir_dc","step":"preview","status":415,"text":"error from content-bus"}
{"t":"2026-09-10T07:14:32.207Z","path":"/dw/ipdir.php?c=DW_gray2bin","step":"preview","status":415,"text":"error from content-bus"}
{"t":"2026-09-10T07:14:34.799Z","path":"/dw/ipdir.php?c=DW_inc_gray","step":"preview","status":415,"text":"error from content-bus"}
{"t":"2026-09-10T07:14:37.084Z","path":"/dw/ipdir.php?c=DW_iir_sc","step":"preview","status":415,"text":"error from content-bus"}
{"t":"2026-09-10T07:14:38.808Z","path":"/dw/ipdir.php?c=DW_lbsh","step":"preview","status":415,"text":"error from content-bus"}
{"t":"2026-09-10T07:14:41.009Z","path":"/dw/ipdir.php?c=DW_fp_sub","step":"preview","status":415,"text":"error from content-bus"}
{"t":"2026-09-10T07:14:43.459Z","path":"/dw/ipdir.php?c=DW_inv_sqrt","step":"preview","status":415,"text":"error from content-bus"}
{"t":"2026-09-10T07:14:46.569Z","path":"/dw/ipdir.php?c=DW_lp_cntr_up_df","step":"preview","status":415,"text":"error from content-bus"}
{"t":"2026-09-10T07:14:49.968Z","path":"/dw/ipdir.php?c=DW_lp_cntr_updn_df","step":"preview","status":415,"text":"error from content-bus"}
{"t":"2026-09-10T07:14:53.528Z","path":"/dw/ipdir.php?c=DW_log2","step":"preview","status":415,"text":"error from content-bus"}
{"t":"2026-09-10T07:14:55.199Z","path":"/dw/ipdir.php?c=DW_lp_fifo_1c_df","step":"preview","status":415,"text":"error from content-bus"}
{"t":"2026-09-10T07:14:57.481Z","path":"/dw/ipdir.php?c=DW_lod","step":"put","status":412,"text":"{\"source\":{\"editUrl\":\"https://da.live/edit#/paolomoz/synopsis-sd/dw/ipdir.php\",\"contentUrl\":\"https://content.da.live/paolomoz/synopsis-sd/dw/ipdir.php\"},\"aem\":{\"previewUrl\":\"https://main--synopsis-sd-"}
{"t":"2026-09-10T07:14:58.065Z","path":"/dw/ipdir.php?c=DW_lp_fp_multifunc","step":"preview","status":415,"text":"error from content-bus"}
{"t":"2026-09-10T07:14:58.508Z","path":"/dw/ipdir.php?c=DW_ln","step":"put","status":412,"text":"{\"source\":{\"editUrl\":\"https://da.live/edit#/paolomoz/synopsis-sd/dw/ipdir.php\",\"contentUrl\":\"https://content.da.live/paolomoz/synopsis-sd/dw/ipdir.php\"},\"aem\":{\"previewUrl\":\"https://main--synopsis-sd-"}
{"t":"2026-09-10T07:15:00.670Z","path":"/dw/ipdir.php?c=DW_lp_fp_multifunc_DG","step":"preview","status":415,"text":"error from content-bus"}
{"t":"2026-09-10T07:15:02.946Z","path":"/dw/ipdir.php?c=DW_lp_multifunc_DG","step":"preview","status":415,"text":"error from content-bus"}
{"t":"2026-09-10T07:15:04.686Z","path":"/dw/ipdir.php?c=DW_lp_fifoctl_1c_df","step":"preview","status":415,"text":"error from content-bus"}
{"t":"2026-09-10T07:15:08.240Z","path":"/dw/ipdir.php?c=DW_lp_piped_div","step":"preview","status":415,"text":"error from content-bus"}
{"t":"2026-09-10T07:15:10.523Z","path":"/dw/ipdir.php?c=DW_lp_piped_fp_add","step":"preview","status":415,"text":"error from content-bus"}
{"t":"2026-09-10T07:15:13.402Z","path":"/dw/ipdir.php?c=DW_lp_piped_fp_div","step":"preview","status":415,"text":"error from content-bus"}
{"t":"2026-09-10T07:15:13.874Z","path":"/dw/ipdir.php?c=DW_lp_multifunc","step":"put","status":412,"text":"{\"source\":{\"editUrl\":\"https://da.live/edit#/paolomoz/synopsis-sd/dw/ipdir.php\",\"contentUrl\":\"https://content.da.live/paolomoz/synopsis-sd/dw/ipdir.php\"},\"aem\":{\"previewUrl\":\"https://main--synopsis-sd-"}
{"t":"2026-09-10T07:15:15.605Z","path":"/dw/ipdir.php?c=DW_lp_piped_fp_mult","step":"preview","status":415,"text":"error from content-bus"}
{"t":"2026-09-10T07:15:18.357Z","path":"/dw/ipdir.php?c=DW_lp_piped_fp_recip","step":"preview","status":415,"text":"error from content-bus"}
{"t":"2026-09-10T07:15:20.976Z","path":"/dw/ipdir.php?c=DW_lp_piped_mult","step":"preview","status":415,"text":"error from content-bus"}
{"t":"2026-09-10T07:15:21.873Z","path":"/dw/ipdir.php?c=DW_lp_pipe_mgr","step":"put","status":412,"text":"{\"source\":{\"editUrl\":\"https://da.live/edit#/paolomoz/synopsis-sd/dw/ipdir.php\",\"contentUrl\":\"https://content.da.live/paolomoz/synopsis-sd/dw/ipdir.php\"},\"aem\":{\"previewUrl\":\"https://main--synopsis-sd-"}
{"t":"2026-09-10T07:15:23.609Z","path":"/dw/ipdir.php?c=DW_lp_piped_fp_sum3","step":"preview","status":415,"text":"error from content-bus"}
{"t":"2026-09-10T07:15:26.383Z","path":"/dw/ipdir.php?c=DW_lp_piped_sqrt","step":"preview","status":415,"text":"error from content-bus"}
{"t":"2026-09-10T07:15:29.057Z","path":"/dw/ipdir.php?c=DW_lza","step":"preview","status":415,"text":"error from content-bus"}
{"t":"2026-09-10T07:15:31.986Z","path":"/dw/ipdir.php?c=DW_lp_piped_prod_sum","step":"preview","status":415,"text":"error from content-bus"}
{"t":"2026-09-10T07:15:33.318Z","path":"/dw/ipdir.php?c=DW_lzd","step":"preview","status":415,"text":"error from content-bus"}
{"t":"2026-09-10T07:15:35.284Z","path":"/dw/ipdir.php?c=DW_minmax","step":"preview","status":415,"text":"error from content-bus"}
{"t":"2026-09-10T07:15:37.560Z","path":"/dw/ipdir.php?c=DW_mult_pipe","step":"preview","status":415,"text":"error from content-bus"}
{"t":"2026-09-10T07:15:38.515Z","path":"/dw/ipdir.php?c=DW_lp_piped_ecc","step":"put","status":412,"text":"{\"source\":{\"editUrl\":\"https://da.live/edit#/paolomoz/synopsis-sd/dw/ipdir.php\",\"contentUrl\":\"https://content.da.live/paolomoz/synopsis-sd/dw/ipdir.php\"},\"aem\":{\"previewUrl\":\"https://main--synopsis-sd-"}
{"t":"2026-09-10T07:15:40.442Z","path":"/dw/ipdir.php?c=DW_mult_seq","step":"preview","status":415,"text":"error from content-bus"}
{"t":"2026-09-10T07:15:43.916Z","path":"/dw/ipdir.php?c=DW_norm","step":"preview","status":415,"text":"error from content-bus"}
{"t":"2026-09-10T07:15:46.781Z","path":"/dw/ipdir.php?c=DW_norm_rnd","step":"preview","status":415,"text":"error from content-bus"}
{"t":"2026-09-10T07:15:48.797Z","path":"/dw/ipdir.php?c=DW_lsd","step":"put","status":412,"text":"{\"source\":{\"editUrl\":\"https://da.live/edit#/paolomoz/synopsis-sd/dw/ipdir.php\",\"contentUrl\":\"https://content.da.live/paolomoz/synopsis-sd/dw/ipdir.php\"},\"aem\":{\"previewUrl\":\"https://main--synopsis-sd-"}
{"t":"2026-09-10T07:15:49.483Z","path":"/dw/ipdir.php?c=DW_piped_mac","step":"preview","status":415,"text":"error from content-bus"}
{"t":"2026-09-10T07:15:51.897Z","path":"/dw/ipdir.php?c=DW_pricod","step":"preview","status":415,"text":"error from content-bus"}
{"t":"2026-09-10T07:15:53.918Z","path":"/dw/ipdir.php?c=DW_mult_dx","step":"put","status":412,"text":"{\"source\":{\"editUrl\":\"https://da.live/edit#/paolomoz/synopsis-sd/dw/ipdir.php\",\"contentUrl\":\"https://content.da.live/paolomoz/synopsis-sd/dw/ipdir.php\"},\"aem\":{\"previewUrl\":\"https://main--synopsis-sd-"}
{"t":"2026-09-10T07:15:54.544Z","path":"/dw/ipdir.php?c=DW_prod_sum_pipe","step":"preview","status":415,"text":"error from content-bus"}
{"t":"2026-09-10T07:15:56.957Z","path":"/dw/ipdir.php?c=DW_pulseack_sync","step":"preview","status":415,"text":"error from content-bus"}
{"t":"2026-09-10T07:15:59.837Z","path":"/dw/ipdir.php?c=DW_ram_2r_w_a_dff","step":"preview","status":415,"text":"error from content-bus"}
{"t":"2026-09-10T07:16:02.440Z","path":"/dw/ipdir.php?c=DW_ram_2r_2w_s_dff","step":"preview","status":415,"text":"error from content-bus"}
{"t":"2026-09-10T07:16:04.831Z","path":"/dw/ipdir.php?c=DW_pulse_sync","step":"preview","status":415,"text":"error from content-bus"}
{"t":"2026-09-10T07:16:07.346Z","path":"/dw/ipdir.php?c=DW_ram_2r_w_s_lat","step":"preview","status":415,"text":"error from content-bus"}
{"t":"2026-09-10T07:16:09.262Z","path":"/dw/ipdir.php?c=DW_pl_reg","step":"preview","status":415,"text":"error from content-bus"}
{"t":"2026-09-10T07:16:11.679Z","path":"/dw/ipdir.php?c=DW_ram_r_w_a_dff","step":"preview","status":415,"text":"error from content-bus"}
{"t":"2026-09-10T07:16:13.170Z","path":"/dw/ipdir.php?c=DW_ram_2r_w_s_dff","step":"preview","status":415,"text":"error from content-bus"}
{"t":"2026-09-10T07:16:15.802Z","path":"/dw/ipdir.php?c=DW_ram_r_w_s_dff","step":"preview","status":415,"text":"error from content-bus"}
{"t":"2026-09-10T07:16:18.471Z","path":"/dw/ipdir.php?c=DW_ram_r_w_s_lat","step":"preview","status":415,"text":"error from content-bus"}
{"t":"2026-09-10T07:16:19.120Z","path":"/dw/ipdir.php?c=DW_ram_2r_w_a_lat","step":"put","status":412,"text":"{\"source\":{\"editUrl\":\"https://da.live/edit#/paolomoz/synopsis-sd/dw/ipdir.php\",\"contentUrl\":\"https://content.da.live/paolomoz/synopsis-sd/dw/ipdir.php\"},\"aem\":{\"previewUrl\":\"https://main--synopsis-sd-"}
{"t":"2026-09-10T07:16:21.163Z","path":"/dw/ipdir.php?c=DW_ram_rw_a_dff","step":"preview","status":415,"text":"error from content-bus"}
{"t":"2026-09-10T07:16:23.554Z","path":"/dw/ipdir.php?c=DW_ram_rw_s_dff","step":"preview","status":415,"text":"error from content-bus"}
{"t":"2026-09-10T07:16:26.066Z","path":"/dw/ipdir.php?c=DW_ram_r_w_a_lat","step":"preview","status":415,"text":"error from content-bus"}
{"t":"2026-09-10T07:16:26.935Z","path":"/dw/ipdir.php?c=DW_ram_r_w_2c_dff","step":"put","status":412,"text":"{\"source\":{\"editUrl\":\"https://da.live/edit#/paolomoz/synopsis-sd/dw/ipdir.php\",\"contentUrl\":\"https://content.da.live/paolomoz/synopsis-sd/dw/ipdir.php\"},\"aem\":{\"previewUrl\":\"https://main--synopsis-sd-"}
{"t":"2026-09-10T07:16:28.840Z","path":"/dw/ipdir.php?c=DW_ram_rw_s_lat","step":"preview","status":415,"text":"error from content-bus"}
{"t":"2026-09-10T07:16:30.548Z","path":"/dw/ipdir.php?c=DW_ram_rw_a_lat","step":"preview","status":415,"text":"error from content-bus"}
{"t":"2026-09-10T07:16:33.088Z","path":"/dw/ipdir.php?c=DW_shifter","step":"preview","status":415,"text":"error from content-bus"}
{"t":"2026-09-10T07:16:35.306Z","path":"/dw/ipdir.php?c=DW_sincos","step":"preview","status":415,"text":"error from content-bus"}
{"t":"2026-09-10T07:16:37.941Z","path":"/dw/ipdir.php?c=DW_sla","step":"preview","status":415,"text":"error from content-bus"}
{"t":"2026-09-10T07:16:40.938Z","path":"/dw/ipdir.php?c=DW_sqrt","step":"preview","status":415,"text":"error from content-bus"}
{"t":"2026-09-10T07:16:42.735Z","path":"/dw/ipdir.php?c=DW_rash","step":"preview","status":415,"text":"error from content-bus"}
{"t":"2026-09-10T07:16:45.461Z","path":"/dw/ipdir.php?c=DW_sqrt_seq","step":"preview","status":415,"text":"error from content-bus"}
{"t":"2026-09-10T07:16:47.623Z","path":"/dw/ipdir.php?c=DW_sqrt_pipe","step":"preview","status":415,"text":"error from content-bus"}
{"t":"2026-09-10T07:16:49.510Z","path":"/dw/ipdir.php?c=DW_reset_sync","step":"put","status":412,"text":"{\"source\":{\"editUrl\":\"https://da.live/edit#/paolomoz/synopsis-sd/dw/ipdir.php\",\"contentUrl\":\"https://content.da.live/paolomoz/synopsis-sd/dw/ipdir.php\"},\"aem\":{\"previewUrl\":\"https://main--synopsis-sd-"}
{"t":"2026-09-10T07:16:51.369Z","path":"/dw/ipdir.php?c=DW_square","step":"preview","status":415,"text":"error from content-bus"}
{"t":"2026-09-10T07:16:54.845Z","path":"/dw/ipdir.php?c=DW_rbsh","step":"put","status":412,"text":"{\"source\":{\"editUrl\":\"https://da.live/edit#/paolomoz/synopsis-sd/dw/ipdir.php\",\"contentUrl\":\"https://content.da.live/paolomoz/synopsis-sd/dw/ipdir.php\"},\"aem\":{\"previewUrl\":\"https://main--synopsis-sd-"}
{"t":"2026-09-10T07:16:55.401Z","path":"/dw/ipdir.php?c=DW_squarep","step":"preview","status":415,"text":"error from content-bus"}
{"t":"2026-09-10T07:16:58.125Z","path":"/dw/ipdir.php?c=DW_stackctl","step":"preview","status":415,"text":"error from content-bus"}
{"t":"2026-09-10T07:17:00.689Z","path":"/dw/ipdir.php?c=DW_stack","step":"preview","status":415,"text":"error from content-bus"}
{"t":"2026-09-10T07:17:03.496Z","path":"/dw/ipdir.php?c=DW_tap","step":"preview","status":415,"text":"error from content-bus"}
{"t":"2026-09-10T07:17:05.412Z","path":"/dw/ipdir.php?c=DW_sync","step":"preview","status":415,"text":"error from content-bus"}
{"t":"2026-09-10T07:17:08.045Z","path":"/dw/ipdir.php?c=DW_sra","step":"preview","status":415,"text":"error from content-bus"}
{"t":"2026-09-10T07:17:09.989Z","path":"/dw/nvmipselector.php","step":"preview","status":415,"text":"error from content-bus"}
{"t":"2026-09-10T07:17:13.362Z","path":"/dw/ipdir.php?c=DW_thermdec","step":"preview","status":415,"text":"error from content-bus"}
{"t":"2026-09-10T07:17:13.819Z","path":"/dw/ipdir.php?c=DW_tap_uc","step":"preview","status":415,"text":"error from content-bus"}
{"t":"2026-09-10T07:17:16.348Z","path":"/dw/ipdir.php?c=DW_stream_sync","step":"preview","status":415,"text":"error from content-bus"}
{"t":"2026-09-10T07:17:19.448Z","path":"/events/ai-infra-summit","step":"verify","ok":true}
{"t":"2026-09-10T07:17:20.412Z","path":"/events/ces/register","step":"verify","ok":true}
{"t":"2026-09-10T07:17:21.883Z","path":"/events/ams-sig/proceedings-2026","step":"verify","ok":true}
{"t":"2026-09-10T07:17:24.598Z","path":"/events/ces","step":"verify","ok":true}
{"t":"2026-09-10T07:17:27.077Z","path":"/events/dvcon-us","step":"verify","ok":true}
{"t":"2026-09-10T07:17:27.327Z","path":"/events/embedded-world","step":"verify","ok":true}
{"t":"2026-09-10T07:17:29.372Z","path":"/events/israel-technology-symposium","step":"verify","ok":true}
{"t":"2026-09-10T07:17:29.830Z","path":"/events/dac-2026","step":"verify","ok":true}
{"t":"2026-09-10T07:17:31.890Z","path":"/events/isscc","step":"verify","ok":true}
{"t":"2026-09-10T07:17:33.661Z","path":"/events/memory-users-conference","step":"verify","ok":true}
{"t":"2026-09-10T07:17:34.411Z","path":"/events/nvidia-gtc","step":"verify","ok":true}
{"t":"2026-09-10T07:17:34.697Z","path":"/events/ofc","step":"verify","ok":true}
{"t":"2026-09-10T07:17:39.170Z","path":"/events/pci-sig-devcon","step":"verify","ok":true}
{"t":"2026-09-10T07:17:39.907Z","path":"/events/spie-advanced-lithography-patterning","step":"verify","ok":true}
{"t":"2026-09-10T07:17:39.929Z","path":"/events/spie-advanced-lithography-patterning/spie-papers","step":"verify","ok":true}
{"t":"2026-09-10T07:17:41.462Z","path":"/events/srts2022","step":"verify","ok":true}
{"t":"2026-09-10T07:17:44.931Z","path":"/events/tcad-virtual-asia-seminar","step":"verify","ok":true}
{"t":"2026-09-10T07:17:45.206Z","path":"/events/tsmc-oip-ecosystem-forum","step":"verify","ok":true}
{"t":"2026-09-10T07:17:45.333Z","path":"/events/tech-symposium-central-europe","step":"verify","ok":true}
{"t":"2026-09-10T07:17:48.559Z","path":"/events/tsmc-symposium","step":"verify","ok":true}
{"t":"2026-09-10T07:17:49.421Z","path":"/events/uk-tech-symposium","step":"verify","ok":true}
{"t":"2026-09-10T07:17:50.140Z","path":"/events/virtual-prototyping-day-2025/virtual-prototyping-day-form","step":"verify","ok":true}
{"t":"2026-09-10T07:17:51.165Z","path":"/events/virtual-mask-solutions-seminar-2025","step":"verify","ok":true}
{"t":"2026-09-10T07:17:53.792Z","path":"/events/virtual-prototyping-day-2025","step":"verify","ok":true}
{"t":"2026-09-10T07:17:54.334Z","path":"/events/virtual-prototyping-day","step":"verify","ok":true}
{"t":"2026-09-10T07:17:55.812Z","path":"/events","step":"verify","ok":true}
{"t":"2026-09-10T07:17:56.506Z","path":"/footer","step":"verify","ok":true}
{"t":"2026-09-10T07:17:59.341Z","path":"/glossary/what-are-atomistic-simulations","step":"verify","ok":true}
{"t":"2026-09-10T07:18:00.206Z","path":"/glossary/what-are-machine-learned-force-fields","step":"verify","ok":true}
{"t":"2026-09-10T07:18:01.615Z","path":"/glossary/what-are-pvt-sensors","step":"verify","ok":true}
{"t":"2026-09-10T07:18:03.401Z","path":"/glossary/what-are-s-parameters","step":"verify","ok":true}
{"t":"2026-09-10T07:18:04.746Z","path":"/glossary/what-is-3dic","step":"verify","ok":true}
{"t":"2026-09-10T07:18:07.200Z","path":"/glossary/what-is-a-data-center","step":"verify","ok":true}
{"t":"2026-09-10T07:18:07.968Z","path":"/glossary/what-is-a-digital-twin","step":"verify","ok":true}
{"t":"2026-09-10T07:18:09.436Z","path":"/glossary/what-is-a-finfet","step":"verify","ok":true}
{"t":"2026-09-10T07:18:10.390Z","path":"/glossary/what-is-a-microchip","step":"verify","ok":true}
{"t":"2026-09-10T07:18:12.431Z","path":"/glossary/what-is-a-photonic-integrated-circuit","step":"verify","ok":true}
{"t":"2026-09-10T07:18:13.742Z","path":"/glossary/what-is-a-physical-unclonable-function","step":"verify","ok":true}
{"t":"2026-09-10T07:18:14.436Z","path":"/glossary/what-is-a-process-design-kit","step":"verify","ok":true}
{"t":"2026-09-10T07:18:16.371Z","path":"/glossary/what-is-adas","step":"verify","ok":true}
{"t":"2026-09-10T07:18:17.574Z","path":"/glossary/what-is-advanced-semiconductor-packaging","step":"verify","ok":true}
{"t":"2026-09-10T07:18:20.192Z","path":"/glossary/what-is-ai-chip-design","step":"verify","ok":true}
{"t":"2026-09-10T07:18:20.372Z","path":"/glossary/what-is-ai-driven-chip-design","step":"verify","ok":true}
{"t":"2026-09-10T07:18:21.823Z","path":"/glossary/what-is-an-ai-accelerator","step":"verify","ok":true}
{"t":"2026-09-10T07:18:23.102Z","path":"/glossary/what-is-analog-design","step":"preview","status":409,"text":"error from content-bus"}
{"t":"2026-09-10T07:18:23.607Z","path":"/glossary/what-is-an-electronics-digital-twin","step":"verify","ok":true}
{"t":"2026-09-10T07:18:26.014Z","path":"/glossary/what-is-an-rlc-circuit","step":"verify","ok":true}
{"t":"2026-09-10T07:18:27.902Z","path":"/glossary/what-is-asic-design","step":"verify","ok":true}
{"t":"2026-09-10T07:18:28.228Z","path":"/glossary/what-is-asil","step":"verify","ok":true}
{"t":"2026-09-10T07:18:29.272Z","path":"/glossary/what-is-automatic-test-equipment","step":"verify","ok":true}
{"t":"2026-09-10T07:18:31.142Z","path":"/glossary/what-is-automotive-hardware-functional-safety","step":"verify","ok":true}
{"t":"2026-09-10T07:18:32.833Z","path":"/glossary/what-is-automotive-virtualization","step":"verify","ok":true}
{"t":"2026-09-10T07:18:33.557Z","path":"/glossary/what-is-autonomous-car","step":"verify","ok":true}
{"t":"2026-09-10T07:18:35.254Z","path":"/glossary/what-is-big-data-analytics","step":"verify","ok":true}
{"t":"2026-09-10T07:18:36.720Z","path":"/glossary/what-is-butterfly-puf","step":"verify","ok":true}
{"t":"2026-09-10T07:18:37.939Z","path":"/glossary/what-is-circuit-simulation","step":"verify","ok":true}
{"t":"2026-09-10T07:18:38.649Z","path":"/glossary/what-is-common-data-model","step":"verify","ok":true}
{"t":"2026-09-10T07:18:40.071Z","path":"/glossary/what-is-custom-ic","step":"verify","ok":true}
{"t":"2026-09-10T07:18:40.114Z","path":"/glossary/what-is-design-for-test","step":"preview","status":409,"text":"error from content-bus"}
{"t":"2026-09-10T07:18:41.447Z","path":"/glossary/what-is-density-functional-theory","step":"verify","ok":true}
{"t":"2026-09-10T07:18:43.259Z","path":"/glossary/what-is-design-planning","step":"verify","ok":true}
{"t":"2026-09-10T07:18:45.596Z","path":"/glossary/what-is-design-rule-checking","step":"verify","ok":true}
{"t":"2026-09-10T07:18:46.331Z","path":"/glossary/what-is-design-space-optimization","step":"verify","ok":true}
{"t":"2026-09-10T07:18:47.427Z","path":"/glossary/what-is-die-to-die-interface","step":"verify","ok":true}
{"t":"2026-09-10T07:18:49.441Z","path":"/glossary/what-is-eda-agentic-ai","step":"verify","ok":true}
{"t":"2026-09-10T07:18:51.762Z","path":"/glossary/what-is-edge-ai","step":"verify","ok":true}
{"t":"2026-09-10T07:18:52.448Z","path":"/glossary/what-is-electromagnetic-coupling","step":"verify","ok":true}
{"t":"2026-09-10T07:18:53.336Z","path":"/glossary/what-is-electromigration","step":"verify","ok":true}
{"t":"2026-09-10T07:18:53.674Z","path":"/glossary/what-is-equivalence-checking","step":"preview","status":409,"text":"error from content-bus"}
{"t":"2026-09-10T07:18:55.062Z","path":"/glossary/what-is-electronic-design-automation","step":"verify","ok":true}
{"t":"2026-09-10T07:18:56.319Z","path":"/glossary/what-is-functional-eco","step":"preview","status":409,"text":"error from content-bus"}
{"t":"2026-09-10T07:18:57.702Z","path":"/glossary/what-is-fault-detection","step":"verify","ok":true}
{"t":"2026-09-10T07:18:58.492Z","path":"/glossary/what-is-field-programmable-gate-array","step":"verify","ok":true}
{"t":"2026-09-10T07:19:00.158Z","path":"/glossary/what-is-functional-verification","step":"verify","ok":true}
{"t":"2026-09-10T07:19:01.332Z","path":"/glossary/what-is-glitch-power","step":"verify","ok":true}
{"t":"2026-09-10T07:19:02.624Z","path":"/glossary/what-is-hav-emulation","step":"verify","ok":true}
{"t":"2026-09-10T07:19:03.871Z","path":"/glossary/what-is-hav-prototyping","step":"verify","ok":true}
{"t":"2026-09-10T07:19:05.381Z","path":"/glossary/what-is-high-bandwitdth-memory-3","step":"verify","ok":true}
{"t":"2026-09-10T07:19:06.299Z","path":"/glossary/what-is-hyper-convergent-design-flow","step":"verify","ok":true}
{"t":"2026-09-10T07:19:08.009Z","path":"/glossary/what-is-ic-design","step":"verify","ok":true}
{"t":"2026-09-10T07:19:09.787Z","path":"/glossary/what-is-ide","step":"verify","ok":true}
{"t":"2026-09-10T07:19:10.845Z","path":"/glossary/what-is-integrated-circuit","step":"verify","ok":true}
{"t":"2026-09-10T07:19:12.413Z","path":"/glossary/what-is-iso-26262","step":"verify","ok":true}
{"t":"2026-09-10T07:19:12.885Z","path":"/glossary/what-is-layout-versus-schematic-checking","step":"verify","ok":true}
{"t":"2026-09-10T07:19:14.898Z","path":"/glossary/what-is-library-characterization","step":"verify","ok":true}
{"t":"2026-09-10T07:19:16.270Z","path":"/glossary/what-is-lithography","step":"verify","ok":true}
{"t":"2026-09-10T07:19:17.395Z","path":"/glossary/what-is-logic-design","step":"verify","ok":true}
{"t":"2026-09-10T07:19:18.668Z","path":"/glossary/what-is-low-power-design","step":"verify","ok":true}
{"t":"2026-09-10T07:19:19.725Z","path":"/glossary/what-is-misra","step":"verify","ok":true}
{"t":"2026-09-10T07:19:20.786Z","path":"/glossary/what-is-mixed-signal-integrated-circuit","step":"verify","ok":true}
{"t":"2026-09-10T07:19:22.561Z","path":"/glossary/what-is-model-based-design","step":"verify","ok":true}
{"t":"2026-09-10T07:19:25.220Z","path":"/glossary/what-is-nodal-analysis","step":"verify","ok":true}
{"t":"2026-09-10T07:19:25.877Z","path":"/glossary/what-is-moores-law","step":"verify","ok":true}
{"t":"2026-09-10T07:19:26.781Z","path":"/glossary/what-is-parasitic-extraction","step":"verify","ok":true}
{"t":"2026-09-10T07:19:27.729Z","path":"/glossary/what-is-pci-express","step":"verify","ok":true}
{"t":"2026-09-10T07:19:31.362Z","path":"/glossary/what-is-physical-synthesis","step":"verify","ok":true}
{"t":"2026-09-10T07:19:31.957Z","path":"/glossary/what-is-physical-design","step":"verify","ok":true}
{"t":"2026-09-10T07:19:32.165Z","path":"/glossary/what-is-physical-ai","step":"verify","ok":true}
{"t":"2026-09-10T07:19:33.298Z","path":"/glossary/what-is-place-and-route","step":"verify","ok":true}
{"t":"2026-09-10T07:19:36.814Z","path":"/glossary/what-is-post-quantum-cryptography","step":"verify","ok":true}
{"t":"2026-09-10T07:19:37.220Z","path":"/glossary/what-is-power-performance-area-ppa","step":"verify","ok":true}
{"t":"2026-09-10T07:19:37.360Z","path":"/glossary/what-is-power-optimization","step":"verify","ok":true}
{"t":"2026-09-10T07:19:38.364Z","path":"/glossary/what-is-programmable-electrical-rules-checking","step":"verify","ok":true}
{"t":"2026-09-10T07:19:42.268Z","path":"/glossary/what-is-register-transfer-level-design","step":"verify","ok":true}
{"t":"2026-09-10T07:19:43.551Z","path":"/glossary/what-is-reinforcement-learning","step":"verify","ok":true}
{"t":"2026-09-10T07:19:44.886Z","path":"/glossary/what-is-rf-circuit-design","step":"verify","ok":true}
{"t":"2026-09-10T07:19:44.960Z","path":"/glossary/what-is-risc-v","step":"verify","ok":true}
{"t":"2026-09-10T07:19:48.873Z","path":"/glossary/what-is-robustness-analysis","step":"verify","ok":true}
{"t":"2026-09-10T07:19:50.911Z","path":"/glossary/what-is-root-of-trust","step":"verify","ok":true}
{"t":"2026-09-10T07:19:52.251Z","path":"/glossary/what-is-serdes","step":"verify","ok":true}
{"t":"2026-09-10T07:19:53.256Z","path":"/glossary/what-is-silicon-die","step":"verify","ok":true}
{"t":"2026-09-10T07:19:54.798Z","path":"/glossary/what-is-silicon-lifecycle-management","step":"verify","ok":true}
{"t":"2026-09-10T07:19:55.704Z","path":"/glossary/what-is-smartscaling","step":"preview","status":409,"text":"error from content-bus"}
{"t":"2026-09-10T07:19:57.215Z","path":"/glossary/what-is-simulation","step":"verify","ok":true}
{"t":"2026-09-10T07:19:59.082Z","path":"/glossary/what-is-sram-puf","step":"verify","ok":true}
{"t":"2026-09-10T07:20:00.831Z","path":"/glossary/what-is-static-timing-analysis","step":"verify","ok":true}
{"t":"2026-09-10T07:20:01.805Z","path":"/glossary/what-is-synthesis","step":"verify","ok":true}
{"t":"2026-09-10T07:20:03.120Z","path":"/glossary/what-is-system-on-a-chip","step":"verify","ok":true}
{"t":"2026-09-10T07:20:05.354Z","path":"/glossary/what-is-triple-shift-left","step":"verify","ok":true}
{"t":"2026-09-10T07:20:05.619Z","path":"/glossary/what-is-universal-flash-storage","step":"preview","status":409,"text":"error from content-bus"}
{"t":"2026-09-10T07:20:06.219Z","path":"/glossary/what-is-ucie","step":"verify","ok":true}
{"t":"2026-09-10T07:20:08.437Z","path":"/glossary/what-is-usb4","step":"verify","ok":true}
{"t":"2026-09-10T07:20:10.231Z","path":"/glossary/what-is-vehicle-electrification","step":"verify","ok":true}
{"t":"2026-09-10T07:20:11.279Z","path":"/glossary/what-is-verification","step":"verify","ok":true}
{"t":"2026-09-10T07:20:12.429Z","path":"/glossary/what-is-virtual-prototyping","step":"verify","ok":true}
{"t":"2026-09-10T07:20:13.884Z","path":"/glossary/what-is-voltage-drop","step":"verify","ok":true}
{"t":"2026-09-10T07:20:15.327Z","path":"/glossary/what-is-wiring-harness","step":"verify","ok":true}
{"t":"2026-09-10T07:20:16.745Z","path":"/glossary","step":"verify","ok":true}
{"t":"2026-09-10T07:20:17.262Z","path":"/implementation-and-signoff/3dic-design","step":"verify","ok":true}
{"t":"2026-09-10T07:20:19.227Z","path":"/implementation-and-signoff/ams-simulation/paragonx","step":"verify","ok":true}
{"t":"2026-09-10T07:20:19.235Z","path":"/implementation-and-signoff/ams-simulation/primesim-custom-fault","step":"preview","status":409,"text":"error from content-bus"}
{"t":"2026-09-10T07:20:20.853Z","path":"/implementation-and-signoff/ams-simulation/powerx","step":"verify","ok":true}
{"t":"2026-09-10T07:20:21.087Z","path":"/implementation-and-signoff/ams-simulation/primesim-hspice","step":"preview","status":409,"text":"error from content-bus"}
{"t":"2026-09-10T07:20:21.562Z","path":"/implementation-and-signoff/ams-simulation/primesim-design-robustness","step":"verify","ok":true}
{"t":"2026-09-10T07:20:22.499Z","path":"/implementation-and-signoff/ams-simulation/primesim-pro","step":"preview","status":409,"text":"error from content-bus"}
{"t":"2026-09-10T07:20:22.921Z","path":"/implementation-and-signoff/ams-simulation/primesim-reliability-analysis","step":"preview","status":409,"text":"error from content-bus"}
{"t":"2026-09-10T07:20:23.043Z","path":"/implementation-and-signoff/ams-simulation/primesim-hspice/primesim-hspice-tips-tricks","step":"verify","ok":true}
{"t":"2026-09-10T07:20:23.509Z","path":"/implementation-and-signoff/ams-simulation/primesim-spice","step":"preview","status":409,"text":"error from content-bus"}
{"t":"2026-09-10T07:20:24.166Z","path":"/implementation-and-signoff/ams-simulation/primesim-xa","step":"preview","status":409,"text":"error from content-bus"}
{"t":"2026-09-10T07:20:25.239Z","path":"/implementation-and-signoff/ams-simulation/primewave","step":"preview","status":409,"text":"error from content-bus"}
{"t":"2026-09-10T07:20:28.508Z","path":"/implementation-and-signoff/ams-simulation/snug-gets-wisdom","step":"verify","ok":true}
{"t":"2026-09-10T07:20:29.311Z","path":"/implementation-and-signoff/ams-simulation/primex","step":"verify","ok":true}
{"t":"2026-09-10T07:20:29.996Z","path":"/implementation-and-signoff/ams-simulation/velocerf","step":"verify","ok":true}
{"t":"2026-09-10T07:20:31.037Z","path":"/implementation-and-signoff/ams-simulation","step":"verify","ok":true}
{"t":"2026-09-10T07:20:34.103Z","path":"/implementation-and-signoff/custom-design-platform/award-frost-sullivan","step":"verify","ok":true}
{"t":"2026-09-10T07:20:35.998Z","path":"/implementation-and-signoff/custom-design-platform/laker-custom-design","step":"verify","ok":true}
{"t":"2026-09-10T07:20:37.175Z","path":"/implementation-and-signoff/custom-design-platform/custom-compiler","step":"verify","ok":true}
{"t":"2026-09-10T07:20:38.410Z","path":"/implementation-and-signoff/custom-design-platform/laker-flat-panel","step":"verify","ok":true}
{"t":"2026-09-10T07:20:40.469Z","path":"/implementation-and-signoff/custom-design-platform/multiphysics-ams","step":"verify","ok":true}
{"t":"2026-09-10T07:20:41.665Z","path":"/implementation-and-signoff/custom-design-platform","step":"preview","status":409,"text":"error from content-bus"}
{"t":"2026-09-10T07:20:43.991Z","path":"/implementation-and-signoff/custom-design-platform/video-whitepapers","step":"verify","ok":true}
{"t":"2026-09-10T07:20:44.698Z","path":"/implementation-and-signoff/fpga-based-design/synplify","step":"verify","ok":true}
{"t":"2026-09-10T07:20:44.868Z","path":"/implementation-and-signoff/fusion-design-platform","step":"preview","status":409,"text":"error from content-bus"}
{"t":"2026-09-10T07:20:46.884Z","path":"/implementation-and-signoff/fpga-based-design","step":"verify","ok":true}
{"t":"2026-09-10T07:20:49.765Z","path":"/implementation-and-signoff/fusion-technology","step":"verify","ok":true}
{"t":"2026-09-10T07:20:50.729Z","path":"/implementation-and-signoff/lynxnxt-automation-system/flow","step":"verify","ok":true}
{"t":"2026-09-10T07:20:51.714Z","path":"/implementation-and-signoff/lynxnxt-automation-system/runtime-manager","step":"verify","ok":true}
{"t":"2026-09-10T07:20:52.663Z","path":"/implementation-and-signoff/lynxnxt-automation-system","step":"verify","ok":true}
{"t":"2026-09-10T07:20:54.474Z","path":"/implementation-and-signoff/physical-implementation/fusion-compiler/variable-voltage-optimization-technique","step":"verify","ok":true}
{"t":"2026-09-10T07:20:56.675Z","path":"/implementation-and-signoff/physical-implementation/fusion-compiler/videos","step":"verify","ok":true}
{"t":"2026-09-10T07:20:57.352Z","path":"/implementation-and-signoff/physical-implementation/fusion-compiler","step":"verify","ok":true}
{"t":"2026-09-10T07:20:58.655Z","path":"/implementation-and-signoff/physical-implementation/ic-compiler","step":"verify","ok":true}
{"t":"2026-09-10T07:20:59.223Z","path":"/implementation-and-signoff/physical-implementation/redhawk-analysis","step":"verify","ok":true}
{"t":"2026-09-10T07:21:01.814Z","path":"/implementation-and-signoff/physical-implementation","step":"verify","ok":true}
{"t":"2026-09-10T07:21:03.251Z","path":"/implementation-and-signoff/physical-verification/demo-video","step":"verify","ok":true}
{"t":"2026-09-10T07:21:04.594Z","path":"/implementation-and-signoff/physical-verification/icv-cloud","step":"verify","ok":true}
{"t":"2026-09-10T07:21:05.265Z","path":"/implementation-and-signoff/physical-verification/icv-workbench","step":"verify","ok":true}
{"t":"2026-09-10T07:21:07.112Z","path":"/implementation-and-signoff/physical-verification","step":"verify","ok":true}
{"t":"2026-09-10T07:21:08.153Z","path":"/implementation-and-signoff/resources/datasheets","step":"verify","ok":true}
{"t":"2026-09-10T07:21:09.715Z","path":"/implementation-and-signoff/resources/videos/esperanto-custom-compiler","step":"verify","ok":true}
{"t":"2026-09-10T07:21:10.219Z","path":"/implementation-and-signoff/resources/videos/formality-broadcom-experience","step":"verify","ok":true}
{"t":"2026-09-10T07:21:11.949Z","path":"/implementation-and-signoff/resources/videos/rtla-verdi-demo-full","step":"verify","ok":true}
{"t":"2026-09-10T07:21:12.134Z","path":"/implementation-and-signoff/resources/videos/qsk-video-whitepaper","step":"verify","ok":true}
{"t":"2026-09-10T07:21:14.518Z","path":"/implementation-and-signoff/resources/videos/seagate-custom-compiler","step":"verify","ok":true}
{"t":"2026-09-10T07:21:15.160Z","path":"/implementation-and-signoff/resources/videos/simulation-environment","step":"verify","ok":true}
{"t":"2026-09-10T07:21:16.550Z","path":"/implementation-and-signoff/resources/videos/smarter-signoff-video","step":"verify","ok":true}
{"t":"2026-09-10T07:21:16.818Z","path":"/implementation-and-signoff/resources/videos/srts2022","step":"verify","ok":true}
{"t":"2026-09-10T07:21:18.853Z","path":"/implementation-and-signoff/resources/videos","step":"verify","ok":true}
{"t":"2026-09-10T07:21:19.593Z","path":"/implementation-and-signoff/resources/videos/synopsys-custom-compiler","step":"verify","ok":true}
{"t":"2026-09-10T07:21:20.587Z","path":"/implementation-and-signoff/resources/webinars","step":"verify","ok":true}
{"t":"2026-09-10T07:21:20.991Z","path":"/implementation-and-signoff/resources/whitepapers","step":"verify","ok":true}
{"t":"2026-09-10T07:21:22.897Z","path":"/implementation-and-signoff/resources","step":"verify","ok":true}
{"t":"2026-09-10T07:21:24.179Z","path":"/implementation-and-signoff/rtl-synthesis-test/dc-explorer","step":"verify","ok":true}
{"t":"2026-09-10T07:21:24.537Z","path":"/implementation-and-signoff/rtl-synthesis-test/design-compiler-graphical","step":"verify","ok":true}
{"t":"2026-09-10T07:21:27.101Z","path":"/implementation-and-signoff/rtl-synthesis-test/design-compiler-nxt","step":"verify","ok":true}
{"t":"2026-09-10T07:21:28.250Z","path":"/implementation-and-signoff/rtl-synthesis-test/design-compiler","step":"verify","ok":true}
{"t":"2026-09-10T07:21:28.543Z","path":"/implementation-and-signoff/rtl-synthesis-test/gensys","step":"verify","ok":true}
{"t":"2026-09-10T07:21:29.405Z","path":"/implementation-and-signoff/rtl-synthesis-test/power-compiler","step":"verify","ok":true}
{"t":"2026-09-10T07:21:31.760Z","path":"/implementation-and-signoff/rtl-synthesis-test/rtl-architect","step":"verify","ok":true}
{"t":"2026-09-10T07:21:32.482Z","path":"/implementation-and-signoff/rtl-synthesis-test","step":"verify","ok":true}
{"t":"2026-09-10T07:21:33.314Z","path":"/implementation-and-signoff/signoff/electrical-layout-verification","step":"verify","ok":true}
{"t":"2026-09-10T07:21:34.290Z","path":"/implementation-and-signoff/signal-and-power-integrity","step":"verify","ok":true}
{"t":"2026-09-10T07:21:35.618Z","path":"/implementation-and-signoff/signoff/formality-eco","step":"preview","status":409,"text":"error from content-bus"}
{"t":"2026-09-10T07:21:36.301Z","path":"/implementation-and-signoff/signoff/esp","step":"verify","ok":true}
{"t":"2026-09-10T07:21:36.363Z","path":"/implementation-and-signoff/signoff/formality-equivalence-checking","step":"preview","status":409,"text":"error from content-bus"}
{"t":"2026-09-10T07:21:37.342Z","path":"/implementation-and-signoff/signoff/exalto","step":"verify","ok":true}
{"t":"2026-09-10T07:21:41.083Z","path":"/implementation-and-signoff/signoff/nanotime","step":"verify","ok":true}
{"t":"2026-09-10T07:21:41.464Z","path":"/implementation-and-signoff/signoff/pathfinder-sc","step":"verify","ok":true}
{"t":"2026-09-10T07:21:41.988Z","path":"/implementation-and-signoff/signoff/power-device-workbench","step":"verify","ok":true}
{"t":"2026-09-10T07:21:42.089Z","path":"/implementation-and-signoff/signoff/primeclock","step":"verify","ok":true}
{"t":"2026-09-10T07:21:45.994Z","path":"/implementation-and-signoff/signoff/primeclosure","step":"verify","ok":true}
{"t":"2026-09-10T07:21:46.652Z","path":"/implementation-and-signoff/signoff/primeesd","step":"verify","ok":true}
{"t":"2026-09-10T07:21:46.941Z","path":"/implementation-and-signoff/signoff/primelib","step":"verify","ok":true}
{"t":"2026-09-10T07:21:47.526Z","path":"/implementation-and-signoff/signoff/primepower","step":"verify","ok":true}
{"t":"2026-09-10T07:21:48.748Z","path":"/implementation-and-signoff/signoff/primeshield","step":"preview","status":409,"text":"error from content-bus"}
{"t":"2026-09-10T07:21:50.190Z","path":"/implementation-and-signoff/signoff/primeshield/primeshield-videos","step":"verify","ok":true}
{"t":"2026-09-10T07:21:50.672Z","path":"/implementation-and-signoff/signoff/primetime/tool-demos","step":"verify","ok":true}
{"t":"2026-09-10T07:21:52.588Z","path":"/implementation-and-signoff/signoff/primetime","step":"verify","ok":true}
{"t":"2026-09-10T07:21:53.592Z","path":"/implementation-and-signoff/signoff/quickcap-nx","step":"verify","ok":true}
{"t":"2026-09-10T07:21:55.261Z","path":"/implementation-and-signoff/signoff/raptorqu","step":"verify","ok":true}
{"t":"2026-09-10T07:21:55.996Z","path":"/implementation-and-signoff/signoff/redhawk-sc-electrothermal","step":"verify","ok":true}
{"t":"2026-09-10T07:21:57.708Z","path":"/implementation-and-signoff/signoff/redhawk-sc-security","step":"verify","ok":true}
{"t":"2026-09-10T07:21:58.921Z","path":"/implementation-and-signoff/signoff/starrc","step":"preview","status":409,"text":"error from content-bus"}
{"t":"2026-09-10T07:21:59.950Z","path":"/implementation-and-signoff/signoff/redhawk-sc","step":"verify","ok":true}
{"t":"2026-09-10T07:22:00.129Z","path":"/implementation-and-signoff/signoff/siliconsmart","step":"verify","ok":true}
{"t":"2026-09-10T07:22:05.358Z","path":"/implementation-and-signoff/test-automation/synopsys-ip-sms/sms-silicon-browser","step":"verify","ok":true}
{"t":"2026-09-10T07:22:05.653Z","path":"/implementation-and-signoff/signoff/totem","step":"verify","ok":true}
{"t":"2026-09-10T07:22:06.088Z","path":"/implementation-and-signoff/test-automation/synopsys-ip-sms","step":"verify","ok":true}
{"t":"2026-09-10T07:22:06.349Z","path":"/implementation-and-signoff/test-automation/synopsys-ip-sms/sms-yield-accelerator","step":"verify","ok":true}
{"t":"2026-09-10T07:22:07.941Z","path":"/implementation-and-signoff/test-automation/testmax-advisor","step":"preview","status":409,"text":"error from content-bus"}
{"t":"2026-09-10T07:22:13.893Z","path":"/implementation-and-signoff/test-automation/testmax-ale","step":"verify","ok":true}
{"t":"2026-09-10T07:22:13.987Z","path":"/implementation-and-signoff/test-automation/testmax-atpg","step":"verify","ok":true}
{"t":"2026-09-10T07:22:14.046Z","path":"/implementation-and-signoff/test-automation/testmax-dft/testmax-access","step":"verify","ok":true}
{"t":"2026-09-10T07:22:14.766Z","path":"/implementation-and-signoff/test-automation/testmax-dft","step":"verify","ok":true}
{"t":"2026-09-10T07:22:20.793Z","path":"/implementation-and-signoff/test-automation/testmax-manager","step":"verify","ok":true}
{"t":"2026-09-10T07:22:20.833Z","path":"/implementation-and-signoff/test-automation/testmax-vtran","step":"verify","ok":true}
{"t":"2026-09-10T07:22:21.501Z","path":"/implementation-and-signoff/test-automation/testmax-xlbist","step":"verify","ok":true}
{"t":"2026-09-10T07:22:21.709Z","path":"/implementation-and-signoff/test-automation/testmax-diagnosis","step":"verify","ok":true}
{"t":"2026-09-10T07:22:27.828Z","path":"/implementation-and-signoff/test-automation","step":"verify","ok":true}
{"t":"2026-09-10T07:22:28.203Z","path":"/implementation-and-signoff","step":"verify","ok":true}
{"t":"2026-09-10T07:22:28.870Z","path":"/index","step":"verify","ok":true}
{"t":"2026-09-10T07:22:28.976Z","path":"/ja-jp","step":"verify","ok":true}
{"t":"2026-09-10T07:22:30.082Z","path":"/llms.txt","step":"preview","status":415,"text":"error from content-bus"}
{"t":"2026-09-10T07:22:33.498Z","path":"/manufacturing/augmented-reality-wp","step":"verify","ok":true}
{"t":"2026-09-10T07:22:34.261Z","path":"/ko-kr","step":"verify","ok":true}
{"t":"2026-09-10T07:22:34.361Z","path":"/manufacturing/manufacturing-analytics/sysnav","step":"verify","ok":true}
{"t":"2026-09-10T07:22:34.739Z","path":"/manufacturing/manufacturing-analytics","step":"verify","ok":true}
{"t":"2026-09-10T07:22:38.313Z","path":"/manufacturing/mask-solutions/mdp","step":"verify","ok":true}
{"t":"2026-09-10T07:22:39.251Z","path":"/manufacturing/mask-solutions/s-litho","step":"verify","ok":true}
{"t":"2026-09-10T07:22:39.689Z","path":"/manufacturing/mask-solutions/proteus","step":"verify","ok":true}
{"t":"2026-09-10T07:22:39.973Z","path":"/manufacturing/mask-solutions/s-metro","step":"verify","ok":true}
{"t":"2026-09-10T07:22:42.991Z","path":"/manufacturing/mask-solutions/silicon-workbench","step":"verify","ok":true}
{"t":"2026-09-10T07:22:45.140Z","path":"/manufacturing/mask-solutions","step":"verify","ok":true}
{"t":"2026-09-10T07:22:46.019Z","path":"/manufacturing/quantumatk/atomistic-simulation-products","step":"verify","ok":true}
{"t":"2026-09-10T07:22:46.078Z","path":"/manufacturing/quantumatk/atomistic-simulation-products/machine-learned-force-fields","step":"verify","ok":true}
{"t":"2026-09-10T07:22:47.752Z","path":"/manufacturing/quantumatk/contact-us/about-us/customer-testimonials","step":"verify","ok":true}
{"t":"2026-09-10T07:22:50.128Z","path":"/manufacturing/quantumatk/contact-us/about-us","step":"verify","ok":true}
{"t":"2026-09-10T07:22:51.552Z","path":"/manufacturing/quantumatk/contact-us","step":"verify","ok":true}
{"t":"2026-09-10T07:22:51.965Z","path":"/manufacturing/quantumatk/contact-us/contact-sales","step":"verify","ok":true}
{"t":"2026-09-10T07:22:52.778Z","path":"/manufacturing/quantumatk/datasheets","step":"verify","ok":true}
{"t":"2026-09-10T07:22:54.797Z","path":"/manufacturing/quantumatk/feature-list","step":"verify","ok":true}
{"t":"2026-09-10T07:22:57.004Z","path":"/manufacturing/quantumatk/materials-modeling/applications","step":"verify","ok":true}
{"t":"2026-09-10T07:22:58.980Z","path":"/manufacturing/quantumatk/materials-modeling/polymer-simulation","step":"verify","ok":true}
{"t":"2026-09-10T07:22:59.691Z","path":"/manufacturing/quantumatk/materials-modeling/battery-simulation","step":"verify","ok":true}
{"t":"2026-09-10T07:23:01.803Z","path":"/manufacturing/quantumatk/materials-modeling","step":"verify","ok":true}
{"t":"2026-09-10T07:23:01.803Z","path":"/manufacturing/quantumatk/on-demand-webinars","step":"verify","ok":true}
{"t":"2026-09-10T07:23:04.306Z","path":"/manufacturing/quantumatk/release-notes","step":"verify","ok":true}
{"t":"2026-09-10T07:23:06.252Z","path":"/manufacturing/quantumatk/semiconductor-modeling","step":"verify","ok":true}
{"t":"2026-09-10T07:23:07.776Z","path":"/manufacturing/quantumatk/videos","step":"verify","ok":true}
{"t":"2026-09-10T07:23:08.666Z","path":"/manufacturing/quantumatk","step":"verify","ok":true}
{"t":"2026-09-10T07:23:09.158Z","path":"/manufacturing/resources/datasheets","step":"verify","ok":true}
{"t":"2026-09-10T07:23:09.777Z","path":"/manufacturing/tcad/calibration-and-services","step":"preview","status":409,"text":"error from content-bus"}
{"t":"2026-09-10T07:23:10.432Z","path":"/manufacturing/resources","step":"verify","ok":true}
{"t":"2026-09-10T07:23:13.521Z","path":"/manufacturing/tcad/device-simulation/taurus-medici","step":"verify","ok":true}
{"t":"2026-09-10T07:23:14.574Z","path":"/manufacturing/tcad/device-simulation/sentaurus-device","step":"verify","ok":true}
{"t":"2026-09-10T07:23:16.275Z","path":"/manufacturing/tcad/device-simulation","step":"verify","ok":true}
{"t":"2026-09-10T07:23:16.853Z","path":"/manufacturing/tcad/dtco","step":"verify","ok":true}
{"t":"2026-09-10T07:23:17.406Z","path":"/manufacturing/tcad/extraction-continuum","step":"preview","status":409,"text":"error from content-bus"}
{"t":"2026-09-10T07:23:19.453Z","path":"/manufacturing/tcad/framework","step":"verify","ok":true}
{"t":"2026-09-10T07:23:21.856Z","path":"/manufacturing/tcad/interconnect-simulation/raphael","step":"verify","ok":true}
{"t":"2026-09-10T07:23:23.461Z","path":"/manufacturing/tcad/interconnect-simulation","step":"verify","ok":true}
{"t":"2026-09-10T07:23:24.401Z","path":"/manufacturing/tcad/process-emulation","step":"verify","ok":true}
{"t":"2026-09-10T07:23:24.556Z","path":"/manufacturing/tcad/interconnect-simulation/sentaurus-interconnect","step":"verify","ok":true}
{"t":"2026-09-10T07:23:26.191Z","path":"/manufacturing/tcad/process-simulation/sentaurus-process","step":"verify","ok":true}
{"t":"2026-09-10T07:23:28.522Z","path":"/manufacturing/tcad/process-simulation/sentaurus-topography","step":"verify","ok":true}
{"t":"2026-09-10T07:23:30.469Z","path":"/manufacturing/tcad/process-simulation/taurus-tsuprem-4","step":"verify","ok":true}
{"t":"2026-09-10T07:23:30.864Z","path":"/manufacturing/tcad/structure-editor","step":"verify","ok":true}
{"t":"2026-09-10T07:23:31.324Z","path":"/manufacturing/tcad","step":"preview","status":409,"text":"error from content-bus"}
{"t":"2026-09-10T07:23:31.501Z","path":"/manufacturing/tcad/process-simulation","step":"verify","ok":true}
{"t":"2026-09-10T07:23:37.816Z","path":"/manufacturing","step":"verify","ok":true}
{"t":"2026-09-10T07:23:38.178Z","path":"/nav","step":"verify","ok":true}
{"t":"2026-09-10T07:23:39.547Z","path":"/partners/arm","step":"verify","ok":true}
{"t":"2026-09-10T07:23:40.345Z","path":"/optical-solutions","step":"verify","ok":true}
{"t":"2026-09-10T07:23:46.512Z","path":"/partners/globalfoundries","step":"verify","ok":true}
{"t":"2026-09-10T07:23:46.562Z","path":"/partners/bluespec","step":"verify","ok":true}
{"t":"2026-09-10T07:23:47.721Z","path":"/partners/imagination","step":"verify","ok":true}
{"t":"2026-09-10T07:23:49.112Z","path":"/partners/intel-foundry-services","step":"verify","ok":true}
{"t":"2026-09-10T07:23:52.546Z","path":"/partners/nvidia","step":"verify","ok":true}
{"t":"2026-09-10T07:23:53.743Z","path":"/partners/samsung","step":"verify","ok":true}
{"t":"2026-09-10T07:23:54.592Z","path":"/partners/tower-semiconductor","step":"verify","ok":true}
{"t":"2026-09-10T07:23:54.655Z","path":"/partners/sifive","step":"verify","ok":true}
{"t":"2026-09-10T07:23:59.784Z","path":"/partners/tsmc","step":"verify","ok":true}
{"t":"2026-09-10T07:24:00.140Z","path":"/partners","step":"verify","ok":true}
{"t":"2026-09-10T07:24:00.485Z","path":"/photonic-solutions/optocompiler/optodesigner/advanced-connectors-module","step":"verify","ok":true}
{"t":"2026-09-10T07:24:00.891Z","path":"/partners/umc","step":"verify","ok":true}
{"t":"2026-09-10T07:24:04.677Z","path":"/photonic-solutions/optocompiler/optodesigner/autorouting","step":"verify","ok":true}
{"t":"2026-09-10T07:24:05.251Z","path":"/photonic-solutions/optocompiler/optodesigner","step":"verify","ok":true}
{"t":"2026-09-10T07:24:05.991Z","path":"/photonic-solutions/optocompiler/optodesigner/lattice-filter-design-module","step":"verify","ok":true}
{"t":"2026-09-10T07:24:06.855Z","path":"/photonic-solutions/optocompiler/optodesigner/design-rule-checking-module","step":"verify","ok":true}
{"t":"2026-09-10T07:24:10.029Z","path":"/photonic-solutions/optocompiler/process-design-kits","step":"verify","ok":true}
{"t":"2026-09-10T07:24:11.248Z","path":"/photonic-solutions/optocompiler","step":"verify","ok":true}
{"t":"2026-09-10T07:24:12.302Z","path":"/photonic-solutions/optocompiler/optsim-photonic-ic","step":"verify","ok":true}
{"t":"2026-09-10T07:24:12.576Z","path":"/photonic-solutions/optsim/aerospace-defense","step":"verify","ok":true}
{"t":"2026-09-10T07:24:14.759Z","path":"/photonic-solutions/optsim/multi-mode-network","step":"verify","ok":true}
{"t":"2026-09-10T07:24:16.950Z","path":"/photonic-solutions/optsim/single-mode-network","step":"verify","ok":true}
{"t":"2026-09-10T07:24:17.273Z","path":"/photonic-solutions/optsim/sensing","step":"verify","ok":true}
{"t":"2026-09-10T07:24:18.910Z","path":"/photonic-solutions/optsim","step":"verify","ok":true}
{"t":"2026-09-10T07:24:19.791Z","path":"/photonic-solutions/product-applications/advanced-modulation-formats/optsim-csrz-modulation","step":"verify","ok":true}
{"t":"2026-09-10T07:24:21.803Z","path":"/photonic-solutions/product-applications/advanced-modulation-formats/optsim-dqpsk-modulation","step":"verify","ok":true}
{"t":"2026-09-10T07:24:23.448Z","path":"/photonic-solutions/product-applications/advanced-modulation-formats/optsim-study-of-duobinary-transmitter","step":"verify","ok":true}
{"t":"2026-09-10T07:24:23.876Z","path":"/photonic-solutions/product-applications/advanced-modulation-formats/partial-dpsk","step":"verify","ok":true}
{"t":"2026-09-10T07:24:24.445Z","path":"/photonic-solutions/product-applications/advanced-modulation-formats","step":"verify","ok":true}
{"t":"2026-09-10T07:24:26.887Z","path":"/photonic-solutions/product-applications/automotive/swept-frequency-automotive-light-detection-lidar","step":"verify","ok":true}
{"t":"2026-09-10T07:24:30.017Z","path":"/photonic-solutions/product-applications/automotive","step":"verify","ok":true}
{"t":"2026-09-10T07:24:30.743Z","path":"/photonic-solutions/product-applications/coherent-fiber-optic/bell-curve-analysis-coherent-wdm-systems","step":"verify","ok":true}
{"t":"2026-09-10T07:24:31.336Z","path":"/photonic-solutions/product-applications/coherent-fiber-optic/32gb-channel-coherent-wdm-systems","step":"verify","ok":true}
{"t":"2026-09-10T07:24:31.799Z","path":"/photonic-solutions/product-applications/coherent-fiber-optic/matlab-dsp-algorithm-ber-counting","step":"verify","ok":true}
{"t":"2026-09-10T07:24:36.164Z","path":"/photonic-solutions/product-applications/coherent-fiber-optic/mode-division-multiplexing-silicon-photonic-network","step":"verify","ok":true}
{"t":"2026-09-10T07:24:36.765Z","path":"/photonic-solutions/product-applications/coherent-fiber-optic/pm-qpsk","step":"verify","ok":true}
{"t":"2026-09-10T07:24:37.738Z","path":"/photonic-solutions/product-applications/coherent-fiber-optic/nyquist-wdm-pm-16qam","step":"verify","ok":true}
{"t":"2026-09-10T07:24:38.961Z","path":"/photonic-solutions/product-applications/coherent-fiber-optic/polarization-switched-qpsk","step":"verify","ok":true}
{"t":"2026-09-10T07:24:40.621Z","path":"/photonic-solutions/product-applications/coherent-fiber-optic","step":"verify","ok":true}
{"t":"2026-09-10T07:24:41.651Z","path":"/photonic-solutions/product-applications/fiber-sensors/fbg-based-temperature-sensor","step":"verify","ok":true}
{"t":"2026-09-10T07:24:42.944Z","path":"/photonic-solutions/product-applications/fiber-sensors/interferometric-fiber-optic-gyroscope","step":"verify","ok":true}
{"t":"2026-09-10T07:24:43.285Z","path":"/photonic-solutions/product-applications/fiber-sensors","step":"verify","ok":true}
{"t":"2026-09-10T07:24:46.607Z","path":"/photonic-solutions/product-applications/free-space-optics/nrz-dpsk-transmission","step":"verify","ok":true}
{"t":"2026-09-10T07:24:47.023Z","path":"/photonic-solutions/product-applications/free-space-optics","step":"verify","ok":true}
{"t":"2026-09-10T07:24:48.051Z","path":"/photonic-solutions/product-applications/multimode-fiber-optic/electronic-dispersion-compensation","step":"verify","ok":true}
{"t":"2026-09-10T07:24:48.890Z","path":"/photonic-solutions/product-applications/multimode-fiber-optic/25g-base-sr","step":"verify","ok":true}
{"t":"2026-09-10T07:24:52.379Z","path":"/photonic-solutions/product-applications/multimode-fiber-optic/modeling-multimode-modesys","step":"verify","ok":true}
{"t":"2026-09-10T07:24:52.576Z","path":"/photonic-solutions/product-applications/multimode-fiber-optic/modesys-differential-mode-delay","step":"verify","ok":true}
{"t":"2026-09-10T07:24:54.157Z","path":"/photonic-solutions/product-applications/multimode-fiber-optic/modesys-encircled-flux-simulation","step":"verify","ok":true}
{"t":"2026-09-10T07:24:54.736Z","path":"/photonic-solutions/product-applications/multimode-fiber-optic/modesys-gigabit-ethernet-link-design","step":"verify","ok":true}
{"t":"2026-09-10T07:24:57.687Z","path":"/photonic-solutions/product-applications/multimode-fiber-optic/modesys-refractive-index-profile-distortions","step":"verify","ok":true}
{"t":"2026-09-10T07:24:58.655Z","path":"/photonic-solutions/product-applications/multimode-fiber-optic/pam-4-transmission-over-core-plastic-optical-fiber","step":"verify","ok":true}
{"t":"2026-09-10T07:24:59.240Z","path":"/photonic-solutions/product-applications/multimode-fiber-optic/pam4-pulse-amplitude-modulation","step":"verify","ok":true}
{"t":"2026-09-10T07:25:00.158Z","path":"/photonic-solutions/product-applications/optical-amplifiers/edfa-gain-modulation","step":"verify","ok":true}
{"t":"2026-09-10T07:25:02.665Z","path":"/photonic-solutions/product-applications/optical-amplifiers/optsim-cladding-pumped-edfa","step":"verify","ok":true}
{"t":"2026-09-10T07:25:03.540Z","path":"/photonic-solutions/product-applications/optical-amplifiers/optsim-design-40channel","step":"verify","ok":true}
{"t":"2026-09-10T07:25:04.304Z","path":"/photonic-solutions/product-applications/optical-amplifiers/optsim-er-yb-based-master-oscillator","step":"verify","ok":true}
{"t":"2026-09-10T07:25:05.027Z","path":"/photonic-solutions/product-applications/optical-amplifiers/ropa","step":"verify","ok":true}
{"t":"2026-09-10T07:25:06.581Z","path":"/photonic-solutions/product-applications/optical-amplifiers","step":"verify","ok":true}
{"t":"2026-09-10T07:25:08.777Z","path":"/photonic-solutions/product-applications/optical-networks/optsim-dwdm-ring","step":"verify","ok":true}
{"t":"2026-09-10T07:25:09.201Z","path":"/photonic-solutions/product-applications/optical-networks/optsim-optical-code-division-multiple-access","step":"verify","ok":true}
{"t":"2026-09-10T07:25:10.468Z","path":"/photonic-solutions/product-applications/optical-networks/optsim-tdm-link-demultiplexing","step":"verify","ok":true}
{"t":"2026-09-10T07:25:11.301Z","path":"/photonic-solutions/product-applications/optical-networks/osnr-measurement","step":"verify","ok":true}
{"t":"2026-09-10T07:25:13.439Z","path":"/photonic-solutions/product-applications/optical-networks","step":"verify","ok":true}
{"t":"2026-09-10T07:25:14.827Z","path":"/photonic-solutions/product-applications/other-applications/adc-dac-enhancing-resolution-of-conversions","step":"verify","ok":true}
{"t":"2026-09-10T07:25:16.078Z","path":"/photonic-solutions/product-applications/other-applications/deterministic-random-jitter","step":"verify","ok":true}
{"t":"2026-09-10T07:25:16.803Z","path":"/photonic-solutions/product-applications/other-applications/measurement-total-jitter","step":"verify","ok":true}
{"t":"2026-09-10T07:25:18.085Z","path":"/photonic-solutions/product-applications/other-applications","step":"verify","ok":true}
{"t":"2026-09-10T07:25:20.299Z","path":"/photonic-solutions/product-applications/performance-estimation/3d-plot-optical-pulse","step":"verify","ok":true}
{"t":"2026-09-10T07:25:22.372Z","path":"/photonic-solutions/product-applications/performance-estimation/optsim-monte-carlo-analysis","step":"verify","ok":true}
{"t":"2026-09-10T07:25:23.076Z","path":"/photonic-solutions/product-applications/performance-estimation","step":"verify","ok":true}
{"t":"2026-09-10T07:25:23.998Z","path":"/photonic-solutions/product-applications/performance-estimation/optsim-receiver-sensitivity","step":"verify","ok":true}
{"t":"2026-09-10T07:25:25.552Z","path":"/photonic-solutions/product-applications/photonic-integrated-circuits/aim-photonics-4x4-benes-switch","step":"verify","ok":true}
{"t":"2026-09-10T07:25:27.715Z","path":"/photonic-solutions/product-applications/photonic-integrated-circuits/aim-photonics-qpsk-transmitter","step":"verify","ok":true}
{"t":"2026-09-10T07:25:28.456Z","path":"/photonic-solutions/product-applications/photonic-integrated-circuits/asymmetric-widening","step":"verify","ok":true}
{"t":"2026-09-10T07:25:29.537Z","path":"/photonic-solutions/product-applications/photonic-integrated-circuits/arbitrary-curves-feature","step":"verify","ok":true}
{"t":"2026-09-10T07:25:30.585Z","path":"/photonic-solutions/product-applications/photonic-integrated-circuits/bidirectional-interface","step":"verify","ok":true}
{"t":"2026-09-10T07:25:33.695Z","path":"/photonic-solutions/product-applications/photonic-integrated-circuits/dxf-transfer-function","step":"verify","ok":true}
{"t":"2026-09-10T07:25:34.305Z","path":"/photonic-solutions/product-applications/photonic-integrated-circuits/custom-pdks-ring-resonator","step":"verify","ok":true}
{"t":"2026-09-10T07:25:34.486Z","path":"/photonic-solutions/product-applications/photonic-integrated-circuits/estimating-impact-wtw-rtr","step":"verify","ok":true}
{"t":"2026-09-10T07:25:36.441Z","path":"/photonic-solutions/product-applications/photonic-integrated-circuits/foundry-process-tw-mzm","step":"verify","ok":true}
{"t":"2026-09-10T07:25:38.652Z","path":"/photonic-solutions/product-applications/photonic-integrated-circuits/mach-zehnder-modulator","step":"verify","ok":true}
{"t":"2026-09-10T07:25:39.143Z","path":"/photonic-solutions/product-applications/photonic-integrated-circuits/linear-time-invariant","step":"verify","ok":true}
{"t":"2026-09-10T07:25:39.667Z","path":"/photonic-solutions/product-applications/photonic-integrated-circuits/measurement-modulator-chirp-factor-fiber-dispersion","step":"verify","ok":true}
{"t":"2026-09-10T07:25:41.616Z","path":"/photonic-solutions/product-applications/photonic-integrated-circuits/modeling-crow","step":"verify","ok":true}
{"t":"2026-09-10T07:25:43.694Z","path":"/photonic-solutions/product-applications/photonic-integrated-circuits/modeling-custom-pic-elements","step":"verify","ok":true}
{"t":"2026-09-10T07:25:44.217Z","path":"/photonic-solutions/product-applications/photonic-integrated-circuits/optsim-circuit-multipath-interference","step":"verify","ok":true}
{"t":"2026-09-10T07:25:45.081Z","path":"/photonic-solutions/product-applications/photonic-integrated-circuits/mzi-simulation-pdaflow-interface-lionix-components","step":"verify","ok":true}
{"t":"2026-09-10T07:25:46.017Z","path":"/photonic-solutions/product-applications/photonic-integrated-circuits/optsim-circuit-ring-modulator-pic","step":"verify","ok":true}
{"t":"2026-09-10T07:25:48.570Z","path":"/photonic-solutions/product-applications/photonic-integrated-circuits/optsim-circuit-silicon-photonic-ring","step":"verify","ok":true}
{"t":"2026-09-10T07:25:50.343Z","path":"/photonic-solutions/product-applications/photonic-integrated-circuits/phase-aware-routing","step":"verify","ok":true}
{"t":"2026-09-10T07:25:50.811Z","path":"/photonic-solutions/product-applications/photonic-integrated-circuits/pic-transparent-components","step":"verify","ok":true}
{"t":"2026-09-10T07:25:50.920Z","path":"/photonic-solutions/product-applications/photonic-integrated-circuits/phase-shifter-device-circuit","step":"verify","ok":true}
{"t":"2026-09-10T07:25:56.498Z","path":"/photonic-solutions/product-applications/photonic-integrated-circuits/polarization-in-photonic-integrated-circuit","step":"verify","ok":true}
{"t":"2026-09-10T07:25:56.501Z","path":"/photonic-solutions/product-applications/photonic-integrated-circuits/sagnac-effect","step":"verify","ok":true}
{"t":"2026-09-10T07:25:57.082Z","path":"/photonic-solutions/product-applications/photonic-integrated-circuits/qpsk-transceiver-pic","step":"verify","ok":true}
{"t":"2026-09-10T07:25:57.214Z","path":"/photonic-solutions/product-applications/photonic-integrated-circuits/sensor-pic","step":"verify","ok":true}
{"t":"2026-09-10T07:26:04.145Z","path":"/photonic-solutions/product-applications/photonic-integrated-circuits/silicon-ring-modulator","step":"verify","ok":true}
{"t":"2026-09-10T07:26:04.810Z","path":"/photonic-solutions/product-applications/photonic-integrated-circuits/single-multi-ring-resonators","step":"verify","ok":true}
{"t":"2026-09-10T07:26:04.811Z","path":"/photonic-solutions/product-applications/photonic-integrated-circuits/simulation-aim-photonics","step":"verify","ok":true}
{"t":"2026-09-10T07:26:05.409Z","path":"/photonic-solutions/product-applications/photonic-integrated-circuits/thermal-tuning","step":"verify","ok":true}
{"t":"2026-09-10T07:26:11.625Z","path":"/photonic-solutions/product-applications/photonic-integrated-circuits","step":"verify","ok":true}
{"t":"2026-09-10T07:26:11.866Z","path":"/photonic-solutions/product-applications/photonic-integrated-circuits/tw-mzm-optical-isolator","step":"verify","ok":true}
{"t":"2026-09-10T07:26:12.543Z","path":"/photonic-solutions/product-applications/pon-catv-rof/ask-modulated-rf-subcarrier-fiber-optic-transmission","step":"verify","ok":true}
{"t":"2026-09-10T07:26:12.598Z","path":"/photonic-solutions/product-applications/pon-catv-rof/bdc-based-burstmode-receiver","step":"verify","ok":true}
{"t":"2026-09-10T07:26:18.237Z","path":"/photonic-solutions/product-applications/pon-catv-rof/fsk-modulated-rf-subcarrier-fiber-optic-transmission","step":"verify","ok":true}
{"t":"2026-09-10T07:26:18.258Z","path":"/photonic-solutions/product-applications/pon-catv-rof/estimating-noise-figure-of-rf-over-fiber-link","step":"verify","ok":true}
{"t":"2026-09-10T07:26:18.871Z","path":"/photonic-solutions/product-applications/pon-catv-rof/optsim-analog-catv-examples","step":"verify","ok":true}
{"t":"2026-09-10T07:26:19.233Z","path":"/photonic-solutions/product-applications/pon-catv-rof/optsim-bidirectional-modeling","step":"verify","ok":true}
{"t":"2026-09-10T07:26:24.979Z","path":"/photonic-solutions/product-applications/pon-catv-rof/optsim-ftth-system-gepon-access-architecture","step":"verify","ok":true}
{"t":"2026-09-10T07:26:25.646Z","path":"/photonic-solutions/product-applications/pon-catv-rof/rf-dual-parallel-mzm","step":"verify","ok":true}
{"t":"2026-09-10T07:26:26.344Z","path":"/photonic-solutions/product-applications/pon-catv-rof","step":"verify","ok":true}
{"t":"2026-09-10T07:26:27.207Z","path":"/photonic-solutions/product-applications/solar-energy-photovoltaics/optsim-circuit-optical-notch-filter","step":"verify","ok":true}
{"t":"2026-09-10T07:26:33.581Z","path":"/photonic-solutions/product-applications/tof-lidar","step":"verify","ok":true}
{"t":"2026-09-10T07:26:34.159Z","path":"/photonic-solutions/product-applications/tof-lidar/time-of-flight-lidar","step":"verify","ok":true}
{"t":"2026-09-10T07:26:34.230Z","path":"/photonic-solutions/product-applications/transmission-impairments-fiber/dispersion-managed-soliton","step":"verify","ok":true}
{"t":"2026-09-10T07:26:35.263Z","path":"/photonic-solutions/product-applications/transmission-impairments-fiber/optsim-dispersion-compensation","step":"verify","ok":true}
{"t":"2026-09-10T07:26:41.029Z","path":"/photonic-solutions/product-applications/transmission-impairments-fiber/optsim-fiber-nonlinearity","step":"verify","ok":true}
{"t":"2026-09-10T07:26:41.029Z","path":"/photonic-solutions/product-applications/transmission-impairments-fiber","step":"verify","ok":true}
{"t":"2026-09-10T07:26:41.206Z","path":"/photonic-solutions/product-applications/transmission-impairments-fiber/optsim-effective-loss-stimulated-brillouin-scattering","step":"verify","ok":true}
{"t":"2026-09-10T07:26:41.384Z","path":"/photonic-solutions/product-applications/transmission-impairments-fiber/pmd-in-highbit-rate-systems","step":"verify","ok":true}
{"t":"2026-09-10T07:26:47.638Z","path":"/photonic-solutions/support","step":"verify","ok":true}
{"t":"2026-09-10T07:26:47.784Z","path":"/photonic-solutions/product-applications/waveguide-sensors","step":"verify","ok":true}
{"t":"2026-09-10T07:26:47.949Z","path":"/photonic-solutions/product-applications/waveguide-sensors/optsim-methane-gas-sensor","step":"verify","ok":true}
{"t":"2026-09-10T07:26:49.168Z","path":"/photonic-solutions/resources","step":"verify","ok":true}
{"t":"2026-09-10T07:26:52.624Z","path":"/products","step":"verify","ok":true}
{"t":"2026-09-10T07:26:53.038Z","path":"/resources/1-6t-ethernet-mac-ip-datasheet","step":"verify","ok":true}
{"t":"2026-09-10T07:26:53.333Z","path":"/photonic-solutions","step":"verify","ok":true}
{"t":"2026-09-10T07:26:54.048Z","path":"/resources/1-6t-ethernet-pcs-ip-datasheet","step":"verify","ok":true}
{"t":"2026-09-10T07:26:57.634Z","path":"/resources/1-8v-1-5v-1-2v-gpio-ip-for-gf-12lp-datasheet","step":"verify","ok":true}
{"t":"2026-09-10T07:26:58.710Z","path":"/resources/100g-200g-400g-800g-ethernet-mac-ip-datasheet","step":"verify","ok":true}
{"t":"2026-09-10T07:26:59.243Z","path":"/resources/10g-ethernet-xgmac-datasheet","step":"verify","ok":true}
{"t":"2026-09-10T07:26:59.398Z","path":"/resources/100g-ethernet-pcs-ip-datasheet","step":"verify","ok":true}
{"t":"2026-09-10T07:27:04.457Z","path":"/resources/112g-ethernet-phy-ip-datasheet","step":"verify","ok":true}
{"t":"2026-09-10T07:27:04.883Z","path":"/resources/112g-ethernet-phy-ip-for-very-short-reach-datasheet","step":"verify","ok":true}
{"t":"2026-09-10T07:27:04.965Z","path":"/resources/200g-400g-800g-ethernet-mac-ip-datasheet","step":"verify","ok":true}
{"t":"2026-09-10T07:27:05.873Z","path":"/resources/200g-400g-and-800g-ethernet-mac-and-pcs-ip-datasheet","step":"verify","ok":true}
{"t":"2026-09-10T07:27:11.367Z","path":"/resources/200g-and-400g-ethernet-pcs-ip-datasheet","step":"verify","ok":true}
{"t":"2026-09-10T07:27:11.469Z","path":"/resources/224g-ethernet-phy-ip-datasheet","step":"verify","ok":true}
{"t":"2026-09-10T07:27:12.005Z","path":"/resources/224g-phy-ai-networks","step":"verify","ok":true}
{"t":"2026-09-10T07:27:12.913Z","path":"/resources/25g-ethernet-mac-ip-datasheet","step":"verify","ok":true}
{"t":"2026-09-10T07:27:18.261Z","path":"/resources/3-3v-1-8v-i2c-io-ip-with-5v-fail-safe-for-gf-12lp-datasheet","step":"verify","ok":true}
{"t":"2026-09-10T07:27:18.298Z","path":"/resources/3-3v-1-8v-gpio-ip-for-gf-12lp-datasheet","step":"verify","ok":true}
{"t":"2026-09-10T07:27:18.794Z","path":"/resources/3-3v-1-8v-lvds-rx-io-ip-for-gf-12lp-datasheet","step":"verify","ok":true}
{"t":"2026-09-10T07:27:19.119Z","path":"/resources/3dicc-brochure","step":"verify","ok":true}
{"t":"2026-09-10T07:27:25.966Z","path":"/resources/56g-ethernet-phy-ip-datasheet","step":"verify","ok":true}
{"t":"2026-09-10T07:27:26.013Z","path":"/resources/800g-ethernet-pcs-ip-datasheet","step":"verify","ok":true}
{"t":"2026-09-10T07:27:26.397Z","path":"/resources/3dio-ip-solution-datasheet","step":"verify","ok":true}
{"t":"2026-09-10T07:27:26.909Z","path":"/resources/accelerate-cloud-based-automotive-design-evaluation-early-software-development-electronics-digital-twin","step":"verify","ok":true}
{"t":"2026-09-10T07:27:32.213Z","path":"/resources/achieving-consistent-rtl-power-accuracy","step":"verify","ok":true}
{"t":"2026-09-10T07:27:32.468Z","path":"/resources/accelerate-sdv-development-electronics-digital-twin-platform","step":"verify","ok":true}
{"t":"2026-09-10T07:27:32.541Z","path":"/resources/achieving-your-low-power-goals-with-synopsys-ultra-low-leakage-io-white-paper","step":"verify","ok":true}
{"t":"2026-09-10T07:27:32.703Z","path":"/resources/accelerating-adoption-multi-die-systems","step":"verify","ok":true}
{"t":"2026-09-10T07:27:37.839Z","path":"/resources/advanced-packaging-multi-die","step":"verify","ok":true}
{"t":"2026-09-10T07:27:38.397Z","path":"/resources/ai-chip-security-sdev-slm","step":"verify","ok":true}
{"t":"2026-09-10T07:27:38.683Z","path":"/resources/agile-pqc-public-key-accelerators-datasheet","step":"verify","ok":true}
{"t":"2026-09-10T07:27:38.834Z","path":"/resources/advancing-android-soc-virtual-prototypes-virtualizer-native-execution","step":"verify","ok":true}
{"t":"2026-09-10T07:27:44.737Z","path":"/resources/ai-chip-silicon-design-advanced-packaging","step":"verify","ok":true}
{"t":"2026-09-10T07:27:44.754Z","path":"/resources/amba-advanced-i2c-smbus-controller-and-target-device-ip-datasheet","step":"verify","ok":true}
{"t":"2026-09-10T07:27:44.772Z","path":"/resources/ai-powered-eda-tsoai-ds","step":"verify","ok":true}
{"t":"2026-09-10T07:27:45.265Z","path":"/resources/ai-powered-eda-chip-design-solutions","step":"verify","ok":true}
{"t":"2026-09-10T07:27:50.218Z","path":"/resources/automated-method-soc-designs","step":"verify","ok":true}
{"t":"2026-09-10T07:27:50.319Z","path":"/resources/automotive-fact-sheet","step":"verify","ok":true}
{"t":"2026-09-10T07:27:50.399Z","path":"/resources/bluesplec-riscv-wp","step":"verify","ok":true}
{"t":"2026-09-10T07:27:50.495Z","path":"/resources/avsbus-controller-ip-datasheet","step":"verify","ok":true}
{"t":"2026-09-10T07:27:56.564Z","path":"/resources/bump-tsv-planning-multi-die","step":"verify","ok":true}
{"t":"2026-09-10T07:27:56.565Z","path":"/resources/calibrate-and-configure-your-power-management-ic-with-nvm-ip-white-paper","step":"verify","ok":true}
{"t":"2026-09-10T07:27:57.354Z","path":"/resources/building-an-ai-chip-pre-silicon-planning-guide","step":"verify","ok":true}
{"t":"2026-09-10T07:27:57.413Z","path":"/resources/ccix-controller-ip-datasheet","step":"verify","ok":true}
{"t":"2026-09-10T07:28:01.883Z","path":"/resources/chip-design-space-applications","step":"verify","ok":true}
{"t":"2026-09-10T07:28:04.865Z","path":"/resources/co-packaged-optics-for-multi-die-designs","step":"verify","ok":true}
{"t":"2026-09-10T07:28:05.009Z","path":"/resources/ccix-ip-complete-solution-datasheet","step":"verify","ok":true}
{"t":"2026-09-10T07:28:05.195Z","path":"/resources/co-packaged-optics-and-the-evolution-of-switch-optical-interconnects-in-data-centers-white-paper","step":"verify","ok":true}
{"t":"2026-09-10T07:28:07.282Z","path":"/resources/complete-1-6t-ethernet-ip-solution-datasheet","step":"verify","ok":true}
{"t":"2026-09-10T07:28:09.903Z","path":"/resources/complete-1-6t-ultra-ethernet-ip-solution-datasheet","step":"verify","ok":true}
{"t":"2026-09-10T07:28:10.737Z","path":"/resources/complete-ualink-ip-solution-datasheet","step":"verify","ok":true}
{"t":"2026-09-10T07:28:11.366Z","path":"/resources/compute-express-link-cxl-controller-ip-datasheet","step":"verify","ok":true}
{"t":"2026-09-10T07:28:11.624Z","path":"/resources/confirmation-measures-iso26262-functional-safety","step":"verify","ok":true}
{"t":"2026-09-10T07:28:15.187Z","path":"/resources/consumer-8g-phy-ip-datasheet","step":"verify","ok":true}
{"t":"2026-09-10T07:28:15.974Z","path":"/resources/controller-ip-for-pci-express-6-0-datasheet","step":"verify","ok":true}
{"t":"2026-09-10T07:28:16.297Z","path":"/resources/controller-ip-for-pci-express-7-0-datasheet","step":"verify","ok":true}
{"t":"2026-09-10T07:28:17.447Z","path":"/resources/cryptographic-security-evolution","step":"verify","ok":true}
{"t":"2026-09-10T07:28:19.781Z","path":"/resources/cryptography-software-library-datasheet","step":"verify","ok":true}
{"t":"2026-09-10T07:28:20.226Z","path":"/resources/cybersecurity-soc-21434-best-practices","step":"verify","ok":true}
{"t":"2026-09-10T07:28:21.247Z","path":"/resources/ddr-complete-solution-datasheet","step":"verify","ok":true}
{"t":"2026-09-10T07:28:22.276Z","path":"/resources/ddr3-2-phy-ip-datasheet","step":"verify","ok":true}
{"t":"2026-09-10T07:28:23.966Z","path":"/resources/ddr4-multiphy-ip-datasheet","step":"verify","ok":true}
{"t":"2026-09-10T07:28:24.386Z","path":"/resources/ddr4-3-phy-ip-datasheet","step":"verify","ok":true}
{"t":"2026-09-10T07:28:26.012Z","path":"/resources/ddr5-4-controller-ip-datasheet","step":"verify","ok":true}
{"t":"2026-09-10T07:28:26.674Z","path":"/resources/ddr5-4-phy-ip-datasheet","step":"verify","ok":true}
{"t":"2026-09-10T07:28:29.371Z","path":"/resources/ddr5-mrdimm-phy-ip-datasheet","step":"verify","ok":true}
{"t":"2026-09-10T07:28:30.629Z","path":"/resources/ddr5-mrdimm-controller-ip-datasheet","step":"verify","ok":true}
{"t":"2026-09-10T07:28:31.446Z","path":"/resources/deep-low-voltage-transistor-foundation-ip","step":"verify","ok":true}
{"t":"2026-09-10T07:28:32.638Z","path":"/resources/design-da","step":"verify","ok":true}
{"t":"2026-09-10T07:28:35.529Z","path":"/resources/designing-for-448g","step":"verify","ok":true}
{"t":"2026-09-10T07:28:37.868Z","path":"/resources/developing-high-reliability-reprogrammable-nvm-ip-for-automotive-applications-white-paper","step":"verify","ok":true}
{"t":"2026-09-10T07:28:38.237Z","path":"/resources/designing-ras-slm","step":"verify","ok":true}
{"t":"2026-09-10T07:28:39.186Z","path":"/resources/die-to-die-controller-ip-datasheet","step":"verify","ok":true}
{"t":"2026-09-10T07:28:40.821Z","path":"/resources/displayport-tx-ip-complete-solution-datasheet","step":"verify","ok":true}
{"t":"2026-09-10T07:28:42.597Z","path":"/resources/dual-mode-controller-ip-for-pci-express-1-1-5-0-datasheet","step":"verify","ok":true}
{"t":"2026-09-10T07:28:43.068Z","path":"/resources/edge-ai-low-voltage-ip","step":"verify","ok":true}
{"t":"2026-09-10T07:28:44.125Z","path":"/resources/efficient-data-transfer-with-high-speed-serial-flash-interface-ip-white-paper","step":"verify","ok":true}
{"t":"2026-09-10T07:28:44.717Z","path":"/resources/efficient-multi-die-implementation-ip-integration","step":"verify","ok":true}
{"t":"2026-09-10T07:28:47.077Z","path":"/resources/embedded-endpoint-controller-ip-for-pci-express-1-1-5-0-datasheet","step":"verify","ok":true}
{"t":"2026-09-10T07:28:47.741Z","path":"/resources/enabling-the-448g-era","step":"verify","ok":true}
{"t":"2026-09-10T07:28:49.243Z","path":"/resources/endpoint-controller-ip-for-pci-express-1-1-5-0-datasheet","step":"verify","ok":true}
{"t":"2026-09-10T07:28:49.825Z","path":"/resources/enhanced-serial-peripheral-interface-controller-ip-datasheet","step":"verify","ok":true}
{"t":"2026-09-10T07:28:52.641Z","path":"/resources/enhanced-universal-ddr-memory-controller-ip-datasheet","step":"verify","ok":true}
{"t":"2026-09-10T07:28:53.314Z","path":"/resources/enhanced-universal-ddr-memory-and-protocol-controller-ip-datasheet","step":"verify","ok":true}
{"t":"2026-09-10T07:28:54.234Z","path":"/resources/enterprise-ethernet-mac-controller-ip-datasheet","step":"verify","ok":true}
{"t":"2026-09-10T07:28:54.750Z","path":"/resources/enterprise-ethernet-pcs-controller-ip-datasheet","step":"verify","ok":true}
{"t":"2026-09-10T07:28:57.982Z","path":"/resources/esun-ip-solution-datasheet","step":"verify","ok":true}
{"t":"2026-09-10T07:28:58.434Z","path":"/resources/esd-co-design-for-224g-and-112g-serdes-in-finfet-technologies-white-paper","step":"verify","ok":true}
{"t":"2026-09-10T07:28:58.438Z","path":"/resources/ethernet-mac-10-100-1000-universal-datasheet","step":"verify","ok":true}
{"t":"2026-09-10T07:28:59.931Z","path":"/resources/ethernet-mac-10-100-universal-ip-datasheet","step":"verify","ok":true}
{"t":"2026-09-10T07:29:02.737Z","path":"/resources/ethernet-pcs-datasheet","step":"verify","ok":true}
{"t":"2026-09-10T07:29:03.577Z","path":"/resources/eusb2-ip-solution-datasheet","step":"verify","ok":true}
{"t":"2026-09-10T07:29:04.032Z","path":"/resources/ethernet-quality-of-service-controller-ip-datasheet","step":"verify","ok":true}
{"t":"2026-09-10T07:29:05.139Z","path":"/resources/exalto","step":"verify","ok":true}
{"t":"2026-09-10T07:29:08.280Z","path":"/resources/faster-bug-discovery-coverage-closure-vso-ai","step":"verify","ok":true}
{"t":"2026-09-10T07:29:09.416Z","path":"/resources/flexible-key-sram-puf","step":"verify","ok":true}
{"t":"2026-09-10T07:29:09.947Z","path":"/resources/flexible-usb4-based-interface-ip-solution-for-ai-at-the-edge-white-paper","step":"verify","ok":true}
{"t":"2026-09-10T07:29:11.511Z","path":"/resources/foundation-cores-datasheet","step":"verify","ok":true}
{"t":"2026-09-10T07:29:13.793Z","path":"/resources/foundation-ip-energy-efficient-soc","step":"verify","ok":true}
{"t":"2026-09-10T07:29:15.523Z","path":"/resources/foundation-ip-for-db-hitek-180nm-datasheet","step":"verify","ok":true}
{"t":"2026-09-10T07:29:17.150Z","path":"/resources/foundation-ip-for-gf-22fdx-datasheet","step":"verify","ok":true}
{"t":"2026-09-10T07:29:17.821Z","path":"/resources/foundation-ip-for-gf-22fdx-plus-datasheet","step":"verify","ok":true}
{"t":"2026-09-10T07:29:18.574Z","path":"/resources/foundation-ip-for-gf-40lp-datasheet","step":"verify","ok":true}
{"t":"2026-09-10T07:29:20.178Z","path":"/resources/foundation-ip-for-gf-55lpe-datasheet","step":"verify","ok":true}
{"t":"2026-09-10T07:29:22.331Z","path":"/resources/foundation-ip-for-huali-40lp-datasheet","step":"verify","ok":true}
{"t":"2026-09-10T07:29:23.470Z","path":"/resources/foundation-ip-for-intel-16-datasheet","step":"verify","ok":true}
{"t":"2026-09-10T07:29:24.122Z","path":"/resources/foundation-ip-for-huali-55lp-datasheet","step":"verify","ok":true}
{"t":"2026-09-10T07:29:25.152Z","path":"/resources/foundation-ip-for-intel-18a-datasheet","step":"verify","ok":true}
{"t":"2026-09-10T07:29:27.419Z","path":"/resources/foundation-ip-for-samsung-8lpu-datasheet","step":"verify","ok":true}
{"t":"2026-09-10T07:29:28.305Z","path":"/resources/foundation-ip-for-smic-40ll-datasheet","step":"verify","ok":true}
{"t":"2026-09-10T07:29:29.880Z","path":"/resources/foundation-ip-for-tsmc-16ff-plus-datasheet","step":"verify","ok":true}
{"t":"2026-09-10T07:29:30.398Z","path":"/resources/foundation-ip-for-smic-65ll-datasheet","step":"verify","ok":true}
{"t":"2026-09-10T07:29:32.355Z","path":"/resources/foundation-ip-for-tsmc-16ffc-datasheet","step":"verify","ok":true}
{"t":"2026-09-10T07:29:33.021Z","path":"/resources/foundation-ip-for-tsmc-22ull-datasheet","step":"verify","ok":true}
{"t":"2026-09-10T07:29:35.411Z","path":"/resources/foundation-ip-for-tsmc-28hp-datasheet","step":"verify","ok":true}
{"t":"2026-09-10T07:29:36.409Z","path":"/resources/foundation-ip-for-tsmc-28hpc-datasheet","step":"verify","ok":true}
{"t":"2026-09-10T07:29:38.234Z","path":"/resources/foundation-ip-for-tsmc-28hpc-plus-datasheet","step":"verify","ok":true}
{"t":"2026-09-10T07:29:39.489Z","path":"/resources/foundation-ip-for-tsmc-28hpm-datasheet","step":"verify","ok":true}
{"t":"2026-09-10T07:29:41.335Z","path":"/resources/foundation-ip-for-tsmc-40lp-datasheet","step":"verify","ok":true}
{"t":"2026-09-10T07:29:43.231Z","path":"/resources/foundation-ip-for-tsmc-65lp-datasheet","step":"verify","ok":true}
{"t":"2026-09-10T07:29:45.747Z","path":"/resources/foundation-ip-for-tsmc-n4p-datasheet","step":"verify","ok":true}
{"t":"2026-09-10T07:29:45.985Z","path":"/resources/foundation-ip-for-tsmc-n3p-datasheet","step":"verify","ok":true}
{"t":"2026-09-10T07:29:47.900Z","path":"/resources/foundation-ip-for-tsmc-n5-datasheet","step":"verify","ok":true}
{"t":"2026-09-10T07:29:48.608Z","path":"/resources/foundation-ip-for-tsmc-n5a-datasheet","step":"verify","ok":true}
{"t":"2026-09-10T07:29:51.743Z","path":"/resources/foundation-ip-for-tsmc-n6-datasheet","step":"verify","ok":true}
{"t":"2026-09-10T07:29:52.309Z","path":"/resources/foundation-ip-for-tsmc-n7-datasheet","step":"verify","ok":true}
{"t":"2026-09-10T07:29:52.970Z","path":"/resources/foundation-ip-for-umc-28hlp-datasheet","step":"verify","ok":true}
{"t":"2026-09-10T07:29:53.810Z","path":"/resources/foundation-ip-for-umc-28hpc-datasheet","step":"verify","ok":true}
{"t":"2026-09-10T07:29:56.508Z","path":"/resources/foundation-ip-for-umc-40lp-datasheet","step":"verify","ok":true}
{"t":"2026-09-10T07:29:57.854Z","path":"/resources/foundation-ip-gf55bcd-datasheet","step":"verify","ok":true}
{"t":"2026-09-10T07:29:58.086Z","path":"/resources/foundation-ip-tsmc-n6aio-datasheet","step":"verify","ok":true}
{"t":"2026-09-10T07:30:01.652Z","path":"/resources/ftp-trim-nvm-ip-datasheet","step":"verify","ok":true}
{"t":"2026-09-10T07:30:01.998Z","path":"/resources/gf-rf-design-migration-wp","step":"verify","ok":true}
{"t":"2026-09-10T07:30:02.275Z","path":"/resources/gen-2-ddr-multiphy-ip-datasheet","step":"verify","ok":true}
{"t":"2026-09-10T07:30:02.450Z","path":"/resources/foundation-ip-for-umc-40ulp-datasheet","step":"verify","ok":true}
{"t":"2026-09-10T07:30:05.743Z","path":"/resources/gpu-support-nvidia","step":"verify","ok":true}
{"t":"2026-09-10T07:30:06.784Z","path":"/resources/hardware-root-trust-security-ip","step":"verify","ok":true}
{"t":"2026-09-10T07:30:08.010Z","path":"/resources/hav-interface-solutions-spec-sheet","step":"verify","ok":true}
{"t":"2026-09-10T07:30:08.331Z","path":"/resources/hav-for-multi-die","step":"verify","ok":true}
{"t":"2026-09-10T07:30:11.156Z","path":"/resources/hbm2-hbm2e-phy-ip-datasheet","step":"verify","ok":true}
{"t":"2026-09-10T07:30:11.669Z","path":"/resources/hbm3-controller-datasheet","step":"verify","ok":true}
{"t":"2026-09-10T07:30:12.126Z","path":"/resources/hbm4-controller-ip-datasheet","step":"verify","ok":true}
{"t":"2026-09-10T07:30:13.936Z","path":"/resources/hbm3-phy-datasheet","step":"verify","ok":true}
{"t":"2026-09-10T07:30:15.686Z","path":"/resources/hbm4-phy-ip-datasheet","step":"verify","ok":true}
{"t":"2026-09-10T07:30:16.848Z","path":"/resources/hdcp-2-3-on-hdmi-displayport-embedded-security-modules-datasheet","step":"verify","ok":true}
{"t":"2026-09-10T07:30:17.389Z","path":"/resources/hdmi-1-3-receiver-controller-ip-datasheet","step":"verify","ok":true}
{"t":"2026-09-10T07:30:18.381Z","path":"/resources/hdmi-1-3-tx-phy-ip-for-2-25gbps-datasheet","step":"verify","ok":true}
{"t":"2026-09-10T07:30:20.311Z","path":"/resources/hdmi-rx-phy-ip-for-2-25gbps-datasheet","step":"verify","ok":true}
{"t":"2026-09-10T07:30:22.875Z","path":"/resources/high-performance-aes-gcm-ctr-ip-core-datasheet","step":"verify","ok":true}
{"t":"2026-09-10T07:30:23.752Z","path":"/resources/high-speed-test-io-ip-datasheet","step":"verify","ok":true}
{"t":"2026-09-10T07:30:24.632Z","path":"/resources/hpc-applications","step":"verify","ok":true}
{"t":"2026-09-10T07:30:26.032Z","path":"/resources/hpc-macsec-security-modules-for-ethernet-datasheet","step":"verify","ok":true}
{"t":"2026-09-10T07:30:30.076Z","path":"/resources/i2s-controller-ip-datasheet","step":"verify","ok":true}
{"t":"2026-09-10T07:30:30.590Z","path":"/resources/iccii-design-planning-wp","step":"verify","ok":true}
{"t":"2026-09-10T07:30:31.092Z","path":"/resources/i2s-tdm-audio-controller-ip-datasheet","step":"verify","ok":true}
{"t":"2026-09-10T07:30:31.955Z","path":"/resources/ide-secure-module-for-cxl-2-0-datasheet","step":"verify","ok":true}
{"t":"2026-09-10T07:30:34.978Z","path":"/resources/ide-secure-module-for-cxl-3-x-datasheet","step":"verify","ok":true}
{"t":"2026-09-10T07:30:35.589Z","path":"/resources/ide-secure-module-for-cxl-4-0","step":"verify","ok":true}
{"t":"2026-09-10T07:30:36.084Z","path":"/resources/ide-security-ip-module-for-pci-express-5-0-datasheet","step":"verify","ok":true}
{"t":"2026-09-10T07:30:36.927Z","path":"/resources/ide-security-ip-module-for-pci-express-6-x-datasheet","step":"verify","ok":true}
{"t":"2026-09-10T07:30:40.312Z","path":"/resources/ide-security-ip-module-for-pci-express-7-0-datasheet","step":"verify","ok":true}
{"t":"2026-09-10T07:30:40.557Z","path":"/resources/ime-security-ip-module-for-ddr-datasheet","step":"verify","ok":true}
{"t":"2026-09-10T07:30:40.789Z","path":"/resources/improving-scan-test-coverage","step":"verify","ok":true}
{"t":"2026-09-10T07:30:41.606Z","path":"/resources/innovate-faster","step":"verify","ok":true}
{"t":"2026-09-10T07:30:44.773Z","path":"/resources/integrating-security-soc-designs","step":"verify","ok":true}
{"t":"2026-09-10T07:30:45.293Z","path":"/resources/inside-ai-accelerator","step":"verify","ok":true}
{"t":"2026-09-10T07:30:45.966Z","path":"/resources/interface-ip-subsystems-datasheet","step":"verify","ok":true}
{"t":"2026-09-10T07:30:46.699Z","path":"/resources/ip-3d-multi-die-design","step":"verify","ok":true}
{"t":"2026-09-10T07:30:49.988Z","path":"/resources/ip-for-hdmi-2-1-tx-ip-solutions-datasheet","step":"verify","ok":true}
{"t":"2026-09-10T07:30:50.549Z","path":"/resources/ip-for-pci-express-complete-solution-datasheet","step":"verify","ok":true}
{"t":"2026-09-10T07:30:51.316Z","path":"/resources/ip-phy-ip-for-pci-express-5-0-and-cxl-datasheet","step":"verify","ok":true}
{"t":"2026-09-10T07:30:52.194Z","path":"/resources/ip-solutions-edge-ai","step":"verify","ok":true}
{"t":"2026-09-10T07:30:54.354Z","path":"/resources/ip-solutions-for-the-amba-interconnect-datasheet","step":"verify","ok":true}
{"t":"2026-09-10T07:30:55.977Z","path":"/resources/lle-aware-design-methodology","step":"verify","ok":true}
{"t":"2026-09-10T07:30:56.585Z","path":"/resources/looking-into-linear-pluggable-optics","step":"verify","ok":true}
{"t":"2026-09-10T07:30:57.185Z","path":"/resources/lower-process-nodes-timing-signoff-evolution","step":"verify","ok":true}
{"t":"2026-09-10T07:30:59.091Z","path":"/resources/lpddr4-multiphy-ip-datasheet","step":"verify","ok":true}
{"t":"2026-09-10T07:31:00.624Z","path":"/resources/lpddr5-4-4x-phy-ip-datasheet","step":"verify","ok":true}
{"t":"2026-09-10T07:31:01.076Z","path":"/resources/lpddr5-4-4x-controller-ip-datasheet","step":"verify","ok":true}
{"t":"2026-09-10T07:31:02.791Z","path":"/resources/lpddr5x-5-4x-controller-ip-datasheet","step":"verify","ok":true}
{"t":"2026-09-10T07:31:03.998Z","path":"/resources/lpddr5x-5-4x-phy-ip-datasheet","step":"verify","ok":true}
{"t":"2026-09-10T07:31:06.105Z","path":"/resources/lpddr6-5x-5-controller-ip-datasheet","step":"verify","ok":true}
{"t":"2026-09-10T07:31:07.170Z","path":"/resources/lpddr6-5x-5-phy-ip-datasheet","step":"verify","ok":true}
{"t":"2026-09-10T07:31:08.764Z","path":"/resources/macsec-security-modules-for-ethernet-datasheet","step":"verify","ok":true}
{"t":"2026-09-10T07:31:09.965Z","path":"/resources/mastering-ai-chip-complexity-ebook","step":"verify","ok":true}
{"t":"2026-09-10T07:31:12.060Z","path":"/resources/medium-density-nvm-ip-datasheet","step":"verify","ok":true}
{"t":"2026-09-10T07:31:13.253Z","path":"/resources/mipi-c-phy-d-phy-ip-datasheet","step":"verify","ok":true}
{"t":"2026-09-10T07:31:15.355Z","path":"/resources/mipi-complete-solution-datasheet","step":"verify","ok":true}
{"t":"2026-09-10T07:31:17.016Z","path":"/resources/mipi-cse2-security-module-ds","step":"verify","ok":true}
{"t":"2026-09-10T07:31:17.896Z","path":"/resources/mipi-csi-2-device-controller-ip-datasheet","step":"verify","ok":true}
{"t":"2026-09-10T07:31:18.884Z","path":"/resources/mipi-csi-2-host-controller-datasheet","step":"verify","ok":true}
{"t":"2026-09-10T07:31:20.593Z","path":"/resources/mipi-d-phy-ip-datasheet","step":"verify","ok":true}
{"t":"2026-09-10T07:31:22.709Z","path":"/resources/mipi-dsi-host-controller-ip-datasheet","step":"verify","ok":true}
{"t":"2026-09-10T07:31:23.150Z","path":"/resources/mipi-dsi-device-controller-ip-datasheet","step":"verify","ok":true}
{"t":"2026-09-10T07:31:24.647Z","path":"/resources/mipi-dsi-host-controller-ip-with-vesa-dsc-encoder-datasheet","step":"verify","ok":true}
{"t":"2026-09-10T07:31:25.168Z","path":"/resources/mipi-i3c-controller-ip-datasheet","step":"verify","ok":true}
{"t":"2026-09-10T07:31:27.703Z","path":"/resources/mipi-unipro-controller-ip-datasheet","step":"verify","ok":true}
{"t":"2026-09-10T07:31:28.421Z","path":"/resources/model-based-design-and-virtual-ecus","step":"verify","ok":true}
{"t":"2026-09-10T07:31:29.084Z","path":"/resources/mipi-m-phy-datasheet","step":"verify","ok":true}
{"t":"2026-09-10T07:31:30.915Z","path":"/resources/monitoring-test-repair-strategies-multi-die","step":"verify","ok":true}
{"t":"2026-09-10T07:31:32.475Z","path":"/resources/mram-ip-datasheet","step":"verify","ok":true}
{"t":"2026-09-10T07:31:32.953Z","path":"/resources/mtp-eeprom-nvm-ip-datasheet","step":"verify","ok":true}
{"t":"2026-09-10T07:31:34.103Z","path":"/resources/mtp-ulp-nvm-ip-datasheet","step":"verify","ok":true}
{"t":"2026-09-10T07:31:35.651Z","path":"/resources/multi-die-auto-routing-wp","step":"verify","ok":true}
{"t":"2026-09-10T07:31:37.366Z","path":"/resources/multi-die-design-signoff","step":"verify","ok":true}
{"t":"2026-09-10T07:31:37.853Z","path":"/resources/multi-die-automotive-wp","step":"verify","ok":true}
{"t":"2026-09-10T07:31:41.425Z","path":"/resources/multi-die-physical-verification-fanout-rdl","step":"verify","ok":true}
{"t":"2026-09-10T07:31:41.991Z","path":"/resources/multi-die-feasibility-wp","step":"verify","ok":true}
{"t":"2026-09-10T07:31:42.190Z","path":"/resources/multi-die-systems-start-guide","step":"verify","ok":true}
{"t":"2026-09-10T07:31:42.439Z","path":"/resources/multi-port-switch-ip-for-pci-express-datasheet","step":"verify","ok":true}
{"t":"2026-09-10T07:31:46.022Z","path":"/resources/multi-protocol-10g-phy-ip-datasheet","step":"verify","ok":true}
{"t":"2026-09-10T07:31:47.592Z","path":"/resources/multi-protocol-25g-phy-ip-datasheet","step":"verify","ok":true}
{"t":"2026-09-10T07:31:47.934Z","path":"/resources/multi-protocol-32g-phy-ip-datasheet","step":"verify","ok":true}
{"t":"2026-09-10T07:31:47.990Z","path":"/resources/multi-protocol-112g-phy-ip-datasheet","step":"verify","ok":true}
{"t":"2026-09-10T07:31:51.101Z","path":"/resources/multi-protocol-6g-phy-ip-datasheet","step":"verify","ok":true}
{"t":"2026-09-10T07:31:52.872Z","path":"/resources/multiphysics-fusion-technology-for-multi-die","step":"verify","ok":true}
{"t":"2026-09-10T07:31:53.203Z","path":"/resources/navigating-software-defined-vehicle-development","step":"verify","ok":true}
{"t":"2026-09-10T07:31:53.868Z","path":"/resources/non-volatile-memory-ip-solutions-datasheet","step":"verify","ok":true}
{"t":"2026-09-10T07:31:56.223Z","path":"/resources/optimized-system-power","step":"verify","ok":true}
{"t":"2026-09-10T07:31:58.066Z","path":"/resources/optimizing-analog-design-multiphysics","step":"verify","ok":true}
{"t":"2026-09-10T07:31:58.573Z","path":"/resources/otp-nvm-ip-datasheet","step":"verify","ok":true}
{"t":"2026-09-10T07:31:59.286Z","path":"/resources/overcoming-challenges-verifying-multi-die-systems","step":"verify","ok":true}
{"t":"2026-09-10T07:32:01.213Z","path":"/resources/pathfinder-sc","step":"verify","ok":true}
{"t":"2026-09-10T07:32:03.251Z","path":"/resources/pci-express-7-in-practice","step":"verify","ok":true}
{"t":"2026-09-10T07:32:05.386Z","path":"/resources/pci-express-to-arm-amba-ahb-bridge-datasheet","step":"verify","ok":true}
{"t":"2026-09-10T07:32:06.148Z","path":"/resources/pcie-multistream-ai-bandwidth","step":"verify","ok":true}
{"t":"2026-09-10T07:32:08.379Z","path":"/resources/pcie5-edge-ai-soc","step":"verify","ok":true}
{"t":"2026-09-10T07:32:08.862Z","path":"/resources/phy-ip-for-pci-express-2-1-datasheet","step":"verify","ok":true}
{"t":"2026-09-10T07:32:12.056Z","path":"/resources/phy-ip-for-pci-express-6-0-datasheet","step":"verify","ok":true}
{"t":"2026-09-10T07:32:13.742Z","path":"/resources/phy-ip-for-pci-express-7-0-datasheet","step":"verify","ok":true}
{"t":"2026-09-10T07:32:14.382Z","path":"/resources/physical-verification-multi-die","step":"verify","ok":true}
{"t":"2026-09-10T07:32:16.139Z","path":"/resources/power-optimization-ai-chip-development","step":"verify","ok":true}
{"t":"2026-09-10T07:32:17.712Z","path":"/resources/power-supply-noise-effects-on-jitter-in-clock-synchronous-systems-with-emphasis-on-memory-interfaces-white-paper","step":"verify","ok":true}
{"t":"2026-09-10T07:32:20.992Z","path":"/resources/powerx","step":"verify","ok":true}
{"t":"2026-09-10T07:32:21.851Z","path":"/resources/pre-silicon-verification-multi-die","step":"verify","ok":true}
{"t":"2026-09-10T07:32:22.028Z","path":"/resources/ppa-benefits-backside-routing","step":"verify","ok":true}
{"t":"2026-09-10T07:32:22.692Z","path":"/resources/primeclock","step":"verify","ok":true}
{"t":"2026-09-10T07:32:28.241Z","path":"/resources/public-key-accelerator-datasheet","step":"verify","ok":true}
{"t":"2026-09-10T07:32:28.855Z","path":"/resources/proven-ip-for-silicon-design","step":"verify","ok":true}
{"t":"2026-09-10T07:32:28.857Z","path":"/resources/puf-base-premium-datasheet","step":"verify","ok":true}
{"t":"2026-09-10T07:32:29.336Z","path":"/resources/puf-base-premium-software-datasheet","step":"verify","ok":true}
{"t":"2026-09-10T07:32:33.268Z","path":"/resources/puf-based-hardware-ip-defense-applications","step":"verify","ok":true}
{"t":"2026-09-10T07:32:34.761Z","path":"/resources/quantumatk-superconducting","step":"verify","ok":true}
{"t":"2026-09-10T07:32:35.969Z","path":"/resources/puf-fpga-x-base-premium-datasheet","step":"verify","ok":true}
{"t":"2026-09-10T07:32:36.789Z","path":"/resources/pufs-post-quantum-world","step":"verify","ok":true}
{"t":"2026-09-10T07:32:38.560Z","path":"/resources/quantumatk","step":"verify","ok":true}
{"t":"2026-09-10T07:32:42.227Z","path":"/resources/re-engineering-engineering-electronics-digital-twin-sdv-era","step":"verify","ok":true}
{"t":"2026-09-10T07:32:43.160Z","path":"/resources/redhawk-sc-ds","step":"verify","ok":true}
{"t":"2026-09-10T07:32:43.598Z","path":"/resources/redhawk-sc-electrothermal","step":"verify","ok":true}
{"t":"2026-09-10T07:32:44.267Z","path":"/resources/redhawk-sc-security","step":"verify","ok":true}
{"t":"2026-09-10T07:32:48.664Z","path":"/resources/reducing-power-consumption-in-mobile-applications-with-high-speed-gear3-mipi-m-phy-ip-white-paper","step":"verify","ok":true}
{"t":"2026-09-10T07:32:49.861Z","path":"/resources/reliability-sram-puf","step":"verify","ok":true}
{"t":"2026-09-10T07:32:50.996Z","path":"/resources/rethinking-automotive","step":"verify","ok":true}
{"t":"2026-09-10T07:32:51.041Z","path":"/resources/root-port-controller-ip-for-pci-express-1-1-5-0-datasheet","step":"verify","ok":true}
{"t":"2026-09-10T07:32:55.266Z","path":"/resources/sd-emmc-host-controller-ip-datasheet","step":"verify","ok":true}
{"t":"2026-09-10T07:32:56.051Z","path":"/resources/secure-boot-software-development-kit-datasheet","step":"verify","ok":true}
{"t":"2026-09-10T07:32:56.428Z","path":"/resources/sd-emmc-phy-ip-datasheet","step":"verify","ok":true}
{"t":"2026-09-10T07:32:56.642Z","path":"/resources/secure-interfaces-critical-semiconductor-applications","step":"verify","ok":true}
{"t":"2026-09-10T07:32:59.908Z","path":"/resources/secure-roots-of-trust-iot","step":"verify","ok":true}
{"t":"2026-09-10T07:33:00.346Z","path":"/resources/secure-storage-solution-otp-ip-video","step":"verify","ok":true}
{"t":"2026-09-10T07:33:00.597Z","path":"/resources/secure-storage-solution-otp-ip","step":"verify","ok":true}
{"t":"2026-09-10T07:33:01.088Z","path":"/resources/securing-fpgas-beyond-the-bitstream","step":"verify","ok":true}
{"t":"2026-09-10T07:33:04.433Z","path":"/resources/securing-silicon-modular-ip-solutions","step":"verify","ok":true}
{"t":"2026-09-10T07:33:04.944Z","path":"/resources/security-ip-brochure","step":"verify","ok":true}
{"t":"2026-09-10T07:33:05.093Z","path":"/resources/security-ai-whitepaper","step":"verify","ok":true}
{"t":"2026-09-10T07:33:06.271Z","path":"/resources/security-protocol-accelerator-datasheet","step":"verify","ok":true}
{"t":"2026-09-10T07:33:08.571Z","path":"/resources/security-puf-fpga-a-datasheet","step":"verify","ok":true}
{"t":"2026-09-10T07:33:08.755Z","path":"/resources/security-protocol-accelerator-for-sm3-and-sm4-datasheet","step":"verify","ok":true}
{"t":"2026-09-10T07:33:09.651Z","path":"/resources/shf-otp-nvm-ip-datasheet","step":"verify","ok":true}
{"t":"2026-09-10T07:33:10.397Z","path":"/resources/shift-left-verification-lint-signoff","step":"verify","ok":true}
{"t":"2026-09-10T07:33:13.695Z","path":"/resources/silicon-da","step":"verify","ok":true}
{"t":"2026-09-10T07:33:14.006Z","path":"/resources/simulating-atomic-layer-processing-2D-materials","step":"verify","ok":false,"why":"plain.html 404"}
{"t":"2026-09-10T07:33:14.446Z","path":"/resources/sil-kit-vector-synopsys-wp","step":"verify","ok":true}
{"t":"2026-09-10T07:33:14.818Z","path":"/resources/slm-actionable-silicon-insights","step":"verify","ok":true}
{"t":"2026-09-10T07:33:18.627Z","path":"/resources/slm-process-detector-sf4x-product-brief","step":"verify","ok":true}
{"t":"2026-09-10T07:33:18.627Z","path":"/resources/slm-pvt-monitor-ip-tsmc-n2p-reliability","step":"verify","ok":true}
{"t":"2026-09-10T07:33:19.117Z","path":"/resources/slm-end-to-end-yield-learning","step":"verify","ok":true}
{"t":"2026-09-10T07:33:19.372Z","path":"/resources/slm-pvt-for-n3p-product-briefs","step":"verify","ok":true}
{"t":"2026-09-10T07:33:22.464Z","path":"/resources/slm-pvtc5-product-brief","step":"verify","ok":true}
{"t":"2026-09-10T07:33:22.919Z","path":"/resources/sms-ip","step":"verify","ok":true}
{"t":"2026-09-10T07:33:24.930Z","path":"/resources/software-defined-hardware-assisted-verification-ai-era","step":"verify","ok":true}
{"t":"2026-09-10T07:33:25.006Z","path":"/resources/software-development-system-validation-collaboration-electronics-digital-twin","step":"verify","ok":true}
{"t":"2026-09-10T07:33:27.917Z","path":"/resources/sram-compiler-breakthroughs-5nm-3nm-socs","step":"verify","ok":true}
{"t":"2026-09-10T07:33:30.450Z","path":"/resources/sram-puf-cryptographic-key-protection","step":"verify","ok":true}
{"t":"2026-09-10T07:33:30.950Z","path":"/resources/sram-puf-secure-fingerprint","step":"verify","ok":true}
{"t":"2026-09-10T07:33:31.989Z","path":"/resources/standards-compliant-112g-phy-for-linear-optics","step":"verify","ok":true}
{"t":"2026-09-10T07:33:34.103Z","path":"/resources/superspeed-usb-3-0-complete-solution-datasheet","step":"verify","ok":true}
{"t":"2026-09-10T07:33:36.621Z","path":"/resources/superspeed-usb-3-1-ip-solution-datasheet","step":"verify","ok":true}
{"t":"2026-09-10T07:33:37.575Z","path":"/resources/superspeed-usb-3-2-ip-solution-datasheet","step":"verify","ok":true}
{"t":"2026-09-10T07:33:38.577Z","path":"/resources/switch-port-controller-ip-for-pci-express-1-1-5-0-datasheet","step":"verify","ok":true}
{"t":"2026-09-10T07:33:41.176Z","path":"/resources/synchronous-serial-interface-ssi-controller-ip-datasheet","step":"verify","ok":true}
{"t":"2026-09-10T07:33:43.972Z","path":"/resources/synopsys-ai-copilot-datasheet","step":"verify","ok":true}
{"t":"2026-09-10T07:33:44.850Z","path":"/resources/synopsys-ip-for-hdmi-2-0-and-1-4-tx-ip-solutions-datasheet","step":"verify","ok":true}
{"t":"2026-09-10T07:33:45.868Z","path":"/resources/synopsys-ip-for-hdmi-2-0-and-1-4-rx-ip-solutions-datasheet","step":"verify","ok":true}
{"t":"2026-09-10T07:33:47.262Z","path":"/resources/synopsys-ip-for-hdmi-2-1-rx-ip-solutions-datasheet","step":"verify","ok":true}
{"t":"2026-09-10T07:33:50.975Z","path":"/resources/synopsys-ip-for-pci-express-single-root-io-virtualization-datasheet","step":"verify","ok":true}
{"t":"2026-09-10T07:33:51.673Z","path":"/resources/synopsys-ip-for-pci-express-to-amba-3-axi-4-bridge-datasheet","step":"verify","ok":true}
{"t":"2026-09-10T07:33:53.045Z","path":"/resources/synopsys-ip-portfolio-brochure","step":"verify","ok":true}
{"t":"2026-09-10T07:33:53.050Z","path":"/resources/synopsys-phy-ip-for-pci-express-3-1-datasheet","step":"verify","ok":true}
{"t":"2026-09-10T07:33:57.288Z","path":"/resources/synopsys-testmax-advisor-wp","step":"verify","ok":true}
{"t":"2026-09-10T07:33:58.261Z","path":"/resources/synopsys-phy-ip-for-pci-express-4-0-datasheet","step":"verify","ok":true}
{"t":"2026-09-10T07:33:59.251Z","path":"/resources/ternary-cam-compilers-datasheet","step":"verify","ok":true}
{"t":"2026-09-10T07:34:00.464Z","path":"/resources/testmax-advisor","step":"verify","ok":true}
{"t":"2026-09-10T07:34:03.942Z","path":"/resources/testmax-atpg","step":"verify","ok":true}
{"t":"2026-09-10T07:34:05.359Z","path":"/resources/testmax-diagnosis","step":"verify","ok":true}
{"t":"2026-09-10T07:34:06.964Z","path":"/resources/testmax-dft","step":"verify","ok":true}
{"t":"2026-09-10T07:34:08.376Z","path":"/resources/testmax-manager","step":"verify","ok":true}
{"t":"2026-09-10T07:34:09.919Z","path":"/resources/testmax-vtran","step":"verify","ok":true}
{"t":"2026-09-10T07:34:12.353Z","path":"/resources/testmax-xlbist","step":"verify","ok":true}
{"t":"2026-09-10T07:34:14.718Z","path":"/resources/trng-truly-secure-systems","step":"verify","ok":true}
{"t":"2026-09-10T07:34:15.502Z","path":"/resources/totem","step":"verify","ok":true}
{"t":"2026-09-10T07:34:16.426Z","path":"/resources/troot-fx-hardware-secure-modules-datasheet","step":"verify","ok":true}
{"t":"2026-09-10T07:34:18.344Z","path":"/resources/troot-hardware-secure-module-for-automotive-datasheet","step":"verify","ok":true}
{"t":"2026-09-10T07:34:19.261Z","path":"/resources/troot-vx-hardware-secure-modules-datasheet","step":"verify","ok":true}
{"t":"2026-09-10T07:34:21.609Z","path":"/resources/true-random-number-generator-core-for-nist-800-90c-datasheet","step":"verify","ok":true}
{"t":"2026-09-10T07:34:22.170Z","path":"/resources/true-random-number-generator-datasheet","step":"verify","ok":true}
{"t":"2026-09-10T07:34:22.749Z","path":"/resources/trustworthy-automotive-semiconductors-wp","step":"verify","ok":true}
{"t":"2026-09-10T07:34:23.581Z","path":"/resources/ualinksec-200-security-module","step":"verify","ok":true}
{"t":"2026-09-10T07:34:26.066Z","path":"/resources/ucie-controller-ip-datasheet","step":"verify","ok":true}
{"t":"2026-09-10T07:34:26.658Z","path":"/resources/ufs-host-controller-datasheet","step":"verify","ok":true}
{"t":"2026-09-10T07:34:27.013Z","path":"/resources/ucie-phy-ip-datasheet","step":"verify","ok":true}
{"t":"2026-09-10T07:34:28.404Z","path":"/resources/ultra-high-performance-aes-gcm-ctr-ip-core-datasheet","step":"verify","ok":true}
{"t":"2026-09-10T07:34:31.369Z","path":"/resources/ultra-high-performance-aes-xts-ecb-ip-core-datasheet","step":"verify","ok":true}
{"t":"2026-09-10T07:34:31.878Z","path":"/resources/unifying-storage-diversity-leveraging-pcie-ip-for-multi-device-multi-form-factor-designs-white-paper","step":"verify","ok":true}
{"t":"2026-09-10T07:34:32.233Z","path":"/resources/universal-ddr-memory-and-protocol-controller-ip-datasheet","step":"verify","ok":true}
{"t":"2026-09-10T07:34:32.782Z","path":"/resources/unleashing-analog-design","step":"verify","ok":true}
{"t":"2026-09-10T07:34:36.083Z","path":"/resources/usb-2-0-controller-ip-datasheet","step":"verify","ok":true}
{"t":"2026-09-10T07:34:36.984Z","path":"/resources/usb-2-0-nanophy-ip-datasheet","step":"verify","ok":true}
{"t":"2026-09-10T07:34:37.367Z","path":"/resources/usb-2-0-nanophy-ip-for-common-platform-processes-datasheet","step":"verify","ok":true}
{"t":"2026-09-10T07:34:37.984Z","path":"/resources/usb-2-0-femtophy-ip-datasheet","step":"verify","ok":true}
{"t":"2026-09-10T07:34:40.435Z","path":"/resources/usb-2-0-picophy-ip-datasheet","step":"verify","ok":true}
{"t":"2026-09-10T07:34:42.086Z","path":"/resources/usb-3-0-femtophy-ip-datasheet","step":"verify","ok":true}
{"t":"2026-09-10T07:34:42.318Z","path":"/resources/usb-2-0-type-c-ip-for-iot-datasheet","step":"verify","ok":true}
{"t":"2026-09-10T07:34:43.154Z","path":"/resources/usb-3-1-evolution-and-revolution-white-paper","step":"verify","ok":true}
{"t":"2026-09-10T07:34:46.152Z","path":"/resources/usb-3-2-a-usb-type-c-challenge-for-soc-designers-white-paper","step":"verify","ok":true}
{"t":"2026-09-10T07:34:47.843Z","path":"/resources/usb-c-3-1-displayport-1-4-tx-ip-complete-solution-datasheet","step":"verify","ok":true}
{"t":"2026-09-10T07:34:48.239Z","path":"/resources/usb4-ip-solution-datasheet","step":"verify","ok":true}
{"t":"2026-09-10T07:34:48.392Z","path":"/resources/usb-lpm-digital-controller-and-phy-ip-datasheet","step":"verify","ok":true}
{"t":"2026-09-10T07:34:51.377Z","path":"/resources/usb4-user-expectations-drive-design-complexity-white-paper","step":"verify","ok":true}
{"t":"2026-09-10T07:34:53.063Z","path":"/resources/vc-spyglass-lint-datasheet","step":"verify","ok":true}
{"t":"2026-09-10T07:34:53.755Z","path":"/resources/velocerf","step":"verify","ok":true}
{"t":"2026-09-10T07:34:54.460Z","path":"/resources/vc-spyglass-lint-early-detection","step":"verify","ok":true}
{"t":"2026-09-10T07:34:56.200Z","path":"/resources/verification-and-validation-of-automotive-safety-element-out-of-context-white-paper","step":"verify","ok":true}
{"t":"2026-09-10T07:34:57.993Z","path":"/resources/vesa-dsc-decoder-ip-datasheet","step":"verify","ok":true}
{"t":"2026-09-10T07:34:58.404Z","path":"/resources/vesa-dsc-encoder-ip-datasheet","step":"verify","ok":true}
{"t":"2026-09-10T07:34:59.258Z","path":"/resources/vrm-cookbook-bluespec-riscv","step":"verify","ok":true}
{"t":"2026-09-10T07:35:01.079Z","path":"/resources/what-designers-need-to-know-about-usb-low-power-states-white-paper","step":"verify","ok":true}
{"t":"2026-09-10T07:35:02.585Z","path":"/resources/which-ddr-sdram-memory-to-use-and-when-white-paper","step":"verify","ok":true}
{"t":"2026-09-10T07:35:02.899Z","path":"/resources/xaui-phy-ip-datasheet","step":"verify","ok":true}
{"t":"2026-09-10T07:35:03.937Z","path":"/resources/xaui-phy-ip-for-common-platform-processes-datasheet","step":"verify","ok":true}
{"t":"2026-09-10T07:35:06.348Z","path":"/resources/xbc-otp-nvm-ip-siprom-architecture-datasheet","step":"verify","ok":true}
{"t":"2026-09-10T07:35:06.868Z","path":"/resources/xbc-otp-nvm-ip-slpmx-architecture-datasheet","step":"verify","ok":true}
{"t":"2026-09-10T07:35:07.198Z","path":"/resources/xbc-xhc-otp-nvm-ip-slp-a-architecture-datasheet","step":"verify","ok":true}
{"t":"2026-09-10T07:35:08.445Z","path":"/resources/xbc-xhc-otp-nvm-ip-slp-architecture-datasheet","step":"verify","ok":true}
{"t":"2026-09-10T07:35:13.405Z","path":"/resources/xhc-otp-nvm-ip-slp-c-architecture-datasheet","step":"verify","ok":true}
{"t":"2026-09-10T07:35:13.440Z","path":"/resources/xbc-xhc-otp-nvm-ip-slp-b-architecture-datasheet","step":"verify","ok":true}
{"t":"2026-09-10T07:35:14.824Z","path":"/resources/xsc-otp-nvm-ip-secretcode-architecture-datasheet","step":"verify","ok":true}
{"t":"2026-09-10T07:35:14.826Z","path":"/resources/xsr-phy-ip-datasheet","step":"verify","ok":true}
{"t":"2026-09-10T07:35:18.269Z","path":"/services/design-services/arm-based-solution/quickstart-implementation-services-faq","step":"verify","ok":true}
{"t":"2026-09-10T07:35:18.716Z","path":"/services/design-services/arm-based-solution","step":"verify","ok":true}
{"t":"2026-09-10T07:35:19.946Z","path":"/services/design-services/contact-system-design-solutions","step":"verify","ok":true}
{"t":"2026-09-10T07:35:20.317Z","path":"/services/design-services/firstpass-engineering","step":"verify","ok":true}
{"t":"2026-09-10T07:35:22.904Z","path":"/services/design-services/functional-safety-services","step":"verify","ok":true}
{"t":"2026-09-10T07:35:25.442Z","path":"/services/design-services/soc-design-services","step":"verify","ok":true}
{"t":"2026-09-10T07:35:26.185Z","path":"/services/design-services/methodology-consulting-flow-deployment","step":"verify","ok":true}
{"t":"2026-09-10T07:35:27.304Z","path":"/services/design-services/physical-design-assistance","step":"verify","ok":true}
{"t":"2026-09-10T07:35:28.190Z","path":"/services/design-services","step":"verify","ok":true}
{"t":"2026-09-10T07:35:30.213Z","path":"/snps/blogs/chip-design.en-us.xml","step":"preview","status":415,"text":"error from content-bus"}
{"t":"2026-09-10T07:35:30.851Z","path":"/services","step":"verify","ok":true}
{"t":"2026-09-10T07:35:31.790Z","path":"/silicon-design","step":"verify","ok":true}
{"t":"2026-09-10T07:35:31.894Z","path":"/snps/blogs/chip-design.zh-cn.xml","step":"preview","status":415,"text":"error from content-bus"}
{"t":"2026-09-10T07:35:32.439Z","path":"/sitemap","step":"verify","ok":true}
{"t":"2026-09-10T07:35:35.739Z","path":"/solutions/5g","step":"verify","ok":true}
{"t":"2026-09-10T07:35:35.742Z","path":"/solutions/a-z","step":"verify","ok":true}
{"t":"2026-09-10T07:35:37.978Z","path":"/solutions/aerospace-government/contact-us","step":"verify","ok":true}
{"t":"2026-09-10T07:35:38.844Z","path":"/solutions/aerospace-government","step":"verify","ok":true}
{"t":"2026-09-10T07:35:40.305Z","path":"/solutions/automotive/contact-us","step":"verify","ok":true}
{"t":"2026-09-10T07:35:40.905Z","path":"/solutions/automotive/customers","step":"verify","ok":true}
{"t":"2026-09-10T07:35:42.476Z","path":"/solutions/automotive/safety-aware-solution","step":"preview","status":409,"text":"error from content-bus"}
{"t":"2026-09-10T07:35:43.031Z","path":"/solutions/automotive/functional-safety-and-security","step":"verify","ok":true}
{"t":"2026-09-10T07:35:44.397Z","path":"/solutions/automotive/industry","step":"verify","ok":true}
{"t":"2026-09-10T07:35:46.429Z","path":"/solutions/automotive/safety-specification-format","step":"verify","ok":true}
{"t":"2026-09-10T07:35:47.578Z","path":"/solutions/electronics-digital-twin","step":"verify","ok":true}
{"t":"2026-09-10T07:35:48.559Z","path":"/solutions/energy-efficient/low-power-design","step":"verify","ok":true}
{"t":"2026-09-10T07:35:50.193Z","path":"/solutions/energy-efficient","step":"verify","ok":true}
{"t":"2026-09-10T07:35:51.825Z","path":"/solutions/hpc-data-center/products","step":"verify","ok":true}
{"t":"2026-09-10T07:35:53.953Z","path":"/solutions/memory/dtco","step":"preview","status":409,"text":"error from content-bus"}
{"t":"2026-09-10T07:35:54.359Z","path":"/solutions/hpc-data-center","step":"verify","ok":true}
{"t":"2026-09-10T07:35:54.694Z","path":"/solutions/iot","step":"verify","ok":true}
{"t":"2026-09-10T07:35:56.134Z","path":"/solutions/medical","step":"verify","ok":true}
{"t":"2026-09-10T07:35:56.137Z","path":"/solutions/memory/reliability","step":"preview","status":409,"text":"error from content-bus"}
{"t":"2026-09-10T07:36:01.723Z","path":"/solutions/multi-die-design/customer-success","step":"verify","ok":true}
{"t":"2026-09-10T07:36:02.011Z","path":"/solutions/multi-die-design/contact-us","step":"verify","ok":true}
{"t":"2026-09-10T07:36:02.011Z","path":"/solutions/memory/shift-left","step":"verify","ok":true}
{"t":"2026-09-10T07:36:02.681Z","path":"/solutions/memory","step":"verify","ok":true}
{"t":"2026-09-10T07:36:07.818Z","path":"/solutions/multi-die-design/mit-technology-review-future-semiconductors","step":"verify","ok":true}
{"t":"2026-09-10T07:36:08.053Z","path":"/solutions/multi-die-design/resources","step":"verify","ok":true}
{"t":"2026-09-10T07:36:08.630Z","path":"/solutions/multi-die-design","step":"verify","ok":true}
{"t":"2026-09-10T07:36:08.744Z","path":"/solutions/multi-die-design/heterogeneous-integration","step":"verify","ok":true}
{"t":"2026-09-10T07:36:12.883Z","path":"/solutions/multiphysics-fusion","step":"verify","ok":true}
{"t":"2026-09-10T07:36:12.986Z","path":"/solutions/rf-design","step":"verify","ok":true}
{"t":"2026-09-10T07:36:13.167Z","path":"/solutions/risc-v","step":"verify","ok":true}
{"t":"2026-09-10T07:36:13.423Z","path":"/solutions/silicon-lifecycle-management/avalon","step":"verify","ok":true}
{"t":"2026-09-10T07:36:17.240Z","path":"/solutions/silicon-lifecycle-management/contact-us","step":"verify","ok":true}
{"t":"2026-09-10T07:36:17.429Z","path":"/solutions/silicon-lifecycle-management/data-highway/synopsys-ip-shs/shs-silicon-browser","step":"verify","ok":true}
{"t":"2026-09-10T07:36:18.155Z","path":"/solutions/silicon-lifecycle-management/data-highway/synopsys-ip-shs/shs-yield-accelerator","step":"verify","ok":true}
{"t":"2026-09-10T07:36:18.155Z","path":"/solutions/silicon-lifecycle-management/data-highway/high-speed-access-and-test","step":"verify","ok":true}
{"t":"2026-09-10T07:36:20.886Z","path":"/solutions/silicon-lifecycle-management/data-highway","step":"verify","ok":true}
{"t":"2026-09-10T07:36:22.090Z","path":"/solutions/silicon-lifecycle-management/data-highway/synopsys-ip-shs","step":"verify","ok":true}
{"t":"2026-09-10T07:36:22.953Z","path":"/solutions/silicon-lifecycle-management/environmental-monitors/slm-ecc-ip","step":"verify","ok":true}
{"t":"2026-09-10T07:36:23.323Z","path":"/solutions/silicon-lifecycle-management/environmental-monitors/slm-pvt-monitor-ip","step":"verify","ok":true}
{"t":"2026-09-10T07:36:25.319Z","path":"/solutions/silicon-lifecycle-management/environmental-monitors","step":"verify","ok":true}
{"t":"2026-09-10T07:36:26.645Z","path":"/solutions/silicon-lifecycle-management/functional-monitors/advanced-clock-generator-ip","step":"verify","ok":true}
{"t":"2026-09-10T07:36:27.661Z","path":"/solutions/silicon-lifecycle-management/functional-monitors","step":"verify","ok":true}
{"t":"2026-09-10T07:36:29.127Z","path":"/solutions/silicon-lifecycle-management/functional-monitors/clock-and-delay-monitor-ip","step":"verify","ok":true}
{"t":"2026-09-10T07:36:29.538Z","path":"/solutions/silicon-lifecycle-management/monitor-analytics","step":"verify","ok":true}
{"t":"2026-09-10T07:36:30.492Z","path":"/solutions/silicon-lifecycle-management/resources/articles","step":"verify","ok":true}
{"t":"2026-09-10T07:36:32.745Z","path":"/solutions/silicon-lifecycle-management/resources/blogs","step":"verify","ok":true}
{"t":"2026-09-10T07:36:34.983Z","path":"/solutions/silicon-lifecycle-management/resources/events","step":"verify","ok":true}
{"t":"2026-09-10T07:36:35.517Z","path":"/solutions/silicon-lifecycle-management/resources/news","step":"verify","ok":true}
{"t":"2026-09-10T07:36:37.454Z","path":"/solutions/silicon-lifecycle-management/resources/podcasts","step":"verify","ok":true}
{"t":"2026-09-10T07:36:39.394Z","path":"/solutions/silicon-lifecycle-management/resources/videos","step":"verify","ok":true}
{"t":"2026-09-10T07:36:41.485Z","path":"/solutions/silicon-lifecycle-management/resources/webinars","step":"verify","ok":true}
{"t":"2026-09-10T07:36:43.203Z","path":"/solutions/silicon-lifecycle-management/sdc-ras-video-panel","step":"verify","ok":true}
{"t":"2026-09-10T07:36:43.587Z","path":"/solutions/silicon-lifecycle-management/resources","step":"verify","ok":true}
{"t":"2026-09-10T07:36:45.216Z","path":"/solutions/silicon-lifecycle-management/structural-monitors/slm-sim-ip","step":"preview","status":409,"text":"error from content-bus"}
{"t":"2026-09-10T07:36:45.400Z","path":"/solutions/silicon-lifecycle-management/structural-monitors/path-margin-monitor-ip","step":"verify","ok":true}
{"t":"2026-09-10T07:36:46.140Z","path":"/solutions/silicon-lifecycle-management/structural-monitors/slm-ext-ram-ip","step":"verify","ok":true}
{"t":"2026-09-10T07:36:50.050Z","path":"/solutions/silicon-lifecycle-management/structural-monitors","step":"verify","ok":true}
{"t":"2026-09-10T07:36:50.067Z","path":"/solutions/silicon-lifecycle-management/yield-explorer","step":"preview","status":409,"text":"error from content-bus"}
{"t":"2026-09-10T07:36:50.502Z","path":"/solutions/silicon-lifecycle-management/structural-monitors/slm-ucie-mtr-ip","step":"verify","ok":true}
{"t":"2026-09-10T07:36:50.888Z","path":"/solutions/silicon-lifecycle-management/yield-explorer/embedded-memories-diagnosis-flow-video","step":"verify","ok":true}
{"t":"2026-09-10T07:36:53.740Z","path":"/success-stories/aaroh-labs-advanced-node-semiconductor-designs","step":"preview","status":409,"text":"error from content-bus"}
{"t":"2026-09-10T07:36:54.900Z","path":"/solutions","step":"verify","ok":true}
{"t":"2026-09-10T07:36:56.188Z","path":"/solutions/silicon-lifecycle-management","step":"verify","ok":true}
{"t":"2026-09-10T07:36:56.542Z","path":"/startup-innovation","step":"verify","ok":true}
{"t":"2026-09-10T07:37:00.425Z","path":"/success-stories/abr-tapes-out-processor-synopsys-cloud","step":"verify","ok":true}
{"t":"2026-09-10T07:37:01.183Z","path":"/success-stories/achronix-accelerates-chip-design-with-synopsys-cloud","step":"verify","ok":true}
{"t":"2026-09-10T07:37:04.073Z","path":"/success-stories/achronix-achieves-first-pass-silicon-success-for-high-performance-fpgas","step":"verify","ok":true}
{"t":"2026-09-10T07:37:07.789Z","path":"/success-stories/arm-enabling-soc-visibility-for-secure-hardware","step":"verify","ok":true}
{"t":"2026-09-10T07:37:09.128Z","path":"/success-stories/advantest-improves-semiconductor-yield-with-test-data-analytics","step":"verify","ok":true}
{"t":"2026-09-10T07:37:11.483Z","path":"/success-stories/astera-labs-accelerates-hpc-systems-time-to-market","step":"verify","ok":true}
{"t":"2026-09-10T07:37:11.621Z","path":"/success-stories/aws-leveraging-high-speed-interfaces-for-testing-monitoring","step":"verify","ok":true}
{"t":"2026-09-10T07:37:15.571Z","path":"/success-stories/calligotech-next-gen-computing-with-synopsys-design-flow","step":"verify","ok":true}
{"t":"2026-09-10T07:37:16.035Z","path":"/success-stories/carnegie-technologies-iot-security-for-asset-management","step":"verify","ok":true}
{"t":"2026-09-10T07:37:17.807Z","path":"/success-stories/cerebras-uses-in-chip-sensors-in-wse-2-chip","step":"verify","ok":true}
{"t":"2026-09-10T07:37:18.266Z","path":"/success-stories/cisco-enhances-asic-slm","step":"verify","ok":true}
{"t":"2026-09-10T07:37:20.327Z","path":"/success-stories/cisco-reduces-project-schedule-with-synopsys-cloud","step":"verify","ok":true}
{"t":"2026-09-10T07:37:21.447Z","path":"/success-stories/corehw-80ghz-mmwave-pll-with-synopsys-rfic-design-flow","step":"verify","ok":true}
{"t":"2026-09-10T07:37:22.642Z","path":"/success-stories/dreambig-semiconductors-tapeout-synopsys-3dic-compiler-cloud","step":"verify","ok":true}
{"t":"2026-09-10T07:37:24.298Z","path":"/success-stories/etched-ai-silicon-validation","step":"verify","ok":true}
{"t":"2026-09-10T07:37:25.189Z","path":"/success-stories/ferrari-cuts-powertrain-prototypes-by-40-percent-with-simulation","step":"verify","ok":true}
{"t":"2026-09-10T07:37:26.828Z","path":"/success-stories/flex-logix-enhancing-efpga-security","step":"verify","ok":true}
{"t":"2026-09-10T07:37:27.280Z","path":"/success-stories/fujitsu-next-gen-processor-fugakunext-supercomputer","step":"verify","ok":true}
{"t":"2026-09-10T07:37:29.029Z","path":"/success-stories/google-accelerates-advanced-soc-testing","step":"verify","ok":true}
{"t":"2026-09-10T07:37:29.701Z","path":"/success-stories/google-tensor-soc-validation","step":"verify","ok":true}
{"t":"2026-09-10T07:37:32.342Z","path":"/success-stories/gowin-securing-iot-with-fpga","step":"verify","ok":true}
{"t":"2026-09-10T07:37:32.697Z","path":"/success-stories/guc-accelerates-chip-design-with-floorplan-automation","step":"verify","ok":true}
{"t":"2026-09-10T07:37:34.720Z","path":"/success-stories/hcltech-accelerating-silicon-success-with-synopsys-cloud-ip","step":"verify","ok":true}
{"t":"2026-09-10T07:37:35.889Z","path":"/success-stories/hcltech-speeds-asic-thermal-modeling-with-sentaurus","step":"verify","ok":true}
{"t":"2026-09-10T07:37:38.329Z","path":"/success-stories/ibm-explores-alternative-interconnect-metals","step":"verify","ok":true}
{"t":"2026-09-10T07:37:39.699Z","path":"/success-stories/impar-leveraging-chip-design-verification-in-the-cloud","step":"verify","ok":true}
{"t":"2026-09-10T07:37:40.550Z","path":"/success-stories/intel-accelerates-x-propagation-debug-with-synopsys-verdi-xrca-technology","step":"verify","ok":true}
{"t":"2026-09-10T07:37:41.169Z","path":"/success-stories/infineon-drives-automotive-mcu-performance-with-synopsys","step":"verify","ok":true}
{"t":"2026-09-10T07:37:42.731Z","path":"/success-stories/intel-achieves-first-ucie-connected-chiplet-based-test-chip","step":"verify","ok":true}
{"t":"2026-09-10T07:37:44.362Z","path":"/success-stories/intel-self-timed-sram-timing-verification-nanotime","step":"verify","ok":true}
{"t":"2026-09-10T07:37:44.607Z","path":"/success-stories/intel-replicates-real-world-vulnerability","step":"verify","ok":true}
{"t":"2026-09-10T07:37:45.891Z","path":"/success-stories/intel-sepl","step":"verify","ok":true}
{"t":"2026-09-10T07:37:48.102Z","path":"/success-stories/intelliprop-meets-design-schedule-for-memory-controller","step":"verify","ok":true}
{"t":"2026-09-10T07:37:49.845Z","path":"/success-stories/iontra-accelerates-dev-synopsys-cloud-saas","step":"verify","ok":true}
{"t":"2026-09-10T07:37:50.297Z","path":"/success-stories/keysight-validates-pcie-6-0-specification","step":"verify","ok":true}
{"t":"2026-09-10T07:37:53.877Z","path":"/success-stories/lightelligence-revolutionizes-optical-soc-design","step":"verify","ok":true}
{"t":"2026-09-10T07:37:54.414Z","path":"/success-stories/m31-faster-characterization-synopsys-cloud-primelib","step":"verify","ok":true}
{"t":"2026-09-10T07:37:56.137Z","path":"/success-stories/marvell-gen-ai-formal-verification","step":"verify","ok":true}
{"t":"2026-09-10T07:37:57.305Z","path":"/success-stories/mediatek-2nm-sram-yield-hcva-primesim-xa","step":"verify","ok":true}
{"t":"2026-09-10T07:37:59.636Z","path":"/success-stories/mentium-accelerates-ai-chip-tape-out-for-space-applications","step":"verify","ok":true}
{"t":"2026-09-10T07:38:00.121Z","path":"/success-stories/metanoia-launches-5g-platform-flexeda-cloud-saas","step":"verify","ok":true}
{"t":"2026-09-10T07:38:01.302Z","path":"/success-stories/microsoft-uncovers-hidden-testbench-bugs","step":"verify","ok":true}
{"t":"2026-09-10T07:38:02.089Z","path":"/success-stories/multibeam-innovation-with-e-beam-lithography","step":"verify","ok":true}
{"t":"2026-09-10T07:38:04.358Z","path":"/success-stories/novatek-achieves-first-pass-silicon-success-for-mobile-display-soc","step":"preview","status":409,"text":"error from content-bus"}
{"t":"2026-09-10T07:38:05.709Z","path":"/success-stories/neuchips-creates-ai-accelerator-chip-in-18-months","step":"verify","ok":true}
{"t":"2026-09-10T07:38:06.414Z","path":"/success-stories/neureality-accelerating-ai-chip-tape-out-with-cloud-based-emulation","step":"verify","ok":true}
{"t":"2026-09-10T07:38:06.954Z","path":"/success-stories/neureality-ml-driven-simulation-faster-coverage-bug-detection","step":"verify","ok":true}
{"t":"2026-09-10T07:38:09.016Z","path":"/success-stories/nxp-accelerates-automotive-software-and-processor-design","step":"verify","ok":true}
{"t":"2026-09-10T07:38:11.399Z","path":"/success-stories/orbbec-achieves-first-pass-silicon-success-for-3d-camera","step":"verify","ok":true}
{"t":"2026-09-10T07:38:11.942Z","path":"/success-stories/rain-ai-low-power-ai-accelerator-chip-synopsys-cloud","step":"verify","ok":true}
{"t":"2026-09-10T07:38:14.242Z","path":"/success-stories/parade-technologies-tapes-out-usb4-retimer-dut-with-synopsys","step":"verify","ok":true}
{"t":"2026-09-10T07:38:15.740Z","path":"/success-stories/rebellions-transforms-energy-efficient-ai-computing","step":"verify","ok":true}
{"t":"2026-09-10T07:38:17.780Z","path":"/success-stories/samsung-foundry-achieves-accelerated-multi-die-system-design","step":"verify","ok":true}
{"t":"2026-09-10T07:38:19.626Z","path":"/success-stories/sima-ai-enables-edge-machine-learning-applications","step":"verify","ok":true}
{"t":"2026-09-10T07:38:20.507Z","path":"/success-stories/sophic-silicon-accelerates-wireless-soc-innovation","step":"verify","ok":true}
{"t":"2026-09-10T07:38:21.331Z","path":"/success-stories/stmicroelectronics-power-aware-clock-domain-crossing","step":"verify","ok":true}
{"t":"2026-09-10T07:38:22.612Z","path":"/success-stories/synaptics-arc-hs58x3-migration-with-synopsys-qik-and-dso-ai","step":"verify","ok":true}
{"t":"2026-09-10T07:38:23.917Z","path":"/success-stories/tetramem-develops-novel-ai-accelerator-soc","step":"verify","ok":true}
{"t":"2026-09-10T07:38:25.545Z","path":"/success-stories/weeteq-tapes-out-ai","step":"verify","ok":true}
{"t":"2026-09-10T07:38:26.489Z","path":"/success-stories/view-all","step":"verify","ok":true}
{"t":"2026-09-10T07:38:27.750Z","path":"/success-stories/xconn-achieves-first-pass-silicon-success-for-cxl-switch-soc","step":"verify","ok":true}
{"t":"2026-09-10T07:38:28.901Z","path":"/success-stories","step":"verify","ok":true}
{"t":"2026-09-10T07:38:29.506Z","path":"/support/dw-license-notice","step":"verify","ok":true}
{"t":"2026-09-10T07:38:31.858Z","path":"/support/licensing-installation-computeplatforms/ansys-scbu-migration","step":"verify","ok":true}
{"t":"2026-09-10T07:38:33.180Z","path":"/support/global-support-centers","step":"verify","ok":true}
{"t":"2026-09-10T07:38:33.295Z","path":"/support/licensing-installation-computeplatforms/ansys","step":"verify","ok":true}
{"t":"2026-09-10T07:38:34.331Z","path":"/support/licensing-installation-computeplatforms/certificates","step":"verify","ok":true}
{"t":"2026-09-10T07:38:36.296Z","path":"/support/licensing-installation-computeplatforms/compute-platforms/compute-platforms-roadmap","step":"verify","ok":true}
{"t":"2026-09-10T07:38:37.220Z","path":"/support/licensing-installation-computeplatforms/compute-platforms/platform-notice/2004-red-hat-linux-versions","step":"verify","ok":true}
{"t":"2026-09-10T07:38:37.998Z","path":"/support/licensing-installation-computeplatforms/compute-platforms/containers","step":"verify","ok":true}
{"t":"2026-09-10T07:38:38.050Z","path":"/support/licensing-installation-computeplatforms/compute-platforms/platform-notice/2005-hp-ux-platform-end-of-life","step":"verify","ok":true}
{"t":"2026-09-10T07:38:40.239Z","path":"/support/licensing-installation-computeplatforms/compute-platforms/platform-notice/2005-qsc-solaris-aix-baseline-changes","step":"verify","ok":true}
{"t":"2026-09-10T07:38:41.732Z","path":"/support/licensing-installation-computeplatforms/compute-platforms/platform-notice/2005-tcad-products-notice","step":"verify","ok":true}
{"t":"2026-09-10T07:38:41.770Z","path":"/support/licensing-installation-computeplatforms/compute-platforms/platform-notice/2006-os-platform-end-of-life-itanium-processor","step":"verify","ok":true}
{"t":"2026-09-10T07:38:42.312Z","path":"/support/licensing-installation-computeplatforms/compute-platforms/platform-notice/2006-ic-workbench-ev-on-hp-ux","step":"verify","ok":true}
{"t":"2026-09-10T07:38:43.775Z","path":"/support/licensing-installation-computeplatforms/compute-platforms/platform-notice/2006-proteus-products-on-hp-ux-or-red-hat-linux","step":"verify","ok":true}
{"t":"2026-09-10T07:38:45.537Z","path":"/support/licensing-installation-computeplatforms/compute-platforms/platform-notice/2007-ic-workbench-product-on-the-sun-sparc-solaris-platform","step":"verify","ok":true}
{"t":"2026-09-10T07:38:45.713Z","path":"/support/licensing-installation-computeplatforms/compute-platforms/platform-notice/2007-a-foundation-red-hat-enterprise-linux-baseline-changes","step":"verify","ok":true}
{"t":"2026-09-10T07:38:46.316Z","path":"/support/licensing-installation-computeplatforms/compute-platforms/platform-notice/2007-proteus-products-on-the-ia-64","step":"verify","ok":true}
{"t":"2026-09-10T07:38:47.728Z","path":"/support/licensing-installation-computeplatforms/compute-platforms/platform-notice/2007-proteus-products-on-the-sun-sparc-solaris-platform","step":"verify","ok":true}
{"t":"2026-09-10T07:38:49.765Z","path":"/support/licensing-installation-computeplatforms/compute-platforms/platform-notice/2007-proteus-sun-sparc-solaris-platform","step":"verify","ok":true}
{"t":"2026-09-10T07:38:49.908Z","path":"/support/licensing-installation-computeplatforms/compute-platforms/platform-notice/2007-sivl-products-on-the-ia-64-itanium-platform","step":"verify","ok":true}
{"t":"2026-09-10T07:38:50.695Z","path":"/support/licensing-installation-computeplatforms/compute-platforms/platform-notice/2008-sivl-sun-sparc-solaris","step":"verify","ok":true}
{"t":"2026-09-10T07:38:51.980Z","path":"/support/licensing-installation-computeplatforms/compute-platforms/platform-notice/2008-sparc-solaris-schedule-change","step":"verify","ok":true}
{"t":"2026-09-10T07:38:53.838Z","path":"/support/licensing-installation-computeplatforms/compute-platforms/platform-notice/2009-tcad-product-letter","step":"verify","ok":true}
{"t":"2026-09-10T07:38:54.350Z","path":"/support/licensing-installation-computeplatforms/compute-platforms/platform-notice/2008-tcad-sentaurus","step":"verify","ok":true}
{"t":"2026-09-10T07:38:55.385Z","path":"/support/licensing-installation-computeplatforms/compute-platforms/platform-notice/2011-microsoft-windows-support-changes","step":"verify","ok":true}
{"t":"2026-09-10T07:38:55.638Z","path":"/support/licensing-installation-computeplatforms/compute-platforms/platform-notice/2011-sparc-solaris-support-changes","step":"verify","ok":true}
{"t":"2026-09-10T07:38:58.005Z","path":"/support/licensing-installation-computeplatforms/compute-platforms/platform-notice/2012-i-foundation-red-hat-enterprise-linux-baseline-changes","step":"verify","ok":true}
{"t":"2026-09-10T07:38:59.271Z","path":"/support/licensing-installation-computeplatforms/compute-platforms/platform-notice/2015-end-of-support-for-synopsys-license-server-on-sparc-olaris","step":"verify","ok":true}
{"t":"2026-09-10T07:38:59.578Z","path":"/support/licensing-installation-computeplatforms/compute-platforms/platform-notice/2015-k-foundation-solaris-sparc-support-end-of-life","step":"verify","ok":true}
{"t":"2026-09-10T07:39:00.046Z","path":"/support/licensing-installation-computeplatforms/compute-platforms/platform-notice/2011-stl-port","step":"verify","ok":true}
{"t":"2026-09-10T07:39:01.580Z","path":"/support/licensing-installation-computeplatforms/compute-platforms/platform-notice/2015-platform-name-change-for-red-hat-enterprise-linux","step":"verify","ok":true}
{"t":"2026-09-10T07:39:03.195Z","path":"/support/licensing-installation-computeplatforms/compute-platforms/platform-notice/2015-suse-port-moving-linux-executable","step":"verify","ok":true}
{"t":"2026-09-10T07:39:03.572Z","path":"/support/licensing-installation-computeplatforms/compute-platforms/platform-notice/2016-m-foundation-red-hat-enterprise-linux","step":"verify","ok":true}
{"t":"2026-09-10T07:39:04.347Z","path":"/support/licensing-installation-computeplatforms/compute-platforms/platform-notice/2017-o-foundation-SUSE-Linux-and-windows-support-changes","step":"verify","ok":false,"why":"plain.html 404"}
{"t":"2026-09-10T07:39:05.666Z","path":"/support/licensing-installation-computeplatforms/compute-platforms/platform-notice/2018-o-foundation-centos-support-changes","step":"verify","ok":true}
{"t":"2026-09-10T07:39:07.352Z","path":"/support/licensing-installation-computeplatforms/compute-platforms/platform-notice/2020-s-foundation-centos-and-rhel-support-changes","step":"verify","ok":true}
{"t":"2026-09-10T07:39:07.847Z","path":"/support/licensing-installation-computeplatforms/compute-platforms/platform-notice/2020-s-foundation-sles-and-win-support-changes","step":"verify","ok":true}
{"t":"2026-09-10T07:39:08.471Z","path":"/support/licensing-installation-computeplatforms/compute-platforms/platform-notice/2021-t-foundation-centos-support-changes","step":"verify","ok":true}
{"t":"2026-09-10T07:39:09.633Z","path":"/support/licensing-installation-computeplatforms/compute-platforms/platform-notice/2022-v-foundation-sles-support-changes","step":"verify","ok":true}
{"t":"2026-09-10T07:39:11.377Z","path":"/support/licensing-installation-computeplatforms/compute-platforms/platform-notice/2023-w-foundation-win-support-changes","step":"verify","ok":true}
{"t":"2026-09-10T07:39:12.222Z","path":"/support/licensing-installation-computeplatforms/compute-platforms/platform-notice/2025-y-foundation-centos-support-changes","step":"verify","ok":true}
{"t":"2026-09-10T07:39:13.335Z","path":"/support/licensing-installation-computeplatforms/compute-platforms/platform-notice/2025-y-foundation-sles-and-win-support-changes","step":"verify","ok":true}
{"t":"2026-09-10T07:39:13.955Z","path":"/support/licensing-installation-computeplatforms/compute-platforms/platform-notice","step":"verify","ok":true}
{"t":"2026-09-10T07:39:15.764Z","path":"/support/licensing-installation-computeplatforms/compute-platforms/release-specific-support/Synopsys-k-foundation","step":"verify","ok":false,"why":"plain.html 404"}
{"t":"2026-09-10T07:39:16.690Z","path":"/support/licensing-installation-computeplatforms/compute-platforms/release-specific-support/supported-a-foundation","step":"verify","ok":true}
{"t":"2026-09-10T07:39:17.879Z","path":"/support/licensing-installation-computeplatforms/compute-platforms/release-specific-support/supported-j-foundation","step":"verify","ok":true}
{"t":"2026-09-10T07:39:19.161Z","path":"/support/licensing-installation-computeplatforms/compute-platforms/release-specific-support/supported-m-foundation","step":"verify","ok":true}
{"t":"2026-09-10T07:39:20.189Z","path":"/support/licensing-installation-computeplatforms/compute-platforms/release-specific-support/supported-n-foundation","step":"verify","ok":true}
{"t":"2026-09-10T07:39:21.298Z","path":"/support/licensing-installation-computeplatforms/compute-platforms/release-specific-support/supported-o-foundation","step":"verify","ok":true}
{"t":"2026-09-10T07:39:21.923Z","path":"/support/licensing-installation-computeplatforms/compute-platforms/release-specific-support/supported-p-foundation","step":"verify","ok":true}
{"t":"2026-09-10T07:39:23.111Z","path":"/support/licensing-installation-computeplatforms/compute-platforms/release-specific-support/supported-q-foundation","step":"verify","ok":true}
{"t":"2026-09-10T07:39:24.589Z","path":"/support/licensing-installation-computeplatforms/compute-platforms/release-specific-support/supported-r-foundation","step":"verify","ok":true}
{"t":"2026-09-10T07:39:26.045Z","path":"/support/licensing-installation-computeplatforms/compute-platforms/release-specific-support/supported-t-foundation","step":"verify","ok":true}
{"t":"2026-09-10T07:39:26.541Z","path":"/support/licensing-installation-computeplatforms/compute-platforms/release-specific-support/supported-s-foundation","step":"verify","ok":true}
{"t":"2026-09-10T07:39:27.506Z","path":"/support/licensing-installation-computeplatforms/compute-platforms/release-specific-support/supported-u-foundation","step":"verify","ok":true}
{"t":"2026-09-10T07:39:28.889Z","path":"/support/licensing-installation-computeplatforms/compute-platforms/release-specific-support/supported-v-foundation","step":"verify","ok":true}
{"t":"2026-09-10T07:39:30.664Z","path":"/support/licensing-installation-computeplatforms/compute-platforms/release-specific-support/supported-w-foundation","step":"verify","ok":true}
{"t":"2026-09-10T07:39:30.697Z","path":"/support/licensing-installation-computeplatforms/compute-platforms/release-specific-support/supported-x-foundation","step":"verify","ok":true}
{"t":"2026-09-10T07:39:33.213Z","path":"/support/licensing-installation-computeplatforms/compute-platforms/release-specific-support/supported-y-foundation","step":"verify","ok":true}
{"t":"2026-09-10T07:39:34.215Z","path":"/support/licensing-installation-computeplatforms/compute-platforms/release-specific-support/supported-z-foundation","step":"verify","ok":true}
{"t":"2026-09-10T07:39:35.149Z","path":"/support/licensing-installation-computeplatforms/compute-platforms/release-specific-support","step":"verify","ok":true}
{"t":"2026-09-10T07:39:35.401Z","path":"/support/licensing-installation-computeplatforms/compute-platforms/release-specific-support/synopsys-l-foundation","step":"verify","ok":true}
{"t":"2026-09-10T07:39:37.085Z","path":"/support/licensing-installation-computeplatforms/compute-platforms","step":"verify","ok":true}
{"t":"2026-09-10T07:39:38.099Z","path":"/support/licensing-installation-computeplatforms/css","step":"verify","ok":true}
{"t":"2026-09-10T07:39:39.073Z","path":"/support/licensing-installation-computeplatforms/installation/archived-installation-guides","step":"verify","ok":true}
{"t":"2026-09-10T07:39:39.465Z","path":"/support/licensing-installation-computeplatforms/installation/installation-guide-products-not-found","step":"verify","ok":true}
{"t":"2026-09-10T07:39:41.433Z","path":"/support/licensing-installation-computeplatforms/installation","step":"verify","ok":true}
{"t":"2026-09-10T07:39:41.943Z","path":"/support/licensing-installation-computeplatforms/licensing/daemons","step":"verify","ok":true}
{"t":"2026-09-10T07:39:43.240Z","path":"/support/licensing-installation-computeplatforms/licensing/dongle-orders","step":"verify","ok":true}
{"t":"2026-09-10T07:39:43.688Z","path":"/support/licensing-installation-computeplatforms/licensing/determining-the-correct-flexnet-hostid","step":"verify","ok":true}
{"t":"2026-09-10T07:39:45.376Z","path":"/support/licensing-installation-computeplatforms/licensing/dongle","step":"verify","ok":true}
{"t":"2026-09-10T07:39:46.420Z","path":"/support/licensing-installation-computeplatforms/licensing/legacy-tool-support","step":"verify","ok":true}
{"t":"2026-09-10T07:39:46.868Z","path":"/support/licensing-installation-computeplatforms/licensing/magma-tools","step":"verify","ok":true}
{"t":"2026-09-10T07:39:47.869Z","path":"/support/licensing-installation-computeplatforms/licensing/perfect-vips-tools","step":"verify","ok":true}
{"t":"2026-09-10T07:39:49.686Z","path":"/support/licensing-installation-computeplatforms/licensing/scl-supported-os","step":"verify","ok":true}
{"t":"2026-09-10T07:39:50.796Z","path":"/support/licensing-installation-computeplatforms/licensing/springsoft-tools","step":"verify","ok":true}
{"t":"2026-09-10T07:39:51.559Z","path":"/support/licensing-installation-computeplatforms/licensing/synplicity-users","step":"verify","ok":true}
{"t":"2026-09-10T07:39:51.873Z","path":"/support/licensing-installation-computeplatforms/licensing/target-compiler-migration","step":"verify","ok":true}
{"t":"2026-09-10T07:39:53.711Z","path":"/support/licensing-installation-computeplatforms/licensing/trl","step":"verify","ok":true}
{"t":"2026-09-10T07:39:54.475Z","path":"/support/licensing-installation-computeplatforms/licensing/zebu-and-knights-tools-migrating","step":"verify","ok":true}
{"t":"2026-09-10T07:39:55.898Z","path":"/support/licensing-installation-computeplatforms/licensing","step":"verify","ok":true}
{"t":"2026-09-10T07:39:56.185Z","path":"/support/licensing-installation-computeplatforms/synopsys-documentation","step":"verify","ok":true}
{"t":"2026-09-10T07:39:57.683Z","path":"/support/licensing-installation-computeplatforms","step":"verify","ok":true}
{"t":"2026-09-10T07:39:58.098Z","path":"/support/software-transfer-wget-guide","step":"verify","ok":true}
{"t":"2026-09-10T07:39:59.558Z","path":"/support/training/locations/locations_austin","step":"preview","status":404,"text":""}
{"t":"2026-09-10T07:39:59.991Z","path":"/support/training/locations/locations_bangalore","step":"preview","status":404,"text":""}
{"t":"2026-09-10T07:40:00.168Z","path":"/support/training/badging-certification","step":"verify","ok":true}
{"t":"2026-09-10T07:40:00.635Z","path":"/support/training/course-options","step":"verify","ok":true}
{"t":"2026-09-10T07:40:01.184Z","path":"/support/training/locations/locations_denmark","step":"preview","status":404,"text":""}
{"t":"2026-09-10T07:40:01.720Z","path":"/support/training/locations/locations_finland","step":"preview","status":404,"text":""}
{"t":"2026-09-10T07:40:02.101Z","path":"/support/training/locations/locations_france_grenoble","step":"preview","status":404,"text":""}
{"t":"2026-09-10T07:40:02.417Z","path":"/support/training/locations/locations_germany","step":"preview","status":404,"text":""}
{"t":"2026-09-10T07:40:02.993Z","path":"/support/training/locations/locations_hillsboro","step":"preview","status":404,"text":""}
{"t":"2026-09-10T07:40:03.603Z","path":"/support/training/locations/locations_israel","step":"preview","status":404,"text":""}
{"t":"2026-09-10T07:40:04.136Z","path":"/support/training/locations/locations_italy","step":"preview","status":404,"text":""}
{"t":"2026-09-10T07:40:04.426Z","path":"/support/training/locations/locations_longmont","step":"preview","status":404,"text":""}
{"t":"2026-09-10T07:40:05.284Z","path":"/support/training/locations/locations_marlborough","step":"preview","status":404,"text":""}
{"t":"2026-09-10T07:40:05.874Z","path":"/support/training/locations/locations_mtview","step":"preview","status":404,"text":""}
{"t":"2026-09-10T07:40:06.218Z","path":"/support/training/locations/locations_singapore","step":"preview","status":404,"text":""}
{"t":"2026-09-10T07:40:06.745Z","path":"/support/training/locations/locations_sweden","step":"preview","status":404,"text":""}
{"t":"2026-09-10T07:40:07.351Z","path":"/support/training/locations/locations_taiwan","step":"preview","status":404,"text":""}
{"t":"2026-09-10T07:40:07.926Z","path":"/support/training/locations/locations_uk","step":"preview","status":404,"text":""}
{"t":"2026-09-10T07:40:08.048Z","path":"/support/training/locations/na_toc","step":"preview","status":404,"text":""}
{"t":"2026-09-10T07:40:08.813Z","path":"/support/training/locations/naeducation_packages","step":"preview","status":404,"text":""}
{"t":"2026-09-10T07:40:13.302Z","path":"/support/training/locations","step":"verify","ok":true}
{"t":"2026-09-10T07:40:14.069Z","path":"/support/training/purple-certification","step":"verify","ok":true}
{"t":"2026-09-10T07:40:14.757Z","path":"/support/training","step":"verify","ok":true}
{"t":"2026-09-10T07:40:15.385Z","path":"/support/training/self-paced","step":"verify","ok":true}
{"t":"2026-09-10T07:40:18.218Z","path":"/support/wget-installation-guide","step":"verify","ok":true}
{"t":"2026-09-10T07:40:20.021Z","path":"/systems","step":"verify","ok":true}
{"t":"2026-09-10T07:40:20.288Z","path":"/synopsys-ansys-united","step":"verify","ok":true}
{"t":"2026-09-10T07:40:21.431Z","path":"/verification/debug/verdi-hw-sw-debug","step":"verify","ok":true}
{"t":"2026-09-10T07:40:22.879Z","path":"/verification/debug/verdi-upf-architect","step":"verify","ok":true}
{"t":"2026-09-10T07:40:23.062Z","path":"/verification/debug/verdi","step":"preview","status":409,"text":"error from content-bus"}
{"t":"2026-09-10T07:40:24.899Z","path":"/verification/debug/verdi-vms","step":"verify","ok":true}
{"t":"2026-09-10T07:40:26.353Z","path":"/verification/debug","step":"verify","ok":true}
{"t":"2026-09-10T07:40:28.660Z","path":"/verification/emulation-prototyping/contact-us","step":"verify","ok":true}
{"t":"2026-09-10T07:40:30.079Z","path":"/verification/emulation-prototyping/emulation/zebu-200","step":"verify","ok":true}
{"t":"2026-09-10T07:40:30.538Z","path":"/verification/emulation-prototyping/emulation/zebu-cloud-solution","step":"verify","ok":true}
{"t":"2026-09-10T07:40:30.815Z","path":"/verification/emulation-prototyping/emulation/zebu-empower","step":"verify","ok":true}
{"t":"2026-09-10T07:40:34.015Z","path":"/verification/emulation-prototyping/emulation/zebu-ep","step":"verify","ok":true}
{"t":"2026-09-10T07:40:35.021Z","path":"/verification/emulation-prototyping/emulation/zebu-server","step":"verify","ok":true}
{"t":"2026-09-10T07:40:35.668Z","path":"/verification/emulation-prototyping/emulation","step":"verify","ok":true}
{"t":"2026-09-10T07:40:36.446Z","path":"/verification/emulation-prototyping/hav-interface-solutions","step":"verify","ok":true}
{"t":"2026-09-10T07:40:38.873Z","path":"/verification/emulation-prototyping/prototyping/haps-100","step":"verify","ok":true}
{"t":"2026-09-10T07:40:39.880Z","path":"/verification/emulation-prototyping/prototyping/haps-200","step":"verify","ok":true}
{"t":"2026-09-10T07:40:40.767Z","path":"/verification/emulation-prototyping","step":"verify","ok":true}
{"t":"2026-09-10T07:40:41.566Z","path":"/verification/emulation-prototyping/prototyping","step":"verify","ok":true}
{"t":"2026-09-10T07:40:42.665Z","path":"/verification/fpga-simulation/fpga-simulator","step":"verify","ok":true}
{"t":"2026-09-10T07:40:44.025Z","path":"/verification/fpga-simulation","step":"verify","ok":true}
{"t":"2026-09-10T07:40:45.383Z","path":"/verification/hardware-assisted-test-solutions","step":"verify","ok":true}
{"t":"2026-09-10T07:40:45.911Z","path":"/verification/ide/euclide","step":"verify","ok":true}
{"t":"2026-09-10T07:40:47.268Z","path":"/verification/ide","step":"verify","ok":true}
{"t":"2026-09-10T07:40:48.641Z","path":"/verification/imperasdv","step":"verify","ok":true}
{"t":"2026-09-10T07:40:49.572Z","path":"/verification/resources/datasheets/haps-200","step":"verify","ok":true}
{"t":"2026-09-10T07:40:50.964Z","path":"/verification/resources/datasheets/platform-architect-multi-die","step":"verify","ok":true}
{"t":"2026-09-10T07:40:51.505Z","path":"/verification/resources/datasheets/timing-constraints-manager","step":"verify","ok":true}
{"t":"2026-09-10T07:40:52.983Z","path":"/verification/resources/datasheets/vc-formal","step":"verify","ok":true}
{"t":"2026-09-10T07:40:53.706Z","path":"/verification/resources/datasheets/vc-spyglass-idc","step":"verify","ok":true}
{"t":"2026-09-10T07:40:54.955Z","path":"/verification/resources/datasheets/vcs-industrysngqs-highest-performance-simulation-solution","step":"verify","ok":true}
{"t":"2026-09-10T07:40:58.921Z","path":"/verification/resources/datasheets/zebu-server-5","step":"verify","ok":true}
{"t":"2026-09-10T07:40:59.894Z","path":"/verification/resources/datasheets","step":"verify","ok":true}
{"t":"2026-09-10T07:41:00.363Z","path":"/verification/resources/datasheets/zebu-200","step":"verify","ok":true}
{"t":"2026-09-10T07:41:00.438Z","path":"/verification/resources/datasheets/zebu-ep","step":"verify","ok":true}
{"t":"2026-09-10T07:41:03.291Z","path":"/verification/resources/events/formal-sig-2024","step":"verify","ok":true}
{"t":"2026-09-10T07:41:04.997Z","path":"/verification/resources/events","step":"verify","ok":true}
{"t":"2026-09-10T07:41:05.264Z","path":"/verification/resources/whitepapers/10x-cdc-debug-ml","step":"verify","ok":true}
{"t":"2026-09-10T07:41:05.477Z","path":"/verification/resources/videos","step":"verify","ok":true}
{"t":"2026-09-10T07:41:07.013Z","path":"/verification/resources/whitepapers/accelerate-test-regressions-vip","step":"verify","ok":true}
{"t":"2026-09-10T07:41:09.659Z","path":"/verification/resources/whitepapers/benchmark-before-you-build","step":"verify","ok":true}
{"t":"2026-09-10T07:41:10.309Z","path":"/verification/resources/whitepapers/coverage-metrics-formal-unr-wp","step":"verify","ok":true}
{"t":"2026-09-10T07:41:10.618Z","path":"/verification/resources/whitepapers/better-faster-more-efficient-verification-with-ai","step":"verify","ok":true}
{"t":"2026-09-10T07:41:11.287Z","path":"/verification/resources/whitepapers/enabling-high-quality-risc-v-processor-models","step":"verify","ok":true}
{"t":"2026-09-10T07:41:13.538Z","path":"/verification/resources/whitepapers/fmeda-powered-safety-verification","step":"verify","ok":true}
{"t":"2026-09-10T07:41:14.210Z","path":"/verification/resources/whitepapers/formal-signoff-methodology","step":"verify","ok":true}
{"t":"2026-09-10T07:41:14.815Z","path":"/verification/resources/whitepapers/functional-safety-fault-simulation-wp","step":"verify","ok":true}
{"t":"2026-09-10T07:41:16.805Z","path":"/verification/resources/whitepapers/machine-learning-to-automate-debug","step":"verify","ok":true}
{"t":"2026-09-10T07:41:17.695Z","path":"/verification/resources/whitepapers/multi-die-early-architecture-wp","step":"verify","ok":true}
{"t":"2026-09-10T07:41:19.133Z","path":"/verification/resources/whitepapers/reduce-sim-reg-dpo","step":"verify","ok":true}
{"t":"2026-09-10T07:41:19.817Z","path":"/verification/resources/whitepapers/scaling-modern-complexity-hav-wp","step":"verify","ok":true}
{"t":"2026-09-10T07:41:21.707Z","path":"/verification/resources/whitepapers/tcm-sdc-mgmt-wp","step":"verify","ok":true}
{"t":"2026-09-10T07:41:22.925Z","path":"/verification/resources/whitepapers/timing-constraints-manager","step":"verify","ok":true}
{"t":"2026-09-10T07:41:23.745Z","path":"/verification/resources/whitepapers/vc-spyglass-connectivity-linting","step":"verify","ok":true}
{"t":"2026-09-10T07:41:24.973Z","path":"/verification/resources/whitepapers/vc-spyglass-integrated-solution","step":"verify","ok":true}
{"t":"2026-09-10T07:41:26.177Z","path":"/verification/resources/whitepapers/vcs-t-prop-wp","step":"verify","ok":true}
{"t":"2026-09-10T07:41:27.013Z","path":"/verification/resources/whitepapers/verification-low-power","step":"verify","ok":true}
{"t":"2026-09-10T07:41:28.818Z","path":"/verification/resources/whitepapers/virtual-ecu-wp","step":"verify","ok":true}
{"t":"2026-09-10T07:41:29.624Z","path":"/verification/resources/whitepapers/virtual-prototyping-regression-wp","step":"verify","ok":true}
{"t":"2026-09-10T07:41:30.543Z","path":"/verification/resources/whitepapers/virtualizer-native-execution-accelerates-sw-defined-product-development-for-arm-solutions-wp","step":"verify","ok":true}
{"t":"2026-09-10T07:41:31.368Z","path":"/verification/resources/whitepapers/vso-ai-wp","step":"verify","ok":true}
{"t":"2026-09-10T07:41:33.709Z","path":"/verification/resources/whitepapers","step":"verify","ok":true}
{"t":"2026-09-10T07:41:34.025Z","path":"/verification/resources","step":"verify","ok":true}
{"t":"2026-09-10T07:41:35.345Z","path":"/verification/services-costart","step":"verify","ok":true}
{"t":"2026-09-10T07:41:36.416Z","path":"/verification/simulation/testbench-quality-assurance","step":"verify","ok":true}
{"t":"2026-09-10T07:41:38.096Z","path":"/verification/simulation/vc-z01x","step":"verify","ok":true}
{"t":"2026-09-10T07:41:38.485Z","path":"/verification/simulation/vcreplay","step":"verify","ok":true}
{"t":"2026-09-10T07:41:40.400Z","path":"/verification/simulation/vcs/vcs-matlab","step":"verify","ok":true}
{"t":"2026-09-10T07:41:41.916Z","path":"/verification/simulation/z01x-functional-safety","step":"verify","ok":true}
{"t":"2026-09-10T07:41:42.434Z","path":"/verification/simulation","step":"verify","ok":true}
{"t":"2026-09-10T07:41:43.300Z","path":"/verification/soc-verification-automation/vc-autotestbench","step":"verify","ok":true}
{"t":"2026-09-10T07:41:44.002Z","path":"/verification/soc-verification-automation/vc-portable-stimulus","step":"verify","ok":true}
{"t":"2026-09-10T07:41:45.417Z","path":"/verification/soc-verification-automation","step":"verify","ok":true}
{"t":"2026-09-10T07:41:47.422Z","path":"/verification/solutions/low-power/low-power-verification","step":"verify","ok":true}
{"t":"2026-09-10T07:41:47.688Z","path":"/verification/solutions/low-power/power-aware-prototyping","step":"verify","ok":true}
{"t":"2026-09-10T07:41:49.217Z","path":"/verification/solutions/low-power","step":"verify","ok":true}
{"t":"2026-09-10T07:41:49.886Z","path":"/verification/solutions/networking","step":"verify","ok":true}
{"t":"2026-09-10T07:41:51.861Z","path":"/verification/solutions","step":"verify","ok":true}
{"t":"2026-09-10T07:41:52.338Z","path":"/verification/static-and-formal-verification/spyglass/spyglass-constraints","step":"verify","ok":true}
{"t":"2026-09-10T07:41:54.474Z","path":"/verification/static-and-formal-verification/spyglass/spyglass-power","step":"verify","ok":true}
{"t":"2026-09-10T07:41:54.925Z","path":"/verification/static-and-formal-verification/spyglass/spyglass-fpga","step":"verify","ok":true}
{"t":"2026-09-10T07:41:56.016Z","path":"/verification/static-and-formal-verification/spyglass","step":"verify","ok":true}
{"t":"2026-09-10T07:41:56.199Z","path":"/verification/static-and-formal-verification/timing-constraints-manager","step":"verify","ok":true}
{"t":"2026-09-10T07:41:58.561Z","path":"/verification/static-and-formal-verification/vc-formal/vc-formal-training-videos","step":"verify","ok":true}
{"t":"2026-09-10T07:41:58.803Z","path":"/verification/static-and-formal-verification/vc-formal/vc-formal-datapath-validation","step":"verify","ok":true}
{"t":"2026-09-10T07:42:00.594Z","path":"/verification/static-and-formal-verification/vc-lp","step":"verify","ok":true}
{"t":"2026-09-10T07:42:00.672Z","path":"/verification/static-and-formal-verification/vc-formal","step":"verify","ok":true}
{"t":"2026-09-10T07:42:03.059Z","path":"/verification/static-and-formal-verification/vc-spyglass/vc-spyglass-fault-analysis","step":"verify","ok":true}
{"t":"2026-09-10T07:42:03.111Z","path":"/verification/static-and-formal-verification/vc-spyglass/vc-spyglass-cdc","step":"verify","ok":true}
{"t":"2026-09-10T07:42:05.191Z","path":"/verification/static-and-formal-verification/vc-spyglass/vc-spyglass-lint","step":"verify","ok":true}
{"t":"2026-09-10T07:42:05.478Z","path":"/verification/static-and-formal-verification/vc-spyglass/vc-spyglass-idc","step":"verify","ok":true}
{"t":"2026-09-10T07:42:07.055Z","path":"/verification/static-and-formal-verification/vc-spyglass","step":"verify","ok":true}
{"t":"2026-09-10T07:42:07.503Z","path":"/verification/static-and-formal-verification/vc-spyglass/vc-spyglass-rdc","step":"verify","ok":true}
{"t":"2026-09-10T07:42:09.861Z","path":"/verification/sting","step":"verify","ok":true}
{"t":"2026-09-10T07:42:10.109Z","path":"/verification/static-and-formal-verification","step":"verify","ok":true}
{"t":"2026-09-10T07:42:12.013Z","path":"/verification/vc-formal-services","step":"verify","ok":true}
{"t":"2026-09-10T07:42:12.351Z","path":"/verification/vc-functional-safety-manager","step":"verify","ok":true}
{"t":"2026-09-10T07:42:14.342Z","path":"/verification/verification-ip/amba/amba-ace","step":"verify","ok":true}
{"t":"2026-09-10T07:42:15.617Z","path":"/verification/verification-ip/amba/amba-ahb","step":"verify","ok":true}
{"t":"2026-09-10T07:42:16.564Z","path":"/verification/verification-ip/amba/amba-apb","step":"verify","ok":true}
{"t":"2026-09-10T07:42:16.884Z","path":"/verification/verification-ip/amba/amba-atb","step":"verify","ok":true}
{"t":"2026-09-10T07:42:18.204Z","path":"/verification/verification-ip/amba/amba-axi","step":"verify","ok":true}
{"t":"2026-09-10T07:42:20.500Z","path":"/verification/verification-ip/amba/amba-c2c","step":"verify","ok":true}
{"t":"2026-09-10T07:42:20.951Z","path":"/verification/verification-ip/amba/amba-chi","step":"verify","ok":true}
{"t":"2026-09-10T07:42:21.415Z","path":"/verification/verification-ip/amba/amba-cxs","step":"verify","ok":true}
{"t":"2026-09-10T07:42:22.427Z","path":"/verification/verification-ip/amba/amba-stream","step":"verify","ok":true}
{"t":"2026-09-10T07:42:25.058Z","path":"/verification/verification-ip/amba/axi-test-suites","step":"verify","ok":true}
{"t":"2026-09-10T07:42:25.688Z","path":"/verification/verification-ip/amba","step":"verify","ok":true}
{"t":"2026-09-10T07:42:27.343Z","path":"/verification/verification-ip/automotive/can20-fd-tt","step":"verify","ok":true}
{"t":"2026-09-10T07:42:28.147Z","path":"/verification/verification-ip/automotive/ethernet","step":"verify","ok":true}
{"t":"2026-09-10T07:42:30.888Z","path":"/verification/verification-ip/automotive/flexray","step":"verify","ok":true}
{"t":"2026-09-10T07:42:31.930Z","path":"/verification/verification-ip/automotive/lin-verification-ip","step":"verify","ok":true}
{"t":"2026-09-10T07:42:32.726Z","path":"/verification/verification-ip/automotive","step":"verify","ok":true}
{"t":"2026-09-10T07:42:36.225Z","path":"/verification/verification-ip/bus-interface/12c","step":"verify","ok":true}
{"t":"2026-09-10T07:42:36.598Z","path":"/verification/verification-ip/bus-interface/12s","step":"verify","ok":true}
{"t":"2026-09-10T07:42:38.083Z","path":"/verification/verification-ip/bus-interface/avsbus","step":"verify","ok":true}
{"t":"2026-09-10T07:42:38.587Z","path":"/verification/verification-ip/bus-interface/TileLink","step":"verify","ok":false,"why":"plain.html 404"}
{"t":"2026-09-10T07:42:41.754Z","path":"/verification/verification-ip/bus-interface/cpri","step":"verify","ok":true}
{"t":"2026-09-10T07:42:41.888Z","path":"/verification/verification-ip/bus-interface/fibre-channel","step":"verify","ok":true}
{"t":"2026-09-10T07:42:42.404Z","path":"/verification/verification-ip/bus-interface/interlaken","step":"verify","ok":true}
{"t":"2026-09-10T07:42:43.337Z","path":"/verification/verification-ip/bus-interface/jtag","step":"verify","ok":true}
{"t":"2026-09-10T07:42:46.731Z","path":"/verification/verification-ip/bus-interface/ocp","step":"verify","ok":true}
{"t":"2026-09-10T07:42:47.396Z","path":"/verification/verification-ip/bus-interface/smbus","step":"verify","ok":true}
{"t":"2026-09-10T07:42:47.932Z","path":"/verification/verification-ip/bus-interface/sdio","step":"verify","ok":true}
{"t":"2026-09-10T07:42:49.290Z","path":"/verification/verification-ip/bus-interface/swd","step":"verify","ok":true}
{"t":"2026-09-10T07:42:51.000Z","path":"/verification/verification-ip/bus-interface/uart","step":"verify","ok":true}
{"t":"2026-09-10T07:42:51.902Z","path":"/verification/verification-ip/bus-interface","step":"verify","ok":true}
{"t":"2026-09-10T07:42:52.535Z","path":"/verification/verification-ip/bus-interface/vc-verification-ip-for-jesd204","step":"verify","ok":true}
{"t":"2026-09-10T07:42:53.411Z","path":"/verification/verification-ip/display/displayport","step":"verify","ok":true}
{"t":"2026-09-10T07:42:54.901Z","path":"/verification/verification-ip/display/edp","step":"verify","ok":true}
{"t":"2026-09-10T07:42:56.239Z","path":"/verification/verification-ip/display/hdmi","step":"verify","ok":true}
{"t":"2026-09-10T07:42:58.793Z","path":"/verification/verification-ip/display","step":"verify","ok":true}
{"t":"2026-09-10T07:42:59.169Z","path":"/verification/verification-ip/ethernet/ethernet-1-6t","step":"verify","ok":true}
{"t":"2026-09-10T07:43:00.482Z","path":"/verification/verification-ip/ethernet/ethernet-avb","step":"verify","ok":true}
{"t":"2026-09-10T07:43:02.639Z","path":"/verification/verification-ip/ethernet/ethernet-base-t","step":"verify","ok":true}
{"t":"2026-09-10T07:43:04.117Z","path":"/verification/verification-ip/ethernet","step":"verify","ok":true}
{"t":"2026-09-10T07:43:05.094Z","path":"/verification/verification-ip/ethernet/uec","step":"verify","ok":true}
{"t":"2026-09-10T07:43:05.546Z","path":"/verification/verification-ip/memory/ddr5","step":"verify","ok":true}
{"t":"2026-09-10T07:43:07.518Z","path":"/verification/verification-ip/memory/dfi-verification-ip","step":"verify","ok":true}
{"t":"2026-09-10T07:43:08.759Z","path":"/verification/verification-ip/memory/emmc-verification-ip","step":"verify","ok":true}
{"t":"2026-09-10T07:43:10.039Z","path":"/verification/verification-ip/memory/gddr6","step":"verify","ok":true}
{"t":"2026-09-10T07:43:10.556Z","path":"/verification/verification-ip/memory/hbm-verificationip","step":"verify","ok":true}
{"t":"2026-09-10T07:43:12.302Z","path":"/verification/verification-ip/memory/hmc-verification-ip","step":"verify","ok":true}
{"t":"2026-09-10T07:43:13.131Z","path":"/verification/verification-ip/memory/ip-lpddr","step":"verify","ok":true}
{"t":"2026-09-10T07:43:14.251Z","path":"/verification/verification-ip/memory/nvdimm-p","step":"verify","ok":true}
{"t":"2026-09-10T07:43:15.095Z","path":"/verification/verification-ip/memory/onfi","step":"verify","ok":true}
{"t":"2026-09-10T07:43:16.401Z","path":"/verification/verification-ip/memory/sd-host-card","step":"verify","ok":true}
{"t":"2026-09-10T07:43:17.237Z","path":"/verification/verification-ip/memory/spi-qspi","step":"verify","ok":true}
{"t":"2026-09-10T07:43:18.430Z","path":"/verification/verification-ip/memory/toggglenand","step":"verify","ok":true}
{"t":"2026-09-10T07:43:19.415Z","path":"/verification/verification-ip/memory/uhs-ii-sd-tran","step":"verify","ok":true}
{"t":"2026-09-10T07:43:20.759Z","path":"/verification/verification-ip/memory","step":"verify","ok":true}
{"t":"2026-09-10T07:43:21.977Z","path":"/verification/verification-ip/mipi/c-phy","step":"verify","ok":true}
{"t":"2026-09-10T07:43:22.850Z","path":"/verification/verification-ip/mipi/d-phy","step":"verify","ok":true}
{"t":"2026-09-10T07:43:24.783Z","path":"/verification/verification-ip/mipi/mipi-13c","step":"verify","ok":true}
{"t":"2026-09-10T07:43:27.237Z","path":"/verification/verification-ip/mipi/mipi-csi-2","step":"verify","ok":true}
{"t":"2026-09-10T07:43:29.111Z","path":"/verification/verification-ip/mipi/mipi-m-phy","step":"verify","ok":true}
{"t":"2026-09-10T07:43:29.626Z","path":"/verification/verification-ip/mipi/mipi-dsi","step":"verify","ok":true}
{"t":"2026-09-10T07:43:31.702Z","path":"/verification/verification-ip/mipi/slimbus","step":"verify","ok":true}
{"t":"2026-09-10T07:43:34.573Z","path":"/verification/verification-ip/mipi/soundwire","step":"verify","ok":true}
{"t":"2026-09-10T07:43:36.747Z","path":"/verification/verification-ip/mipi/ufs","step":"verify","ok":true}
{"t":"2026-09-10T07:43:37.998Z","path":"/verification/verification-ip/mipi/spmi","step":"verify","ok":true}
{"t":"2026-09-10T07:43:39.832Z","path":"/verification/verification-ip/mipi/unipro","step":"verify","ok":true}
{"t":"2026-09-10T07:43:42.038Z","path":"/verification/verification-ip/mipi/vc-verification-ip-for-mipi-rffe","step":"verify","ok":true}
{"t":"2026-09-10T07:43:42.747Z","path":"/verification/verification-ip/mipi","step":"verify","ok":true}
{"t":"2026-09-10T07:43:44.369Z","path":"/verification/verification-ip/pcie","step":"verify","ok":true}
{"t":"2026-09-10T07:43:46.367Z","path":"/verification/verification-ip/storage/nvme","step":"verify","ok":true}
{"t":"2026-09-10T07:43:48.858Z","path":"/verification/verification-ip/storage/sas","step":"verify","ok":true}
{"t":"2026-09-10T07:43:52.017Z","path":"/verification/verification-ip/storage/sata","step":"verify","ok":true}
{"t":"2026-09-10T07:43:55.860Z","path":"/verification/verification-ip/subsystems/vc-verification-ip-for-ucie","step":"preview","status":409,"text":"error from content-bus"}
{"t":"2026-09-10T07:43:56.099Z","path":"/verification/verification-ip/storage","step":"verify","ok":true}
{"t":"2026-09-10T07:43:58.512Z","path":"/verification/verification-ip/subsystems/compute-express-link","step":"verify","ok":true}
{"t":"2026-09-10T07:44:00.436Z","path":"/verification/verification-ip/subsystems/usb-type-c-subsystem","step":"verify","ok":true}
{"t":"2026-09-10T07:44:01.354Z","path":"/verification/verification-ip/subsystems/vc-verification-ip-usb4","step":"verify","ok":true}
{"t":"2026-09-10T07:44:03.521Z","path":"/verification/verification-ip/subsystems/verification-ip-usb2","step":"verify","ok":true}
{"t":"2026-09-10T07:44:05.621Z","path":"/verification/verification-ip/subsystems","step":"verify","ok":true}
{"t":"2026-09-10T07:44:06.983Z","path":"/verification/verification-ip/ualink","step":"verify","ok":true}
{"t":"2026-09-10T07:44:08.630Z","path":"/verification/verification-ip/usb/usb-power-delivery","step":"verify","ok":true}
{"t":"2026-09-10T07:44:09.611Z","path":"/verification/verification-ip/usb/usb","step":"verify","ok":true}
{"t":"2026-09-10T07:44:09.906Z","path":"/verification/verification-ip/usb","step":"verify","ok":true}
{"t":"2026-09-10T07:44:11.704Z","path":"/verification/verification-ip/verification-test-suites","step":"verify","ok":true}
{"t":"2026-09-10T07:44:13.531Z","path":"/verification/virtual-prototyping/atef/contact-us","step":"verify","ok":true}
{"t":"2026-09-10T07:44:14.277Z","path":"/verification/verification-ip","step":"verify","ok":true}
{"t":"2026-09-10T07:44:14.538Z","path":"/verification/virtual-prototyping/atef/book-a-meeting","step":"verify","ok":true}
{"t":"2026-09-10T07:44:16.432Z","path":"/verification/virtual-prototyping/atef","step":"verify","ok":true}
{"t":"2026-09-10T07:44:18.332Z","path":"/verification/virtual-prototyping/automotive-ecosystem-collaboration","step":"verify","ok":true}
{"t":"2026-09-10T07:44:18.621Z","path":"/verification/virtual-prototyping/contact-us","step":"verify","ok":true}
{"t":"2026-09-10T07:44:19.171Z","path":"/verification/virtual-prototyping/auto-vdk","step":"verify","ok":true}
{"t":"2026-09-10T07:44:21.086Z","path":"/verification/virtual-prototyping/platform-architect-models","step":"verify","ok":true}
{"t":"2026-09-10T07:44:23.059Z","path":"/verification/virtual-prototyping/references/amg","step":"verify","ok":true}
{"t":"2026-09-10T07:44:23.148Z","path":"/verification/virtual-prototyping/platform-architect-multi-die","step":"verify","ok":true}
{"t":"2026-09-10T07:44:24.310Z","path":"/verification/virtual-prototyping/platform-architect","step":"verify","ok":true}
{"t":"2026-09-10T07:44:24.814Z","path":"/verification/virtual-prototyping/references/gif","step":"verify","ok":true}
{"t":"2026-09-10T07:44:28.067Z","path":"/verification/virtual-prototyping/references/haldex","step":"verify","ok":true}
{"t":"2026-09-10T07:44:28.460Z","path":"/verification/virtual-prototyping/references/renault","step":"verify","ok":true}
{"t":"2026-09-10T07:44:28.959Z","path":"/verification/virtual-prototyping/references/iav","step":"verify","ok":true}
{"t":"2026-09-10T07:44:29.014Z","path":"/verification/virtual-prototyping/references/mercedes-benz","step":"verify","ok":true}
{"t":"2026-09-10T07:44:31.655Z","path":"/verification/virtual-prototyping/references/volvo","step":"verify","ok":true}
{"t":"2026-09-10T07:44:32.967Z","path":"/verification/virtual-prototyping/sil-kit","step":"verify","ok":true}
{"t":"2026-09-10T07:44:33.139Z","path":"/verification/virtual-prototyping/silver/silver-videos","step":"verify","ok":true}
{"t":"2026-09-10T07:44:33.511Z","path":"/verification/virtual-prototyping/references","step":"verify","ok":true}
{"t":"2026-09-10T07:44:37.529Z","path":"/verification/virtual-prototyping/virtualizer","step":"verify","ok":true}
{"t":"2026-09-10T07:44:37.996Z","path":"/verification/virtual-prototyping/virtualizer-models","step":"verify","ok":true}
{"t":"2026-09-10T07:44:38.068Z","path":"/verification/virtual-prototyping/virtual-prototyping-solutions-for-arm","step":"verify","ok":true}
{"t":"2026-09-10T07:44:39.115Z","path":"/verification/virtual-prototyping/silver","step":"verify","ok":true}
{"t":"2026-09-10T07:44:41.306Z","path":"/verification/virtual-prototyping/vp-book/chapters","step":"verify","ok":true}
{"t":"2026-09-10T07:44:42.670Z","path":"/verification/virtual-prototyping/vp-book/contributors","step":"verify","ok":true}
{"t":"2026-09-10T07:44:43.003Z","path":"/verification/virtual-prototyping/vp-book/download-vp-book","step":"verify","ok":true}
{"t":"2026-09-10T07:44:43.242Z","path":"/verification/virtual-prototyping/vp-book","step":"verify","ok":true}
{"t":"2026-09-10T07:44:45.718Z","path":"/verification/virtual-prototyping","step":"verify","ok":true}
{"t":"2026-09-10T07:44:46.850Z","path":"/webinars/NoC-design-platform-integration-early-benchmarking-automotive-processor-SoCs","step":"verify","ok":false,"why":"plain.html 404"}
{"t":"2026-09-10T07:44:47.336Z","path":"/webinars/a-z-multi-die-design","step":"verify","ok":true}
{"t":"2026-09-10T07:44:48.247Z","path":"/webinars/448g-ready-or-not","step":"verify","ok":true}
{"t":"2026-09-10T07:44:50.371Z","path":"/webinars/accelerate-coverage-closure-ai-ml-vcs-ico-technology","step":"verify","ok":true}
{"t":"2026-09-10T07:44:51.956Z","path":"/webinars/accelerated-sdv-development","step":"verify","ok":true}
{"t":"2026-09-10T07:44:52.076Z","path":"/webinars/accelerate-coverage-closure-vso-ai","step":"verify","ok":true}
{"t":"2026-09-10T07:44:53.583Z","path":"/webinars/accelerating-ai-hardware-nvidia-haps","step":"verify","ok":true}
{"t":"2026-09-10T07:44:54.943Z","path":"/webinars/accelerating-innovation-semiconductor-startups","step":"verify","ok":true}
{"t":"2026-09-10T07:45:07.042Z","path":"/webinars/accelerating-sdv-development-virtualization-tools-and-technology","step":"verify","ok":false,"why":"fetch failed"}
{"t":"2026-09-10T07:45:10.790Z","path":"/webinars/achieving-1-6tbps-ethernet-interoperability-hpc-ai-ml-socs","step":"verify","ok":true}
{"t":"2026-09-10T07:45:15.021Z","path":"/webinars/advanced-usage-synopsys-virtualizer-pre-silicon-SW-Development","step":"verify","ok":false,"why":"plain.html 404"}
{"t":"2026-09-10T07:45:24.410Z","path":"/webinars/advancing-gan-power-transistors","step":"verify","ok":true}
{"t":"2026-09-10T07:45:33.467Z","path":"/webinars/advancing-sic-power-transistors","step":"verify","ok":true}
{"t":"2026-09-10T07:45:39.425Z","path":"/webinars/age-of-agentic-engineering","step":"verify","ok":true}
{"t":"2026-09-10T07:45:41.400Z","path":"/webinars/agentengineer-your-ai-coworker","step":"verify","ok":true}
{"t":"2026-09-10T07:45:41.542Z","path":"/webinars/accelerating-windows-driver-development-using-synopsys-virtualizer","step":"verify","ok":true}
{"t":"2026-09-10T07:45:43.864Z","path":"/webinars/agentic-ai-impact-engineering-workflows","step":"verify","ok":true}
{"t":"2026-09-10T07:45:46.432Z","path":"/webinars/agentic-ai-nuts-bolts-agentengineer","step":"verify","ok":true}
{"t":"2026-09-10T07:45:47.723Z","path":"/webinars/agentic-ai-synopsys-nvidia-chip-design","step":"verify","ok":true}
{"t":"2026-09-10T07:45:51.032Z","path":"/webinars/agile-cicd-github-eda-flows","step":"verify","ok":true}
{"t":"2026-09-10T07:45:53.530Z","path":"/webinars/agentic-spec2rtl-workflow","step":"verify","ok":true}
{"t":"2026-09-10T07:45:57.240Z","path":"/webinars/ai-advanced-security-solutions","step":"verify","ok":true}
{"t":"2026-09-10T07:45:57.246Z","path":"/webinars/ai-apps-rl-llms-agents","step":"verify","ok":true}
{"t":"2026-09-10T07:45:58.393Z","path":"/webinars/ai-chip-design-onboarding-strategies","step":"verify","ok":true}
{"t":"2026-09-10T07:46:00.153Z","path":"/webinars/ai-chip-design-synopsys-microsoft","step":"verify","ok":true}
{"t":"2026-09-10T07:46:01.634Z","path":"/webinars/ai-driven-verification","step":"verify","ok":true}
{"t":"2026-09-10T07:46:02.611Z","path":"/webinars/ai-driven-debug-verdi","step":"verify","ok":true}
{"t":"2026-09-10T07:46:02.961Z","path":"/webinars/ai-in-eda-chip-design","step":"verify","ok":true}
{"t":"2026-09-10T07:46:05.129Z","path":"/webinars/amd-3dic-feasibility-analysis","step":"verify","ok":true}
{"t":"2026-09-10T07:46:06.444Z","path":"/webinars/analog-design-in-cloud","step":"verify","ok":true}
{"t":"2026-09-10T07:46:07.944Z","path":"/webinars/application-level-hybrid-emulation-software-defined-systems","step":"verify","ok":true}
{"t":"2026-09-10T07:46:09.115Z","path":"/webinars/application-specific-processors-asip-physical-ai","step":"verify","ok":true}
{"t":"2026-09-10T07:46:11.444Z","path":"/webinars/arm-multi-die-architecture-designs","step":"verify","ok":true}
{"t":"2026-09-10T07:46:11.783Z","path":"/webinars/architecting-physical-ai-socs-standards-ip","step":"verify","ok":true}
{"t":"2026-09-10T07:46:14.041Z","path":"/webinars/arm-slm-implementation-arm-cores","step":"verify","ok":true}
{"t":"2026-09-10T07:46:15.070Z","path":"/webinars/atomistic-simulations","step":"verify","ok":true}
{"t":"2026-09-10T07:46:18.083Z","path":"/webinars/atpg-power-timing-ai","step":"verify","ok":true}
{"t":"2026-09-10T07:46:19.164Z","path":"/webinars/auto-tech-day","step":"verify","ok":true}
{"t":"2026-09-10T07:46:21.703Z","path":"/webinars/automated-constraints-promotion-methodology","step":"verify","ok":true}
{"t":"2026-09-10T07:46:24.126Z","path":"/webinars/automotive-margin","step":"verify","ok":true}
{"t":"2026-09-10T07:46:43.511Z","path":"/webinars/automotive-socs-security","step":"verify","ok":true}
{"t":"2026-09-10T07:46:51.033Z","path":"/webinars/benefits-early-architecture-design-multi-die-systems","step":"verify","ok":true}
{"t":"2026-09-10T07:46:51.033Z","path":"/webinars/cdc-debug-ml-rca","step":"verify","ok":true}
{"t":"2026-09-10T07:46:51.044Z","path":"/webinars/chip-design-forefront-ai-innovation","step":"verify","ok":true}
{"t":"2026-09-10T07:46:59.475Z","path":"/webinars/chip-design-with-generative-agentic-ai","step":"verify","ok":true}
{"t":"2026-09-10T07:47:01.126Z","path":"/webinars/cisco-advancing-hsat-structural-test-pcie-gen4","step":"verify","ok":true}
{"t":"2026-09-10T07:47:01.473Z","path":"/webinars/cloud-scale-emulation-for-startups","step":"verify","ok":true}
{"t":"2026-09-10T07:47:01.627Z","path":"/webinars/clock-gating-vc-formal-part-2","step":"verify","ok":true}
{"t":"2026-09-10T07:47:05.323Z","path":"/webinars/compute-connectivity-pcie-cxl-architectures","step":"verify","ok":true}
{"t":"2026-09-10T07:47:07.254Z","path":"/webinars/copilot-smarter-chip-design","step":"verify","ok":true}
{"t":"2026-09-10T07:47:08.026Z","path":"/webinars/correct-by-construction-coding-euclide","step":"verify","ok":true}
{"t":"2026-09-10T07:47:10.010Z","path":"/webinars/constraints-driven-cdc-and-rdc-verification","step":"verify","ok":true}
{"t":"2026-09-10T07:47:10.882Z","path":"/webinars/cross-architecture-compatibility-with-virtual-prototypes-lixiang","step":"verify","ok":true}
{"t":"2026-09-10T07:47:13.108Z","path":"/webinars/custom-hbm-ai","step":"verify","ok":true}
{"t":"2026-09-10T07:47:13.656Z","path":"/webinars/data-driven-approach-to-multi-die-design-architecture","step":"verify","ok":true}
{"t":"2026-09-10T07:47:14.710Z","path":"/webinars/de-risking-socs-with-interface-ip","step":"verify","ok":true}
{"t":"2026-09-10T07:47:15.346Z","path":"/webinars/deep-dive-synopsys-ai","step":"verify","ok":true}
{"t":"2026-09-10T07:47:17.917Z","path":"/webinars/design-analysis-multi-die-3d-ic-systems","step":"verify","ok":true}
{"t":"2026-09-10T07:47:18.374Z","path":"/webinars/designing-risc-v-triple-threat-assp-dev","step":"verify","ok":true}
{"t":"2026-09-10T07:47:19.749Z","path":"/webinars/designing-the-future-of-ai-infrastructure-with-ualink","step":"verify","ok":true}
{"t":"2026-09-10T07:47:20.131Z","path":"/webinars/deterministic-motor-control-with-mips-m8500-globalfoundries","step":"verify","ok":true}
{"t":"2026-09-10T07:47:22.270Z","path":"/webinars/digital-cloud-instance","step":"verify","ok":true}
{"t":"2026-09-10T07:47:23.387Z","path":"/webinars/dso-ai-demo","step":"verify","ok":true}
{"t":"2026-09-10T07:47:25.257Z","path":"/webinars/efficient-and-robust-memory-verification-in-modern-socs-using-formal-equivalence-checker","step":"verify","ok":true}
{"t":"2026-09-10T07:47:25.659Z","path":"/webinars/efficient-secure-ai-systems-ualink","step":"verify","ok":true}
{"t":"2026-09-10T07:47:27.948Z","path":"/webinars/electronics-digital-twins-from-concept-scalable-platform","step":"verify","ok":true}
{"t":"2026-09-10T07:47:28.809Z","path":"/webinars/enabling-informed-processor-core-selection-early-architecture-analysis","step":"verify","ok":true}
{"t":"2026-09-10T07:47:31.289Z","path":"/webinars/enflame-virtual-prototyping-ai-chip-early-development","step":"verify","ok":true}
{"t":"2026-09-10T07:47:31.558Z","path":"/webinars/engineering-intelligence-10-watts","step":"verify","ok":true}
{"t":"2026-09-10T07:47:33.067Z","path":"/webinars/extending-android-soc-virtual-prototypes-virtio-virtualizer-native-execution","step":"verify","ok":true}
{"t":"2026-09-10T07:47:33.311Z","path":"/webinars/equivalence-checking-with-formality","step":"verify","ok":true}
{"t":"2026-09-10T07:47:36.253Z","path":"/webinars/fab-da-ai-process-analytics","step":"verify","ok":true}
{"t":"2026-09-10T07:47:37.644Z","path":"/webinars/fast-accurate-functional-ecos-with-formality-eco","step":"verify","ok":true}
{"t":"2026-09-10T07:47:38.565Z","path":"/webinars/full-stack-vision-automotive-silicon-innovation","step":"verify","ok":true}
{"t":"2026-09-10T07:47:39.181Z","path":"/webinars/formal-datapath-validation-ai-processors","step":"verify","ok":true}
{"t":"2026-09-10T07:47:42.134Z","path":"/webinars/functional-correctness-security-risc-v-cores","step":"verify","ok":true}
{"t":"2026-09-10T07:47:44.646Z","path":"/webinars/functional-eco-using-formality-eco","step":"verify","ok":true}
{"t":"2026-09-10T07:47:45.952Z","path":"/webinars/functional-verification-to-fault-simulation","step":"verify","ok":true}
{"t":"2026-09-10T07:47:47.350Z","path":"/webinars/functional-ecos-formality","step":"verify","ok":true}
{"t":"2026-09-10T07:47:48.908Z","path":"/webinars/high-reliability-functional-safety-fpga","step":"verify","ok":true}
{"t":"2026-09-10T07:47:51.236Z","path":"/webinars/holistic-approach-risc-v-processor","step":"verify","ok":true}
{"t":"2026-09-10T07:47:53.410Z","path":"/webinars/hybrid-prototyping-early-collaboration-automotive-supply-chain","step":"verify","ok":true}
{"t":"2026-09-10T07:47:53.563Z","path":"/webinars/hyperscale-data-centers-1-6t-ethernet","step":"verify","ok":true}
{"t":"2026-09-10T07:47:55.947Z","path":"/webinars/improve-vcs-simulation","step":"verify","ok":true}
{"t":"2026-09-10T07:47:56.731Z","path":"/webinars/infineon-standardization-semiconductor-environment-siliconda","step":"verify","ok":true}
{"t":"2026-09-10T07:47:58.792Z","path":"/webinars/innovating-ai-hardware-with-cloud-solutions","step":"verify","ok":true}
{"t":"2026-09-10T07:47:59.573Z","path":"/webinars/intel-3d-multi-die-design-signoff","step":"verify","ok":true}
{"t":"2026-09-10T07:48:01.583Z","path":"/webinars/intel-emib-design-advanced-ai-datacenter-solutions","step":"verify","ok":true}
{"t":"2026-09-10T07:48:03.121Z","path":"/webinars/interconnect-memory-performance-exploration-many-core-socs","step":"verify","ok":true}
{"t":"2026-09-10T07:48:05.107Z","path":"/webinars/ip-design-edge-ai","step":"verify","ok":true}
{"t":"2026-09-10T07:48:06.479Z","path":"/webinars/invisible-keys-from-pufs","step":"verify","ok":true}
{"t":"2026-09-10T07:48:07.730Z","path":"/webinars/key-ip-3d-integration-ucie-ai-chips","step":"verify","ok":true}
{"t":"2026-09-10T07:48:09.406Z","path":"/webinars/left-shift-verification-multi-die-soc-using-architectural-models-renesas","step":"verify","ok":true}
{"t":"2026-09-10T07:48:10.771Z","path":"/webinars/leveraging-synopsys-vdk-to-shift-soc-development-left-mediatek","step":"verify","ok":true}
{"t":"2026-09-10T07:48:11.884Z","path":"/webinars/leveraging-virtual-platforms-shift-left-hwsw-verification","step":"verify","ok":true}
{"t":"2026-09-10T07:48:13.229Z","path":"/webinars/manufacturing-test-flows-vc-z01x","step":"verify","ok":true}
{"t":"2026-09-10T07:48:14.744Z","path":"/webinars/marvell-accelerating-design-signal-integrity-analysis","step":"verify","ok":true}
{"t":"2026-09-10T07:48:15.713Z","path":"/webinars/mastering-layout-parasitics-with-paragonx-cest","step":"verify","ok":true}
{"t":"2026-09-10T07:48:15.969Z","path":"/webinars/mastering-layout-parasitics-with-paragonx-pst","step":"verify","ok":true}
{"t":"2026-09-10T07:48:17.966Z","path":"/webinars/maximize-productivity-ppa","step":"verify","ok":true}
{"t":"2026-09-10T07:48:19.813Z","path":"/webinars/meta-shift-left-connectivity-checks-soc-quality","step":"verify","ok":true}
{"t":"2026-09-10T07:48:20.858Z","path":"/webinars/migrate-analog-design","step":"verify","ok":true}
{"t":"2026-09-10T07:48:21.391Z","path":"/webinars/migrate-architecture-ip-edge-ai","step":"verify","ok":true}
{"t":"2026-09-10T07:48:23.508Z","path":"/webinars/mission-critical-defense-security","step":"verify","ok":true}
{"t":"2026-09-10T07:48:25.080Z","path":"/webinars/mitigating-ai-data-bottlenecks-pcie-7","step":"verify","ok":true}
{"t":"2026-09-10T07:48:26.698Z","path":"/webinars/ml-tcad-calibration","step":"verify","ok":true}
{"t":"2026-09-10T07:48:29.388Z","path":"/webinars/ml-driven-equivalence-checking-formality","step":"verify","ok":true}
{"t":"2026-09-10T07:48:30.231Z","path":"/webinars/multi-die-3dic-partitioning-floorplanning","step":"verify","ok":true}
{"t":"2026-09-10T07:48:32.088Z","path":"/webinars/multi-die-designs-co-packaged-optics","step":"verify","ok":true}
{"t":"2026-09-10T07:48:35.312Z","path":"/webinars/multi-die-multi-physics-silicon-design-panel","step":"verify","ok":true}
{"t":"2026-09-10T07:48:35.807Z","path":"/webinars/multi-die-designs-security","step":"verify","ok":true}
{"t":"2026-09-10T07:48:36.980Z","path":"/webinars/multi-die-test-monitoring-flows","step":"verify","ok":true}
{"t":"2026-09-10T07:48:38.032Z","path":"/webinars/multi-noc-soc-performance-analysis-tsn-applications","step":"verify","ok":true}
{"t":"2026-09-10T07:48:40.228Z","path":"/webinars/multiphysics-fusion-technology-multi-die-design","step":"verify","ok":true}
{"t":"2026-09-10T07:48:41.484Z","path":"/webinars/navigating-complexities-sdv","step":"verify","ok":true}
{"t":"2026-09-10T07:48:42.560Z","path":"/webinars/multiphysics-hbm-3d-integration","step":"verify","ok":true}
{"t":"2026-09-10T07:48:43.249Z","path":"/webinars/new-faster-standards-data-center-shift","step":"verify","ok":true}
{"t":"2026-09-10T07:48:45.088Z","path":"/webinars/next-generation-3dic-interposer-info-design","step":"verify","ok":true}
{"t":"2026-09-10T07:48:46.495Z","path":"/webinars/noc-centric-system-chiplet-era-platform-architect","step":"verify","ok":true}
{"t":"2026-09-10T07:48:47.133Z","path":"/webinars/nvm-otp-tsmc-n5","step":"verify","ok":true}
{"t":"2026-09-10T07:48:49.170Z","path":"/webinars/opportunities-innovation-ai-powered-chip-design","step":"verify","ok":true}
{"t":"2026-09-10T07:48:50.729Z","path":"/webinars/opportunity-new-engineering-paradigms","step":"verify","ok":true}
{"t":"2026-09-10T07:48:51.583Z","path":"/webinars/optimal-ppa-targets-dso-ai","step":"verify","ok":true}
{"t":"2026-09-10T07:48:52.285Z","path":"/webinars/optimize-atpg-tso-ai","step":"verify","ok":true}
{"t":"2026-09-10T07:48:54.593Z","path":"/webinars/optimizing-memory-multi-die-architectures","step":"verify","ok":true}
{"t":"2026-09-10T07:48:56.201Z","path":"/webinars/optimizing-soc-performance","step":"verify","ok":true}
{"t":"2026-09-10T07:48:57.438Z","path":"/webinars/panel-cloud-access-synopsys-startups","step":"verify","ok":true}
{"t":"2026-09-10T07:48:58.120Z","path":"/webinars/paragonx-ic-layout-parasitics-analysis","step":"verify","ok":true}
{"t":"2026-09-10T07:48:59.636Z","path":"/webinars/path-to-1-6tbe-224g-ethernet-phy-ip","step":"verify","ok":true}
{"t":"2026-09-10T07:49:01.838Z","path":"/webinars/pcie-5-edge-benefits","step":"verify","ok":true}
{"t":"2026-09-10T07:49:04.050Z","path":"/webinars/pcie-cxl-latency-power-considerations-hpc-socs","step":"verify","ok":true}
{"t":"2026-09-10T07:49:04.395Z","path":"/webinars/pcie-and-ethernet-over-optics","step":"verify","ok":true}
{"t":"2026-09-10T07:49:04.519Z","path":"/webinars/pcie-multistream-ai-connectivity","step":"verify","ok":true}
{"t":"2026-09-10T07:49:06.532Z","path":"/webinars/performance-analysis-network-chip-development","step":"verify","ok":true}
{"t":"2026-09-10T07:49:08.394Z","path":"/webinars/physical-ai-future-systems-design","step":"verify","ok":true}
{"t":"2026-09-10T07:49:09.083Z","path":"/webinars/power-integrity-signoff-to-design-optimization","step":"verify","ok":true}
{"t":"2026-09-10T07:49:09.928Z","path":"/webinars/power-of-ai-chip-design","step":"verify","ok":true}
{"t":"2026-09-10T07:49:10.870Z","path":"/webinars/powering-3dic-systems-redhawk-sc-electrothermal","step":"verify","ok":true}
{"t":"2026-09-10T07:49:13.273Z","path":"/webinars/pre-design-verification-optimization-on-chip","step":"verify","ok":true}
{"t":"2026-09-10T07:49:14.185Z","path":"/webinars/pre-silicon-sw-enablement-for-tda5-soc-ti","step":"verify","ok":true}
{"t":"2026-09-10T07:49:14.487Z","path":"/webinars/ras-challenges-chiplets-ai","step":"verify","ok":true}
{"t":"2026-09-10T07:49:14.881Z","path":"/webinars/re-engineering-automotive-physical-ai-development","step":"verify","ok":true}
{"t":"2026-09-10T07:49:17.925Z","path":"/webinars/re-engineering-the-future","step":"verify","ok":true}
{"t":"2026-09-10T07:49:19.239Z","path":"/webinars/redhawk-sc-emir-signoff-ir-aware-design","step":"verify","ok":true}
{"t":"2026-09-10T07:49:19.844Z","path":"/webinars/real-time-processing-automotive-safety","step":"verify","ok":true}
{"t":"2026-09-10T07:49:20.537Z","path":"/webinars/reducing-risk-chiplet-design","step":"verify","ok":true}
{"t":"2026-09-10T07:49:22.631Z","path":"/webinars/renesas-r-car-virtual-platform","step":"verify","ok":true}
{"t":"2026-09-10T07:49:23.712Z","path":"/webinars/rethinking-ai-connectivity","step":"verify","ok":true}
{"t":"2026-09-10T07:49:24.383Z","path":"/webinars/rethinking-compute-age-ai","step":"verify","ok":true}
{"t":"2026-09-10T07:49:25.674Z","path":"/webinars/rf-mmwave-reference-flow","step":"verify","ok":true}
{"t":"2026-09-10T07:49:28.020Z","path":"/webinars/rtl-dft-connectivity-webinar","step":"verify","ok":true}
{"t":"2026-09-10T07:49:28.538Z","path":"/webinars/rtl-power-analysis","step":"verify","ok":true}
{"t":"2026-09-10T07:49:28.905Z","path":"/webinars/scalable-heterogeneous-systems","step":"verify","ok":true}
{"t":"2026-09-10T07:49:29.946Z","path":"/webinars/scalable-on-demand-verification","step":"verify","ok":true}
{"t":"2026-09-10T07:49:32.280Z","path":"/webinars/scaling-ai-agents-formal-workflow","step":"verify","ok":true}
{"t":"2026-09-10T07:49:32.623Z","path":"/webinars/scaling-ai-infrastructures-with-next-gen-standardized-interconnects","step":"verify","ok":true}
{"t":"2026-09-10T07:49:33.486Z","path":"/webinars/scaling-hbm-signal-integrity-signoff","step":"verify","ok":true}
{"t":"2026-09-10T07:49:34.881Z","path":"/webinars/scaling-sdv-development-virtualization","step":"verify","ok":true}
{"t":"2026-09-10T07:49:37.579Z","path":"/webinars/seamless-license-management","step":"verify","ok":true}
{"t":"2026-09-10T07:49:38.541Z","path":"/webinars/shift-left-performance-analysis-risc-v-soc-openchip","step":"verify","ok":true}
{"t":"2026-09-10T07:49:39.258Z","path":"/webinars/shaping-the-future","step":"verify","ok":true}
{"t":"2026-09-10T07:49:39.884Z","path":"/webinars/shift-left-soc-ip-verification","step":"verify","ok":true}
{"t":"2026-09-10T07:49:42.747Z","path":"/webinars/silicon-da-slm-analytics","step":"verify","ok":true}
{"t":"2026-09-10T07:49:44.043Z","path":"/webinars/silicon-lifecycle-management-automotive","step":"verify","ok":true}
{"t":"2026-09-10T07:49:44.138Z","path":"/webinars/silicon-systems-innovation-ai","step":"verify","ok":true}
{"t":"2026-09-10T07:49:45.899Z","path":"/webinars/silicon-to-system","step":"verify","ok":true}
{"t":"2026-09-10T07:49:47.441Z","path":"/webinars/slm-pvt-monitoring-gaa","step":"verify","ok":true}
{"t":"2026-09-10T07:49:48.204Z","path":"/webinars/soc-design-verification-family","step":"verify","ok":true}
{"t":"2026-09-10T07:49:48.694Z","path":"/webinars/soc-connectivity-verification-vc-formal","step":"verify","ok":true}
{"t":"2026-09-10T07:49:50.032Z","path":"/webinars/soc-performance-with-collaboration-framework-padk","step":"verify","ok":true}
{"t":"2026-09-10T07:49:52.221Z","path":"/webinars/speed-barriers-virtual-prototypes-advanced-use-cases","step":"verify","ok":true}
{"t":"2026-09-10T07:49:52.362Z","path":"/webinars/software-approach-avoid-respins","step":"verify","ok":true}
{"t":"2026-09-10T07:49:54.210Z","path":"/webinars/startups-panel-navigating-the-last-mile","step":"verify","ok":true}
{"t":"2026-09-10T07:49:55.263Z","path":"/webinars/static-esd-simulation-multi-die","step":"verify","ok":true}
{"t":"2026-09-10T07:49:56.678Z","path":"/webinars/synopsys-ai-copilot-design-assistant","step":"verify","ok":true}
{"t":"2026-09-10T07:49:57.343Z","path":"/webinars/stronger-performance-validation-altera","step":"verify","ok":true}
{"t":"2026-09-10T07:49:59.258Z","path":"/webinars/synopsys-autonomous-verification-closure-agent","step":"verify","ok":true}
{"t":"2026-09-10T07:49:59.995Z","path":"/webinars/synopsys-ai-copilot-productivity","step":"verify","ok":true}
{"t":"2026-09-10T07:50:01.200Z","path":"/webinars/synopsys-icepak-agent-autonomous-thermal-engineering","step":"verify","ok":true}
{"t":"2026-09-10T07:50:01.750Z","path":"/webinars/synopsys-guc-coupe","step":"verify","ok":true}
{"t":"2026-09-10T07:50:03.978Z","path":"/webinars/system-level-benchmarking-ai-workloads-tda5-ti","step":"verify","ok":true}
{"t":"2026-09-10T07:50:04.255Z","path":"/webinars/system-level-performance-insights-early-soc-de-risking-nxp","step":"verify","ok":true}
{"t":"2026-09-10T07:50:05.729Z","path":"/webinars/testmax-advisor","step":"verify","ok":true}
{"t":"2026-09-10T07:50:06.949Z","path":"/webinars/the-system-is-the-bottleneck-baya","step":"verify","ok":true}
{"t":"2026-09-10T07:50:08.439Z","path":"/webinars/transition-to-PCIe-7-now","step":"verify","ok":false,"why":"plain.html 404"}
{"t":"2026-09-10T07:50:08.948Z","path":"/webinars/trustworthy-automotive-semiconductors","step":"verify","ok":true}
{"t":"2026-09-10T07:50:09.794Z","path":"/webinars/ucie-interface-update","step":"verify","ok":true}
{"t":"2026-09-10T07:50:11.168Z","path":"/webinars/ucie-standard-vs-ucie-advanced","step":"verify","ok":true}
{"t":"2026-09-10T07:50:13.031Z","path":"/webinars/ucie-system-level-verification-challenges","step":"verify","ok":true}
{"t":"2026-09-10T07:50:13.561Z","path":"/webinars/understanding-ualink-architecture-protocol-deep-dive","step":"verify","ok":true}
{"t":"2026-09-10T07:50:14.613Z","path":"/webinars/using-platform-architect-for-optimizing-aurix-microcontrollers","step":"verify","ok":true}
{"t":"2026-09-10T07:50:15.491Z","path":"/webinars/vc-execution-manager-verification-efficiency","step":"verify","ok":true}
{"t":"2026-09-10T07:50:18.132Z","path":"/webinars/vc-panel-what-does-it-take","step":"verify","ok":true}
{"t":"2026-09-10T07:50:19.145Z","path":"/webinars/verdi-euclide-ide-integration","step":"verify","ok":true}
{"t":"2026-09-10T07:50:19.423Z","path":"/webinars/vecu-based-integration","step":"verify","ok":true}
{"t":"2026-09-10T07:50:20.102Z","path":"/webinars/verify-clock-gating-vc-formal-part-1","step":"verify","ok":true}
{"t":"2026-09-10T07:50:21.812Z","path":"/webinars/verifying-ai-designs","step":"verify","ok":true}
{"t":"2026-09-10T07:50:23.388Z","path":"/webinars/verilator-processor-benchmarking-automotive-soc-platforms","step":"verify","ok":true}
{"t":"2026-09-10T07:50:23.894Z","path":"/webinars/virtual-ecu-deployment","step":"verify","ok":true}
{"t":"2026-09-10T07:50:24.950Z","path":"/webinars/virtual-prototypes-risc-v-software-development-optimization-test","step":"verify","ok":true}
{"t":"2026-09-10T07:50:26.484Z","path":"/webinars/virtual-prototyping-software-defined-vehicles","step":"verify","ok":true}
{"t":"2026-09-10T07:50:27.793Z","path":"/webinars/wireline-transmitters-part-1","step":"verify","ok":true}
{"t":"2026-09-10T07:50:28.389Z","path":"/webinars/virtualization-for-shift-left-sw-development-tata-elxsi","step":"verify","ok":true}
{"t":"2026-09-10T07:50:29.115Z","path":"/webinars/wireline-transmitters-part-2","step":"verify","ok":true}
{"t":"2026-09-10T07:50:31.141Z","path":"/webinars/wireline-transmitters-part-3","step":"verify","ok":true}
{"t":"2026-09-10T07:50:31.852Z","path":"/webinars/writing-c-cpp-models-efficient-datapath-validation","step":"verify","ok":true}
{"t":"2026-09-10T07:50:33.236Z","path":"/zh-cn","step":"verify","ok":true}
{"t":"2026-09-10T07:50:34.408Z","path":"/zh-tw","step":"verify","ok":true}
