{"t":"2026-09-10T12:50:08.156Z","path":"/academic-research/contactus/entrepreneurs","step":"verify","ok":true}
{"t":"2026-09-10T12:50:08.210Z","path":"/academic-research/contactus/researchers","step":"verify","ok":true}
{"t":"2026-09-10T12:50:08.299Z","path":"/academic-research/contactus/educators","step":"verify","ok":true}
{"t":"2026-09-10T12:50:08.336Z","path":"/academic-research/contactus/students","step":"verify","ok":true}
{"t":"2026-09-10T12:50:14.344Z","path":"/academic-research/educators","step":"verify","ok":true}
{"t":"2026-09-10T12:50:14.576Z","path":"/academic-research/contactus","step":"verify","ok":true}
{"t":"2026-09-10T12:50:14.622Z","path":"/academic-research/researchers","step":"verify","ok":true}
{"t":"2026-09-10T12:50:15.063Z","path":"/academic-research/entrepreneurs","step":"verify","ok":true}
{"t":"2026-09-10T12:50:20.622Z","path":"/academic-research/subscription","step":"verify","ok":true}
{"t":"2026-09-10T12:50:20.800Z","path":"/academic-research/students","step":"verify","ok":true}
{"t":"2026-09-10T12:50:21.603Z","path":"/academic-research/university","step":"verify","ok":true}
{"t":"2026-09-10T12:50:22.415Z","path":"/ai/agentic-ai","step":"verify","ok":true}
{"t":"2026-09-10T12:50:27.933Z","path":"/ai/ai-chip-development","step":"verify","ok":true}
{"t":"2026-09-10T12:50:28.019Z","path":"/ai/ai-powered-eda/aso-ai","step":"verify","ok":true}
{"t":"2026-09-10T12:50:28.072Z","path":"/ai/ai-powered-eda/design-da","step":"verify","ok":true}
{"t":"2026-09-10T12:50:29.745Z","path":"/ai/ai-powered-eda/dso-ai","step":"verify","ok":true}
{"t":"2026-09-10T12:50:34.399Z","path":"/ai/ai-powered-eda/videos","step":"verify","ok":true}
{"t":"2026-09-10T12:50:34.542Z","path":"/ai/ai-powered-eda/silicon-da","step":"verify","ok":true}
{"t":"2026-09-10T12:50:34.574Z","path":"/ai/ai-powered-eda/tso-ai","step":"verify","ok":false,"why":"about:error in delivered html"}
{"t":"2026-09-10T12:50:36.745Z","path":"/ai/ai-powered-eda/vso-ai","step":"verify","ok":true}
{"t":"2026-09-10T12:50:40.573Z","path":"/ai/contact-us","step":"verify","ok":true}
{"t":"2026-09-10T12:50:40.683Z","path":"/ai/generative-ai","step":"verify","ok":true}
{"t":"2026-09-10T12:50:40.883Z","path":"/ai/ai-powered-eda","step":"verify","ok":true}
{"t":"2026-09-10T12:50:43.436Z","path":"/ai/physical-ai","step":"verify","ok":true}
{"t":"2026-09-10T12:50:47.287Z","path":"/articles/112g-ethernet-implementations","step":"verify","ok":true}
{"t":"2026-09-10T12:50:47.399Z","path":"/articles/112g-ethernet-ip","step":"verify","ok":true}
{"t":"2026-09-10T12:50:47.555Z","path":"/ai","step":"verify","ok":true}
{"t":"2026-09-10T12:50:49.548Z","path":"/articles/112g-linear-optics-phy","step":"verify","ok":true}
{"t":"2026-09-10T12:50:53.636Z","path":"/articles/224g-ethernet-phy-ip","step":"verify","ok":true}
{"t":"2026-09-10T12:50:53.750Z","path":"/articles/224g-serdes-interoperability-ai-hpc","step":"verify","ok":true}
{"t":"2026-09-10T12:50:54.175Z","path":"/articles/224g-serdes-ip-linear-drive-optics","step":"verify","ok":true}
{"t":"2026-09-10T12:50:55.845Z","path":"/articles/224gbps-electrical-interface","step":"verify","ok":true}
{"t":"2026-09-10T12:50:59.982Z","path":"/articles/25g-ethernet-ip-for-high-performance-data-center-socs","step":"verify","ok":true}
{"t":"2026-09-10T12:51:00.310Z","path":"/articles/25g-ethernet","step":"verify","ok":true}
{"t":"2026-09-10T12:51:00.937Z","path":"/articles/3dio-multi-die-integration","step":"verify","ok":true}
{"t":"2026-09-10T12:51:02.487Z","path":"/articles/40g-ucie-ip-ai-applications","step":"verify","ok":true}
{"t":"2026-09-10T12:51:06.552Z","path":"/articles/5g-asips-communication-socs","step":"verify","ok":true}
{"t":"2026-09-10T12:51:07.212Z","path":"/articles/5g-dsp-controller-radio-modems","step":"verify","ok":true}
{"t":"2026-09-10T12:51:07.370Z","path":"/articles/accelerate-time-to-market-with-interface-ip-subsystems","step":"verify","ok":true}
{"t":"2026-09-10T12:51:08.398Z","path":"/articles/accelerating-32gtps-pcie5-designs","step":"verify","ok":true}
{"t":"2026-09-10T12:51:12.919Z","path":"/articles/accelerating-cryptographic-operations","step":"verify","ok":true}
{"t":"2026-09-10T12:51:13.516Z","path":"/articles/achieving-iso-compliance","step":"verify","ok":true}
{"t":"2026-09-10T12:51:13.606Z","path":"/articles/achieving-10-gbps","step":"verify","ok":true}
{"t":"2026-09-10T12:51:15.483Z","path":"/articles/adapting-non-volatile-memory","step":"verify","ok":true}
{"t":"2026-09-10T12:51:19.833Z","path":"/articles/adas-ivi-automotive-grade","step":"verify","ok":true}
{"t":"2026-09-10T12:51:20.120Z","path":"/articles/adas-ivi-socs-sdv-automotive-ip","step":"verify","ok":true}
{"t":"2026-09-10T12:51:21.056Z","path":"/articles/addressing-ai-advanced-packaging-3dio-phy","step":"verify","ok":true}
{"t":"2026-09-10T12:51:22.013Z","path":"/articles/addressing-functional-safety-in-socs-with-test-solutions","step":"verify","ok":true}
{"t":"2026-09-10T12:51:26.231Z","path":"/articles/adoption-5g-automotive-applications","step":"verify","ok":true}
{"t":"2026-09-10T12:51:26.653Z","path":"/articles/advanced-processors-virtual-reality-interfaces","step":"verify","ok":true}
{"t":"2026-09-10T12:51:27.108Z","path":"/articles/advantages-embedded-mtp-nvm-iot-soc-designs","step":"verify","ok":true}
{"t":"2026-09-10T12:51:28.358Z","path":"/articles/ai-edge-algorithms","step":"verify","ok":true}
{"t":"2026-09-10T12:51:32.773Z","path":"/articles/ai-hpc-multi-die-designs","step":"verify","ok":true}
{"t":"2026-09-10T12:51:33.014Z","path":"/articles/ai-powered-analog-design","step":"verify","ok":true}
{"t":"2026-09-10T12:51:33.176Z","path":"/articles/anatomy-ethernet-phy-for-hpc","step":"verify","ok":true}
{"t":"2026-09-10T12:51:35.608Z","path":"/articles/arc-sem130fs-safety-security-processor","step":"verify","ok":true}
{"t":"2026-09-10T12:51:39.517Z","path":"/articles/artificial-intelligence-soc-nature-nurture","step":"verify","ok":true}
{"t":"2026-09-10T12:51:40.247Z","path":"/articles/asil-d-systematic-iso-26262-compliance","step":"verify","ok":true}
{"t":"2026-09-10T12:51:41.771Z","path":"/articles/automotive-certified-trng-ip","step":"verify","ok":true}
{"t":"2026-09-10T12:51:41.916Z","path":"/articles/augmenting-your-reality","step":"verify","ok":true}
{"t":"2026-09-10T12:51:45.398Z","path":"/articles/automotive-ddr-dram","step":"verify","ok":true}
{"t":"2026-09-10T12:51:46.944Z","path":"/articles/automotive-embedded-storage-ufs","step":"verify","ok":true}
{"t":"2026-09-10T12:51:48.063Z","path":"/articles/automotive-macsec-ethernet","step":"verify","ok":true}
{"t":"2026-09-10T12:51:48.216Z","path":"/articles/automotive-ic-design","step":"verify","ok":true}
{"t":"2026-09-10T12:51:51.591Z","path":"/articles/automotive-nvm-ip-accelerating-design-schedules","step":"verify","ok":true}
{"t":"2026-09-10T12:51:53.613Z","path":"/articles/automotive-puf-unclonable-silicon-identity","step":"verify","ok":true}
{"t":"2026-09-10T12:51:53.621Z","path":"/articles/automotive-safety","step":"verify","ok":true}
{"t":"2026-09-10T12:51:55.396Z","path":"/articles/automotive-security-pcie-ip-solutions","step":"verify","ok":true}
{"t":"2026-09-10T12:51:58.067Z","path":"/articles/automotive-soc-design-platform","step":"verify","ok":true}
{"t":"2026-09-10T12:51:59.735Z","path":"/articles/balancing-security-requirements","step":"verify","ok":true}
{"t":"2026-09-10T12:51:59.907Z","path":"/articles/benefits-800g-ethernet-implementation","step":"verify","ok":true}
{"t":"2026-09-10T12:52:01.601Z","path":"/articles/best-112g-serdes-ip-performance","step":"verify","ok":true}
{"t":"2026-09-10T12:52:04.203Z","path":"/articles/bluetooth-5-ready-ip-iot-soc-integration","step":"verify","ok":true}
{"t":"2026-09-10T12:52:06.260Z","path":"/articles/catching-clock-integrity-jitter-issues","step":"verify","ok":true}
{"t":"2026-09-10T12:52:08.230Z","path":"/articles/building-efficient-deep-learning","step":"verify","ok":true}
{"t":"2026-09-10T12:52:10.003Z","path":"/articles/challenges-of-usb-3-1-ip-certification","step":"verify","ok":true}
{"t":"2026-09-10T12:52:10.307Z","path":"/articles/challenges-of-moving-to-32gts-pcie-designs","step":"verify","ok":true}
{"t":"2026-09-10T12:52:12.332Z","path":"/articles/choosing-embedded-processor","step":"verify","ok":true}
{"t":"2026-09-10T12:52:14.219Z","path":"/articles/cmos-image-sensor-otp-nvm","step":"verify","ok":true}
{"t":"2026-09-10T12:52:15.709Z","path":"/articles/competitive-advantage-sram-puf","step":"verify","ok":true}
{"t":"2026-09-10T12:52:15.998Z","path":"/articles/complete-die-to-die-ip-solution","step":"verify","ok":true}
{"t":"2026-09-10T12:52:19.036Z","path":"/articles/compute-express-link-standard","step":"verify","ok":true}
{"t":"2026-09-10T12:52:20.755Z","path":"/articles/computer-vision-lab-life","step":"verify","ok":true}
{"t":"2026-09-10T12:52:21.975Z","path":"/articles/configuring-ddr-subsystems","step":"verify","ok":true}
{"t":"2026-09-10T12:52:22.323Z","path":"/articles/considerations-chiplet-designs","step":"verify","ok":true}
{"t":"2026-09-10T12:52:25.083Z","path":"/articles/content-protection","step":"verify","ok":true}
{"t":"2026-09-10T12:52:27.076Z","path":"/articles/converging-cloud-computing-infrastucture","step":"verify","ok":true}
{"t":"2026-09-10T12:52:27.381Z","path":"/articles/converting-existing-designs-usb-c","step":"verify","ok":true}
{"t":"2026-09-10T12:52:28.496Z","path":"/articles/cxl-applications","step":"verify","ok":true}
{"t":"2026-09-10T12:52:32.736Z","path":"/articles/cxl-in-memory-solutions","step":"verify","ok":true}
{"t":"2026-09-10T12:52:32.775Z","path":"/articles/data-centers-driving-ethernet-interconnects","step":"verify","ok":true}
{"t":"2026-09-10T12:52:33.061Z","path":"/articles/cxl2-3-storage-memory-applications","step":"verify","ok":true}
{"t":"2026-09-10T12:52:34.180Z","path":"/articles/data-conv-ip-auto-func-safety-socs","step":"verify","ok":true}
{"t":"2026-09-10T12:52:38.664Z","path":"/articles/ddr-hardening-demystified","step":"verify","ok":true}
{"t":"2026-09-10T12:52:38.721Z","path":"/articles/data-fusion-ip-iot-accelerating-application-development","step":"verify","ok":true}
{"t":"2026-09-10T12:52:39.030Z","path":"/articles/ddr4-bank-groups","step":"verify","ok":true}
{"t":"2026-09-10T12:52:39.533Z","path":"/articles/ddr5-features","step":"verify","ok":true}
{"t":"2026-09-10T12:52:44.774Z","path":"/articles/demystifying-40-interfaces","step":"verify","ok":true}
{"t":"2026-09-10T12:52:45.377Z","path":"/articles/design-challenges-of-clock-integrity-and-clock-jitter","step":"verify","ok":true}
{"t":"2026-09-10T12:52:45.673Z","path":"/articles/deep-learning-adas-applications","step":"verify","ok":true}
{"t":"2026-09-10T12:52:46.248Z","path":"/articles/design-considerations","step":"verify","ok":true}
{"t":"2026-09-10T12:52:51.167Z","path":"/articles/design-precision","step":"verify","ok":true}
{"t":"2026-09-10T12:52:52.308Z","path":"/articles/designing-processors","step":"verify","ok":true}
{"t":"2026-09-10T12:52:54.213Z","path":"/articles/designing-effective-use-pcie6-bandwidth","step":"verify","ok":true}
{"t":"2026-09-10T12:52:54.577Z","path":"/articles/design-verification-environment","step":"verify","ok":true}
{"t":"2026-09-10T12:52:57.155Z","path":"/articles/designware-hybrid-ip","step":"verify","ok":true}
{"t":"2026-09-10T12:52:58.593Z","path":"/articles/designware-libraries","step":"verify","ok":true}
{"t":"2026-09-10T12:53:00.316Z","path":"/articles/direct-drive-electro-optical","step":"verify","ok":true}
{"t":"2026-09-10T12:53:01.441Z","path":"/articles/easing-smart-automotive-design-and-certification","step":"verify","ok":true}
{"t":"2026-09-10T12:53:03.473Z","path":"/articles/ecc-memory-error-correction","step":"verify","ok":true}
{"t":"2026-09-10T12:53:05.188Z","path":"/articles/edge-ai-near-threshold-foundation-ip","step":"verify","ok":true}
{"t":"2026-09-10T12:53:06.327Z","path":"/articles/embedded-challenges-superscalar","step":"verify","ok":true}
{"t":"2026-09-10T12:53:06.906Z","path":"/articles/embedded-design-prototyping","step":"verify","ok":true}
{"t":"2026-09-10T12:53:09.356Z","path":"/articles/embedded-linux-system","step":"verify","ok":true}
{"t":"2026-09-10T12:53:12.219Z","path":"/articles/embedded-memory-test","step":"verify","ok":true}
{"t":"2026-09-10T12:53:12.506Z","path":"/articles/embedding-artificial-intelligence-into-our-lives","step":"verify","ok":true}
{"t":"2026-09-10T12:53:12.796Z","path":"/articles/embedding-vision","step":"verify","ok":true}
{"t":"2026-09-10T12:53:16.149Z","path":"/articles/emerging-applications-cxl","step":"verify","ok":true}
{"t":"2026-09-10T12:53:17.610Z","path":"/articles/emmc-and-ufs-inline-encryption","step":"verify","ok":true}
{"t":"2026-09-10T12:53:18.247Z","path":"/articles/emram-low-power-advanced-nodes","step":"verify","ok":true}
{"t":"2026-09-10T12:53:21.010Z","path":"/articles/enabling-cars","step":"verify","ok":true}
{"t":"2026-09-10T12:53:22.123Z","path":"/articles/ensuring-security-processor-socs","step":"verify","ok":true}
{"t":"2026-09-10T12:53:23.081Z","path":"/articles/estimating-power-early-ai-vision","step":"verify","ok":true}
{"t":"2026-09-10T12:53:26.199Z","path":"/articles/ether-time-sens-net-for-auto-adas-socs","step":"verify","ok":true}
{"t":"2026-09-10T12:53:26.919Z","path":"/articles/ethernet-qos-v40","step":"verify","ok":true}
{"t":"2026-09-10T12:53:27.812Z","path":"/articles/ethernet-security-macsec","step":"verify","ok":true}
{"t":"2026-09-10T12:53:28.780Z","path":"/articles/ethernet-standards-scale-up-ai","step":"verify","ok":true}
{"t":"2026-09-10T12:53:31.843Z","path":"/articles/eusb2v2-interoperability-fpga-prototyping","step":"verify","ok":true}
{"t":"2026-09-10T12:53:32.683Z","path":"/articles/ev-facial-expression","step":"verify","ok":true}
{"t":"2026-09-10T12:53:33.670Z","path":"/articles/face-recognition-detection-arc-ev","step":"verify","ok":true}
{"t":"2026-09-10T12:53:35.371Z","path":"/articles/faster-iteration","step":"verify","ok":true}
{"t":"2026-09-10T12:53:37.306Z","path":"/articles/finfet-design","step":"verify","ok":true}
{"t":"2026-09-10T12:53:38.070Z","path":"/articles/finfet-process","step":"verify","ok":true}
{"t":"2026-09-10T12:53:39.209Z","path":"/articles/firmware-based-training-ddr-ip","step":"verify","ok":true}
{"t":"2026-09-10T12:53:40.693Z","path":"/articles/flexible-connectivity","step":"verify","ok":true}
{"t":"2026-09-10T12:53:43.160Z","path":"/articles/flexible-processing","step":"verify","ok":true}
{"t":"2026-09-10T12:53:43.896Z","path":"/articles/foundation-ip-low-power-ai","step":"verify","ok":true}
{"t":"2026-09-10T12:53:45.177Z","path":"/articles/foundation-ip-optimized-ppa","step":"verify","ok":true}
{"t":"2026-09-10T12:53:46.381Z","path":"/articles/functional-safety-quality-automotive","step":"verify","ok":true}
{"t":"2026-09-10T12:53:48.493Z","path":"/articles/future-nvm-memories","step":"verify","ok":true}
{"t":"2026-09-10T12:53:49.357Z","path":"/articles/guaranteed-isochronous-traffic-usb31","step":"verify","ok":true}
{"t":"2026-09-10T12:53:50.497Z","path":"/articles/guidelines-for-integration","step":"verify","ok":true}
{"t":"2026-09-10T12:53:52.514Z","path":"/articles/hardware-aware-training-keyword-spotting","step":"verify","ok":true}
{"t":"2026-09-10T12:53:54.866Z","path":"/articles/hardware-mathematics-for-ai","step":"verify","ok":true}
{"t":"2026-09-10T12:53:55.059Z","path":"/articles/have-linux-your-way-yocto","step":"verify","ok":true}
{"t":"2026-09-10T12:53:55.669Z","path":"/articles/hbm3-ip-dwtb","step":"verify","ok":true}
{"t":"2026-09-10T12:53:57.991Z","path":"/articles/hdmi-and-mhl","step":"verify","ok":true}
{"t":"2026-09-10T12:54:01.060Z","path":"/articles/hdmi-fast-switching","step":"verify","ok":true}
{"t":"2026-09-10T12:54:01.234Z","path":"/articles/hdmi21-for-immersive-consumer-experience","step":"verify","ok":true}
{"t":"2026-09-10T12:54:01.685Z","path":"/articles/high-accuracy-computer-vision-isps-vision-processors","step":"verify","ok":true}
{"t":"2026-09-10T12:54:04.061Z","path":"/articles/high-bandwidth-interconnects-224g-phy-ip","step":"verify","ok":true}
{"t":"2026-09-10T12:54:06.518Z","path":"/articles/high-bandwidth-memory-encryption-security","step":"verify","ok":true}
{"t":"2026-09-10T12:54:07.113Z","path":"/articles/high-performance-dsp-for-5g","step":"verify","ok":true}
{"t":"2026-09-10T12:54:07.656Z","path":"/articles/high-res-displays-hdcp","step":"verify","ok":true}
{"t":"2026-09-10T12:54:09.830Z","path":"/articles/high-speed-test-io","step":"verify","ok":true}
{"t":"2026-09-10T12:54:12.380Z","path":"/articles/how-ai-edge-computing-drives-5g-iot","step":"verify","ok":true}
{"t":"2026-09-10T12:54:13.493Z","path":"/articles/impact-of-100g-ethernet-on-edge-computing","step":"verify","ok":true}
{"t":"2026-09-10T12:54:13.549Z","path":"/articles/implementing-high-performance-deep-learning","step":"verify","ok":true}
{"t":"2026-09-10T12:54:15.849Z","path":"/articles/implementing-large-numbers","step":"verify","ok":true}
{"t":"2026-09-10T12:54:17.912Z","path":"/articles/implementing-mipi-camera","step":"verify","ok":true}
{"t":"2026-09-10T12:54:20.162Z","path":"/articles/improving-quality-of-service-amba","step":"verify","ok":true}
{"t":"2026-09-10T12:54:20.169Z","path":"/articles/implementing-usb-type-c","step":"verify","ok":true}
{"t":"2026-09-10T12:54:21.295Z","path":"/articles/in-chip-sensor-pvt","step":"verify","ok":true}
{"t":"2026-09-10T12:54:23.802Z","path":"/articles/in-memory-computing-ai","step":"verify","ok":true}
{"t":"2026-09-10T12:54:25.695Z","path":"/articles/integrated-400g-800g-ethernet-ip","step":"verify","ok":true}
{"t":"2026-09-10T12:54:25.810Z","path":"/articles/integrated-adas-domain-controller-26262","step":"verify","ok":true}
{"t":"2026-09-10T12:54:27.882Z","path":"/articles/integrated-ip-mipi-camera-display","step":"verify","ok":true}
{"t":"2026-09-10T12:54:29.673Z","path":"/articles/interface-ip-avoid-cloud-jams","step":"verify","ok":true}
{"t":"2026-09-10T12:54:31.140Z","path":"/articles/introduction-ccix","step":"verify","ok":true}
{"t":"2026-09-10T12:54:31.907Z","path":"/articles/introduction-to-tcam","step":"verify","ok":true}
{"t":"2026-09-10T12:54:34.055Z","path":"/articles/iot-connectivity-low-power-solution","step":"verify","ok":true}
{"t":"2026-09-10T12:54:36.061Z","path":"/articles/ip-die-to-die-connectivity","step":"verify","ok":true}
{"t":"2026-09-10T12:54:37.293Z","path":"/articles/ip-integration","step":"verify","ok":true}
{"t":"2026-09-10T12:54:37.914Z","path":"/articles/ip-interfaces-reduce-hpc-latency","step":"verify","ok":true}
{"t":"2026-09-10T12:54:39.584Z","path":"/articles/iso-26262-compliance-adas-socs","step":"verify","ok":true}
{"t":"2026-09-10T12:54:42.022Z","path":"/articles/iso-sae-21434-automotive-cybersecurity","step":"verify","ok":true}
{"t":"2026-09-10T12:54:43.071Z","path":"/articles/key-features-about-lpddr5","step":"verify","ok":true}
{"t":"2026-09-10T12:54:43.875Z","path":"/articles/kgd-ucie-ip-article","step":"verify","ok":true}
{"t":"2026-09-10T12:54:45.434Z","path":"/articles/logic-library-capabilities","step":"verify","ok":true}
{"t":"2026-09-10T12:54:48.003Z","path":"/articles/low-power-mobile-storage","step":"verify","ok":true}
{"t":"2026-09-10T12:54:48.843Z","path":"/articles/low-power-processor-solutions","step":"verify","ok":true}
{"t":"2026-09-10T12:54:49.807Z","path":"/articles/lpddr4","step":"verify","ok":true}
{"t":"2026-09-10T12:54:51.640Z","path":"/articles/mac-pcs-ethernet","step":"verify","ok":true}
{"t":"2026-09-10T12:54:53.887Z","path":"/articles/maximizing-performance-arc-dsp-plugin-ashling","step":"verify","ok":true}
{"t":"2026-09-10T12:54:54.309Z","path":"/articles/meeting-automotive-functional-safety-gpio","step":"verify","ok":true}
{"t":"2026-09-10T12:54:55.282Z","path":"/articles/memory-architectures-ai-socs","step":"verify","ok":true}
{"t":"2026-09-10T12:54:57.398Z","path":"/articles/memory-options","step":"verify","ok":true}
{"t":"2026-09-10T12:54:59.572Z","path":"/articles/mhl-vs-miracast","step":"verify","ok":true}
{"t":"2026-09-10T12:54:59.766Z","path":"/articles/mhl-protocol","step":"verify","ok":true}
{"t":"2026-09-10T12:55:01.588Z","path":"/articles/minimizing-auto-vulnerabilities","step":"verify","ok":true}
{"t":"2026-09-10T12:55:03.116Z","path":"/articles/modeling-integration-112g-phy-ip","step":"verify","ok":true}
{"t":"2026-09-10T12:55:04.907Z","path":"/articles/monitor-test-repair-slm","step":"verify","ok":true}
{"t":"2026-09-10T12:55:05.646Z","path":"/articles/modern-prototyping-systems","step":"verify","ok":true}
{"t":"2026-09-10T12:55:07.043Z","path":"/articles/multi-chip-design-technical-article","step":"verify","ok":true}
{"t":"2026-09-10T12:55:08.526Z","path":"/articles/multi-die-design-3d-ip","step":"verify","ok":true}
{"t":"2026-09-10T12:55:10.477Z","path":"/articles/next-gen-npus-physical-ai","step":"verify","ok":true}
{"t":"2026-09-10T12:55:12.312Z","path":"/articles/non-volatile-memory","step":"verify","ok":true}
{"t":"2026-09-10T12:55:12.413Z","path":"/articles/noc-interconnects-ucie-ip","step":"verify","ok":true}
{"t":"2026-09-10T12:55:13.964Z","path":"/articles/nvm-ip-pmics","step":"verify","ok":true}
{"t":"2026-09-10T12:55:16.749Z","path":"/articles/optimal-ppa-16ff","step":"verify","ok":true}
{"t":"2026-09-10T12:55:18.275Z","path":"/articles/optimized-memory-cpu-gpu-dsp","step":"verify","ok":true}
{"t":"2026-09-10T12:55:18.439Z","path":"/articles/optimizing-high-end-designs","step":"verify","ok":true}
{"t":"2026-09-10T12:55:19.892Z","path":"/articles/optimizing-vision-applications-openvx-visualization","step":"verify","ok":true}
{"t":"2026-09-10T12:55:22.880Z","path":"/articles/optimizing","step":"verify","ok":true}
{"t":"2026-09-10T12:55:23.653Z","path":"/articles/overcoming-design-challengse-vesa-dsc-ip","step":"verify","ok":true}
{"t":"2026-09-10T12:55:24.498Z","path":"/articles/pam3-technology-implementation-usb4-v2","step":"verify","ok":true}
{"t":"2026-09-10T12:55:25.614Z","path":"/articles/pam4-400g-ethernet","step":"verify","ok":true}
{"t":"2026-09-10T12:55:28.755Z","path":"/articles/pci-design-challenges","step":"verify","ok":true}
{"t":"2026-09-10T12:55:28.924Z","path":"/articles/parallel-based-phy-for-die2die","step":"verify","ok":true}
{"t":"2026-09-10T12:55:30.312Z","path":"/articles/pci-express-4-lane-margining","step":"verify","ok":true}
{"t":"2026-09-10T12:55:30.974Z","path":"/articles/pci-express","step":"verify","ok":true}
{"t":"2026-09-10T12:55:34.297Z","path":"/articles/pcie-6-designs","step":"verify","ok":true}
{"t":"2026-09-10T12:55:35.310Z","path":"/articles/pcie-6-hpc-socs","step":"verify","ok":true}
{"t":"2026-09-10T12:55:36.088Z","path":"/articles/pcie-7-design-ai-bandwidth","step":"verify","ok":true}
{"t":"2026-09-10T12:55:36.822Z","path":"/articles/pcie-automotive-application","step":"verify","ok":true}
{"t":"2026-09-10T12:55:40.341Z","path":"/articles/pcie-cxl-chip-to-chip-ai-scaling","step":"verify","ok":true}
{"t":"2026-09-10T12:55:41.268Z","path":"/articles/pcie-over-optics","step":"verify","ok":true}
{"t":"2026-09-10T12:55:42.430Z","path":"/articles/pcie-u2-u3-data-centers","step":"verify","ok":true}
{"t":"2026-09-10T12:55:42.583Z","path":"/articles/pcie3-bandwidth-considerations","step":"verify","ok":true}
{"t":"2026-09-10T12:55:46.674Z","path":"/articles/pcie5-edge-soc-designs","step":"verify","ok":true}
{"t":"2026-09-10T12:55:47.525Z","path":"/articles/performance-coding-advantages","step":"verify","ok":true}
{"t":"2026-09-10T12:55:48.062Z","path":"/articles/processor-configurations","step":"verify","ok":true}
{"t":"2026-09-10T12:55:48.191Z","path":"/articles/power-gating","step":"verify","ok":true}
{"t":"2026-09-10T12:55:52.734Z","path":"/articles/processor-safety-adas-automotive-systems","step":"verify","ok":true}
{"t":"2026-09-10T12:55:53.124Z","path":"/articles/protecting-against-side-channel","step":"verify","ok":true}
{"t":"2026-09-10T12:55:54.341Z","path":"/articles/prototyping-your-system","step":"verify","ok":true}
{"t":"2026-09-10T12:55:55.011Z","path":"/articles/pvt-monitoring-ip-gaa-process","step":"verify","ok":true}
{"t":"2026-09-10T12:55:58.636Z","path":"/articles/reach-your-targets","step":"verify","ok":true}
{"t":"2026-09-10T12:55:59.375Z","path":"/articles/ras-data-protection","step":"verify","ok":true}
{"t":"2026-09-10T12:55:59.826Z","path":"/articles/reduce-power-consumption","step":"verify","ok":true}
{"t":"2026-09-10T12:56:00.259Z","path":"/articles/reliable-secure-otp-ip","step":"verify","ok":true}
{"t":"2026-09-10T12:56:05.541Z","path":"/articles/secure-connectivity-integrated-sim-isim","step":"verify","ok":true}
{"t":"2026-09-10T12:56:05.598Z","path":"/articles/secure-high-speed-interfaces","step":"verify","ok":true}
{"t":"2026-09-10T12:56:05.849Z","path":"/articles/risc-processors","step":"verify","ok":true}
{"t":"2026-09-10T12:56:06.262Z","path":"/articles/secure-iot-system","step":"verify","ok":true}
{"t":"2026-09-10T12:56:11.374Z","path":"/articles/securing-camera-data-mipi-cse2","step":"verify","ok":true}
{"t":"2026-09-10T12:56:11.653Z","path":"/articles/securing-high-value-targets","step":"verify","ok":true}
{"t":"2026-09-10T12:56:11.907Z","path":"/articles/secure-storage-solution-otp-ip","step":"verify","ok":true}
{"t":"2026-09-10T12:56:12.202Z","path":"/articles/securing-ualink-security-module","step":"verify","ok":true}
{"t":"2026-09-10T12:56:17.369Z","path":"/articles/selecting-standard-ip","step":"verify","ok":true}
{"t":"2026-09-10T12:56:17.510Z","path":"/articles/security-ide-ip","step":"verify","ok":true}
{"t":"2026-09-10T12:56:17.818Z","path":"/articles/sima-machine-learning-embedded-edge","step":"verify","ok":true}
{"t":"2026-09-10T12:56:18.193Z","path":"/articles/serdes-design-trends-angstrom-era","step":"verify","ok":true}
{"t":"2026-09-10T12:56:23.414Z","path":"/articles/sima-synopsys-multi-die-adas-ivi-solutions","step":"verify","ok":true}
{"t":"2026-09-10T12:56:23.634Z","path":"/articles/slm-pvt-monitoring-advanced-node-gaa","step":"verify","ok":true}
{"t":"2026-09-10T12:56:24.026Z","path":"/articles/software-image-signal-processor","step":"verify","ok":true}
{"t":"2026-09-10T12:56:24.156Z","path":"/articles/software-for-cameras","step":"verify","ok":true}
{"t":"2026-09-10T12:56:29.212Z","path":"/articles/solving-clock-signal-integrity-and-jitter-issues","step":"verify","ok":true}
{"t":"2026-09-10T12:56:29.245Z","path":"/articles/sta-strategies-multi-billion-instance-designs","step":"verify","ok":true}
{"t":"2026-09-10T12:56:30.023Z","path":"/articles/solid-foundation-ai-powered-socs","step":"verify","ok":true}
{"t":"2026-09-10T12:56:30.354Z","path":"/articles/sram-puf-secure-silicon-fingerprint","step":"verify","ok":true}
{"t":"2026-09-10T12:56:35.626Z","path":"/articles/synopsys-and-arm-display-ip","step":"verify","ok":true}
{"t":"2026-09-10T12:56:35.786Z","path":"/articles/super-resolution-with-arc-ev","step":"verify","ok":true}
{"t":"2026-09-10T12:56:36.133Z","path":"/articles/tee-device-interface-secure-protocol","step":"verify","ok":true}
{"t":"2026-09-10T12:56:36.292Z","path":"/articles/techniques-for-improving-qor","step":"verify","ok":true}
{"t":"2026-09-10T12:56:41.206Z","path":"/articles/test-die-to-die-phy","step":"verify","ok":true}
{"t":"2026-09-10T12:56:41.587Z","path":"/articles/the-dna-of-an-ai-soc","step":"verify","ok":true}
{"t":"2026-09-10T12:56:43.294Z","path":"/articles/the-next-frontier","step":"verify","ok":true}
{"t":"2026-09-10T12:56:43.845Z","path":"/articles/terabit-ethernet-macsec-security","step":"verify","ok":true}
{"t":"2026-09-10T12:56:47.016Z","path":"/articles/top-5-features","step":"verify","ok":true}
{"t":"2026-09-10T12:56:47.292Z","path":"/articles/training-self-driving-cars-video-games","step":"verify","ok":true}
{"t":"2026-09-10T12:56:48.898Z","path":"/articles/true-random-number-generator-security","step":"verify","ok":true}
{"t":"2026-09-10T12:56:48.936Z","path":"/articles/transitioning","step":"verify","ok":true}
{"t":"2026-09-10T12:56:53.083Z","path":"/articles/ucie-memory-ai-hpc-use-cases","step":"verify","ok":true}
{"t":"2026-09-10T12:56:53.289Z","path":"/articles/ucie-3-0-64gbps-challenges","step":"verify","ok":true}
{"t":"2026-09-10T12:56:54.861Z","path":"/articles/ulsee-designing-neural-network","step":"verify","ok":true}
{"t":"2026-09-10T12:56:55.014Z","path":"/articles/ucie-multi-die-socs","step":"verify","ok":true}
{"t":"2026-09-10T12:56:58.635Z","path":"/articles/understanding-hardware-roots-of-trust","step":"verify","ok":true}
{"t":"2026-09-10T12:56:58.680Z","path":"/articles/ultra-ethernet-ualink-ai-networks","step":"verify","ok":true}
{"t":"2026-09-10T12:57:00.681Z","path":"/articles/understanding-power-profile","step":"verify","ok":true}
{"t":"2026-09-10T12:57:01.010Z","path":"/articles/understanding-peripherals","step":"verify","ok":true}
{"t":"2026-09-10T12:57:04.041Z","path":"/articles/understanding-the-mipi","step":"verify","ok":true}
{"t":"2026-09-10T12:57:04.593Z","path":"/articles/understanding-sdram-standards","step":"verify","ok":true}
{"t":"2026-09-10T12:57:06.092Z","path":"/articles/understanding-usb4-soc-design-upgrades","step":"verify","ok":true}
{"t":"2026-09-10T12:57:06.616Z","path":"/articles/understanding-usb3-1-terminology","step":"verify","ok":true}
{"t":"2026-09-10T12:57:09.586Z","path":"/articles/usb-3-1-host-ip-certification-guide","step":"verify","ok":true}
{"t":"2026-09-10T12:57:10.032Z","path":"/articles/usb-30-superspeed-rises","step":"verify","ok":true}
{"t":"2026-09-10T12:57:11.883Z","path":"/articles/usb-ip-finfet","step":"verify","ok":true}
{"t":"2026-09-10T12:57:14.817Z","path":"/articles/usb-audio","step":"verify","ok":true}
{"t":"2026-09-10T12:57:15.423Z","path":"/articles/usb-type-c","step":"verify","ok":true}
{"t":"2026-09-10T12:57:16.070Z","path":"/articles/usb31-protocol-layer-changes","step":"verify","ok":true}
{"t":"2026-09-10T12:57:17.338Z","path":"/articles/usb4-80gbps-ecosystem","step":"verify","ok":true}
{"t":"2026-09-10T12:57:21.373Z","path":"/articles/using-foundation-ip","step":"verify","ok":true}
{"t":"2026-09-10T12:57:22.175Z","path":"/articles/using-threat-models","step":"verify","ok":true}
{"t":"2026-09-10T12:57:22.939Z","path":"/articles/using-ai-harness-data-explosion","step":"verify","ok":true}
{"t":"2026-09-10T12:57:23.590Z","path":"/articles/vdk-fast-track","step":"verify","ok":true}
{"t":"2026-09-10T12:57:26.865Z","path":"/articles/verifying-arm-amba5","step":"verify","ok":true}
{"t":"2026-09-10T12:57:27.733Z","path":"/articles/virtual-prototyping-interface-ip","step":"verify","ok":true}
{"t":"2026-09-10T12:57:28.430Z","path":"/articles/visually-lossless-compression-for-uhd-displays","step":"verify","ok":true}
{"t":"2026-09-10T12:57:29.318Z","path":"/articles/when-compute-outruns-io-interface-ip-ai-scaling","step":"verify","ok":true}
{"t":"2026-09-10T12:57:33.051Z","path":"/articles/why-ai-needs-security","step":"verify","ok":true}
{"t":"2026-09-10T12:57:33.741Z","path":"/articles/wired-ethernet-speeds","step":"verify","ok":true}
{"t":"2026-09-10T12:57:33.825Z","path":"/authors/aart-de-geus","step":"verify","ok":true}
{"t":"2026-09-10T12:57:35.933Z","path":"/authors/abhijeet-chakraborty","step":"verify","ok":true}
{"t":"2026-09-10T12:57:38.551Z","path":"/authors/abhinav-kothiala","step":"verify","ok":true}
{"t":"2026-09-10T12:57:39.248Z","path":"/authors/achim-nohl","step":"verify","ok":true}
{"t":"2026-09-10T12:57:41.357Z","path":"/authors/adam-cron","step":"verify","ok":true}
{"t":"2026-09-10T12:57:41.470Z","path":"/authors/aditi-sharma","step":"verify","ok":true}
{"t":"2026-09-10T12:57:43.891Z","path":"/authors/adrian-ng","step":"verify","ok":true}
{"t":"2026-09-10T12:57:44.852Z","path":"/authors/ahmed-ramadan","step":"verify","ok":true}
{"t":"2026-09-10T12:57:46.941Z","path":"/authors/ajay-daga","step":"verify","ok":true}
{"t":"2026-09-10T12:57:49.721Z","path":"/authors/al-blais","step":"verify","ok":true}
{"t":"2026-09-10T12:57:50.341Z","path":"/authors/akanksha-soni","step":"verify","ok":true}
{"t":"2026-09-10T12:57:50.552Z","path":"/authors/alan-courtay","step":"verify","ok":true}
{"t":"2026-09-10T12:57:54.831Z","path":"/authors/alec-vogt","step":"verify","ok":true}
{"t":"2026-09-10T12:57:55.903Z","path":"/authors/alex-wakefield","step":"verify","ok":true}
{"t":"2026-09-10T12:57:56.104Z","path":"/authors/alexey-smirnov","step":"verify","ok":true}
{"t":"2026-09-10T12:57:57.188Z","path":"/authors/alessandra-nardi","step":"verify","ok":true}
{"t":"2026-09-10T12:58:00.075Z","path":"/authors/alfred-koelbl","step":"verify","ok":true}
{"t":"2026-09-10T12:58:00.707Z","path":"/authors/amitkumar-gound","step":"verify","ok":true}
{"t":"2026-09-10T12:58:01.118Z","path":"/authors/almitra-pradhan","step":"verify","ok":true}
{"t":"2026-09-10T12:58:02.507Z","path":"/authors/amlendu-shekhar-choubey","step":"verify","ok":true}
{"t":"2026-09-10T12:58:05.471Z","path":"/authors/anand-thiruvengadam","step":"verify","ok":true}
{"t":"2026-09-10T12:58:05.831Z","path":"/authors/anders-blom","step":"verify","ok":true}
{"t":"2026-09-10T12:58:06.830Z","path":"/authors/andreas-ropers","step":"verify","ok":true}
{"t":"2026-09-10T12:58:08.309Z","path":"/authors/andrew-appleby","step":"verify","ok":true}
{"t":"2026-09-10T12:58:10.915Z","path":"/authors/andy-jolley","step":"verify","ok":true}
{"t":"2026-09-10T12:58:11.168Z","path":"/authors/andrew-elias","step":"verify","ok":true}
{"t":"2026-09-10T12:58:12.218Z","path":"/authors/andy-tai","step":"verify","ok":true}
{"t":"2026-09-10T12:58:14.139Z","path":"/authors/anil-kumar-gurugubelli","step":"verify","ok":true}
{"t":"2026-09-10T12:58:16.098Z","path":"/authors/anmol-gupta","step":"verify","ok":true}
{"t":"2026-09-10T12:58:16.384Z","path":"/authors/anjaneya-thakar","step":"verify","ok":true}
{"t":"2026-09-10T12:58:17.140Z","path":"/authors/ann-keffer","step":"verify","ok":true}
{"t":"2026-09-10T12:58:19.107Z","path":"/authors/anshul-chawla","step":"verify","ok":true}
{"t":"2026-09-10T12:58:21.258Z","path":"/authors/anthony-matarazzo","step":"verify","ok":true}
{"t":"2026-09-10T12:58:21.491Z","path":"/authors/antonio-costa","step":"verify","ok":true}
{"t":"2026-09-10T12:58:22.139Z","path":"/authors/antonio-varas","step":"verify","ok":true}
{"t":"2026-09-10T12:58:24.391Z","path":"/authors/anuj-pant","step":"verify","ok":true}
{"t":"2026-09-10T12:58:26.199Z","path":"/authors/anupama-shojaei","step":"verify","ok":true}
{"t":"2026-09-10T12:58:26.864Z","path":"/authors/aparna-tarde","step":"verify","ok":true}
{"t":"2026-09-10T12:58:27.223Z","path":"/authors/archana-varanasi","step":"verify","ok":true}
{"t":"2026-09-10T12:58:29.381Z","path":"/authors/arturo-salz","step":"verify","ok":true}
{"t":"2026-09-10T12:58:31.573Z","path":"/authors/arun-bhattacharya","step":"verify","ok":true}
{"t":"2026-09-10T12:58:31.855Z","path":"/authors/arun-venkatachar","step":"verify","ok":true}
{"t":"2026-09-10T12:58:32.366Z","path":"/authors/arvind-narayanan","step":"verify","ok":true}
{"t":"2026-09-10T12:58:34.651Z","path":"/authors/ash-patel","step":"verify","ok":true}
{"t":"2026-09-10T12:58:36.496Z","path":"/authors/ashutosh-varma","step":"verify","ok":true}
{"t":"2026-09-10T12:58:37.414Z","path":"/authors/asutosh-mishra","step":"verify","ok":true}
{"t":"2026-09-10T12:58:37.780Z","path":"/authors/atul-walimbe","step":"verify","ok":true}
{"t":"2026-09-10T12:58:39.460Z","path":"/authors/avanish-singh","step":"verify","ok":true}
{"t":"2026-09-10T12:58:42.248Z","path":"/authors/avinash-palepu","step":"verify","ok":true}
{"t":"2026-09-10T12:58:42.746Z","path":"/authors/ayush-goyal","step":"verify","ok":true}
{"t":"2026-09-10T12:58:43.228Z","path":"/authors/barbara-donaldson","step":"verify","ok":true}
{"t":"2026-09-10T12:58:45.754Z","path":"/authors/bhavana-chaurasia","step":"verify","ok":true}
{"t":"2026-09-10T12:58:47.627Z","path":"/authors/biswanath-tayenjam","step":"verify","ok":true}
{"t":"2026-09-10T12:58:48.000Z","path":"/authors/bobby-zuiss","step":"verify","ok":true}
{"t":"2026-09-10T12:58:48.076Z","path":"/authors/bjoern-hartmann","step":"verify","ok":true}
{"t":"2026-09-10T12:58:51.005Z","path":"/authors/brad-bailey","step":"verify","ok":true}
{"t":"2026-09-10T12:58:52.781Z","path":"/authors/bradley-geden","step":"verify","ok":true}
{"t":"2026-09-10T12:58:53.345Z","path":"/authors/brandon-wang","step":"verify","ok":true}
{"t":"2026-09-10T12:58:53.485Z","path":"/authors/brett-murdock","step":"verify","ok":true}
{"t":"2026-09-10T12:58:56.421Z","path":"/authors/brian-davenport","step":"verify","ok":true}
{"t":"2026-09-10T12:58:58.102Z","path":"/authors/bryan-kelly","step":"verify","ok":true}
{"t":"2026-09-10T12:58:58.918Z","path":"/authors/carlos-basto","step":"verify","ok":true}
{"t":"2026-09-10T12:59:01.809Z","path":"/authors/catherine-le-lan","step":"verify","ok":true}
{"t":"2026-09-10T12:59:02.915Z","path":"/authors/buvanesh-balasubramanian","step":"verify","ok":true}
{"t":"2026-09-10T12:59:04.036Z","path":"/authors/chahinez-hamlaoui","step":"verify","ok":true}
{"t":"2026-09-10T12:59:04.104Z","path":"/authors/charles-dittmer","step":"verify","ok":true}
{"t":"2026-09-10T12:59:07.476Z","path":"/authors/charlie-matar","step":"verify","ok":true}
{"t":"2026-09-10T12:59:08.173Z","path":"/authors/chiragkumar-patel","step":"verify","ok":true}
{"t":"2026-09-10T12:59:09.520Z","path":"/authors/christian-malter","step":"verify","ok":true}
{"t":"2026-09-10T12:59:10.076Z","path":"/authors/chris-clark","step":"verify","ok":true}
{"t":"2026-09-10T12:59:12.591Z","path":"/authors/christoph-kuznik","step":"verify","ok":true}
{"t":"2026-09-10T12:59:13.552Z","path":"/authors/chun-chan","step":"verify","ok":true}
{"t":"2026-09-10T12:59:14.814Z","path":"/authors/chun-soo-kim","step":"verify","ok":true}
{"t":"2026-09-10T12:59:15.406Z","path":"/authors/claris-leung","step":"verify","ok":true}
{"t":"2026-09-10T12:59:18.239Z","path":"/authors/dale-donchin","step":"verify","ok":true}
{"t":"2026-09-10T12:59:19.636Z","path":"/authors/damian-roberts","step":"verify","ok":true}
{"t":"2026-09-10T12:59:20.753Z","path":"/authors/daniel-castello","step":"verify","ok":true}
{"t":"2026-09-10T12:59:21.936Z","path":"/authors/dana-neustadter","step":"verify","ok":true}
{"t":"2026-09-10T12:59:23.298Z","path":"/authors/daniel-koehler","step":"verify","ok":true}
{"t":"2026-09-10T12:59:25.308Z","path":"/authors/daryl-seitzer","step":"verify","ok":true}
{"t":"2026-09-10T12:59:26.677Z","path":"/authors/datsen-davies-tharakan","step":"verify","ok":true}
{"t":"2026-09-10T12:59:27.613Z","path":"/authors/deandre-hoskins","step":"verify","ok":true}
{"t":"2026-09-10T12:59:28.502Z","path":"/authors/debbie-chiu","step":"verify","ok":true}
{"t":"2026-09-10T12:59:30.372Z","path":"/authors/deepak-ahuja","step":"verify","ok":true}
{"t":"2026-09-10T12:59:31.624Z","path":"/authors/deepak-kumar-lnu","step":"verify","ok":true}
{"t":"2026-09-10T12:59:32.461Z","path":"/authors/deepak-nagaria","step":"verify","ok":true}
{"t":"2026-09-10T12:59:33.422Z","path":"/authors/deepak-sherlekar","step":"verify","ok":true}
{"t":"2026-09-10T12:59:35.686Z","path":"/authors/deirdre-hanford","step":"verify","ok":true}
{"t":"2026-09-10T12:59:37.214Z","path":"/authors/dennis-kengo-oka","step":"verify","ok":true}
{"t":"2026-09-10T12:59:37.906Z","path":"/authors/dermott-lynch","step":"verify","ok":true}
{"t":"2026-09-10T12:59:38.667Z","path":"/authors/derya-eker","step":"verify","ok":true}
{"t":"2026-09-10T12:59:41.281Z","path":"/authors/dhruv-garg","step":"verify","ok":true}
{"t":"2026-09-10T12:59:42.446Z","path":"/authors/diego-gonzalez-montes","step":"verify","ok":true}
{"t":"2026-09-10T12:59:43.427Z","path":"/authors/dipanjan-basu","step":"verify","ok":true}
{"t":"2026-09-10T12:59:43.864Z","path":"/authors/diwakar-kumaraswamy","step":"verify","ok":true}
{"t":"2026-09-10T12:59:46.408Z","path":"/authors/dr-antonio-salazar","step":"verify","ok":true}
{"t":"2026-09-10T12:59:48.399Z","path":"/authors/dr-larry-melvin","step":"verify","ok":true}
{"t":"2026-09-10T12:59:48.659Z","path":"/authors/dr-johannes-stahl","step":"verify","ok":true}
{"t":"2026-09-10T12:59:48.708Z","path":"/authors/dr-markus-wedler","step":"verify","ok":true}
{"t":"2026-09-10T12:59:51.968Z","path":"/authors/dustin-todd","step":"verify","ok":true}
{"t":"2026-09-10T12:59:53.728Z","path":"/authors/eldon-nelson","step":"verify","ok":true}
{"t":"2026-09-10T12:59:53.973Z","path":"/authors/eldo-n-baby","step":"verify","ok":true}
{"t":"2026-09-10T12:59:55.056Z","path":"/authors/emily-gerken","step":"verify","ok":true}
{"t":"2026-09-10T12:59:57.038Z","path":"/authors/emmanuel-follin-sr","step":"verify","ok":true}
{"t":"2026-09-10T12:59:59.314Z","path":"/authors/erika-varga-mcenroe","step":"verify","ok":true}
{"t":"2026-09-10T13:00:00.452Z","path":"/authors/eric-huang","step":"verify","ok":true}
{"t":"2026-09-10T13:00:00.458Z","path":"/authors/erin-guzman","step":"verify","ok":true}
{"t":"2026-09-10T13:00:02.370Z","path":"/authors/faisal-goriawalla","step":"verify","ok":true}
{"t":"2026-09-10T13:00:05.388Z","path":"/authors/falco-munsche","step":"verify","ok":true}
{"t":"2026-09-10T13:00:06.432Z","path":"/authors/fergus-casey","step":"verify","ok":true}
{"t":"2026-09-10T13:00:06.881Z","path":"/authors/farzin-rasteh","step":"verify","ok":true}
{"t":"2026-09-10T13:00:08.609Z","path":"/authors/filip-thoen","step":"verify","ok":true}
{"t":"2026-09-10T13:00:11.779Z","path":"/authors/frank-gover","step":"verify","ok":true}
{"t":"2026-09-10T13:00:13.508Z","path":"/authors/frank-schirrmeister","step":"verify","ok":true}
{"t":"2026-09-10T13:00:13.584Z","path":"/authors/frank-malloy","step":"verify","ok":true}
{"t":"2026-09-10T13:00:14.348Z","path":"/authors/gabriele-penazzi","step":"verify","ok":true}
{"t":"2026-09-10T13:00:17.265Z","path":"/authors/gandharv-bhatara","step":"verify","ok":true}
{"t":"2026-09-10T13:00:19.426Z","path":"/authors/gary-rudolph","step":"verify","ok":true}
{"t":"2026-09-10T13:00:20.104Z","path":"/authors/gaurav-kumar","step":"verify","ok":true}
{"t":"2026-09-10T13:00:20.800Z","path":"/authors/gary-ruggles","step":"verify","ok":true}
{"t":"2026-09-10T13:00:22.881Z","path":"/authors/geert-jan-schrijen","step":"verify","ok":true}
{"t":"2026-09-10T13:00:25.025Z","path":"/authors/geetha-rangarajan","step":"verify","ok":true}
{"t":"2026-09-10T13:00:25.917Z","path":"/authors/gerhard-scherer","step":"verify","ok":true}
{"t":"2026-09-10T13:00:26.227Z","path":"/authors/gert-goossens","step":"verify","ok":true}
{"t":"2026-09-10T13:00:28.320Z","path":"/authors/gervais-fong","step":"verify","ok":true}
{"t":"2026-09-10T13:00:32.193Z","path":"/authors/gopinath-lakshmi-narasimhan","step":"verify","ok":true}
{"t":"2026-09-10T13:00:32.290Z","path":"/authors/godwin-maben","step":"verify","ok":true}
{"t":"2026-09-10T13:00:32.393Z","path":"/authors/gnana-kanagaratnam","step":"verify","ok":true}
{"t":"2026-09-10T13:00:35.272Z","path":"/authors/gordon-cooper","step":"verify","ok":true}
{"t":"2026-09-10T13:00:38.004Z","path":"/authors/graham-allan","step":"verify","ok":true}
{"t":"2026-09-10T13:00:38.162Z","path":"/authors/gunjan-kumar-gupta","step":"verify","ok":true}
{"t":"2026-09-10T13:00:39.545Z","path":"/authors/greg-sorber","step":"verify","ok":true}
{"t":"2026-09-10T13:00:41.473Z","path":"/authors/gunnar-braun","step":"verify","ok":true}
{"t":"2026-09-10T13:00:44.771Z","path":"/authors/gustavo-pimentel","step":"verify","ok":true}
{"t":"2026-09-10T13:00:45.682Z","path":"/authors/guy-cortez","step":"verify","ok":true}
{"t":"2026-09-10T13:00:45.980Z","path":"/authors/gurbir-singh","step":"verify","ok":true}
{"t":"2026-09-10T13:00:46.972Z","path":"/authors/hany-elhak","step":"verify","ok":true}
{"t":"2026-09-10T13:00:50.556Z","path":"/authors/harsha-vardhan","step":"verify","ok":true}
{"t":"2026-09-10T13:00:51.417Z","path":"/authors/henry-sheng","step":"verify","ok":true}
{"t":"2026-09-10T13:00:52.135Z","path":"/authors/hezi-saar","step":"verify","ok":true}
{"t":"2026-09-10T13:00:53.066Z","path":"/authors/himanshu-kathuria","step":"verify","ok":true}
{"t":"2026-09-10T13:00:56.781Z","path":"/authors/hiromitsu-fujii","step":"verify","ok":true}
{"t":"2026-09-10T13:00:57.153Z","path":"/authors/holger-keding","step":"verify","ok":true}
{"t":"2026-09-10T13:00:59.002Z","path":"/authors/hugo-neto","step":"verify","ok":true}
{"t":"2026-09-10T13:00:59.265Z","path":"/authors/hoseong-kim","step":"verify","ok":true}
{"t":"2026-09-10T13:01:03.303Z","path":"/authors/ian-land","step":"verify","ok":true}
{"t":"2026-09-10T13:01:05.093Z","path":"/authors/igor-markov","step":"verify","ok":true}
{"t":"2026-09-10T13:01:05.515Z","path":"/authors/ilyat-tolchinsky","step":"verify","ok":true}
{"t":"2026-09-10T13:01:06.332Z","path":"/authors/idan-berko","step":"verify","ok":true}
{"t":"2026-09-10T13:01:09.031Z","path":"/authors/irfan-shaikh","step":"verify","ok":true}
{"t":"2026-09-10T13:01:10.971Z","path":"/authors/isaac-zafrany","step":"verify","ok":true}
{"t":"2026-09-10T13:01:11.050Z","path":"/authors/jacob-avidan","step":"verify","ok":true}
{"t":"2026-09-10T13:01:12.083Z","path":"/authors/james-chuang","step":"verify","ok":true}
{"t":"2026-09-10T13:01:14.410Z","path":"/authors/james-patton","step":"verify","ok":true}
{"t":"2026-09-10T13:01:16.266Z","path":"/authors/jamie-gooch","step":"verify","ok":true}
{"t":"2026-09-10T13:01:17.222Z","path":"/authors/jamil-kawa","step":"verify","ok":true}
{"t":"2026-09-10T13:01:17.338Z","path":"/authors/jason-niatas","step":"verify","ok":true}
{"t":"2026-09-10T13:01:20.201Z","path":"/authors/jay-roy","step":"verify","ok":true}
{"t":"2026-09-10T13:01:21.811Z","path":"/authors/jayraj-nair","step":"verify","ok":true}
{"t":"2026-09-10T13:01:22.601Z","path":"/authors/jennifer-pyon","step":"verify","ok":true}
{"t":"2026-09-10T13:01:23.453Z","path":"/authors/jerome-avezou","step":"verify","ok":true}
{"t":"2026-09-10T13:01:25.757Z","path":"/authors/jerome-toublanc","step":"verify","ok":true}
{"t":"2026-09-10T13:01:27.212Z","path":"/authors/jian-yang","step":"verify","ok":true}
{"t":"2026-09-10T13:01:27.859Z","path":"/authors/jiangtao-meng","step":"verify","ok":true}
{"t":"2026-09-10T13:01:28.946Z","path":"/authors/jigesh-patel","step":"verify","ok":true}
{"t":"2026-09-10T13:01:31.276Z","path":"/authors/jim-schultz","step":"verify","ok":true}
{"t":"2026-09-10T13:01:33.168Z","path":"/authors/jin-zhang","step":"verify","ok":true}
{"t":"2026-09-10T13:01:33.591Z","path":"/authors/jirka-schatz","step":"verify","ok":true}
{"t":"2026-09-10T13:01:34.819Z","path":"/authors/joao-lucas","step":"verify","ok":true}
{"t":"2026-09-10T13:01:37.124Z","path":"/authors/joep-boonstra","step":"verify","ok":true}
{"t":"2026-09-10T13:01:38.991Z","path":"/authors/john-alwyn","step":"verify","ok":true}
{"t":"2026-09-10T13:01:39.637Z","path":"/authors/john-koeter","step":"verify","ok":true}
{"t":"2026-09-10T13:01:40.854Z","path":"/authors/john-moors","step":"verify","ok":true}
{"t":"2026-09-10T13:01:44.230Z","path":"/authors/john-swanson","step":"verify","ok":true}
{"t":"2026-09-10T13:01:44.503Z","path":"/authors/john-wilkosz","step":"verify","ok":true}
{"t":"2026-09-10T13:01:45.803Z","path":"/authors/jon-ames","step":"verify","ok":true}
{"t":"2026-09-10T13:01:46.478Z","path":"/authors/jon-colburn","step":"verify","ok":true}
{"t":"2026-09-10T13:01:50.430Z","path":"/authors/jyotika-athavale","step":"verify","ok":true}
{"t":"2026-09-10T13:01:50.750Z","path":"/authors/josefina-hobbs","step":"verify","ok":true}
{"t":"2026-09-10T13:01:51.141Z","path":"/authors/kai-wang","step":"verify","ok":true}
{"t":"2026-09-10T13:01:51.932Z","path":"/authors/kamal-desai","step":"verify","ok":true}
{"t":"2026-09-10T13:01:56.034Z","path":"/authors/kant-deshpande","step":"verify","ok":true}
{"t":"2026-09-10T13:01:56.333Z","path":"/authors/karan-shah","step":"verify","ok":true}
{"t":"2026-09-10T13:01:57.115Z","path":"/authors/karthik-kalpat","step":"verify","ok":true}
{"t":"2026-09-10T13:01:58.026Z","path":"/authors/keith-redmond","step":"verify","ok":true}
{"t":"2026-09-10T13:02:02.404Z","path":"/authors/keivan-javadi-khasraghi","step":"verify","ok":true}
{"t":"2026-09-10T13:02:02.698Z","path":"/authors/kelvin-boey","step":"verify","ok":true}
{"t":"2026-09-10T13:02:02.757Z","path":"/authors/kelly-damalou","step":"verify","ok":true}
{"t":"2026-09-10T13:02:03.404Z","path":"/authors/ken-potts","step":"verify","ok":true}
{"t":"2026-09-10T13:02:10.972Z","path":"/authors/kenneth-larsen","step":"verify","ok":true}
{"t":"2026-09-10T13:02:11.285Z","path":"/authors/kevin-brand","step":"verify","ok":true}
{"t":"2026-09-10T13:02:11.951Z","path":"/authors/kerim-genc","step":"verify","ok":true}
{"t":"2026-09-10T13:02:12.367Z","path":"/authors/kent-lusted","step":"verify","ok":true}
{"t":"2026-09-10T13:02:16.340Z","path":"/authors/kevin-wei","step":"verify","ok":true}
{"t":"2026-09-10T13:02:17.446Z","path":"/authors/kiran-vittal","step":"verify","ok":true}
{"t":"2026-09-10T13:02:17.569Z","path":"/authors/khalid-khan","step":"verify","ok":true}
{"t":"2026-09-10T13:02:18.258Z","path":"/authors/kirankumar-karanam","step":"verify","ok":true}
{"t":"2026-09-10T13:02:21.798Z","path":"/authors/kopal-kulshreshtha","step":"verify","ok":true}
{"t":"2026-09-10T13:02:22.910Z","path":"/authors/kritti-pathak","step":"verify","ok":true}
{"t":"2026-09-10T13:02:23.335Z","path":"/authors/krishna-balachandran","step":"verify","ok":true}
{"t":"2026-09-10T13:02:24.038Z","path":"/authors/lakshmi-jain","step":"verify","ok":true}
{"t":"2026-09-10T13:02:27.156Z","path":"/authors/lam-trinh","step":"verify","ok":true}
{"t":"2026-09-10T13:02:28.293Z","path":"/authors/lang-lin","step":"verify","ok":true}
{"t":"2026-09-10T13:02:29.516Z","path":"/authors/larry-williams","step":"verify","ok":true}
{"t":"2026-09-10T13:02:29.892Z","path":"/authors/lauren-wu","step":"verify","ok":true}
{"t":"2026-09-10T13:02:32.643Z","path":"/authors/laxmi-narayan","step":"verify","ok":true}
{"t":"2026-09-10T13:02:33.444Z","path":"/authors/leonard-drucker","step":"verify","ok":true}
{"t":"2026-09-10T13:02:34.858Z","path":"/authors/lianna-balayan","step":"verify","ok":true}
{"t":"2026-09-10T13:02:35.257Z","path":"/authors/licinio-sousa","step":"verify","ok":true}
{"t":"2026-09-10T13:02:39.096Z","path":"/authors/lokesh-ahuja","step":"verify","ok":true}
{"t":"2026-09-10T13:02:39.466Z","path":"/authors/lj-chen","step":"verify","ok":true}
{"t":"2026-09-10T13:02:41.164Z","path":"/authors/luca-amaru","step":"verify","ok":true}
{"t":"2026-09-10T13:02:41.403Z","path":"/authors/lorin-kennedy","step":"verify","ok":true}
{"t":"2026-09-10T13:02:45.113Z","path":"/authors/magaly-sandoval-pichardo","step":"verify","ok":true}
{"t":"2026-09-10T13:02:45.213Z","path":"/authors/madhumita-sanyal","step":"verify","ok":true}
{"t":"2026-09-10T13:02:46.556Z","path":"/authors/makarand-patil","step":"verify","ok":true}
{"t":"2026-09-10T13:02:47.572Z","path":"/authors/malay-ganai","step":"verify","ok":true}
{"t":"2026-09-10T13:02:50.522Z","path":"/authors/mallik-devulapalli","step":"verify","ok":true}
{"t":"2026-09-10T13:02:51.301Z","path":"/authors/malte-doerper","step":"verify","ok":true}
{"t":"2026-09-10T13:02:51.757Z","path":"/authors/manas-ranjan-raiguru","step":"verify","ok":true}
{"t":"2026-09-10T13:02:53.120Z","path":"/authors/manmeet-walia","step":"verify","ok":true}
{"t":"2026-09-10T13:02:56.681Z","path":"/authors/manoj-chacko","step":"verify","ok":true}
{"t":"2026-09-10T13:02:57.116Z","path":"/authors/manu-verma","step":"verify","ok":true}
{"t":"2026-09-10T13:02:57.144Z","path":"/authors/manoz-palaparthi","step":"verify","ok":true}
{"t":"2026-09-10T13:02:59.679Z","path":"/authors/manuel-mota","step":"verify","ok":true}
{"t":"2026-09-10T13:03:02.246Z","path":"/authors/maria-auras-rodriguez","step":"verify","ok":true}
{"t":"2026-09-10T13:03:03.035Z","path":"/authors/marc-serughetti","step":"verify","ok":true}
{"t":"2026-09-10T13:03:03.190Z","path":"/authors/marc-swinnen","step":"verify","ok":true}
{"t":"2026-09-10T13:03:05.085Z","path":"/authors/marin-stanev","step":"verify","ok":true}
{"t":"2026-09-10T13:03:08.494Z","path":"/authors/markus-stix","step":"verify","ok":true}
{"t":"2026-09-10T13:03:08.825Z","path":"/authors/mark-richards","step":"verify","ok":true}
{"t":"2026-09-10T13:03:09.151Z","path":"/authors/markus-willems","step":"verify","ok":true}
{"t":"2026-09-10T13:03:10.609Z","path":"/authors/marta-plantykow","step":"verify","ok":true}
{"t":"2026-09-10T13:03:13.815Z","path":"/authors/martin-niset","step":"verify","ok":true}
{"t":"2026-09-10T13:03:13.977Z","path":"/authors/martyn-bronziet","step":"verify","ok":true}
{"t":"2026-09-10T13:03:15.030Z","path":"/authors/mary-ann-white","step":"verify","ok":true}
{"t":"2026-09-10T13:03:17.654Z","path":"/authors/mathias-hoehne","step":"verify","ok":true}
{"t":"2026-09-10T13:03:19.323Z","path":"/authors/meenakshy-ramachandran","step":"verify","ok":true}
{"t":"2026-09-10T13:03:19.532Z","path":"/authors/meghana-bellumori","step":"verify","ok":true}
{"t":"2026-09-10T13:03:20.512Z","path":"/authors/mehak-kalra","step":"verify","ok":true}
{"t":"2026-09-10T13:03:23.158Z","path":"/authors/michael-posner","step":"verify","ok":true}
{"t":"2026-09-10T13:03:24.810Z","path":"/authors/mike-gianfagna","step":"verify","ok":true}
{"t":"2026-09-10T13:03:25.402Z","path":"/authors/mike-borza","step":"verify","ok":true}
{"t":"2026-09-10T13:03:25.616Z","path":"/authors/min-guo","step":"verify","ok":true}
{"t":"2026-09-10T13:03:28.758Z","path":"/authors/mingchi-liu","step":"verify","ok":true}
{"t":"2026-09-10T13:03:30.420Z","path":"/authors/mischa-jonker","step":"verify","ok":true}
{"t":"2026-09-10T13:03:30.561Z","path":"/authors/mitch-heins","step":"verify","ok":true}
{"t":"2026-09-10T13:03:30.835Z","path":"/authors/mohammad-tanveer","step":"verify","ok":true}
{"t":"2026-09-10T13:03:34.335Z","path":"/authors/mohit-bhardwaj","step":"verify","ok":true}
{"t":"2026-09-10T13:03:35.991Z","path":"/authors/monica-olvera","step":"verify","ok":true}
{"t":"2026-09-10T13:03:36.493Z","path":"/authors/moninder-bansal","step":"verify","ok":true}
{"t":"2026-09-10T13:03:37.038Z","path":"/authors/morten-christiansen","step":"verify","ok":true}
{"t":"2026-09-10T13:03:39.991Z","path":"/authors/myles-glisson","step":"verify","ok":true}
{"t":"2026-09-10T13:03:41.140Z","path":"/authors/nafiz-ahmed","step":"verify","ok":true}
{"t":"2026-09-10T13:03:41.729Z","path":"/authors/nahmsuk-oh","step":"verify","ok":true}
{"t":"2026-09-10T13:03:42.524Z","path":"/authors/nancy-wall","step":"verify","ok":true}
{"t":"2026-09-10T13:03:45.336Z","path":"/authors/narasimha-babu-g-v-l","step":"verify","ok":true}
{"t":"2026-09-10T13:03:46.400Z","path":"/authors/nathalie-bijnens","step":"verify","ok":true}
{"t":"2026-09-10T13:03:47.241Z","path":"/authors/naveen-battu","step":"verify","ok":true}
{"t":"2026-09-10T13:03:48.196Z","path":"/authors/navneet-kumar-chaurasia","step":"verify","ok":true}
{"t":"2026-09-10T13:03:50.801Z","path":"/authors/neel-gopalan","step":"verify","ok":true}
{"t":"2026-09-10T13:03:51.544Z","path":"/authors/neelabja-dutta","step":"verify","ok":true}
{"t":"2026-09-10T13:03:53.531Z","path":"/authors/neil-songcuan","step":"verify","ok":true}
{"t":"2026-09-10T13:03:55.955Z","path":"/authors/neeraj-paliwal","step":"verify","ok":true}
{"t":"2026-09-10T13:03:56.518Z","path":"/authors/nikhil-amin","step":"verify","ok":true}
{"t":"2026-09-10T13:03:56.738Z","path":"/authors/nicolas-amringer","step":"verify","ok":true}
{"t":"2026-09-10T13:03:58.918Z","path":"/authors/nikhil-jain","step":"verify","ok":true}
{"t":"2026-09-10T13:04:01.356Z","path":"/authors/nishith-sharma","step":"verify","ok":true}
{"t":"2026-09-10T13:04:02.062Z","path":"/authors/noman-hai","step":"verify","ok":true}
{"t":"2026-09-10T13:04:02.340Z","path":"/authors/nitin-kalra","step":"verify","ok":true}
{"t":"2026-09-10T13:04:04.554Z","path":"/authors/nusrat-ali","step":"verify","ok":true}
{"t":"2026-09-10T13:04:06.987Z","path":"/authors/pamela-mcdaniel","step":"verify","ok":true}
{"t":"2026-09-10T13:04:07.630Z","path":"/authors/paritosh-pushp","step":"verify","ok":true}
{"t":"2026-09-10T13:04:08.325Z","path":"/authors/paras-mal-jain","step":"verify","ok":true}
{"t":"2026-09-10T13:04:09.769Z","path":"/authors/patrick-haspel","step":"verify","ok":true}
{"t":"2026-09-10T13:04:13.401Z","path":"/authors/patrick-sheridan","step":"verify","ok":true}
{"t":"2026-09-10T13:04:14.010Z","path":"/authors/patrick-verbist","step":"verify","ok":true}
{"t":"2026-09-10T13:04:14.362Z","path":"/authors/paul-holt","step":"verify","ok":true}
{"t":"2026-09-10T13:04:15.432Z","path":"/authors/pavani-jella","step":"verify","ok":true}
{"t":"2026-09-10T13:04:18.917Z","path":"/authors/pavithra-c-suriyanarayanan","step":"verify","ok":true}
{"t":"2026-09-10T13:04:19.477Z","path":"/authors/pawini-mahajan","step":"verify","ok":true}
{"t":"2026-09-10T13:04:19.730Z","path":"/authors/pedro-ricardo-miguel","step":"verify","ok":true}
{"t":"2026-09-10T13:04:20.547Z","path":"/authors/peter-simons","step":"verify","ok":true}
{"t":"2026-09-10T13:04:24.209Z","path":"/authors/peter-tsai","step":"verify","ok":true}
{"t":"2026-09-10T13:04:25.241Z","path":"/authors/phani-emani","step":"verify","ok":true}
{"t":"2026-09-10T13:04:25.779Z","path":"/authors/pieter-van-der-wolf","step":"verify","ok":true}
{"t":"2026-09-10T13:04:26.148Z","path":"/authors/piyush-sancheti","step":"verify","ok":true}
{"t":"2026-09-10T13:04:29.969Z","path":"/authors/plamen-asenov","step":"verify","ok":true}
{"t":"2026-09-10T13:04:30.604Z","path":"/authors/prabha-krishnaswami","step":"verify","ok":true}
{"t":"2026-09-10T13:04:31.157Z","path":"/authors/prasad-saggurti","step":"verify","ok":true}
{"t":"2026-09-10T13:04:31.626Z","path":"/authors/prasad-subudhi-k-s","step":"verify","ok":true}
{"t":"2026-09-10T13:04:35.522Z","path":"/authors/pratap-neelashetty","step":"verify","ok":true}
{"t":"2026-09-10T13:04:36.948Z","path":"/authors/pratik-mahajan","step":"verify","ok":true}
{"t":"2026-09-10T13:04:37.115Z","path":"/authors/praveen-durga","step":"verify","ok":true}
{"t":"2026-09-10T13:04:37.438Z","path":"/authors/preeti-jain","step":"verify","ok":true}
{"t":"2026-09-10T13:04:41.340Z","path":"/authors/prith-banerjee","step":"verify","ok":true}
{"t":"2026-09-10T13:04:42.947Z","path":"/authors/rahul-deokar","step":"verify","ok":true}
{"t":"2026-09-10T13:04:43.211Z","path":"/authors/pushpal-nautiyal","step":"verify","ok":true}
{"t":"2026-09-10T13:04:43.504Z","path":"/authors/priyank-shukla","step":"verify","ok":true}
{"t":"2026-09-10T13:04:46.807Z","path":"/authors/rahul-singhal","step":"verify","ok":true}
{"t":"2026-09-10T13:04:48.851Z","path":"/authors/raja-badrinarayanan","step":"verify","ok":true}
{"t":"2026-09-10T13:04:49.085Z","path":"/authors/rahul-thukral","step":"verify","ok":true}
{"t":"2026-09-10T13:04:50.035Z","path":"/authors/raja-tabet","step":"verify","ok":true}
{"t":"2026-09-10T13:04:52.256Z","path":"/authors/ramesh-narayanaswamy","step":"verify","ok":true}
{"t":"2026-09-10T13:04:54.343Z","path":"/authors/ramsay-allen","step":"verify","ok":true}
{"t":"2026-09-10T13:04:54.727Z","path":"/authors/randy-fish","step":"verify","ok":true}
{"t":"2026-09-10T13:04:56.066Z","path":"/authors/ravi-todi","step":"verify","ok":true}
{"t":"2026-09-10T13:04:57.801Z","path":"/authors/reed-hinkel","step":"verify","ok":true}
{"t":"2026-09-10T13:04:59.486Z","path":"/authors/revi-ofir","step":"verify","ok":true}
{"t":"2026-09-10T13:05:00.976Z","path":"/authors/ricardo-borges","step":"verify","ok":true}
{"t":"2026-09-10T13:05:02.148Z","path":"/authors/rich-collins","step":"verify","ok":true}
{"t":"2026-09-10T13:05:03.859Z","path":"/authors/rich-goldman","step":"verify","ok":true}
{"t":"2026-09-10T13:05:05.825Z","path":"/authors/richard-solomon","step":"verify","ok":true}
{"t":"2026-09-10T13:05:07.469Z","path":"/authors/rick-furtner","step":"verify","ok":true}
{"t":"2026-09-10T13:05:08.581Z","path":"/authors/rimpy-chugh","step":"verify","ok":true}
{"t":"2026-09-10T13:05:09.365Z","path":"/authors/rishikumar-chauhan","step":"verify","ok":true}
{"t":"2026-09-10T13:05:11.860Z","path":"/authors/rita-horner","step":"verify","ok":true}
{"t":"2026-09-10T13:05:12.610Z","path":"/authors/rob-aitken","step":"verify","ok":true}
{"t":"2026-09-10T13:05:14.363Z","path":"/authors/rob-dohanyos","step":"verify","ok":true}
{"t":"2026-09-10T13:05:14.800Z","path":"/authors/rob-kruger","step":"verify","ok":true}
{"t":"2026-09-10T13:05:17.242Z","path":"/authors/rob-parris","step":"verify","ok":true}
{"t":"2026-09-10T13:05:19.616Z","path":"/authors/rob-van-blommestein","step":"verify","ok":true}
{"t":"2026-09-10T13:05:20.508Z","path":"/authors/robert-ruiz","step":"verify","ok":true}
{"t":"2026-09-10T13:05:21.197Z","path":"/authors/robert-petrosyan","step":"verify","ok":true}
{"t":"2026-09-10T13:05:25.138Z","path":"/authors/rohan-bhatnagar","step":"verify","ok":true}
{"t":"2026-09-10T13:05:25.542Z","path":"/authors/rohan-bhatangar","step":"verify","ok":true}
{"t":"2026-09-10T13:05:26.197Z","path":"/authors/rohit-kumar-ohlayan","step":"verify","ok":true}
{"t":"2026-09-10T13:05:26.447Z","path":"/authors/rohitash-shukla","step":"verify","ok":true}
{"t":"2026-09-10T13:05:31.103Z","path":"/authors/ron-duncan","step":"verify","ok":true}
{"t":"2026-09-10T13:05:31.967Z","path":"/authors/ron-digiuseppe","step":"verify","ok":true}
{"t":"2026-09-10T13:05:32.065Z","path":"/authors/ruben-molina","step":"verify","ok":true}
{"t":"2026-09-10T13:05:32.462Z","path":"/authors/ron-lowman","step":"verify","ok":true}
{"t":"2026-09-10T13:05:37.374Z","path":"/authors/ruben-sousa","step":"verify","ok":true}
{"t":"2026-09-10T13:05:37.873Z","path":"/authors/rutger-carlsson","step":"verify","ok":true}
{"t":"2026-09-10T13:05:37.951Z","path":"/authors/rupali-kale-gaikwad","step":"verify","ok":true}
{"t":"2026-09-10T13:05:38.646Z","path":"/authors/ruud-derwig","step":"verify","ok":true}
{"t":"2026-09-10T13:05:43.562Z","path":"/authors/sai-kumar-yella","step":"verify","ok":true}
{"t":"2026-09-10T13:05:43.594Z","path":"/authors/sairam-kolapalli","step":"verify","ok":true}
{"t":"2026-09-10T13:05:43.604Z","path":"/authors/sahil-bargal","step":"verify","ok":true}
{"t":"2026-09-10T13:05:44.810Z","path":"/authors/sajani-patel","step":"verify","ok":true}
{"t":"2026-09-10T13:05:49.210Z","path":"/authors/saksham-gupta","step":"verify","ok":true}
{"t":"2026-09-10T13:05:49.212Z","path":"/authors/sam-tennent","step":"verify","ok":true}
{"t":"2026-09-10T13:05:49.352Z","path":"/authors/samad-parekh","step":"verify","ok":true}
{"t":"2026-09-10T13:05:50.581Z","path":"/authors/samskrut-konduru","step":"verify","ok":true}
{"t":"2026-09-10T13:05:54.975Z","path":"/authors/sanjay-bali","step":"verify","ok":true}
{"t":"2026-09-10T13:05:55.195Z","path":"/authors/sangeeta-kulkarni","step":"verify","ok":true}
{"t":"2026-09-10T13:05:55.495Z","path":"/authors/sandeep-mehndiratta","step":"verify","ok":true}
{"t":"2026-09-10T13:05:56.070Z","path":"/authors/sanjay-gangadhara","step":"verify","ok":true}
{"t":"2026-09-10T13:06:00.687Z","path":"/authors/sara-zafar-jafarzadeh","step":"verify","ok":true}
{"t":"2026-09-10T13:06:00.934Z","path":"/authors/sashi-obilisetty","step":"verify","ok":true}
{"t":"2026-09-10T13:06:01.546Z","path":"/authors/sassine-ghazi","step":"verify","ok":true}
{"t":"2026-09-10T13:06:02.231Z","path":"/authors/scott-durrant","step":"verify","ok":true}
{"t":"2026-09-10T13:06:06.332Z","path":"/authors/senthil-annamalai","step":"verify","ok":true}
{"t":"2026-09-10T13:06:06.951Z","path":"/authors/sergio-silva","step":"verify","ok":true}
{"t":"2026-09-10T13:06:07.098Z","path":"/authors/scott-knowlton","step":"verify","ok":true}
{"t":"2026-09-10T13:06:08.981Z","path":"/authors/shankar-krishnamoorthy","step":"verify","ok":true}
{"t":"2026-09-10T13:06:11.772Z","path":"/authors/shawn-carpenter","step":"verify","ok":true}
{"t":"2026-09-10T13:06:12.863Z","path":"/authors/shela-aboud","step":"verify","ok":true}
{"t":"2026-09-10T13:06:13.088Z","path":"/authors/shekhar-kapoor","step":"verify","ok":true}
{"t":"2026-09-10T13:06:14.751Z","path":"/authors/shruti-bagaria","step":"verify","ok":true}
{"t":"2026-09-10T13:06:18.287Z","path":"/authors/shruti-masaguppi","step":"verify","ok":true}
{"t":"2026-09-10T13:06:18.672Z","path":"/authors/siddartha-papineni","step":"verify","ok":true}
{"t":"2026-09-10T13:06:18.760Z","path":"/authors/shuaiyu-jiang","step":"verify","ok":true}
{"t":"2026-09-10T13:06:20.055Z","path":"/authors/simon-han","step":"verify","ok":true}
{"t":"2026-09-10T13:06:24.005Z","path":"/authors/sojan-philips","step":"verify","ok":true}
{"t":"2026-09-10T13:06:24.143Z","path":"/authors/soheil-modirzadeh","step":"verify","ok":true}
{"t":"2026-09-10T13:06:24.511Z","path":"/authors/solaiman-rahim","step":"verify","ok":true}
{"t":"2026-09-10T13:06:25.407Z","path":"/authors/soren-smidstrup","step":"verify","ok":true}
{"t":"2026-09-10T13:06:29.460Z","path":"/authors/sreenath-panganamala","step":"verify","ok":true}
{"t":"2026-09-10T13:06:29.658Z","path":"/authors/sri-ganta","step":"verify","ok":true}
{"t":"2026-09-10T13:06:29.985Z","path":"/authors/srideepti-pisipati","step":"verify","ok":true}
{"t":"2026-09-10T13:06:31.037Z","path":"/authors/sridhar-panchapakesan","step":"verify","ok":true}
{"t":"2026-09-10T13:06:35.402Z","path":"/authors/srinivas-macha","step":"verify","ok":true}
{"t":"2026-09-10T13:06:35.426Z","path":"/authors/srinivas-velivala","step":"verify","ok":true}
{"t":"2026-09-10T13:06:35.434Z","path":"/authors/srini-krishnaswami","step":"verify","ok":true}
{"t":"2026-09-10T13:06:36.265Z","path":"/authors/sriram-balasubramanian","step":"verify","ok":true}
{"t":"2026-09-10T13:06:41.269Z","path":"/authors/stephane-maulet","step":"verify","ok":true}
{"t":"2026-09-10T13:06:41.303Z","path":"/authors/stefan-pruisken","step":"verify","ok":true}
{"t":"2026-09-10T13:06:41.608Z","path":"/authors/stelios-diamantidis","step":"verify","ok":true}
{"t":"2026-09-10T13:06:41.894Z","path":"/authors/steve-pateras","step":"verify","ok":true}
{"t":"2026-09-10T13:06:46.860Z","path":"/authors/sudeep-shivalli","step":"verify","ok":true}
{"t":"2026-09-10T13:06:46.972Z","path":"/authors/sudesh-gadewar","step":"verify","ok":true}
{"t":"2026-09-10T13:06:47.168Z","path":"/authors/stewart-williams","step":"verify","ok":true}
{"t":"2026-09-10T13:06:47.209Z","path":"/authors/sudhanshu-rao","step":"verify","ok":true}
{"t":"2026-09-10T13:06:52.554Z","path":"/authors/suresh-venkatachalam","step":"verify","ok":true}
{"t":"2026-09-10T13:06:52.719Z","path":"/authors/surabh-suryavanshi","step":"verify","ok":true}
{"t":"2026-09-10T13:06:52.762Z","path":"/authors/sudipta-kundu","step":"verify","ok":true}
{"t":"2026-09-10T13:06:52.976Z","path":"/authors/sumit-vishwakarma","step":"verify","ok":true}
{"t":"2026-09-10T13:06:57.831Z","path":"/authors/sushil-sharma","step":"verify","ok":true}
{"t":"2026-09-10T13:06:58.207Z","path":"/authors/sween-kang","step":"verify","ok":true}
{"t":"2026-09-10T13:06:58.635Z","path":"/authors/swami-venkat","step":"verify","ok":true}
{"t":"2026-09-10T13:06:58.882Z","path":"/authors/sutirtha-kabir","step":"verify","ok":true}
{"t":"2026-09-10T13:07:03.462Z","path":"/authors/sylvain-bayon-de-noyer","step":"verify","ok":true}
{"t":"2026-09-10T13:07:04.257Z","path":"/authors/tao-huang","step":"verify","ok":true}
{"t":"2026-09-10T13:07:05.246Z","path":"/authors/taruna-reddy","step":"verify","ok":true}
{"t":"2026-09-10T13:07:07.584Z","path":"/authors/synopsys-editorial-staff","step":"verify","ok":true}
{"t":"2026-09-10T13:07:08.748Z","path":"/authors/taylor-armerding","step":"verify","ok":true}
{"t":"2026-09-10T13:07:10.677Z","path":"/authors/ted-mido","step":"verify","ok":true}
{"t":"2026-09-10T13:07:11.633Z","path":"/authors/teng-kiat-lee","step":"verify","ok":true}
{"t":"2026-09-10T13:07:13.938Z","path":"/authors/thomas-andersen","step":"verify","ok":true}
{"t":"2026-09-10T13:07:14.780Z","path":"/authors/tim-kogel","step":"verify","ok":true}
{"t":"2026-09-10T13:07:16.549Z","path":"/authors/todd-koelling","step":"verify","ok":true}
{"t":"2026-09-10T13:07:17.505Z","path":"/authors/tom-de-schutter","step":"verify","ok":true}
{"t":"2026-09-10T13:07:20.102Z","path":"/authors/tri-nguyen","step":"verify","ok":true}
{"t":"2026-09-10T13:07:21.803Z","path":"/authors/tushar-mattu","step":"verify","ok":true}
{"t":"2026-09-10T13:07:21.949Z","path":"/authors/twan-korthorst","step":"verify","ok":true}
{"t":"2026-09-10T13:07:23.296Z","path":"/authors/urmimala-roy","step":"verify","ok":true}
{"t":"2026-09-10T13:07:27.613Z","path":"/authors/vadhiraj-sankaranarayanan","step":"verify","ok":true}
{"t":"2026-09-10T13:07:27.639Z","path":"/authors/vaida-arcisauskaite","step":"verify","ok":true}
{"t":"2026-09-10T13:07:29.113Z","path":"/authors/varun-agrawal","step":"verify","ok":true}
{"t":"2026-09-10T13:07:29.552Z","path":"/authors/uyen-tran","step":"verify","ok":true}
{"t":"2026-09-10T13:07:33.841Z","path":"/authors/venkata-ravella","step":"verify","ok":true}
{"t":"2026-09-10T13:07:34.978Z","path":"/authors/varun-shah","step":"verify","ok":true}
{"t":"2026-09-10T13:07:35.234Z","path":"/authors/venkatesh-kudumula","step":"verify","ok":true}
{"t":"2026-09-10T13:07:37.171Z","path":"/authors/venugopal-santhanam","step":"verify","ok":true}
{"t":"2026-09-10T13:07:39.857Z","path":"/authors/verification-expert","step":"verify","ok":true}
{"t":"2026-09-10T13:07:40.869Z","path":"/authors/victor-grimblatt","step":"verify","ok":true}
{"t":"2026-09-10T13:07:44.776Z","path":"/authors/victor-moroz","step":"verify","ok":true}
{"t":"2026-09-10T13:07:45.868Z","path":"/authors/vikram-bhatia","step":"verify","ok":true}
{"t":"2026-09-10T13:07:45.981Z","path":"/authors/vikas-gautam","step":"verify","ok":true}
{"t":"2026-09-10T13:07:51.602Z","path":"/authors/vita-liao","step":"verify","ok":true}
{"t":"2026-09-10T13:07:51.736Z","path":"/authors/viral-sharma","step":"verify","ok":true}
{"t":"2026-09-10T13:07:53.107Z","path":"/authors/vip-expert","step":"verify","ok":true}
{"t":"2026-09-10T13:07:55.474Z","path":"/authors/vincent-van-der-leest","step":"verify","ok":true}
{"t":"2026-09-10T13:07:57.136Z","path":"/authors/vivek-prasad","step":"verify","ok":true}
{"t":"2026-09-10T13:07:57.401Z","path":"/authors/vivek-jain","step":"verify","ok":true}
{"t":"2026-09-10T13:07:58.960Z","path":"/authors/wagner-nascimento","step":"verify","ok":true}
{"t":"2026-09-10T13:08:03.252Z","path":"/authors/walter-wottreng","step":"verify","ok":true}
{"t":"2026-09-10T13:08:03.623Z","path":"/authors/wei-yu-ma","step":"verify","ok":true}
{"t":"2026-09-10T13:08:03.739Z","path":"/authors/will-chen","step":"verify","ok":true}
{"t":"2026-09-10T13:08:04.948Z","path":"/authors/will-felten","step":"verify","ok":true}
{"t":"2026-09-10T13:08:09.658Z","path":"/authors/wim-slagter","step":"verify","ok":true}
{"t":"2026-09-10T13:08:09.954Z","path":"/authors/william-ruby","step":"verify","ok":true}
{"t":"2026-09-10T13:08:10.409Z","path":"/authors/xavier-mathes","step":"verify","ok":true}
{"t":"2026-09-10T13:08:10.602Z","path":"/authors/wolfgang-demmerle","step":"verify","ok":true}
{"t":"2026-09-10T13:08:15.552Z","path":"/authors/xingang-zhao","step":"verify","ok":true}
{"t":"2026-09-10T13:08:16.097Z","path":"/authors/yervant-zorian","step":"verify","ok":true}
{"t":"2026-09-10T13:08:16.362Z","path":"/authors/yann-antonioli","step":"verify","ok":true}
{"t":"2026-09-10T13:08:17.362Z","path":"/authors/xi-wei-lin","step":"verify","ok":true}
{"t":"2026-09-10T13:08:20.783Z","path":"/authors/youngkwon-cho","step":"verify","ok":true}
{"t":"2026-09-10T13:08:21.928Z","path":"/authors/zongyao-wen","step":"verify","ok":true}
{"t":"2026-09-10T13:08:22.197Z","path":"/authors/yuval-shay","step":"verify","ok":true}
{"t":"2026-09-10T13:08:22.793Z","path":"/blogs/chip-design/1-6t-ethernet-specification-ip","step":"verify","ok":true}
{"t":"2026-09-10T13:08:26.283Z","path":"/blogs/chip-design/10baset1-s-vip-automotive-socs","step":"verify","ok":true}
{"t":"2026-09-10T13:08:27.480Z","path":"/blogs/chip-design/10k-resolution-120hz-display-reality-dsc-1-2-hdmi-2-1","step":"verify","ok":true}
{"t":"2026-09-10T13:08:29.375Z","path":"/blogs/chip-design/2021-eri-summit-and-mto-symposium","step":"verify","ok":true}
{"t":"2026-09-10T13:08:31.309Z","path":"/blogs/chip-design/112g-serdes-ethernet-ip-hpc-soc","step":"verify","ok":true}
{"t":"2026-09-10T13:08:32.424Z","path":"/blogs/chip-design/2022-eda-and-chip-design-advances","step":"verify","ok":true}
{"t":"2026-09-10T13:08:33.732Z","path":"/blogs/chip-design/2022-esg-report","step":"verify","ok":true}
{"t":"2026-09-10T13:08:35.520Z","path":"/blogs/chip-design/2023-big-for-multi-die-systems","step":"verify","ok":true}
{"t":"2026-09-10T13:08:37.557Z","path":"/blogs/chip-design/2023-community-service-hours","step":"verify","ok":true}
{"t":"2026-09-10T13:08:38.187Z","path":"/blogs/chip-design/2023-electronic-design-predictions","step":"verify","ok":true}
{"t":"2026-09-10T13:08:39.498Z","path":"/blogs/chip-design/2023-esg-report","step":"verify","ok":true}
{"t":"2026-09-10T13:08:42.881Z","path":"/blogs/chip-design/2023-hpc-predictions","step":"verify","ok":true}
{"t":"2026-09-10T13:08:44.750Z","path":"/blogs/chip-design/256gb-pcie-gen6-verification-ip","step":"verify","ok":true}
{"t":"2026-09-10T13:08:44.963Z","path":"/blogs/chip-design/2024-season-of-service","step":"verify","ok":true}
{"t":"2026-09-10T13:08:46.051Z","path":"/blogs/chip-design/2nm-power-efficiency-hyperscale-socs","step":"verify","ok":true}
{"t":"2026-09-10T13:08:48.465Z","path":"/blogs/chip-design/2nm-technology-process-design-kit-imec","step":"verify","ok":true}
{"t":"2026-09-10T13:08:50.412Z","path":"/blogs/chip-design/346-chip-simulation-technology-multi-die-systems","step":"verify","ok":true}
{"t":"2026-09-10T13:08:50.846Z","path":"/blogs/chip-design/3d-chip-tape-out-socionext-success","step":"verify","ok":true}
{"t":"2026-09-10T13:08:53.114Z","path":"/blogs/chip-design/3d-ic-design-tools-enhance-productivity","step":"verify","ok":true}
{"t":"2026-09-10T13:08:54.585Z","path":"/blogs/chip-design/3d-pcie-6-0-phy-8-lane-test-chip","step":"verify","ok":true}
{"t":"2026-09-10T13:08:56.320Z","path":"/blogs/chip-design/3dhi-chip-designs","step":"verify","ok":true}
{"t":"2026-09-10T13:08:56.697Z","path":"/blogs/chip-design/3dic-design-optimize-power-performance-area","step":"verify","ok":true}
{"t":"2026-09-10T13:08:59.007Z","path":"/blogs/chip-design/3dic-packaging-design-tools-guc","step":"verify","ok":true}
{"t":"2026-09-10T13:09:01.067Z","path":"/blogs/chip-design/3dics-sparks-innovation-snug-2022","step":"verify","ok":true}
{"t":"2026-09-10T13:09:02.394Z","path":"/blogs/chip-design/3x-verification-performance-hpe-greenlake-flex-synopsys-flexeda","step":"verify","ok":true}
{"t":"2026-09-10T13:09:02.779Z","path":"/blogs/chip-design/4-criteria-for-picking-best-eda-tools","step":"verify","ok":true}
{"t":"2026-09-10T13:09:05.257Z","path":"/blogs/chip-design/4-ways-ualink-2-0-advances-ai-scale-up","step":"verify","ok":true}
{"t":"2026-09-10T13:09:07.267Z","path":"/blogs/chip-design/40g-ucie-ip","step":"verify","ok":true}
{"t":"2026-09-10T13:09:08.407Z","path":"/blogs/chip-design/5-automotive-functional-safety-insights","step":"verify","ok":true}
{"t":"2026-09-10T13:09:09.054Z","path":"/blogs/chip-design/5-challenges-to-achieve-high-level-automated-driving","step":"verify","ok":true}
{"t":"2026-09-10T13:09:10.847Z","path":"/blogs/chip-design/5-key-smart-tech-innovations","step":"verify","ok":true}
{"t":"2026-09-10T13:09:12.886Z","path":"/blogs/chip-design/5-ways-flexeda-saas-model-transforms-chip-design","step":"verify","ok":true}
{"t":"2026-09-10T13:09:14.601Z","path":"/blogs/chip-design/5g-rollout-and-soc-design","step":"verify","ok":true}
{"t":"2026-09-10T13:09:14.860Z","path":"/blogs/chip-design/5g-networks-accelerate-development-smart-cities","step":"verify","ok":true}
{"t":"2026-09-10T13:09:17.153Z","path":"/blogs/chip-design/5g-rollout-with-soc-emulation","step":"verify","ok":true}
{"t":"2026-09-10T13:09:19.283Z","path":"/blogs/chip-design/5g-soc-design-virtual-verification-with-keysight","step":"verify","ok":true}
{"t":"2026-09-10T13:09:20.454Z","path":"/blogs/chip-design/5g-vs-4g","step":"verify","ok":true}
{"t":"2026-09-10T13:09:21.408Z","path":"/blogs/chip-design/600-million-lines-code-cars-2027","step":"verify","ok":true}
{"t":"2026-09-10T13:09:22.354Z","path":"/blogs/chip-design/64g-ucie-ip-high-speed-die-to-die-connectivity","step":"verify","ok":true}
{"t":"2026-09-10T13:09:26.210Z","path":"/blogs/chip-design/7nm-european-ai-chip-innovation","step":"verify","ok":true}
{"t":"2026-09-10T13:09:26.848Z","path":"/blogs/chip-design/800g-ethernet-bandwidth-for-hyperscale-data-centers","step":"verify","ok":true}
{"t":"2026-09-10T13:09:27.113Z","path":"/blogs/chip-design/800g-ethernet-demo-ecoc-2024","step":"verify","ok":true}
{"t":"2026-09-10T13:09:28.248Z","path":"/blogs/chip-design/800g-ethernet-industry-standards","step":"verify","ok":true}
{"t":"2026-09-10T13:09:32.230Z","path":"/blogs/chip-design/8k-uhd-displays-emerging-technologies","step":"verify","ok":true}
{"t":"2026-09-10T13:09:32.909Z","path":"/blogs/chip-design/aaroh-labs-advanced-node-semiconductor-designs","step":"verify","ok":true}
{"t":"2026-09-10T13:09:33.043Z","path":"/blogs/chip-design/8k-ultra-hd-evolution","step":"verify","ok":true}
{"t":"2026-09-10T13:09:34.562Z","path":"/blogs/chip-design/accelerate-ai-silicon-systems-physical-ai","step":"verify","ok":true}
{"t":"2026-09-10T13:09:38.150Z","path":"/blogs/chip-design/accelerate-development-for-soc","step":"verify","ok":true}
{"t":"2026-09-10T13:09:38.702Z","path":"/blogs/chip-design/accelerate-soc-design-flow-with-ai-enabled-kits","step":"verify","ok":true}
{"t":"2026-09-10T13:09:39.072Z","path":"/blogs/chip-design/accelerate-soc-design-flow-with-functional-eco","step":"verify","ok":true}
{"t":"2026-09-10T13:09:40.592Z","path":"/blogs/chip-design/accelerate-soc-verification-experts","step":"verify","ok":true}
{"t":"2026-09-10T13:09:45.047Z","path":"/blogs/chip-design/accelerating-ai-enabled-vehicles-npx-ces","step":"verify","ok":true}
{"t":"2026-09-10T13:09:45.232Z","path":"/blogs/chip-design/accelerating-accuracy-primesim-spice-gpu","step":"verify","ok":true}
{"t":"2026-09-10T13:09:45.756Z","path":"/blogs/chip-design/accelerate-vip-coverage-with-vso","step":"verify","ok":true}
{"t":"2026-09-10T13:09:46.842Z","path":"/blogs/chip-design/accelerating-auto-software-and-processor-design-with-nxp","step":"verify","ok":true}
{"t":"2026-09-10T13:09:51.721Z","path":"/blogs/chip-design/accelerating-development-for-arm-based-automotive-systems","step":"verify","ok":true}
{"t":"2026-09-10T13:09:51.735Z","path":"/blogs/chip-design/accelerating-emib-t-packaging-synopsys-intel-foundry","step":"verify","ok":true}
{"t":"2026-09-10T13:09:52.251Z","path":"/blogs/chip-design/accelerating-l0p-verification-in-pcie-6-designs","step":"verify","ok":true}
{"t":"2026-09-10T13:09:53.155Z","path":"/blogs/chip-design/accelerating-product-design-silicon-to-systems","step":"verify","ok":true}
{"t":"2026-09-10T13:09:58.110Z","path":"/blogs/chip-design/access-memory-mapped-registers-cxl","step":"verify","ok":true}
{"t":"2026-09-10T13:09:58.120Z","path":"/blogs/chip-design/accelerating-rf-designs-keysight-pathwave-ads-custom-design-platform","step":"verify","ok":true}
{"t":"2026-09-10T13:09:58.398Z","path":"/blogs/chip-design/accelerating-system-debug-in-soc-verification-flow","step":"verify","ok":true}
{"t":"2026-09-10T13:09:58.868Z","path":"/blogs/chip-design/achieving-best-arm-ppa-discussion-sudhakar-jilla","step":"verify","ok":true}
{"t":"2026-09-10T13:10:03.505Z","path":"/blogs/chip-design/achieving-functional-safety-high-reliability-design-synplify-tool","step":"verify","ok":true}
{"t":"2026-09-10T13:10:03.903Z","path":"/blogs/chip-design/adaptive-scenario-compression-chip-design-closure","step":"verify","ok":true}
{"t":"2026-09-10T13:10:04.629Z","path":"/blogs/chip-design/advanced-node-challenges-primetime-interview-feroze-taraporevala","step":"verify","ok":true}
{"t":"2026-09-10T13:10:04.896Z","path":"/blogs/chip-design/advanced-node-physical-verification-ic-validator","step":"verify","ok":true}
{"t":"2026-09-10T13:10:10.128Z","path":"/blogs/chip-design/advanced-node-physical-verification-nvidia","step":"verify","ok":true}
{"t":"2026-09-10T13:10:10.181Z","path":"/blogs/chip-design/advanced-rpmb-ufs4-authentication","step":"verify","ok":true}
{"t":"2026-09-10T13:10:11.327Z","path":"/blogs/chip-design/advanced-semiconductor-manufacturing-fab-da","step":"verify","ok":true}
{"t":"2026-09-10T13:10:11.815Z","path":"/blogs/chip-design/advanced-soc-verification-enables-new-era-ai-chips","step":"verify","ok":true}
{"t":"2026-09-10T13:10:16.456Z","path":"/blogs/chip-design/advancing-automotive-with-software-defined-vehicles","step":"verify","ok":true}
{"t":"2026-09-10T13:10:16.906Z","path":"/blogs/chip-design/advancing-quantum-computing-rd","step":"verify","ok":true}
{"t":"2026-09-10T13:10:18.039Z","path":"/blogs/chip-design/aerospace-semiconductor-reliability","step":"verify","ok":true}
{"t":"2026-09-10T13:10:19.027Z","path":"/blogs/chip-design/ag-chip-design-silicon-lifecycle-management","step":"verify","ok":true}
{"t":"2026-09-10T13:10:21.882Z","path":"/blogs/chip-design/agentengineer-technology-transforming-engineering-workflows","step":"verify","ok":true}
{"t":"2026-09-10T13:10:24.023Z","path":"/blogs/chip-design/ai-accelerator-data-center-intelligent-edge","step":"verify","ok":true}
{"t":"2026-09-10T13:10:24.304Z","path":"/blogs/chip-design/agentic-ai-chip-design","step":"verify","ok":true}
{"t":"2026-09-10T13:10:25.190Z","path":"/blogs/chip-design/ai-accelerator-ip-development","step":"verify","ok":true}
{"t":"2026-09-10T13:10:28.523Z","path":"/blogs/chip-design/ai-accelerators-chip-design-eda-tools","step":"verify","ok":true}
{"t":"2026-09-10T13:10:30.609Z","path":"/blogs/chip-design/ai-accelerators-hbm5-verification-ip","step":"verify","ok":true}
{"t":"2026-09-10T13:10:30.877Z","path":"/blogs/chip-design/ai-agents-in-2025","step":"verify","ok":true}
{"t":"2026-09-10T13:10:31.227Z","path":"/blogs/chip-design/ai-analog-design-migration-samsung-safe-forum-2023","step":"verify","ok":true}
{"t":"2026-09-10T13:10:35.312Z","path":"/blogs/chip-design/ai-chip-architecture","step":"verify","ok":true}
{"t":"2026-09-10T13:10:37.098Z","path":"/blogs/chip-design/ai-chip-design-adaptive-flows","step":"verify","ok":true}
{"t":"2026-09-10T13:10:37.453Z","path":"/blogs/chip-design/ai-chip-design-cloud-eda-tools-neureality","step":"verify","ok":true}
{"t":"2026-09-10T13:10:41.294Z","path":"/blogs/chip-design/ai-chip-design-dac-2024","step":"verify","ok":true}
{"t":"2026-09-10T13:10:43.116Z","path":"/blogs/chip-design/ai-chip-design-emulation-prototyping-tools","step":"verify","ok":true}
{"t":"2026-09-10T13:10:43.412Z","path":"/blogs/chip-design/ai-chip-design-hot-chips-2024","step":"verify","ok":true}
{"t":"2026-09-10T13:10:45.654Z","path":"/blogs/chip-design/ai-chip-design-breakthroughs-snug","step":"verify","ok":true}
{"t":"2026-09-10T13:10:47.475Z","path":"/blogs/chip-design/ai-chip-design-opens-new-doors-for-chip-makers","step":"verify","ok":true}
{"t":"2026-09-10T13:10:49.380Z","path":"/blogs/chip-design/ai-chip-design-retargeting","step":"verify","ok":true}
{"t":"2026-09-10T13:10:49.499Z","path":"/blogs/chip-design/ai-chip-design-stmicroelectronics-microsoft","step":"verify","ok":true}
{"t":"2026-09-10T13:10:51.234Z","path":"/blogs/chip-design/ai-chip-design-synopsys-microsoft","step":"verify","ok":true}
{"t":"2026-09-10T13:10:53.053Z","path":"/blogs/chip-design/ai-chip-design-tools-autonomous-insights","step":"verify","ok":true}
{"t":"2026-09-10T13:10:55.308Z","path":"/blogs/chip-design/ai-chip-design-verification-qualcomm","step":"verify","ok":true}
{"t":"2026-09-10T13:10:56.898Z","path":"/blogs/chip-design/ai-chip-design-with-ibm-hybrid-cloud-architecture","step":"verify","ok":true}
{"t":"2026-09-10T13:10:57.821Z","path":"/blogs/chip-design/ai-chip-design-with-specialized-soc-ip-solutions","step":"verify","ok":true}
{"t":"2026-09-10T13:10:59.168Z","path":"/blogs/chip-design/ai-chip-design-workflow-automation","step":"verify","ok":true}
{"t":"2026-09-10T13:11:01.226Z","path":"/blogs/chip-design/ai-chip-pre-silicon-planning-guide","step":"verify","ok":true}
{"t":"2026-09-10T13:11:03.228Z","path":"/blogs/chip-design/ai-chip-silicon-success-tips","step":"verify","ok":true}
{"t":"2026-09-10T13:11:04.056Z","path":"/blogs/chip-design/ai-chip-startups-cloud-eda-tools","step":"verify","ok":true}
{"t":"2026-09-10T13:11:04.653Z","path":"/blogs/chip-design/ai-chiplet-integration-arm-synopsys","step":"verify","ok":true}
{"t":"2026-09-10T13:11:07.554Z","path":"/blogs/chip-design/ai-compute-architecture-evolution","step":"verify","ok":true}
{"t":"2026-09-10T13:11:10.037Z","path":"/blogs/chip-design/ai-driven-analog-digital-node-migration","step":"verify","ok":true}
{"t":"2026-09-10T13:11:10.829Z","path":"/blogs/chip-design/ai-driven-bug-discovery-coverage-closure-chip-design","step":"verify","ok":true}
{"t":"2026-09-10T13:11:11.226Z","path":"/blogs/chip-design/ai-driven-debug-automation-speeds-root-cause-analysis","step":"verify","ok":true}
{"t":"2026-09-10T13:11:14.547Z","path":"/blogs/chip-design/ai-eda-tools-chip-design","step":"verify","ok":true}
{"t":"2026-09-10T13:11:16.981Z","path":"/blogs/chip-design/ai-edge-devices-tsmc-n2-silicon-success","step":"verify","ok":true}
{"t":"2026-09-10T13:11:17.311Z","path":"/blogs/chip-design/ai-factories-data-center-infrastructure","step":"verify","ok":true}
{"t":"2026-09-10T13:11:17.663Z","path":"/blogs/chip-design/ai-hardware-boosts-innovation","step":"verify","ok":true}
{"t":"2026-09-10T13:11:20.278Z","path":"/blogs/chip-design/ai-hardware-design-power-challenges","step":"verify","ok":true}
{"t":"2026-09-10T13:11:22.730Z","path":"/blogs/chip-design/ai-hardware-summit-2020-recap","step":"verify","ok":true}
{"t":"2026-09-10T13:11:23.288Z","path":"/blogs/chip-design/ai-hpc-chip-test-solutions-seq-compression-streaming-fabric","step":"verify","ok":true}
{"t":"2026-09-10T13:11:24.853Z","path":"/blogs/chip-design/ai-impact-chip-design-synopsys-insights","step":"verify","ok":true}
{"t":"2026-09-10T13:11:25.759Z","path":"/blogs/chip-design/ai-impact-on-low-power-chip-design","step":"verify","ok":true}
{"t":"2026-09-10T13:11:28.443Z","path":"/blogs/chip-design/ai-in-engineering-role-transformation","step":"verify","ok":true}
{"t":"2026-09-10T13:11:31.104Z","path":"/blogs/chip-design/ai-iot-impact-power-consumption","step":"verify","ok":true}
{"t":"2026-09-10T13:11:31.186Z","path":"/blogs/chip-design/ai-multi-die-pg-bump-ir-drop-optimization","step":"verify","ok":true}
{"t":"2026-09-10T13:11:33.379Z","path":"/blogs/chip-design/ai-infrastructure-hardware-failures-data-corruption","step":"verify","ok":true}
{"t":"2026-09-10T13:11:35.872Z","path":"/blogs/chip-design/ai-predictions-2022","step":"verify","ok":true}
{"t":"2026-09-10T13:11:36.432Z","path":"/blogs/chip-design/ai-predictions-2023","step":"verify","ok":true}
{"t":"2026-09-10T13:11:37.486Z","path":"/blogs/chip-design/ai-security-silicon-level","step":"verify","ok":true}
{"t":"2026-09-10T13:11:39.108Z","path":"/blogs/chip-design/ai-server-architecture","step":"verify","ok":true}
{"t":"2026-09-10T13:11:42.556Z","path":"/blogs/chip-design/ai-soc-design-for-better-chips","step":"verify","ok":true}
{"t":"2026-09-10T13:11:42.583Z","path":"/blogs/chip-design/ai-soc-design-verification-flow","step":"verify","ok":true}
{"t":"2026-09-10T13:11:43.729Z","path":"/blogs/chip-design/ai-soc-memory-architecture","step":"verify","ok":true}
{"t":"2026-09-10T13:11:45.903Z","path":"/blogs/chip-design/ai-sovereignty-strategic-interdependence","step":"verify","ok":true}
{"t":"2026-09-10T13:11:47.895Z","path":"/blogs/chip-design/ai-tool-adoption-semiconductor-engineering","step":"verify","ok":true}
{"t":"2026-09-10T13:11:48.234Z","path":"/blogs/chip-design/ai-startup-panel-2025","step":"verify","ok":true}
{"t":"2026-09-10T13:11:49.440Z","path":"/blogs/chip-design/aiot-edge-ai-chip-design-innovation","step":"verify","ok":true}
{"t":"2026-09-10T13:11:51.304Z","path":"/blogs/chip-design/aiot-technology-applications","step":"verify","ok":true}
{"t":"2026-09-10T13:11:54.567Z","path":"/blogs/chip-design/aip-vip-technology-benefits","step":"verify","ok":true}
{"t":"2026-09-10T13:11:55.116Z","path":"/blogs/chip-design/ais-impact-on-chip-design-from-ceo-aart-de-geus","step":"verify","ok":true}
{"t":"2026-09-10T13:11:55.724Z","path":"/blogs/chip-design/alessandra-costa-qa","step":"verify","ok":true}
{"t":"2026-09-10T13:11:56.855Z","path":"/blogs/chip-design/alternative-semiconductor-materials","step":"verify","ok":true}
{"t":"2026-09-10T13:12:01.242Z","path":"/blogs/chip-design/amba-chi-c2c-system-verification-solutions","step":"verify","ok":true}
{"t":"2026-09-10T13:12:01.411Z","path":"/blogs/chip-design/amba-chi-g-verification-ip","step":"verify","ok":true}
{"t":"2026-09-10T13:12:02.638Z","path":"/blogs/chip-design/ams-emulation-dale-donchin-johanness-stahl","step":"verify","ok":true}
{"t":"2026-09-10T13:12:02.886Z","path":"/blogs/chip-design/amba5-chi-d-verification-ip-success","step":"verify","ok":true}
{"t":"2026-09-10T13:12:07.826Z","path":"/blogs/chip-design/analog-design-ai-aimc-innovation","step":"verify","ok":true}
{"t":"2026-09-10T13:12:08.299Z","path":"/blogs/chip-design/analog-circuit-design-migration","step":"verify","ok":true}
{"t":"2026-09-10T13:12:08.346Z","path":"/blogs/chip-design/analog-design-verification","step":"verify","ok":true}
{"t":"2026-09-10T13:12:09.708Z","path":"/blogs/chip-design/analog-ic-design-contest","step":"verify","ok":true}
{"t":"2026-09-10T13:12:13.851Z","path":"/blogs/chip-design/analog-ic-design-migration-ai","step":"verify","ok":true}
{"t":"2026-09-10T13:12:14.089Z","path":"/blogs/chip-design/analog-layout-synthesis-ai","step":"verify","ok":true}
{"t":"2026-09-10T13:12:14.253Z","path":"/blogs/chip-design/analog-ic-design-tools-snug-panel","step":"verify","ok":true}
{"t":"2026-09-10T13:12:16.490Z","path":"/blogs/chip-design/analyze-semiconductor-power-devices-more-accurately-with-synopsys-powerx","step":"verify","ok":true}
{"t":"2026-09-10T13:12:19.573Z","path":"/blogs/chip-design/angstrom-scale-chip-design","step":"verify","ok":true}
{"t":"2026-09-10T13:12:20.319Z","path":"/blogs/chip-design/arm-amba-ace5-axi5-test-suite","step":"verify","ok":true}
{"t":"2026-09-10T13:12:21.040Z","path":"/blogs/chip-design/arm-amba-axi5-latest-features","step":"verify","ok":true}
{"t":"2026-09-10T13:12:22.536Z","path":"/blogs/chip-design/arm-automotive-semiconductor-design","step":"verify","ok":true}
{"t":"2026-09-10T13:12:25.558Z","path":"/blogs/chip-design/arm-hardware-software-compliance","step":"verify","ok":true}
{"t":"2026-09-10T13:12:26.997Z","path":"/blogs/chip-design/arm-synopsys-integrated-chip-design-flow","step":"verify","ok":true}
{"t":"2026-09-10T13:12:27.004Z","path":"/blogs/chip-design/arm-synopsys-collaboration-interview-deirdre-hanford","step":"verify","ok":true}
{"t":"2026-09-10T13:12:28.767Z","path":"/blogs/chip-design/asic-hardware-verification-bugs","step":"verify","ok":true}
{"t":"2026-09-10T13:12:31.449Z","path":"/blogs/chip-design/asil-d-certification-automation","step":"verify","ok":true}
{"t":"2026-09-10T13:12:32.611Z","path":"/blogs/chip-design/atomic-scale-simulation-resistive-switching-reram","step":"verify","ok":true}
{"t":"2026-09-10T13:12:33.192Z","path":"/blogs/chip-design/auto-cybersecurity-ota-vehicle-software-updates","step":"verify","ok":true}
{"t":"2026-09-10T13:12:35.088Z","path":"/blogs/chip-design/auto-cybersecurity-vs-aftermarket-car-accessories","step":"verify","ok":true}
{"t":"2026-09-10T13:12:37.897Z","path":"/blogs/chip-design/auto-functional-safety-iso-26262-key-challenges","step":"verify","ok":true}
{"t":"2026-09-10T13:12:39.093Z","path":"/blogs/chip-design/auto-industry-predictions-2023","step":"verify","ok":true}
{"t":"2026-09-10T13:12:39.332Z","path":"/blogs/chip-design/auto-industry-trends-2022","step":"verify","ok":true}
{"t":"2026-09-10T13:12:40.780Z","path":"/blogs/chip-design/auto-soc-design-tools-safe-smart-vehicles","step":"verify","ok":true}
{"t":"2026-09-10T13:12:43.904Z","path":"/blogs/chip-design/automated-soc-performance-pcie-gen4","step":"verify","ok":true}
{"t":"2026-09-10T13:12:44.720Z","path":"/blogs/chip-design/automated-soc-performance-verification","step":"verify","ok":true}
{"t":"2026-09-10T13:12:45.428Z","path":"/blogs/chip-design/automating-synchronous-signal-distribution","step":"verify","ok":true}
{"t":"2026-09-10T13:12:47.038Z","path":"/blogs/chip-design/automating-testbench-creation-network-on-chip","step":"verify","ok":true}
{"t":"2026-09-10T13:12:49.511Z","path":"/blogs/chip-design/automating-testbench-network-chip-verification","step":"verify","ok":true}
{"t":"2026-09-10T13:12:50.753Z","path":"/blogs/chip-design/automating-the-chip-design-flow","step":"verify","ok":true}
{"t":"2026-09-10T13:12:52.223Z","path":"/blogs/chip-design/automotive-ai-vision-chip-design","step":"verify","ok":true}
{"t":"2026-09-10T13:12:52.549Z","path":"/blogs/chip-design/automotive-cybersecurity-best-practices","step":"verify","ok":true}
{"t":"2026-09-10T13:12:55.532Z","path":"/blogs/chip-design/automotive-cybersecurity-data-management","step":"verify","ok":true}
{"t":"2026-09-10T13:12:56.265Z","path":"/blogs/chip-design/automotive-cybersecurity-engineering-standard-iso-sae-21434","step":"verify","ok":true}
{"t":"2026-09-10T13:12:58.308Z","path":"/blogs/chip-design/automotive-electronics-design-efficiency","step":"verify","ok":true}
{"t":"2026-09-10T13:12:59.005Z","path":"/blogs/chip-design/automotive-cybersecurity-for-ecus-in-vehicle-networks","step":"verify","ok":true}
{"t":"2026-09-10T13:13:01.666Z","path":"/blogs/chip-design/automotive-finfet-foundation-ip","step":"verify","ok":true}
{"t":"2026-09-10T13:13:02.628Z","path":"/blogs/chip-design/automotive-industry-trends-2024","step":"verify","ok":true}
{"t":"2026-09-10T13:13:04.188Z","path":"/blogs/chip-design/automotive-innovation-trends-challenges-interview-dr-burkhard-huhnke","step":"verify","ok":true}
{"t":"2026-09-10T13:13:05.351Z","path":"/blogs/chip-design/automotive-mcu-performance-infineon","step":"verify","ok":true}
{"t":"2026-09-10T13:13:07.433Z","path":"/blogs/chip-design/automotive-soc-design-4-requirements","step":"verify","ok":true}
{"t":"2026-09-10T13:13:09.729Z","path":"/blogs/chip-design/automotive-soc-slm","step":"verify","ok":true}
{"t":"2026-09-10T13:13:10.030Z","path":"/blogs/chip-design/autonomous-driving-levels","step":"verify","ok":true}
{"t":"2026-09-10T13:13:10.556Z","path":"/blogs/chip-design/autosens-detroit-2024-automotive-ee-architectures","step":"verify","ok":true}
{"t":"2026-09-10T13:13:13.601Z","path":"/blogs/chip-design/avina-verma-custom-routing-technology-interview","step":"verify","ok":true}
{"t":"2026-09-10T13:13:15.134Z","path":"/blogs/chip-design/axi-k-arm-support","step":"verify","ok":true}
{"t":"2026-09-10T13:13:15.433Z","path":"/blogs/chip-design/avoid-bad-asic-design-with-virtual-prototyping","step":"verify","ok":true}
{"t":"2026-09-10T13:13:16.196Z","path":"/blogs/chip-design/bandwidth-latency-die-to-die-interfaces-data-centers","step":"verify","ok":true}
{"t":"2026-09-10T13:13:19.206Z","path":"/blogs/chip-design/benefits-of-adopting-cloud-technology","step":"verify","ok":true}
{"t":"2026-09-10T13:13:20.856Z","path":"/blogs/chip-design/benefits-of-redundancy-in-cloud-computing","step":"verify","ok":true}
{"t":"2026-09-10T13:13:21.629Z","path":"/blogs/chip-design/bit-error-rates-usb32","step":"verify","ok":true}
{"t":"2026-09-10T13:13:21.761Z","path":"/blogs/chip-design/benefits-of-virtualization-in-a-cloud-environment","step":"verify","ok":true}
{"t":"2026-09-10T13:13:24.427Z","path":"/blogs/chip-design/block-storage-vs-object-storage-vs-file-storage","step":"verify","ok":true}
{"t":"2026-09-10T13:13:26.915Z","path":"/blogs/chip-design/boost-debug-productivity-serial-protocols","step":"verify","ok":true}
{"t":"2026-09-10T13:13:27.513Z","path":"/blogs/chip-design/boosting-eco-optimization-overcoming-ppa-challenges-with-machine-learning","step":"verify","ok":true}
{"t":"2026-09-10T13:13:28.064Z","path":"/blogs/chip-design/boost-networking-soc-design-cloud-emulation","step":"verify","ok":true}
{"t":"2026-09-10T13:13:30.792Z","path":"/blogs/chip-design/building-secure-chips-verified-cxl","step":"verify","ok":true}
{"t":"2026-09-10T13:13:32.783Z","path":"/blogs/chip-design/cache-coherent-verification-amba-chi","step":"verify","ok":true}
{"t":"2026-09-10T13:13:32.823Z","path":"/blogs/chip-design/bumblebee-moment-ai-silicon","step":"verify","ok":true}
{"t":"2026-09-10T13:13:34.061Z","path":"/blogs/chip-design/ccix-pcie-ai-networking-storage","step":"verify","ok":true}
{"t":"2026-09-10T13:13:36.575Z","path":"/blogs/chip-design/celebrating-40-years-of-hspice","step":"verify","ok":true}
{"t":"2026-09-10T13:13:38.204Z","path":"/blogs/chip-design/celebrating-the-76th-anniversary-of-the-transistor","step":"verify","ok":true}
{"t":"2026-09-10T13:13:38.367Z","path":"/blogs/chip-design/celebrating-women-innovation-nvidia-gtc-2026","step":"verify","ok":true}
{"t":"2026-09-10T13:13:40.060Z","path":"/blogs/chip-design/ceos-synopsys-arm-ai-opportunities-challenges","step":"verify","ok":true}
{"t":"2026-09-10T13:13:42.533Z","path":"/blogs/chip-design/ces-2024-software-defined-vehicles","step":"verify","ok":true}
{"t":"2026-09-10T13:13:43.510Z","path":"/blogs/chip-design/chip-design-data-analytics","step":"verify","ok":true}
{"t":"2026-09-10T13:13:44.031Z","path":"/blogs/chip-design/chip-design-debug-verification-ai","step":"verify","ok":true}
{"t":"2026-09-10T13:13:46.388Z","path":"/blogs/chip-design/chip-design-latest-technology","step":"verify","ok":true}
{"t":"2026-09-10T13:13:48.490Z","path":"/blogs/chip-design/chip-design-tools-github-hardware-development","step":"verify","ok":true}
{"t":"2026-09-10T13:13:49.286Z","path":"/blogs/chip-design/chip-floorplan-design-automation","step":"verify","ok":true}
{"t":"2026-09-10T13:13:49.539Z","path":"/blogs/chip-design/chiplet-design-best-practices-multi-die","step":"verify","ok":true}
{"t":"2026-09-10T13:13:52.958Z","path":"/blogs/chip-design/chiplets-multi-die-alchip","step":"verify","ok":true}
{"t":"2026-09-10T13:13:54.683Z","path":"/blogs/chip-design/chips-and-science-act-semiconductor-industry","step":"verify","ok":true}
{"t":"2026-09-10T13:13:54.813Z","path":"/blogs/chip-design/chips-act-research-development","step":"verify","ok":true}
{"t":"2026-09-10T13:13:55.000Z","path":"/blogs/chip-design/cloud-access-security-broker","step":"verify","ok":true}
{"t":"2026-09-10T13:13:58.396Z","path":"/blogs/chip-design/cloud-adoption-framework-eda-software","step":"verify","ok":true}
{"t":"2026-09-10T13:14:00.377Z","path":"/blogs/chip-design/cloud-architecture-patterns","step":"verify","ok":true}
{"t":"2026-09-10T13:14:00.674Z","path":"/blogs/chip-design/cloud-based-chip-design-and-verification-2022","step":"verify","ok":true}
{"t":"2026-09-10T13:14:01.271Z","path":"/blogs/chip-design/cloud-ai-chip-emulation","step":"verify","ok":true}
{"t":"2026-09-10T13:14:04.811Z","path":"/blogs/chip-design/cloud-based-chip-design-innovation-snug","step":"verify","ok":true}
{"t":"2026-09-10T13:14:06.776Z","path":"/blogs/chip-design/cloud-based-chip-design-security","step":"verify","ok":true}
{"t":"2026-09-10T13:14:06.791Z","path":"/blogs/chip-design/cloud-based-eda-software-ai-accelerator-mentium","step":"verify","ok":true}
{"t":"2026-09-10T13:14:06.984Z","path":"/blogs/chip-design/cloud-based-eda-tools-explained","step":"verify","ok":true}
{"t":"2026-09-10T13:14:10.712Z","path":"/blogs/chip-design/cloud-based-ic-hardware-design-tools-enhance-chip-design","step":"verify","ok":true}
{"t":"2026-09-10T13:14:12.392Z","path":"/blogs/chip-design/cloud-capacity-planning","step":"verify","ok":true}
{"t":"2026-09-10T13:14:12.693Z","path":"/blogs/chip-design/cloud-based-soc-virtual-prototyping","step":"verify","ok":true}
{"t":"2026-09-10T13:14:13.531Z","path":"/blogs/chip-design/cloud-computing-architecture","step":"verify","ok":true}
{"t":"2026-09-10T13:14:16.063Z","path":"/blogs/chip-design/cloud-computing-deployment-models","step":"verify","ok":true}
{"t":"2026-09-10T13:14:18.505Z","path":"/blogs/chip-design/cloud-computing-features","step":"verify","ok":true}
{"t":"2026-09-10T13:14:18.675Z","path":"/blogs/chip-design/cloud-computing-facts","step":"verify","ok":true}
{"t":"2026-09-10T13:14:19.567Z","path":"/blogs/chip-design/cloud-computing-flexibility","step":"verify","ok":true}
{"t":"2026-09-10T13:14:21.864Z","path":"/blogs/chip-design/cloud-computing-infrastructure","step":"verify","ok":true}
{"t":"2026-09-10T13:14:24.352Z","path":"/blogs/chip-design/cloud-computing-overview","step":"verify","ok":true}
{"t":"2026-09-10T13:14:24.463Z","path":"/blogs/chip-design/cloud-computing-security-concerns","step":"verify","ok":true}
{"t":"2026-09-10T13:14:26.125Z","path":"/blogs/chip-design/cloud-computing-vs-traditional-it-structures","step":"verify","ok":true}
{"t":"2026-09-10T13:14:27.891Z","path":"/blogs/chip-design/cloud-configuration-management-tools","step":"verify","ok":true}
{"t":"2026-09-10T13:14:30.317Z","path":"/blogs/chip-design/cloud-data-center-architecture","step":"verify","ok":true}
{"t":"2026-09-10T13:14:30.594Z","path":"/blogs/chip-design/cloud-consumption","step":"verify","ok":true}
{"t":"2026-09-10T13:14:31.953Z","path":"/blogs/chip-design/cloud-eda-license-management","step":"verify","ok":true}
{"t":"2026-09-10T13:14:33.467Z","path":"/blogs/chip-design/cloud-eda-tools-enable-preconfigured-chip-design-flows","step":"verify","ok":true}
{"t":"2026-09-10T13:14:36.148Z","path":"/blogs/chip-design/cloud-eda-tools-scale-soc-design-and-verification","step":"verify","ok":true}
{"t":"2026-09-10T13:14:36.810Z","path":"/blogs/chip-design/cloud-eda-tools-fuel-semiconductor-design","step":"verify","ok":true}
{"t":"2026-09-10T13:14:38.104Z","path":"/blogs/chip-design/cloud-eda-tools-to-saas-model","step":"verify","ok":true}
{"t":"2026-09-10T13:14:39.156Z","path":"/blogs/chip-design/cloud-enabled-chip-design-education-concept-to-tapeout","step":"verify","ok":true}
{"t":"2026-09-10T13:14:41.736Z","path":"/blogs/chip-design/cloud-hpc-for-ai-architecture","step":"verify","ok":true}
{"t":"2026-09-10T13:14:42.745Z","path":"/blogs/chip-design/cloud-interoperability-chip-design","step":"verify","ok":true}
{"t":"2026-09-10T13:14:43.546Z","path":"/blogs/chip-design/cloud-native-benefits","step":"verify","ok":true}
{"t":"2026-09-10T13:14:44.805Z","path":"/blogs/chip-design/cloud-native-technologies","step":"verify","ok":true}
{"t":"2026-09-10T13:14:48.209Z","path":"/blogs/chip-design/cloud-predictions-2023","step":"verify","ok":true}
{"t":"2026-09-10T13:14:49.073Z","path":"/blogs/chip-design/cloud-security-architecture","step":"verify","ok":true}
{"t":"2026-09-10T13:14:50.108Z","path":"/blogs/chip-design/cloud-security-challenges","step":"verify","ok":true}
{"t":"2026-09-10T13:14:50.214Z","path":"/blogs/chip-design/cloud-native-vs-cloud-agnostic","step":"verify","ok":true}
{"t":"2026-09-10T13:14:53.949Z","path":"/blogs/chip-design/cloud-security-strategy","step":"verify","ok":true}
{"t":"2026-09-10T13:14:55.124Z","path":"/blogs/chip-design/cloud-soc-prototyping-fpga-prototyping-tools","step":"verify","ok":true}
{"t":"2026-09-10T13:14:55.771Z","path":"/blogs/chip-design/cloud-storage-security","step":"verify","ok":true}
{"t":"2026-09-10T13:14:56.169Z","path":"/blogs/chip-design/cloud-to-cloud-integration","step":"verify","ok":true}
{"t":"2026-09-10T13:14:59.968Z","path":"/blogs/chip-design/cloud-virtual-prototypes-sdvs","step":"verify","ok":true}
{"t":"2026-09-10T13:15:01.747Z","path":"/blogs/chip-design/cloud-workload-protection","step":"verify","ok":true}
{"t":"2026-09-10T13:15:02.135Z","path":"/blogs/chip-design/color-space-conversions-display","step":"verify","ok":true}
{"t":"2026-09-10T13:15:02.416Z","path":"/blogs/chip-design/community-service-synopsys-for-good","step":"verify","ok":true}
{"t":"2026-09-10T13:15:05.785Z","path":"/blogs/chip-design/comparing-cloud-on-premises-security-chip-design","step":"verify","ok":true}
{"t":"2026-09-10T13:15:07.885Z","path":"/blogs/chip-design/compliance-load-board-verification-for-pcie-6-designs","step":"verify","ok":true}
{"t":"2026-09-10T13:15:08.596Z","path":"/blogs/chip-design/complete-ufs-5-0-m-phy-v6-0-ip-solution-storage","step":"verify","ok":true}
{"t":"2026-09-10T13:15:08.828Z","path":"/blogs/chip-design/computational-lithography-chip-design-with-nvidia","step":"verify","ok":true}
{"t":"2026-09-10T13:15:12.065Z","path":"/blogs/chip-design/compute-capacity","step":"verify","ok":true}
{"t":"2026-09-10T13:15:14.447Z","path":"/blogs/chip-design/continuous-integration-practices","step":"verify","ok":true}
{"t":"2026-09-10T13:15:14.531Z","path":"/blogs/chip-design/connected-vehicle-cybersecurity-wireless-comm","step":"verify","ok":true}
{"t":"2026-09-10T13:15:15.132Z","path":"/blogs/chip-design/copilot-generative-ai-chip-design","step":"verify","ok":true}
{"t":"2026-09-10T13:15:18.375Z","path":"/blogs/chip-design/copper-ai-interconnect","step":"verify","ok":true}
{"t":"2026-09-10T13:15:20.078Z","path":"/blogs/chip-design/corporate-social-responsibility-report-2021","step":"verify","ok":true}
{"t":"2026-09-10T13:15:20.187Z","path":"/blogs/chip-design/coverage-models-memory-vip-solutions","step":"verify","ok":true}
{"t":"2026-09-10T13:15:20.724Z","path":"/blogs/chip-design/cpo-multi-die-design","step":"verify","ok":true}
{"t":"2026-09-10T13:15:24.202Z","path":"/blogs/chip-design/create-ai-accelerator-chip-18-months-neuchips","step":"verify","ok":true}
{"t":"2026-09-10T13:15:25.724Z","path":"/blogs/chip-design/cryogenic-cmos-computing-semiwise","step":"verify","ok":true}
{"t":"2026-09-10T13:15:25.763Z","path":"/blogs/chip-design/custom-compiler-design-assistants-part-2","step":"verify","ok":true}
{"t":"2026-09-10T13:15:27.582Z","path":"/blogs/chip-design/custom-compiler-design-assistants","step":"verify","ok":true}
{"t":"2026-09-10T13:15:30.136Z","path":"/blogs/chip-design/custom-compiler-design-insights","step":"verify","ok":true}
{"t":"2026-09-10T13:15:31.499Z","path":"/blogs/chip-design/custom-compiler-layout","step":"verify","ok":true}
{"t":"2026-09-10T13:15:32.626Z","path":"/blogs/chip-design/custom-design-family-customer-testimonials","step":"verify","ok":true}
{"t":"2026-09-10T13:15:34.230Z","path":"/blogs/chip-design/custom-routing-cmos-image-sensors-co-design-flow","step":"verify","ok":true}
{"t":"2026-09-10T13:15:36.161Z","path":"/blogs/chip-design/customizing-foundation-ip-low-voltage-design","step":"verify","ok":true}
{"t":"2026-09-10T13:15:38.399Z","path":"/blogs/chip-design/cxl-2-data-center-interconnects","step":"verify","ok":true}
{"t":"2026-09-10T13:15:38.480Z","path":"/blogs/chip-design/cxl-2-device-discovery-path","step":"verify","ok":true}
{"t":"2026-09-10T13:15:40.644Z","path":"/blogs/chip-design/cxl-3-0-verification-solution-synopsys","step":"verify","ok":true}
{"t":"2026-09-10T13:15:42.446Z","path":"/blogs/chip-design/cxl-3-1-standard","step":"verify","ok":true}
{"t":"2026-09-10T13:15:44.358Z","path":"/blogs/chip-design/cxl-4-bandwidth-first-what-designers-are-solving-next","step":"verify","ok":true}
{"t":"2026-09-10T13:15:44.707Z","path":"/blogs/chip-design/cxl-3-protocol-standard-demo-sc24","step":"verify","ok":true}
{"t":"2026-09-10T13:15:46.726Z","path":"/blogs/chip-design/cxl-4-ip-solution-ai-memory-connectivity","step":"verify","ok":true}
{"t":"2026-09-10T13:15:48.748Z","path":"/blogs/chip-design/cxl-compliance-testevent","step":"verify","ok":true}
{"t":"2026-09-10T13:15:49.849Z","path":"/blogs/chip-design/cxl-design-verification-synopsys-protocol","step":"verify","ok":true}
{"t":"2026-09-10T13:15:50.292Z","path":"/blogs/chip-design/cxl-protocol-memory-pooling","step":"verify","ok":true}
{"t":"2026-09-10T13:15:52.729Z","path":"/blogs/chip-design/cxl-secured-network-traffic-specification","step":"verify","ok":true}
{"t":"2026-09-10T13:15:55.198Z","path":"/blogs/chip-design/cybersecurity-qa-cso-deirdre-hanford","step":"verify","ok":true}
{"t":"2026-09-10T13:15:55.591Z","path":"/blogs/chip-design/darpa-aiss-security-deirdre-hanford","step":"verify","ok":true}
{"t":"2026-09-10T13:15:55.926Z","path":"/blogs/chip-design/data-volume-growth-and-moores-law","step":"verify","ok":true}
{"t":"2026-09-10T13:15:58.464Z","path":"/blogs/chip-design/datapath-validation-artificial-intelligence-mathematical-cores","step":"verify","ok":true}
{"t":"2026-09-10T13:16:00.859Z","path":"/blogs/chip-design/ddr-generations-memory-density-speed","step":"verify","ok":true}
{"t":"2026-09-10T13:16:01.119Z","path":"/blogs/chip-design/ddr5-technology-advancements-performance","step":"verify","ok":true}
{"t":"2026-09-10T13:16:03.606Z","path":"/blogs/chip-design/debugging-x-can-be-difficult","step":"verify","ok":true}
{"t":"2026-09-10T13:16:04.144Z","path":"/blogs/chip-design/delivering-lpddr6-read-write-eyes-10-6-gbps","step":"verify","ok":true}
{"t":"2026-09-10T13:16:07.145Z","path":"/blogs/chip-design/demanding-chip-complexity-manufacturing-requirements-call-for-data-analytics","step":"verify","ok":true}
{"t":"2026-09-10T13:16:07.414Z","path":"/blogs/chip-design/demystifying-pcie-pipe-serdes-architecture","step":"verify","ok":true}
{"t":"2026-09-10T13:16:10.021Z","path":"/blogs/chip-design/designing-ai-chips-interview-thomas-andersen","step":"verify","ok":true}
{"t":"2026-09-10T13:16:10.040Z","path":"/blogs/chip-design/design-automation-conference-2022","step":"verify","ok":true}
{"t":"2026-09-10T13:16:12.929Z","path":"/blogs/chip-design/designing-chips-with-ai-enabled-tools","step":"verify","ok":true}
{"t":"2026-09-10T13:16:13.838Z","path":"/blogs/chip-design/designing-electrostatic-discharge-protection-for-monolithic-socs-and-multi-die-systems","step":"verify","ok":true}
{"t":"2026-09-10T13:16:16.019Z","path":"/blogs/chip-design/dfi-5-enhances-ddr5-lpddr5-performance","step":"verify","ok":true}
{"t":"2026-09-10T13:16:16.227Z","path":"/blogs/chip-design/designing-hbm3-high-bandwidth-memory-interfaces","step":"verify","ok":true}
{"t":"2026-09-10T13:16:19.256Z","path":"/blogs/chip-design/die-to-die-connectivity-for-hpc","step":"verify","ok":true}
{"t":"2026-09-10T13:16:19.917Z","path":"/blogs/chip-design/difference-between-mom-mim-mos-capacitor","step":"verify","ok":true}
{"t":"2026-09-10T13:16:21.796Z","path":"/blogs/chip-design/digital-engineering-transforms-chips-future","step":"verify","ok":true}
{"t":"2026-09-10T13:16:21.988Z","path":"/blogs/chip-design/digital-design-tech-symposium-2021","step":"verify","ok":true}
{"t":"2026-09-10T13:16:24.916Z","path":"/blogs/chip-design/digital-media-internship-program","step":"verify","ok":true}
{"t":"2026-09-10T13:16:26.484Z","path":"/blogs/chip-design/digital-twins-drive-innovation-in-auto-industry","step":"verify","ok":true}
{"t":"2026-09-10T13:16:27.655Z","path":"/blogs/chip-design/digital-twins-semiconductor-industry","step":"verify","ok":true}
{"t":"2026-09-10T13:16:28.301Z","path":"/blogs/chip-design/digital-twins-transform-aerospace-defense","step":"verify","ok":true}
{"t":"2026-09-10T13:16:31.042Z","path":"/blogs/chip-design/displayport-2-features-20gbps-16k","step":"verify","ok":true}
{"t":"2026-09-10T13:16:32.548Z","path":"/blogs/chip-design/distributed-object-storage","step":"verify","ok":true}
{"t":"2026-09-10T13:16:32.920Z","path":"/blogs/chip-design/dma-enhances-computer-performance","step":"verify","ok":true}
{"t":"2026-09-10T13:16:34.612Z","path":"/blogs/chip-design/dod-microelectronics-commons-hub-eda-tools","step":"verify","ok":true}
{"t":"2026-09-10T13:16:36.925Z","path":"/blogs/chip-design/driving-the-future-renesas-r-car-gen-5-virtual-prototypes-enable-sdvs","step":"verify","ok":true}
{"t":"2026-09-10T13:16:37.742Z","path":"/blogs/chip-design/dvcon-2024-multi-die-verification-panel","step":"verify","ok":true}
{"t":"2026-09-10T13:16:38.441Z","path":"/blogs/chip-design/dynamic-hdr-hdmi2-for-tv-mobiles","step":"verify","ok":true}
{"t":"2026-09-10T13:16:40.244Z","path":"/blogs/chip-design/eda-cloud-predictions-2024","step":"verify","ok":true}
{"t":"2026-09-10T13:16:42.692Z","path":"/blogs/chip-design/eda-in-the-cloud-snug-2023","step":"verify","ok":true}
{"t":"2026-09-10T13:16:43.134Z","path":"/blogs/chip-design/eda-license-management","step":"verify","ok":true}
{"t":"2026-09-10T13:16:44.452Z","path":"/blogs/chip-design/eda-tools-dso-ai-100-tapeouts","step":"verify","ok":true}
{"t":"2026-09-10T13:16:45.501Z","path":"/blogs/chip-design/eda-tools-for-aerospace-chip-designers","step":"verify","ok":true}
{"t":"2026-09-10T13:16:48.667Z","path":"/blogs/chip-design/eda-tools-ip-solutions-and-auto-compliance","step":"verify","ok":true}
{"t":"2026-09-10T13:16:48.833Z","path":"/blogs/chip-design/eda-tools-help-students-build-ic-design-skills","step":"verify","ok":true}
{"t":"2026-09-10T13:16:50.319Z","path":"/blogs/chip-design/eda-workloads-amd-epyc-processors","step":"verify","ok":true}
{"t":"2026-09-10T13:16:50.853Z","path":"/blogs/chip-design/eda-workloads-amd-processors","step":"verify","ok":true}
{"t":"2026-09-10T13:16:53.701Z","path":"/blogs/chip-design/eda-workloads-hybrid-cloud-solution","step":"verify","ok":true}
{"t":"2026-09-10T13:16:53.922Z","path":"/blogs/chip-design/eda-workloads","step":"verify","ok":true}
{"t":"2026-09-10T13:16:55.936Z","path":"/blogs/chip-design/edge-ai-where-artificial-intelligence-meets-the-physical-world","step":"verify","ok":true}
{"t":"2026-09-10T13:16:56.339Z","path":"/blogs/chip-design/edge-ai-in-memory-compute","step":"verify","ok":true}
{"t":"2026-09-10T13:16:58.702Z","path":"/blogs/chip-design/edge-computing-architecture","step":"verify","ok":true}
{"t":"2026-09-10T13:17:00.331Z","path":"/blogs/chip-design/edge-computing-benefits-and-challenges","step":"verify","ok":true}
{"t":"2026-09-10T13:17:01.609Z","path":"/blogs/chip-design/edge-machine-learning-apps-sima-ai-synopsys","step":"verify","ok":true}
{"t":"2026-09-10T13:17:02.264Z","path":"/blogs/chip-design/edp-verification-challenges-panel-refresh","step":"verify","ok":true}
{"t":"2026-09-10T13:17:04.689Z","path":"/blogs/chip-design/efficient-interconnect-planning-synopsys-ic-compiler-ii","step":"verify","ok":true}
{"t":"2026-09-10T13:17:06.500Z","path":"/blogs/chip-design/electron-beam-lithography-multibeam","step":"verify","ok":true}
{"t":"2026-09-10T13:17:07.438Z","path":"/blogs/chip-design/electronic-design-snug-israel-2022","step":"verify","ok":true}
{"t":"2026-09-10T13:17:08.637Z","path":"/blogs/chip-design/electronics-digital-twin-automotive-innovation","step":"verify","ok":true}
{"t":"2026-09-10T13:17:10.349Z","path":"/blogs/chip-design/electronics-digital-twin-edt","step":"verify","ok":true}
{"t":"2026-09-10T13:17:12.208Z","path":"/blogs/chip-design/electronics-digital-twin-platform","step":"verify","ok":true}
{"t":"2026-09-10T13:17:13.462Z","path":"/blogs/chip-design/electronics-industry-sustainable-world","step":"verify","ok":true}
{"t":"2026-09-10T13:17:14.214Z","path":"/blogs/chip-design/emulation-helps-find-power-bugs-soc-verification","step":"verify","ok":true}
{"t":"2026-09-10T13:17:16.167Z","path":"/blogs/chip-design/emulation-technology-soc-power-verification","step":"verify","ok":true}
{"t":"2026-09-10T13:17:17.854Z","path":"/blogs/chip-design/enabling-electronics-digital-twins-with-nxp-s32n-processor-vdks","step":"verify","ok":true}
{"t":"2026-09-10T13:17:19.689Z","path":"/blogs/chip-design/energy-efficient-ai-accelerator-data-centers","step":"verify","ok":true}
{"t":"2026-09-10T13:17:20.082Z","path":"/blogs/chip-design/enabling-superior-rtl-with-synopsys-rtl-architect-discussion-with-vineet-rashingkar","step":"verify","ok":true}
{"t":"2026-09-10T13:17:21.633Z","path":"/blogs/chip-design/energy-efficient-ai-per-watt","step":"verify","ok":true}
{"t":"2026-09-10T13:17:23.943Z","path":"/blogs/chip-design/energy-efficient-compute-designs-cxl-3-0-verification-ip","step":"verify","ok":true}
{"t":"2026-09-10T13:17:25.145Z","path":"/blogs/chip-design/engineering-intelligent-systems-multiphysics-world","step":"verify","ok":true}
{"t":"2026-09-10T13:17:25.813Z","path":"/blogs/chip-design/enhance-chip-verification-with-ai-and-machine-learning","step":"verify","ok":true}
{"t":"2026-09-10T13:17:27.442Z","path":"/blogs/chip-design/enhancing-chip-design-simulation-with-artificial-intelligence","step":"verify","ok":true}
{"t":"2026-09-10T13:17:29.490Z","path":"/blogs/chip-design/enhancing-chip-design-with-ai","step":"verify","ok":true}
{"t":"2026-09-10T13:17:31.131Z","path":"/blogs/chip-design/enterprise-generative-ai-tools-roi","step":"verify","ok":true}
{"t":"2026-09-10T13:17:31.569Z","path":"/blogs/chip-design/ensuring-reliability-haps-physical-prototyping-systems","step":"verify","ok":true}
{"t":"2026-09-10T13:17:33.588Z","path":"/blogs/chip-design/equivalence-checking-and-functional-eco","step":"verify","ok":true}
{"t":"2026-09-10T13:17:35.379Z","path":"/blogs/chip-design/esd-electrostatic-discharge-analysis-prevention","step":"verify","ok":true}
{"t":"2026-09-10T13:17:36.806Z","path":"/blogs/chip-design/esp-bridging-the-gap-video-series","step":"verify","ok":true}
{"t":"2026-09-10T13:17:37.133Z","path":"/blogs/chip-design/esp-equivalence-checking-custom-design-interview-almitra-pradhan","step":"verify","ok":true}
{"t":"2026-09-10T13:17:38.983Z","path":"/blogs/chip-design/esp-technology-high-coverage-symbolic-verification","step":"verify","ok":true}
{"t":"2026-09-10T13:17:40.897Z","path":"/blogs/chip-design/essential-cloud-computing-characteristics","step":"verify","ok":true}
{"t":"2026-09-10T13:17:42.814Z","path":"/blogs/chip-design/esun-ethernet-ai-scale-up-networking","step":"verify","ok":true}
{"t":"2026-09-10T13:17:42.882Z","path":"/blogs/chip-design/ethernet-1-6t-vip-and-protocol-solutions","step":"verify","ok":true}
{"t":"2026-09-10T13:17:44.789Z","path":"/blogs/chip-design/ethernet-802-3ck-800g-terabit-speeds","step":"verify","ok":true}
{"t":"2026-09-10T13:17:46.617Z","path":"/blogs/chip-design/ethernet-connectivity-for-hyperscale-data-centers","step":"verify","ok":true}
{"t":"2026-09-10T13:17:48.354Z","path":"/blogs/chip-design/ethernet-interoperability-simulation","step":"verify","ok":true}
{"t":"2026-09-10T13:17:48.840Z","path":"/blogs/chip-design/ethernet-evolution-trends-challenges-future","step":"verify","ok":true}
{"t":"2026-09-10T13:17:50.044Z","path":"/blogs/chip-design/ethernet-tsn-automotive-avb-applications","step":"verify","ok":true}
{"t":"2026-09-10T13:17:54.097Z","path":"/blogs/chip-design/ethernet-tsn-synopsys-verification","step":"verify","ok":true}
{"t":"2026-09-10T13:17:54.178Z","path":"/blogs/chip-design/europe-semiconductor-workforce-development","step":"verify","ok":true}
{"t":"2026-09-10T13:17:54.470Z","path":"/blogs/chip-design/evolution-of-synthesis-navigating-complex-rules-in-finfet-era","step":"verify","ok":true}
{"t":"2026-09-10T13:17:56.341Z","path":"/blogs/chip-design/evolution-pvt-ip-ams-digitally-assisted-analog-daa","step":"verify","ok":true}
{"t":"2026-09-10T13:18:00.369Z","path":"/blogs/chip-design/examining-data-bus-inversions-for-lpddr-in-stateye","step":"verify","ok":true}
{"t":"2026-09-10T13:18:00.968Z","path":"/blogs/chip-design/explaining-bizarre-results-p2p-resistance-current-density-on-chip-esd-network-simulations","step":"verify","ok":true}
{"t":"2026-09-10T13:18:01.126Z","path":"/blogs/chip-design/exploring-resistance-extraction-techniques-starrc","step":"verify","ok":true}
{"t":"2026-09-10T13:18:02.751Z","path":"/blogs/chip-design/exploring-technical-features-of-starrc-merge-corners","step":"verify","ok":true}
{"t":"2026-09-10T13:18:07.164Z","path":"/blogs/chip-design/exploring-transistor-architecture-for-the-5-nm-node-and-beyond","step":"verify","ok":true}
{"t":"2026-09-10T13:18:07.190Z","path":"/blogs/chip-design/extraction-custom-design-advanced-nodes-interview-mo-movahed-ezazi","step":"verify","ok":true}
{"t":"2026-09-10T13:18:07.506Z","path":"/blogs/chip-design/extending-mobile-soc-battery-life","step":"verify","ok":true}
{"t":"2026-09-10T13:18:09.004Z","path":"/blogs/chip-design/fanout-rdl-routing-design-automation","step":"verify","ok":true}
{"t":"2026-09-10T13:18:13.020Z","path":"/blogs/chip-design/fast-accurate-virtual-prototyping","step":"verify","ok":true}
{"t":"2026-09-10T13:18:13.207Z","path":"/blogs/chip-design/fast-soc-emulation-boost-chip-verification","step":"verify","ok":true}
{"t":"2026-09-10T13:18:13.600Z","path":"/blogs/chip-design/faster-chip-timing-signoff-flexeda","step":"verify","ok":true}
{"t":"2026-09-10T13:18:15.097Z","path":"/blogs/chip-design/faster-chiplet-soc-design-with-arm-collaboration","step":"verify","ok":true}
{"t":"2026-09-10T13:18:19.069Z","path":"/blogs/chip-design/faster-prototyping-haps","step":"verify","ok":true}
{"t":"2026-09-10T13:18:19.348Z","path":"/blogs/chip-design/faster-waveform-dumping-verdi-vcs","step":"verify","ok":true}
{"t":"2026-09-10T13:18:20.048Z","path":"/blogs/chip-design/fault-simulation-techniques-for-safety-critical-chip-designs","step":"verify","ok":true}
{"t":"2026-09-10T13:18:21.590Z","path":"/blogs/chip-design/fault-simulation-techniques","step":"verify","ok":true}
{"t":"2026-09-10T13:18:24.727Z","path":"/blogs/chip-design/finding-hardware-bugs-faster","step":"verify","ok":true}
{"t":"2026-09-10T13:18:25.295Z","path":"/blogs/chip-design/first-mobile-phone-usb-type-c","step":"verify","ok":true}
{"t":"2026-09-10T13:18:26.534Z","path":"/blogs/chip-design/first-verification-ip-arm-amba","step":"verify","ok":true}
{"t":"2026-09-10T13:18:27.256Z","path":"/blogs/chip-design/first-verification-ips-arm-amba","step":"verify","ok":true}
{"t":"2026-09-10T13:18:30.482Z","path":"/blogs/chip-design/formal-chip-design-verification-in-the-cloud","step":"verify","ok":true}
{"t":"2026-09-10T13:18:31.396Z","path":"/blogs/chip-design/formal-verification-increases-soc-design-productivity","step":"verify","ok":true}
{"t":"2026-09-10T13:18:32.806Z","path":"/blogs/chip-design/fpga-prototyping-for-high-rtl-debug-productivity","step":"verify","ok":true}
{"t":"2026-09-10T13:18:33.156Z","path":"/blogs/chip-design/fpga-prototyping-powers-soc-process","step":"verify","ok":true}
{"t":"2026-09-10T13:18:36.891Z","path":"/blogs/chip-design/fpga-prototyping-scaled-out-chip-design-validation","step":"verify","ok":true}
{"t":"2026-09-10T13:18:38.137Z","path":"/blogs/chip-design/freertos-virtual-ecu-development-validation-silver","step":"verify","ok":true}
{"t":"2026-09-10T13:18:38.891Z","path":"/blogs/chip-design/functional-safety-automotive-digital-mipi-cse","step":"verify","ok":true}
{"t":"2026-09-10T13:18:39.355Z","path":"/blogs/chip-design/fujitsu-monaka-green-data-centers","step":"verify","ok":true}
{"t":"2026-09-10T13:18:43.327Z","path":"/blogs/chip-design/functional-safety-implementation-goes-mainstream","step":"verify","ok":true}
{"t":"2026-09-10T13:18:44.235Z","path":"/blogs/chip-design/fusion-compiler-scaling-design","step":"verify","ok":true}
{"t":"2026-09-10T13:18:44.572Z","path":"/blogs/chip-design/fundamentals-of-cloud-computing-and-its-role-in-eda","step":"verify","ok":true}
{"t":"2026-09-10T13:18:45.102Z","path":"/blogs/chip-design/future-gaming-displays-advancements","step":"verify","ok":true}
{"t":"2026-09-10T13:18:49.849Z","path":"/blogs/chip-design/future-mobility-arm-zena-soafee-workflows-ces","step":"verify","ok":true}
{"t":"2026-09-10T13:18:49.905Z","path":"/blogs/chip-design/future-of-auto-sensor-fusion-data-handling","step":"verify","ok":true}
{"t":"2026-09-10T13:18:50.226Z","path":"/blogs/chip-design/future-of-ai-in-chip-design","step":"verify","ok":true}
{"t":"2026-09-10T13:18:51.626Z","path":"/blogs/chip-design/future-of-electronic-design-automation","step":"verify","ok":true}
{"t":"2026-09-10T13:18:55.844Z","path":"/blogs/chip-design/gate-all-around-complementary-fets-whats-next-transistor-scaling","step":"verify","ok":true}
{"t":"2026-09-10T13:18:56.150Z","path":"/blogs/chip-design/gate-resistance-ic-design-flow","step":"verify","ok":true}
{"t":"2026-09-10T13:18:56.814Z","path":"/blogs/chip-design/future-semiconductor-industry-multi-die","step":"verify","ok":true}
{"t":"2026-09-10T13:18:57.190Z","path":"/blogs/chip-design/gddr6-ai-vr-autonomous-driving","step":"verify","ok":true}
{"t":"2026-09-10T13:19:01.424Z","path":"/blogs/chip-design/generative-agentic-ai-chip-design","step":"verify","ok":true}
{"t":"2026-09-10T13:19:02.029Z","path":"/blogs/chip-design/generative-ai-chip-design-panel","step":"verify","ok":true}
{"t":"2026-09-10T13:19:02.409Z","path":"/blogs/chip-design/generative-ai-computex-2024","step":"verify","ok":true}
{"t":"2026-09-10T13:19:02.868Z","path":"/blogs/chip-design/generative-ai-in-chip-design-2024","step":"verify","ok":true}
{"t":"2026-09-10T13:19:08.297Z","path":"/blogs/chip-design/ghg-emission-reduction-goals","step":"verify","ok":true}
{"t":"2026-09-10T13:19:08.745Z","path":"/blogs/chip-design/golden-signoff-backbone-fusion-compiler-neeraj-kaul","step":"verify","ok":true}
{"t":"2026-09-10T13:19:09.423Z","path":"/blogs/chip-design/good-activity-data-improve-your-dynamic-voltage-drop-analysis","step":"verify","ok":true}
{"t":"2026-09-10T13:19:09.532Z","path":"/blogs/chip-design/generative-ai-semiconductor-industry-eda-panel","step":"verify","ok":true}
{"t":"2026-09-10T13:19:14.987Z","path":"/blogs/chip-design/good-enough-government-work","step":"verify","ok":true}
{"t":"2026-09-10T13:19:15.360Z","path":"/blogs/chip-design/gpu-acceleration-chip-design-flow","step":"verify","ok":true}
{"t":"2026-09-10T13:19:15.729Z","path":"/blogs/chip-design/haps-prototyping-systems-use-cases-benefits","step":"verify","ok":true}
{"t":"2026-09-10T13:19:16.263Z","path":"/blogs/chip-design/hardware-root-of-trust-security","step":"verify","ok":true}
{"t":"2026-09-10T13:19:21.138Z","path":"/blogs/chip-design/hardware-security-vs-software-security","step":"verify","ok":true}
{"t":"2026-09-10T13:19:21.649Z","path":"/blogs/chip-design/hbm-performance-verification-guide","step":"verify","ok":true}
{"t":"2026-09-10T13:19:21.696Z","path":"/blogs/chip-design/hbm-signal-integrity-after-routing","step":"verify","ok":true}
{"t":"2026-09-10T13:19:22.709Z","path":"/blogs/chip-design/hbm3-next-generation-memory-standard","step":"verify","ok":true}
{"t":"2026-09-10T13:19:27.008Z","path":"/blogs/chip-design/hdmi-2-1-channeling-the-genx-audio-video-experience","step":"verify","ok":true}
{"t":"2026-09-10T13:19:27.268Z","path":"/blogs/chip-design/hdmi-2-1a-sbtm-gaming-acceleration","step":"verify","ok":true}
{"t":"2026-09-10T13:19:28.240Z","path":"/blogs/chip-design/hdmi-hdcp2-authentication-process","step":"verify","ok":true}
{"t":"2026-09-10T13:19:29.253Z","path":"/blogs/chip-design/hdmi-quick-media-switching","step":"verify","ok":true}
{"t":"2026-09-10T13:19:33.114Z","path":"/blogs/chip-design/hdmi-scrambling-higher-data-rates","step":"verify","ok":true}
{"t":"2026-09-10T13:19:33.405Z","path":"/blogs/chip-design/heterogeneous-clusters-and-dynamic-scaling","step":"verify","ok":true}
{"t":"2026-09-10T13:19:34.476Z","path":"/blogs/chip-design/high-bandwidth-memory-hbm-ai-future","step":"verify","ok":true}
{"t":"2026-09-10T13:19:34.947Z","path":"/blogs/chip-design/high-capacity-high-performance-flash-memory","step":"verify","ok":true}
{"t":"2026-09-10T13:19:39.531Z","path":"/blogs/chip-design/high-na-euv-computational-lithography","step":"verify","ok":true}
{"t":"2026-09-10T13:19:39.739Z","path":"/blogs/chip-design/high-frequency-jitter-amplification-accuracy-stateye","step":"verify","ok":true}
{"t":"2026-09-10T13:19:40.414Z","path":"/blogs/chip-design/high-performance-compute-eda-cloud","step":"verify","ok":true}
{"t":"2026-09-10T13:19:41.449Z","path":"/blogs/chip-design/high-performance-computing-2022","step":"verify","ok":true}
{"t":"2026-09-10T13:19:45.275Z","path":"/blogs/chip-design/high-performance-computing-applications","step":"verify","ok":true}
{"t":"2026-09-10T13:19:46.592Z","path":"/blogs/chip-design/high-performance-computing-architecture","step":"verify","ok":true}
{"t":"2026-09-10T13:19:47.064Z","path":"/blogs/chip-design/high-performance-computing-cluster","step":"verify","ok":true}
{"t":"2026-09-10T13:19:47.188Z","path":"/blogs/chip-design/high-performance-simulation-predictable-capacity-uplift-cloud","step":"verify","ok":true}
{"t":"2026-09-10T13:19:51.050Z","path":"/blogs/chip-design/high-performance-storage","step":"verify","ok":true}
{"t":"2026-09-10T13:19:52.839Z","path":"/blogs/chip-design/how-3dic-compiler-powers-multidie-design-breakthroughs","step":"verify","ok":true}
{"t":"2026-09-10T13:19:52.918Z","path":"/blogs/chip-design/high-res-displays-hdmi-dsc","step":"verify","ok":true}
{"t":"2026-09-10T13:19:52.935Z","path":"/blogs/chip-design/high-speed-memory-smartphones-mipi","step":"verify","ok":true}
{"t":"2026-09-10T13:19:57.850Z","path":"/blogs/chip-design/how-ai-changed-chip-design-eda-tools","step":"verify","ok":true}
{"t":"2026-09-10T13:19:58.416Z","path":"/blogs/chip-design/how-ai-changes-chip-design-flow","step":"verify","ok":true}
{"t":"2026-09-10T13:19:59.102Z","path":"/blogs/chip-design/how-cameras-use-ai-neural-network-image-processing","step":"verify","ok":true}
{"t":"2026-09-10T13:19:59.997Z","path":"/blogs/chip-design/how-asu-researcher-became-chip-designer","step":"verify","ok":true}
{"t":"2026-09-10T13:20:04.649Z","path":"/blogs/chip-design/how-certify-supercomputer","step":"verify","ok":true}
{"t":"2026-09-10T13:20:05.112Z","path":"/blogs/chip-design/how-dtco-advances-chip-design-process","step":"verify","ok":true}
{"t":"2026-09-10T13:20:05.652Z","path":"/blogs/chip-design/how-eda-forms-basis-for-designing-secure-systems","step":"verify","ok":true}
{"t":"2026-09-10T13:20:06.191Z","path":"/blogs/chip-design/how-prototyping-increases-interoperability-success","step":"verify","ok":true}
{"t":"2026-09-10T13:20:10.944Z","path":"/blogs/chip-design/how-secure-ddr-interfaces-protect-dram-from-memory-attacks","step":"verify","ok":true}
{"t":"2026-09-10T13:20:11.844Z","path":"/blogs/chip-design/how-socs-are-designed-for-ai-applications","step":"verify","ok":true}
{"t":"2026-09-10T13:20:12.159Z","path":"/blogs/chip-design/how-synopsys-and-quintauris-accelerate-the-path-to-production","step":"verify","ok":true}
{"t":"2026-09-10T13:20:12.916Z","path":"/blogs/chip-design/how-to-build-chips-functional-safety-applications","step":"verify","ok":true}
{"t":"2026-09-10T13:20:17.866Z","path":"/blogs/chip-design/how-to-design-socs-for-the-sysmoore-era","step":"verify","ok":true}
{"t":"2026-09-10T13:20:17.972Z","path":"/blogs/chip-design/how-to-integrate-usb4-in-soc-design","step":"verify","ok":true}
{"t":"2026-09-10T13:20:18.484Z","path":"/blogs/chip-design/how-to-maximize-pcie-6-with-end-to-end-design-solutions","step":"verify","ok":true}
{"t":"2026-09-10T13:20:18.736Z","path":"/blogs/chip-design/how-to-secure-auto-ota-updates","step":"verify","ok":true}
{"t":"2026-09-10T13:20:24.330Z","path":"/blogs/chip-design/hpc-multi-die-chip-design-2025","step":"verify","ok":true}
{"t":"2026-09-10T13:20:24.371Z","path":"/blogs/chip-design/hpc-applications-drive-chiplet-demand","step":"verify","ok":true}
{"t":"2026-09-10T13:20:24.901Z","path":"/blogs/chip-design/hpc-data-center-power-consumption","step":"verify","ok":true}
{"t":"2026-09-10T13:20:28.505Z","path":"/blogs/chip-design/hpc-and-cloud-predictions-2021","step":"verify","ok":true}
{"t":"2026-09-10T13:20:30.522Z","path":"/blogs/chip-design/hpe-hpc-chip-design-tools","step":"verify","ok":true}
{"t":"2026-09-10T13:20:31.173Z","path":"/blogs/chip-design/hybrid-cloud-architecture-benefits-and-challenges","step":"verify","ok":true}
{"t":"2026-09-10T13:20:31.284Z","path":"/blogs/chip-design/hybrid-cloud-chip-design-agility-efficiency","step":"verify","ok":true}
{"t":"2026-09-10T13:20:34.571Z","path":"/blogs/chip-design/hybrid-cloud-integration","step":"verify","ok":true}
{"t":"2026-09-10T13:20:36.618Z","path":"/blogs/chip-design/hybrid-prototyping-solution","step":"verify","ok":true}
{"t":"2026-09-10T13:20:36.930Z","path":"/blogs/chip-design/hyper-convergent-chip-design-tools-power-soc","step":"verify","ok":true}
{"t":"2026-09-10T13:20:37.525Z","path":"/blogs/chip-design/hyper-convergent-chip-designs-news-and-trends","step":"verify","ok":true}
{"t":"2026-09-10T13:20:40.957Z","path":"/blogs/chip-design/hyper-convergent-chip-designs","step":"verify","ok":true}
{"t":"2026-09-10T13:20:42.808Z","path":"/blogs/chip-design/hyperscale-data-center-security-cloud-computing","step":"verify","ok":true}
{"t":"2026-09-10T13:20:42.983Z","path":"/blogs/chip-design/hyperscale-data-centers-224g-serdes-ethernet","step":"verify","ok":true}
{"t":"2026-09-10T13:20:44.234Z","path":"/blogs/chip-design/i3c-vip-hdr-multi-lane-verification","step":"verify","ok":true}
{"t":"2026-09-10T13:20:47.315Z","path":"/blogs/chip-design/ibm-research-ai-hardware-center","step":"verify","ok":true}
{"t":"2026-09-10T13:20:48.375Z","path":"/blogs/chip-design/ic-design-engineer-training-vietnam","step":"verify","ok":true}
{"t":"2026-09-10T13:20:50.929Z","path":"/blogs/chip-design/ic-design-tools-enable-ic-hyperconvergence","step":"verify","ok":true}
{"t":"2026-09-10T13:20:53.548Z","path":"/blogs/chip-design/ieee-8023-launches-study-group-400gbps-per-lane-ethernet-ai-networks","step":"verify","ok":true}
{"t":"2026-09-10T13:20:54.627Z","path":"/blogs/chip-design/ieee-standards-functional-safety","step":"verify","ok":true}
{"t":"2026-09-10T13:20:57.596Z","path":"/blogs/chip-design/impare-chip-design-verification-cloud","step":"verify","ok":true}
{"t":"2026-09-10T13:20:58.439Z","path":"/blogs/chip-design/ic-design-reliability-analysis-primesim-continuum","step":"verify","ok":true}
{"t":"2026-09-10T13:20:59.660Z","path":"/blogs/chip-design/improve-ai-chip-power-efficiency","step":"verify","ok":true}
{"t":"2026-09-10T13:21:01.660Z","path":"/blogs/chip-design/improved-power-system-optimization-soc-designs","step":"verify","ok":true}
{"t":"2026-09-10T13:21:03.622Z","path":"/blogs/chip-design/improving-analog-layout-efficiency-with-reusable-user-defined-device","step":"verify","ok":true}
{"t":"2026-09-10T13:21:05.046Z","path":"/blogs/chip-design/improving-design-robustness-primeshield-discussion-li-ding","step":"verify","ok":true}
{"t":"2026-09-10T13:21:05.929Z","path":"/blogs/chip-design/improving-quality-of-results-with-design-compiler-nxt","step":"verify","ok":true}
{"t":"2026-09-10T13:21:07.178Z","path":"/blogs/chip-design/improving-results-quickly-with-singular-rtl-to-gdsii-product","step":"verify","ok":true}
{"t":"2026-09-10T13:21:10.306Z","path":"/blogs/chip-design/improving-robustness-design-variability","step":"verify","ok":true}
{"t":"2026-09-10T13:21:12.098Z","path":"/blogs/chip-design/india-semiconductor-industry-influence","step":"verify","ok":true}
{"t":"2026-09-10T13:21:12.367Z","path":"/blogs/chip-design/improving-semiconductor-yield-with-test-data-analytics","step":"verify","ok":true}
{"t":"2026-09-10T13:21:15.126Z","path":"/blogs/chip-design/industry-1stcxl-verification-ip-transforming-aihpc-systems","step":"verify","ok":true}
{"t":"2026-09-10T13:21:16.289Z","path":"/blogs/chip-design/industry-first-verification-ip-arm-amb-dtih","step":"verify","ok":true}
{"t":"2026-09-10T13:21:18.120Z","path":"/blogs/chip-design/industry-first-verification-ip-arm-amba-axi-l-simplifies-soc","step":"verify","ok":true}
{"t":"2026-09-10T13:21:19.207Z","path":"/blogs/chip-design/industry-first-vip-for-arm-amba-dti-g","step":"verify","ok":true}
{"t":"2026-09-10T13:21:22.205Z","path":"/blogs/chip-design/industry-first-vip-for-display-port-automotive-extensions","step":"verify","ok":true}
{"t":"2026-09-10T13:21:23.817Z","path":"/blogs/chip-design/innovation-enablers-synopsys-story","step":"verify","ok":true}
{"t":"2026-09-10T13:21:24.123Z","path":"/blogs/chip-design/industry-first-vip-for-pcie-7-0","step":"verify","ok":true}
{"t":"2026-09-10T13:21:25.067Z","path":"/blogs/chip-design/innovations-formality-equivalence-checking-interview-todd-buzan","step":"verify","ok":true}
{"t":"2026-09-10T13:21:28.299Z","path":"/blogs/chip-design/innovations-in-ic-validator-physical-signoff","step":"verify","ok":true}
{"t":"2026-09-10T13:21:30.356Z","path":"/blogs/chip-design/integrated-design-ai-chip-software","step":"verify","ok":true}
{"t":"2026-09-10T13:21:30.587Z","path":"/blogs/chip-design/intel-ucie-chiplet-test","step":"verify","ok":true}
{"t":"2026-09-10T13:21:31.098Z","path":"/blogs/chip-design/interactive-debugging-reducing-simulation-debug-tat","step":"verify","ok":true}
{"t":"2026-09-10T13:21:33.931Z","path":"/blogs/chip-design/interconnect-ip-scalable-compute-clusters","step":"verify","ok":true}
{"t":"2026-09-10T13:21:36.406Z","path":"/blogs/chip-design/interface-protocol-validation-zebu-solutions","step":"verify","ok":true}
{"t":"2026-09-10T13:21:36.585Z","path":"/blogs/chip-design/interface-ip-3d-multi-die","step":"verify","ok":true}
{"t":"2026-09-10T13:21:38.416Z","path":"/blogs/chip-design/international-day-of-women-in-science-2022","step":"verify","ok":true}
{"t":"2026-09-10T13:21:39.478Z","path":"/blogs/chip-design/introducing-fusion-compiler-synthesis-place-and-route-solution","step":"verify","ok":true}
{"t":"2026-09-10T13:21:42.378Z","path":"/blogs/chip-design/introducing-zebu-200-haps-200","step":"verify","ok":true}
{"t":"2026-09-10T13:21:44.227Z","path":"/blogs/chip-design/introduction-cxl-device-types","step":"verify","ok":true}
{"t":"2026-09-10T13:21:44.363Z","path":"/blogs/chip-design/introduction-to-analog-fault-simulation-using-synopsys-custom-design-platform","step":"verify","ok":true}
{"t":"2026-09-10T13:21:46.491Z","path":"/blogs/chip-design/iot-applications-with-low-power-design-techniques","step":"verify","ok":true}
{"t":"2026-09-10T13:21:48.122Z","path":"/blogs/chip-design/iot-design-the-future-is-smart-and-connected","step":"verify","ok":true}
{"t":"2026-09-10T13:21:49.991Z","path":"/blogs/chip-design/iot-security-challenges-solutions","step":"verify","ok":true}
{"t":"2026-09-10T13:21:50.257Z","path":"/blogs/chip-design/iot-device-security-isim","step":"verify","ok":true}
{"t":"2026-09-10T13:21:52.478Z","path":"/blogs/chip-design/ir-eco-is-it-possible-to-fix-voltage-drop-violations-without-destroying-your-chip-timing","step":"verify","ok":true}
{"t":"2026-09-10T13:21:54.346Z","path":"/blogs/chip-design/is-your-voltage-drop-flow-obsolete","step":"verify","ok":true}
{"t":"2026-09-10T13:21:55.648Z","path":"/blogs/chip-design/jedec-ddr5-sdram-vip-hpc","step":"verify","ok":true}
{"t":"2026-09-10T13:21:56.246Z","path":"/blogs/chip-design/jedec-lpddr4-standard-publication","step":"verify","ok":true}
{"t":"2026-09-10T13:21:57.840Z","path":"/blogs/chip-design/journey-of-coverage-closure","step":"verify","ok":true}
{"t":"2026-09-10T13:22:00.907Z","path":"/blogs/chip-design/jumpstart-chip-design-digital-instance-cloud","step":"verify","ok":true}
{"t":"2026-09-10T13:22:01.990Z","path":"/blogs/chip-design/kioxia-innovates-soc-design-eda-ai-technologies","step":"verify","ok":true}
{"t":"2026-09-10T13:22:03.387Z","path":"/blogs/chip-design/kioxia-leads-the-way-in-optimizing-simulation-verification","step":"verify","ok":true}
{"t":"2026-09-10T13:22:04.849Z","path":"/blogs/chip-design/latest-arm-amba-ace5-lite-updates","step":"verify","ok":true}
{"t":"2026-09-10T13:22:07.598Z","path":"/blogs/chip-design/latin-america-semiconductor-workforce-development","step":"verify","ok":true}
{"t":"2026-09-10T13:22:08.488Z","path":"/blogs/chip-design/leverage-the-pcie-6-0-1-design","step":"verify","ok":true}
{"t":"2026-09-10T13:22:10.411Z","path":"/blogs/chip-design/leveraging-static-linting-tools","step":"verify","ok":true}
{"t":"2026-09-10T13:22:11.133Z","path":"/blogs/chip-design/library-characterization-eda-cloud","step":"verify","ok":true}
{"t":"2026-09-10T13:22:14.003Z","path":"/blogs/chip-design/library-characterization-for-advanced-process-designs","step":"verify","ok":true}
{"t":"2026-09-10T13:22:14.635Z","path":"/blogs/chip-design/library-characterization-tool-advanced-node-soc-design","step":"verify","ok":true}
{"t":"2026-09-10T13:22:16.772Z","path":"/blogs/chip-design/linting-techniques-automotive-aerospace-chip-design","step":"verify","ok":true}
{"t":"2026-09-10T13:22:18.555Z","path":"/blogs/chip-design/linting-tools-machine-learning","step":"verify","ok":true}
{"t":"2026-09-10T13:22:20.604Z","path":"/blogs/chip-design/low-power-chip-design-verification-tool","step":"verify","ok":true}
{"t":"2026-09-10T13:22:20.977Z","path":"/blogs/chip-design/low-power-chip-design-verification","step":"verify","ok":true}
{"t":"2026-09-10T13:22:23.234Z","path":"/blogs/chip-design/low-power-design-and-smart-iot-edge","step":"verify","ok":true}
{"t":"2026-09-10T13:22:24.822Z","path":"/blogs/chip-design/low-power-qa-with-dr-renu-mehra","step":"verify","ok":true}
{"t":"2026-09-10T13:22:26.328Z","path":"/blogs/chip-design/low-power-soc-design-hpc-data-center","step":"verify","ok":true}
{"t":"2026-09-10T13:22:27.732Z","path":"/blogs/chip-design/low-power-soc-design-verification","step":"verify","ok":true}
{"t":"2026-09-10T13:22:31.093Z","path":"/blogs/chip-design/lpddr3-vs-ddr3l-differences","step":"verify","ok":true}
{"t":"2026-09-10T13:22:31.409Z","path":"/blogs/chip-design/lowering-analog-design-costs-with-strategic-approach","step":"verify","ok":true}
{"t":"2026-09-10T13:22:32.812Z","path":"/blogs/chip-design/lpddr5-enhancements-iot-ai-image-processing","step":"verify","ok":true}
{"t":"2026-09-10T13:22:33.369Z","path":"/blogs/chip-design/lpddr5-ip-vip-solution-ddr5-leadership","step":"verify","ok":true}
{"t":"2026-09-10T13:22:37.463Z","path":"/blogs/chip-design/lpddr5-power-performance-ai-iot","step":"verify","ok":true}
{"t":"2026-09-10T13:22:37.618Z","path":"/blogs/chip-design/lpddr5x-future-mobile-memory","step":"verify","ok":true}
{"t":"2026-09-10T13:22:39.209Z","path":"/blogs/chip-design/lpddr5x-specification-memory-design","step":"verify","ok":true}
{"t":"2026-09-10T13:22:39.371Z","path":"/blogs/chip-design/lpddr6-verification-ip-ai-automotive-hpc-mobile-socs","step":"verify","ok":true}
{"t":"2026-09-10T13:22:43.324Z","path":"/blogs/chip-design/lvs-checking-process","step":"verify","ok":true}
{"t":"2026-09-10T13:22:43.524Z","path":"/blogs/chip-design/lpddr6-vs-lpddr5x-lpddr5-differences","step":"verify","ok":true}
{"t":"2026-09-10T13:22:45.277Z","path":"/blogs/chip-design/machine-learned-force-fields-atomistic-simulation","step":"verify","ok":true}
{"t":"2026-09-10T13:22:47.795Z","path":"/blogs/chip-design/machine-learning-chip-design-flow","step":"verify","ok":true}
{"t":"2026-09-10T13:22:49.331Z","path":"/blogs/chip-design/managing-1000-thermal-states-mobile-soc","step":"verify","ok":true}
{"t":"2026-09-10T13:22:50.938Z","path":"/blogs/chip-design/managing-initial-state-formal-verification","step":"verify","ok":true}
{"t":"2026-09-10T13:22:51.445Z","path":"/blogs/chip-design/macsec-ip-iso-pas-8800-automotive","step":"verify","ok":true}
{"t":"2026-09-10T13:22:54.399Z","path":"/blogs/chip-design/managing-nvme-verification-complexity","step":"verify","ok":true}
{"t":"2026-09-10T13:22:55.410Z","path":"/blogs/chip-design/mastering-ddr-phy-interoperability-dfi","step":"verify","ok":true}
{"t":"2026-09-10T13:22:56.362Z","path":"/blogs/chip-design/mastering-uvm-axi-vip-usage","step":"verify","ok":true}
{"t":"2026-09-10T13:22:57.666Z","path":"/blogs/chip-design/mastering-uvm-register-model-simplification","step":"verify","ok":true}
{"t":"2026-09-10T13:23:00.677Z","path":"/blogs/chip-design/maximizing-mobile-performance-lpddr4-ram","step":"verify","ok":true}
{"t":"2026-09-10T13:23:03.292Z","path":"/blogs/chip-design/memory-chip-design-tools-and-challenges","step":"verify","ok":true}
{"t":"2026-09-10T13:23:03.368Z","path":"/blogs/chip-design/meeting-ethernet-bandwidth-demand-1-6t-ethernet","step":"verify","ok":true}
{"t":"2026-09-10T13:23:03.762Z","path":"/blogs/chip-design/memory-design-techniques-silicon-reliability","step":"verify","ok":true}
{"t":"2026-09-10T13:23:06.593Z","path":"/blogs/chip-design/memory-design-with-machine-learning","step":"verify","ok":true}
{"t":"2026-09-10T13:23:09.051Z","path":"/blogs/chip-design/mipi-csi2-v21-automotive-drones-iot","step":"verify","ok":true}
{"t":"2026-09-10T13:23:09.862Z","path":"/blogs/chip-design/minimizing-late-stage-functional-ecos-interview-todd-buzan","step":"verify","ok":true}
{"t":"2026-09-10T13:23:09.999Z","path":"/blogs/chip-design/mipi-csi2-v30-5g-imaging-solution","step":"verify","ok":true}
{"t":"2026-09-10T13:23:12.803Z","path":"/blogs/chip-design/mipi-m-phy-protocol-sergio-silva-qa","step":"verify","ok":true}
{"t":"2026-09-10T13:23:15.338Z","path":"/blogs/chip-design/misra-autosar-future-connected-car","step":"verify","ok":true}
{"t":"2026-09-10T13:23:15.724Z","path":"/blogs/chip-design/ml-regression-failure-analysis","step":"verify","ok":true}
{"t":"2026-09-10T13:23:16.779Z","path":"/blogs/chip-design/multi-chip-module-packaging-types","step":"verify","ok":true}
{"t":"2026-09-10T13:23:18.006Z","path":"/blogs/chip-design/multi-cloud-infrastructure","step":"verify","ok":true}
{"t":"2026-09-10T13:23:21.584Z","path":"/blogs/chip-design/multi-cloud-storage","step":"verify","ok":true}
{"t":"2026-09-10T13:23:21.771Z","path":"/blogs/chip-design/multi-cloud-security","step":"verify","ok":true}
{"t":"2026-09-10T13:23:23.028Z","path":"/blogs/chip-design/multi-cloud-strategy","step":"verify","ok":true}
{"t":"2026-09-10T13:23:23.489Z","path":"/blogs/chip-design/multi-die-automotive-chip-designs","step":"verify","ok":true}
{"t":"2026-09-10T13:23:27.832Z","path":"/blogs/chip-design/multi-die-chip-design-synopsys-samsung","step":"verify","ok":true}
{"t":"2026-09-10T13:23:28.881Z","path":"/blogs/chip-design/multi-die-chip-design-samsung-foundry","step":"verify","ok":true}
{"t":"2026-09-10T13:23:28.986Z","path":"/blogs/chip-design/multi-die-chip-design-tsmc","step":"verify","ok":true}
{"t":"2026-09-10T13:23:29.470Z","path":"/blogs/chip-design/multi-die-design-challenges-industry-insights-chiplet-summit","step":"verify","ok":true}
{"t":"2026-09-10T13:23:34.525Z","path":"/blogs/chip-design/multi-die-design-comparison-monolithic-pcb","step":"verify","ok":true}
{"t":"2026-09-10T13:23:34.793Z","path":"/blogs/chip-design/multi-die-design-stco-ai","step":"verify","ok":true}
{"t":"2026-09-10T13:23:35.168Z","path":"/blogs/chip-design/multi-die-multiphysics-co-design","step":"verify","ok":true}
{"t":"2026-09-10T13:23:35.933Z","path":"/blogs/chip-design/multi-die-health-reliability-advances","step":"verify","ok":true}
{"t":"2026-09-10T13:23:41.476Z","path":"/blogs/chip-design/multi-die-systems-chip-verification","step":"verify","ok":true}
{"t":"2026-09-10T13:23:41.591Z","path":"/blogs/chip-design/multi-die-systems-report-mit-technology-review","step":"verify","ok":true}
{"t":"2026-09-10T13:23:41.703Z","path":"/blogs/chip-design/multi-die-systems-changing-semiconductor-design","step":"verify","ok":true}
{"t":"2026-09-10T13:23:42.027Z","path":"/blogs/chip-design/multi-die-systems-panel","step":"verify","ok":true}
{"t":"2026-09-10T13:23:47.235Z","path":"/blogs/chip-design/multi-die-systems-silicon-lifecycle-management","step":"verify","ok":true}
{"t":"2026-09-10T13:23:48.013Z","path":"/blogs/chip-design/multi-domain-voltage-control-verification-avsbus-2-vip","step":"verify","ok":true}
{"t":"2026-09-10T13:23:48.219Z","path":"/blogs/chip-design/multi-physics-effects-multi-die-systems","step":"verify","ok":true}
{"t":"2026-09-10T13:23:48.309Z","path":"/blogs/chip-design/multi-die-systems-semiconductor-companies","step":"verify","ok":true}
{"t":"2026-09-10T13:23:53.845Z","path":"/blogs/chip-design/multiphysics-fusion-chip-design","step":"verify","ok":true}
{"t":"2026-09-10T13:23:54.100Z","path":"/blogs/chip-design/nas-vs-san","step":"verify","ok":true}
{"t":"2026-09-10T13:23:54.765Z","path":"/blogs/chip-design/mutli-die-systems-2024","step":"verify","ok":true}
{"t":"2026-09-10T13:23:54.850Z","path":"/blogs/chip-design/nand-flash-memory-system-verification","step":"verify","ok":true}
{"t":"2026-09-10T13:24:00.138Z","path":"/blogs/chip-design/neuromorphic-computing-physical-ai-edge","step":"verify","ok":true}
{"t":"2026-09-10T13:24:00.429Z","path":"/blogs/chip-design/navigating-transition-mil-to-vhil-virtualizer-studio","step":"verify","ok":true}
{"t":"2026-09-10T13:24:00.794Z","path":"/blogs/chip-design/new-synopsys-hq","step":"verify","ok":true}
{"t":"2026-09-10T13:24:02.064Z","path":"/blogs/chip-design/new-generation-lpddr-advancements","step":"verify","ok":true}
{"t":"2026-09-10T13:24:06.969Z","path":"/blogs/chip-design/next-decade-chip-startups-insights-opportunities","step":"verify","ok":true}
{"t":"2026-09-10T13:24:07.035Z","path":"/blogs/chip-design/new-world-of-tech-innovation","step":"verify","ok":true}
{"t":"2026-09-10T13:24:07.532Z","path":"/blogs/chip-design/next-era-chip-design-and-machine-learning","step":"verify","ok":true}
{"t":"2026-09-10T13:24:08.899Z","path":"/blogs/chip-design/next-evolution-synopsys-digital-toolset-fusion-compiler-design-compiler-nxt","step":"verify","ok":true}
{"t":"2026-09-10T13:24:12.772Z","path":"/blogs/chip-design/next-gen-memory-tech-for-graphics-networking-hpc","step":"verify","ok":true}
{"t":"2026-09-10T13:24:13.605Z","path":"/blogs/chip-design/nhtsa-auto-cybersecurity-best-practices","step":"verify","ok":true}
{"t":"2026-09-10T13:24:14.048Z","path":"/blogs/chip-design/nvdimms-blending-memory-storage","step":"verify","ok":true}
{"t":"2026-09-10T13:24:15.133Z","path":"/blogs/chip-design/nvidia-gpu-circuit-simulation","step":"verify","ok":true}
{"t":"2026-09-10T13:24:19.161Z","path":"/blogs/chip-design/on-premise-cloud","step":"verify","ok":true}
{"t":"2026-09-10T13:24:19.736Z","path":"/blogs/chip-design/official-pcie-5-speed-chart","step":"verify","ok":true}
{"t":"2026-09-10T13:24:20.431Z","path":"/blogs/chip-design/on-premise-vs-cloud-pros-and-cons","step":"verify","ok":true}
{"t":"2026-09-10T13:24:21.644Z","path":"/blogs/chip-design/on-the-fly-code-review-chip-design-process","step":"verify","ok":true}
{"t":"2026-09-10T13:24:24.988Z","path":"/blogs/chip-design/one-on-one-with-aveek-sarkar","step":"verify","ok":true}
{"t":"2026-09-10T13:24:26.356Z","path":"/blogs/chip-design/optical-soc-design-tool-lightelligence","step":"verify","ok":true}
{"t":"2026-09-10T13:24:26.669Z","path":"/blogs/chip-design/optical-interconnects-enable-data-center-disaggregation","step":"verify","ok":true}
{"t":"2026-09-10T13:24:27.311Z","path":"/blogs/chip-design/optimize-ucie-verification-synopsys-vip","step":"verify","ok":true}
{"t":"2026-09-10T13:24:30.879Z","path":"/blogs/chip-design/optimizing-hbm2e-runtime-performance","step":"verify","ok":true}
{"t":"2026-09-10T13:24:32.097Z","path":"/blogs/chip-design/optimizing-pcie-pipe-power-management","step":"verify","ok":true}
{"t":"2026-09-10T13:24:32.926Z","path":"/blogs/chip-design/optimizing-rtl-design-flow-real-time-ppa-analysis","step":"verify","ok":true}
{"t":"2026-09-10T13:24:33.527Z","path":"/blogs/chip-design/optimizing-your-hardware-ip-verification-in-the-cloud","step":"verify","ok":true}
{"t":"2026-09-10T13:24:36.428Z","path":"/blogs/chip-design/ota-updates-automotive-apps","step":"verify","ok":true}
{"t":"2026-09-10T13:24:37.922Z","path":"/blogs/chip-design/overcoming-analog-circuit-design-challenges-at-advanced-semiconductor-nodes","step":"verify","ok":true}
{"t":"2026-09-10T13:24:38.556Z","path":"/blogs/chip-design/overview-haps-prototyping-software","step":"verify","ok":true}
{"t":"2026-09-10T13:24:39.571Z","path":"/blogs/chip-design/overview-synopsys-virtual-prototyping-services","step":"verify","ok":true}
{"t":"2026-09-10T13:24:42.813Z","path":"/blogs/chip-design/parasitic-extraction-high-speed-chip-design","step":"verify","ok":true}
{"t":"2026-09-10T13:24:44.314Z","path":"/blogs/chip-design/pci-express-6-high-bandwidth-interconnect","step":"verify","ok":true}
{"t":"2026-09-10T13:24:44.427Z","path":"/blogs/chip-design/pci-express-sriov-virtualization","step":"verify","ok":true}
{"t":"2026-09-10T13:24:45.418Z","path":"/blogs/chip-design/pcie-5-0-verification-synopsys-vip","step":"verify","ok":true}
{"t":"2026-09-10T13:24:49.112Z","path":"/blogs/chip-design/pcie-5-applications-and-importance-of-silicon-proven-ip","step":"verify","ok":true}
{"t":"2026-09-10T13:24:49.628Z","path":"/blogs/chip-design/pcie-5-demos-ip-vip-ai","step":"verify","ok":true}
{"t":"2026-09-10T13:24:50.697Z","path":"/blogs/chip-design/pcie-5-ip-solutions-pass-compliance-testing","step":"verify","ok":true}
{"t":"2026-09-10T13:24:51.982Z","path":"/blogs/chip-design/pcie-6-high-performance-computing-solutions","step":"verify","ok":true}
{"t":"2026-09-10T13:24:55.097Z","path":"/blogs/chip-design/pcie-6-specification-speed-keysight","step":"verify","ok":true}
{"t":"2026-09-10T13:24:56.193Z","path":"/blogs/chip-design/pcie-6-verifaction-fec-crc","step":"verify","ok":true}
{"t":"2026-09-10T13:24:56.608Z","path":"/blogs/chip-design/pcie-6x-112gbps-ethernet-linear-optics","step":"verify","ok":true}
{"t":"2026-09-10T13:24:58.146Z","path":"/blogs/chip-design/pcie-6x-compliance-testing-gold-system","step":"verify","ok":true}
{"t":"2026-09-10T13:25:01.379Z","path":"/blogs/chip-design/pcie-7-bandwidth-ai-chips","step":"verify","ok":true}
{"t":"2026-09-10T13:25:02.882Z","path":"/blogs/chip-design/pcie-ai-accelerator-chip-design","step":"verify","ok":true}
{"t":"2026-09-10T13:25:03.061Z","path":"/blogs/chip-design/pcie-8-0-verification-ip-ai-hpc-automotive","step":"verify","ok":true}
{"t":"2026-09-10T13:25:04.116Z","path":"/blogs/chip-design/pcie-bifurcation-basic-guide","step":"verify","ok":true}
{"t":"2026-09-10T13:25:07.694Z","path":"/blogs/chip-design/pcie-challenges-software-hardware-system","step":"verify","ok":true}
{"t":"2026-09-10T13:25:08.828Z","path":"/blogs/chip-design/pcie-gen1-speed-basics","step":"verify","ok":true}
{"t":"2026-09-10T13:25:09.119Z","path":"/blogs/chip-design/pcie-over-fiber-optics-pcie-7","step":"verify","ok":true}
{"t":"2026-09-10T13:25:09.805Z","path":"/blogs/chip-design/pcie-ptm-spring-ahead","step":"verify","ok":true}
{"t":"2026-09-10T13:25:13.961Z","path":"/blogs/chip-design/pervasive-intelligence-snug-2024","step":"verify","ok":true}
{"t":"2026-09-10T13:25:15.339Z","path":"/blogs/chip-design/phalanx-greek-warfare-verification","step":"verify","ok":true}
{"t":"2026-09-10T13:25:15.620Z","path":"/blogs/chip-design/photonic-integrated-circuits-ai-chatbot","step":"verify","ok":true}
{"t":"2026-09-10T13:25:15.932Z","path":"/blogs/chip-design/photonic-integrated-circuits-augmented-reality","step":"verify","ok":true}
{"t":"2026-09-10T13:25:20.130Z","path":"/blogs/chip-design/photonic-integrated-circuits-multi-die-systems","step":"verify","ok":true}
{"t":"2026-09-10T13:25:21.533Z","path":"/blogs/chip-design/photonic-saas-ic-design","step":"verify","ok":true}
{"t":"2026-09-10T13:25:21.983Z","path":"/blogs/chip-design/physical-ai-physics-simulation","step":"verify","ok":true}
{"t":"2026-09-10T13:25:22.702Z","path":"/blogs/chip-design/photonics-rf-fiber-jigesh-patel","step":"verify","ok":true}
{"t":"2026-09-10T13:25:26.529Z","path":"/blogs/chip-design/physical-ai-silicon-software-robots","step":"verify","ok":true}
{"t":"2026-09-10T13:25:27.847Z","path":"/blogs/chip-design/physical-ai-system-level-engineering","step":"verify","ok":true}
{"t":"2026-09-10T13:25:28.531Z","path":"/blogs/chip-design/physics-chip-design-constraint","step":"verify","ok":true}
{"t":"2026-09-10T13:25:28.823Z","path":"/blogs/chip-design/physical-chip-design-verification-aws-cloud","step":"verify","ok":true}
{"t":"2026-09-10T13:25:34.096Z","path":"/blogs/chip-design/pipe-5-1-1-pcie-usb-sata","step":"verify","ok":true}
{"t":"2026-09-10T13:25:34.416Z","path":"/blogs/chip-design/piketec-acquisition-digital-twins","step":"verify","ok":true}
{"t":"2026-09-10T13:25:34.635Z","path":"/blogs/chip-design/pitch-fest-semiconductor-innovation","step":"verify","ok":true}
{"t":"2026-09-10T13:25:35.767Z","path":"/blogs/chip-design/point-of-care-3d-printing-software","step":"verify","ok":true}
{"t":"2026-09-10T13:25:40.141Z","path":"/blogs/chip-design/post-quantum-cryptography-algorithms-security","step":"verify","ok":true}
{"t":"2026-09-10T13:25:40.472Z","path":"/blogs/chip-design/post-quantum-cryptography-in-soc-design","step":"verify","ok":true}
{"t":"2026-09-10T13:25:40.801Z","path":"/blogs/chip-design/power-aware-cdc-with-stmicroelectronics","step":"verify","ok":true}
{"t":"2026-09-10T13:25:41.722Z","path":"/blogs/chip-design/power-hdmi-arc-technology","step":"verify","ok":true}
{"t":"2026-09-10T13:25:46.577Z","path":"/blogs/chip-design/power-integrity-challenges-semiconductor-design","step":"verify","ok":true}
{"t":"2026-09-10T13:25:47.043Z","path":"/blogs/chip-design/power-semiconductor-device-design","step":"verify","ok":true}
{"t":"2026-09-10T13:25:47.482Z","path":"/blogs/chip-design/power-semiconductor-devices","step":"verify","ok":true}
{"t":"2026-09-10T13:25:49.261Z","path":"/blogs/chip-design/powering-ai-chip-design-process-with-ai","step":"verify","ok":true}
{"t":"2026-09-10T13:25:52.761Z","path":"/blogs/chip-design/pre-silicon-design-robustness-analysis-discussion-li-ding","step":"verify","ok":true}
{"t":"2026-09-10T13:25:52.917Z","path":"/blogs/chip-design/practical-power-management","step":"verify","ok":true}
{"t":"2026-09-10T13:25:53.762Z","path":"/blogs/chip-design/predicting-silicon-behavior-test-wafers","step":"verify","ok":true}
{"t":"2026-09-10T13:25:55.965Z","path":"/blogs/chip-design/predictions-2021-auto-industry","step":"verify","ok":true}
{"t":"2026-09-10T13:25:58.680Z","path":"/blogs/chip-design/preeti-sharma-automotive-soc-design","step":"verify","ok":true}
{"t":"2026-09-10T13:25:59.055Z","path":"/blogs/chip-design/predictive-rtl-design-closure-rtl-architect","step":"verify","ok":true}
{"t":"2026-09-10T13:25:59.867Z","path":"/blogs/chip-design/preventing-data-loss-high-speed-devices","step":"verify","ok":true}
{"t":"2026-09-10T13:26:02.404Z","path":"/blogs/chip-design/primelib-nextgen-library-characterization-discussion-moninder-bansal","step":"verify","ok":true}
{"t":"2026-09-10T13:26:04.656Z","path":"/blogs/chip-design/primeshield-design-robustness-analysis-eco-overview","step":"verify","ok":true}
{"t":"2026-09-10T13:26:05.057Z","path":"/blogs/chip-design/primesim-continuum-advancing-hyperconvergent-ic-design","step":"verify","ok":true}
{"t":"2026-09-10T13:26:06.610Z","path":"/blogs/chip-design/primesim-continuum-ic-hyperconvergence","step":"verify","ok":true}
{"t":"2026-09-10T13:26:09.570Z","path":"/blogs/chip-design/primesim-continuum-transforming-soc-design-insights-hany-elhak","step":"verify","ok":true}
{"t":"2026-09-10T13:26:10.464Z","path":"/blogs/chip-design/primetime-technologies-digital-design","step":"verify","ok":true}
{"t":"2026-09-10T13:26:11.103Z","path":"/blogs/chip-design/private-cloud-vs-public-cloud","step":"verify","ok":true}
{"t":"2026-09-10T13:26:12.613Z","path":"/blogs/chip-design/process-design-kits-intel-foundry","step":"verify","ok":true}
{"t":"2026-09-10T13:26:16.296Z","path":"/blogs/chip-design/protocol-verification-for-soc-designs","step":"verify","ok":true}
{"t":"2026-09-10T13:26:16.645Z","path":"/blogs/chip-design/protect-advanced-chip-designs","step":"verify","ok":true}
{"t":"2026-09-10T13:26:17.124Z","path":"/blogs/chip-design/prototyping-building-blocks-design","step":"verify","ok":true}
{"t":"2026-09-10T13:26:18.406Z","path":"/blogs/chip-design/prototyping-for-chip-verification","step":"verify","ok":true}
{"t":"2026-09-10T13:26:22.310Z","path":"/blogs/chip-design/prototyping-for-electric-car-design","step":"verify","ok":true}
{"t":"2026-09-10T13:26:22.692Z","path":"/blogs/chip-design/prototyping-tools-accelerate-software-development","step":"verify","ok":true}
{"t":"2026-09-10T13:26:24.705Z","path":"/blogs/chip-design/python-gui-builder-eda-tools","step":"verify","ok":true}
{"t":"2026-09-10T13:26:24.952Z","path":"/blogs/chip-design/qa-with-barbara-donaldson","step":"verify","ok":true}
{"t":"2026-09-10T13:26:28.567Z","path":"/blogs/chip-design/qa-with-latha-venkatachari","step":"verify","ok":true}
{"t":"2026-09-10T13:26:29.502Z","path":"/blogs/chip-design/qa-with-erika-varga-mcenroe","step":"verify","ok":true}
{"t":"2026-09-10T13:26:30.773Z","path":"/blogs/chip-design/qa-with-luca-amaru","step":"verify","ok":true}
{"t":"2026-09-10T13:26:30.998Z","path":"/blogs/chip-design/qa-with-mariya-braylovska","step":"verify","ok":true}
{"t":"2026-09-10T13:26:33.929Z","path":"/blogs/chip-design/quantum-computing-transforming-technology-science","step":"verify","ok":true}
{"t":"2026-09-10T13:26:35.271Z","path":"/blogs/chip-design/quantum-cryptography-vs-post-quantum-cryptography","step":"verify","ok":true}
{"t":"2026-09-10T13:26:36.231Z","path":"/blogs/chip-design/radhika-shankar-qa","step":"verify","ok":true}
{"t":"2026-09-10T13:26:37.342Z","path":"/blogs/chip-design/radiation-tolerant-ken-oneill","step":"verify","ok":true}
{"t":"2026-09-10T13:26:39.759Z","path":"/blogs/chip-design/rapid-elasticity-in-cloud-computing-on-demand-scaling-for-business","step":"verify","ok":true}
{"t":"2026-09-10T13:26:41.602Z","path":"/blogs/chip-design/rapid-silicon-validation-ml-edge-chips-memory","step":"verify","ok":true}
{"t":"2026-09-10T13:26:42.092Z","path":"/blogs/chip-design/re-engineering-engineering-with-ai-innovation","step":"verify","ok":true}
{"t":"2026-09-10T13:26:43.332Z","path":"/blogs/chip-design/recap-2022-design-automation-conference","step":"verify","ok":true}
{"t":"2026-09-10T13:26:45.732Z","path":"/blogs/chip-design/redefining-test-expectations-with-synopsys-testmax-an-interview-with-amit-sanghani","step":"verify","ok":true}
{"t":"2026-09-10T13:26:47.836Z","path":"/blogs/chip-design/reduce-integration-risks-high-speed-pcie-5-0-compliant-synopsys-ip","step":"verify","ok":true}
{"t":"2026-09-10T13:26:48.465Z","path":"/blogs/chip-design/reduce-memory-model-debug-time","step":"verify","ok":true}
{"t":"2026-09-10T13:26:49.879Z","path":"/blogs/chip-design/reduce-pcie-5-0-link-time","step":"verify","ok":true}
{"t":"2026-09-10T13:26:51.745Z","path":"/blogs/chip-design/reduce-risk-and-time-to-market-for-ddr6-designs","step":"verify","ok":true}
{"t":"2026-09-10T13:26:54.259Z","path":"/blogs/chip-design/reduced-blanking-high-res-displays","step":"verify","ok":true}
{"t":"2026-09-10T13:26:54.307Z","path":"/blogs/chip-design/reducing-energy-consumption-sustainable-chip-design","step":"verify","ok":true}
{"t":"2026-09-10T13:26:55.984Z","path":"/blogs/chip-design/reducing-metal-semiconductor-contact-resistance-quantumatk","step":"verify","ok":true}
{"t":"2026-09-10T13:26:57.846Z","path":"/blogs/chip-design/reflecting-stem-career-pathways","step":"verify","ok":true}
{"t":"2026-09-10T13:27:00.668Z","path":"/blogs/chip-design/renesas-electronics-innovation-multi-power-supply-design-verification","step":"verify","ok":true}
{"t":"2026-09-10T13:27:01.005Z","path":"/blogs/chip-design/reinforcement-learning-dac-2023","step":"verify","ok":true}
{"t":"2026-09-10T13:27:03.292Z","path":"/blogs/chip-design/resiliency-in-cloud-computing","step":"verify","ok":true}
{"t":"2026-09-10T13:27:05.298Z","path":"/blogs/chip-design/restart-career-after-break-riya-returnship","step":"verify","ok":true}
{"t":"2026-09-10T13:27:07.429Z","path":"/blogs/chip-design/returnships-create-new-opportunities","step":"verify","ok":true}
{"t":"2026-09-10T13:27:07.689Z","path":"/blogs/chip-design/revolutionizing-asic-flows-with-early-stage-in-design-rail-analysis","step":"verify","ok":true}
{"t":"2026-09-10T13:27:09.890Z","path":"/blogs/chip-design/rf-digital-twin-of-the-moon","step":"verify","ok":true}
{"t":"2026-09-10T13:27:10.924Z","path":"/blogs/chip-design/rfic-design-flow-corehw","step":"verify","ok":true}
{"t":"2026-09-10T13:27:13.660Z","path":"/blogs/chip-design/risc-v-accelerator-cloud-eda-tetramem","step":"verify","ok":true}
{"t":"2026-09-10T13:27:14.017Z","path":"/blogs/chip-design/risc-v-core-ip-sifive","step":"verify","ok":true}
{"t":"2026-09-10T13:27:15.590Z","path":"/blogs/chip-design/risc-v-processor-posit-arithmetic-calligo","step":"verify","ok":true}
{"t":"2026-09-10T13:27:17.302Z","path":"/blogs/chip-design/risc-v-verification-cloud","step":"verify","ok":true}
{"t":"2026-09-10T13:27:19.528Z","path":"/blogs/chip-design/rise-popularity-hdmi-2-1","step":"verify","ok":true}
{"t":"2026-09-10T13:27:19.821Z","path":"/blogs/chip-design/rise-automotive-cybersecurity","step":"verify","ok":true}
{"t":"2026-09-10T13:27:22.924Z","path":"/blogs/chip-design/rram-mram-non-volatile-memory","step":"verify","ok":true}
{"t":"2026-09-10T13:27:24.420Z","path":"/blogs/chip-design/ron-duncan-qa-stem-education-roadtrip-nation","step":"verify","ok":true}
{"t":"2026-09-10T13:27:25.456Z","path":"/blogs/chip-design/rsoft-device-tools","step":"verify","ok":true}
{"t":"2026-09-10T13:27:26.048Z","path":"/blogs/chip-design/rtl-architect-breakthrough-technology","step":"verify","ok":true}
{"t":"2026-09-10T13:27:29.622Z","path":"/blogs/chip-design/rtl-architect-verdi-integration","step":"verify","ok":true}
{"t":"2026-09-10T13:27:30.355Z","path":"/blogs/chip-design/rtl-architect-vineet-rashingkar","step":"verify","ok":true}
{"t":"2026-09-10T13:27:32.110Z","path":"/blogs/chip-design/rtl-debug-fpga-prototyping-challenges","step":"verify","ok":true}
{"t":"2026-09-10T13:27:32.480Z","path":"/blogs/chip-design/rtl-vs-functional-signoff-differences","step":"verify","ok":true}
{"t":"2026-09-10T13:27:36.545Z","path":"/blogs/chip-design/running-x-prop-with-low-power-simulation","step":"verify","ok":true}
{"t":"2026-09-10T13:27:36.679Z","path":"/blogs/chip-design/saas-cloud-eda-tools","step":"verify","ok":true}
{"t":"2026-09-10T13:27:38.361Z","path":"/blogs/chip-design/saber-for-robust-design-reliable-performance","step":"verify","ok":true}
{"t":"2026-09-10T13:27:40.003Z","path":"/blogs/chip-design/safeguarding-automotive-sensors-for-safety","step":"verify","ok":true}
{"t":"2026-09-10T13:27:42.955Z","path":"/blogs/chip-design/samsung-ddr4-3ds-tsv-memory","step":"verify","ok":true}
{"t":"2026-09-10T13:27:43.192Z","path":"/blogs/chip-design/safety-aware-multi-die-ml-architectures-ai-vehicles","step":"verify","ok":true}
{"t":"2026-09-10T13:27:44.507Z","path":"/blogs/chip-design/sassine-ghazi-named-new-synopsys-ceo","step":"verify","ok":true}
{"t":"2026-09-10T13:27:46.215Z","path":"/blogs/chip-design/saving-power-electronic-displays","step":"verify","ok":true}
{"t":"2026-09-10T13:27:48.936Z","path":"/blogs/chip-design/scalability-in-cloud-computing","step":"verify","ok":true}
{"t":"2026-09-10T13:27:50.616Z","path":"/blogs/chip-design/scalable-performance-for-soc-design","step":"verify","ok":true}
{"t":"2026-09-10T13:27:52.460Z","path":"/blogs/chip-design/securing-chip-supply-chain-for-aerospace-defense","step":"verify","ok":true}
{"t":"2026-09-10T13:27:52.671Z","path":"/blogs/chip-design/secure-chipset-design-in-darpa","step":"verify","ok":true}
{"t":"2026-09-10T13:27:55.463Z","path":"/blogs/chip-design/securing-memory-paths-synopsys-scalable-ime","step":"verify","ok":true}
{"t":"2026-09-10T13:27:57.112Z","path":"/blogs/chip-design/securing-network-traffic-macsec-ethernet","step":"verify","ok":true}
{"t":"2026-09-10T13:27:58.530Z","path":"/blogs/chip-design/securing-physical-ai-systems","step":"verify","ok":true}
{"t":"2026-09-10T13:28:00.155Z","path":"/blogs/chip-design/semiconductor-design-goes-saas-snug","step":"verify","ok":true}
{"t":"2026-09-10T13:28:02.207Z","path":"/blogs/chip-design/semiconductor-engineering-certification-synopsys-purple","step":"verify","ok":true}
{"t":"2026-09-10T13:28:03.299Z","path":"/blogs/chip-design/semiconductor-engineering-degree-programs-purdue","step":"verify","ok":true}
{"t":"2026-09-10T13:28:04.898Z","path":"/blogs/chip-design/semiconductor-engineering-talent-shortage-solutions","step":"verify","ok":true}
{"t":"2026-09-10T13:28:06.470Z","path":"/blogs/chip-design/semiconductor-industry-trends-2023","step":"verify","ok":true}
{"t":"2026-09-10T13:28:08.732Z","path":"/blogs/chip-design/semiconductor-ip-companies-offer-asic-like-services","step":"verify","ok":true}
{"t":"2026-09-10T13:28:10.157Z","path":"/blogs/chip-design/semiconductor-ip-development-qa-jumana-muwafi","step":"verify","ok":true}
{"t":"2026-09-10T13:28:11.779Z","path":"/blogs/chip-design/semiconductor-ip-tsmc-n3e","step":"verify","ok":true}
{"t":"2026-09-10T13:28:12.625Z","path":"/blogs/chip-design/semiconductor-talent-shortage-qa","step":"verify","ok":true}
{"t":"2026-09-10T13:28:15.196Z","path":"/blogs/chip-design/semiconductor-training-workforce-development-program","step":"verify","ok":true}
{"t":"2026-09-10T13:28:16.265Z","path":"/blogs/chip-design/semiconductor-workforce-development-programs","step":"verify","ok":true}
{"t":"2026-09-10T13:28:17.474Z","path":"/blogs/chip-design/semiconductor-yield-analysis-machine-learning","step":"verify","ok":true}
{"t":"2026-09-10T13:28:18.803Z","path":"/blogs/chip-design/semiconductors-chip-design-global-innovation","step":"verify","ok":true}
{"t":"2026-09-10T13:28:21.853Z","path":"/blogs/chip-design/shelagh-glaser-cfo-qa-women-in-tech","step":"verify","ok":true}
{"t":"2026-09-10T13:28:22.569Z","path":"/blogs/chip-design/shift-left-sdv-embedded-validation-virtual-ecus","step":"verify","ok":true}
{"t":"2026-09-10T13:28:23.631Z","path":"/blogs/chip-design/shifting-left-with-ansys-john-lee-jacob-avidan-interview","step":"verify","ok":true}
{"t":"2026-09-10T13:28:25.467Z","path":"/blogs/chip-design/shifting-security-left-for-defense-applications","step":"verify","ok":true}
{"t":"2026-09-10T13:28:27.623Z","path":"/blogs/chip-design/silent-data-corruption-sdc-challenges","step":"verify","ok":true}
{"t":"2026-09-10T13:28:29.384Z","path":"/blogs/chip-design/silicon-design-and-chip-performance-with-concertio","step":"verify","ok":true}
{"t":"2026-09-10T13:28:29.472Z","path":"/blogs/chip-design/silicon-frontline-technology-acquisition","step":"verify","ok":true}
{"t":"2026-09-10T13:28:31.939Z","path":"/blogs/chip-design/silicon-lifecycle-management-smarter-chip-design","step":"verify","ok":true}
{"t":"2026-09-10T13:28:33.332Z","path":"/blogs/chip-design/silicon-lifecycle-management","step":"verify","ok":true}
{"t":"2026-09-10T13:28:35.166Z","path":"/blogs/chip-design/silicon-photonics-multi-die-systems-aerospace-government","step":"verify","ok":true}
{"t":"2026-09-10T13:28:35.271Z","path":"/blogs/chip-design/silicon-photonics-data-center-interconnect-design","step":"verify","ok":true}
{"t":"2026-09-10T13:28:37.336Z","path":"/blogs/chip-design/silicon-proven-ip-for-soc-design-in-hpc","step":"verify","ok":true}
{"t":"2026-09-10T13:28:39.362Z","path":"/blogs/chip-design/silicon-remastering-addressing-chip-supply-shortage","step":"verify","ok":true}
{"t":"2026-09-10T13:28:40.999Z","path":"/blogs/chip-design/silicon-testing-with-high-speed-functional-interfaces","step":"verify","ok":true}
{"t":"2026-09-10T13:28:41.054Z","path":"/blogs/chip-design/silicon-software-automotive-value-chain","step":"verify","ok":true}
{"t":"2026-09-10T13:28:43.240Z","path":"/blogs/chip-design/sima-ai-bug-free-physical-ai-silicon","step":"verify","ok":true}
{"t":"2026-09-10T13:28:45.647Z","path":"/blogs/chip-design/simplify-entertainment-hdmi-earc","step":"verify","ok":true}
{"t":"2026-09-10T13:28:46.226Z","path":"/blogs/chip-design/simulation-quantum-computing-research-development","step":"verify","ok":true}
{"t":"2026-09-10T13:28:48.888Z","path":"/blogs/chip-design/simulation-solutions-structural-integrity-chip-packages","step":"verify","ok":true}
{"t":"2026-09-10T13:28:49.318Z","path":"/blogs/chip-design/slm-data-center-reliability","step":"verify","ok":true}
{"t":"2026-09-10T13:28:51.593Z","path":"/blogs/chip-design/smart-monitors-improve-arm-socs-performance","step":"verify","ok":true}
{"t":"2026-09-10T13:28:52.911Z","path":"/blogs/chip-design/smart-semiconductor-manufacturing-technology","step":"verify","ok":true}
{"t":"2026-09-10T13:28:54.631Z","path":"/blogs/chip-design/smarter-sensors-for-self-driving","step":"verify","ok":true}
{"t":"2026-09-10T13:28:55.709Z","path":"/blogs/chip-design/snug-gets-of-wisdom-synopsys-memory-solutions","step":"verify","ok":true}
{"t":"2026-09-10T13:28:57.772Z","path":"/blogs/chip-design/snug-silicon-valley-2022","step":"verify","ok":true}
{"t":"2026-09-10T13:28:59.100Z","path":"/blogs/chip-design/snug-silicon-valley-2023-keynote","step":"verify","ok":true}
{"t":"2026-09-10T13:29:00.530Z","path":"/blogs/chip-design/snug-silicon-valley-2023","step":"verify","ok":true}
{"t":"2026-09-10T13:29:02.228Z","path":"/blogs/chip-design/snug-silicon-valley-2024","step":"verify","ok":true}
{"t":"2026-09-10T13:29:04.597Z","path":"/blogs/chip-design/snug-silicon-valley-2025","step":"verify","ok":true}
{"t":"2026-09-10T13:29:05.868Z","path":"/blogs/chip-design/soafee-enables-next-gen-connected-vehicles","step":"verify","ok":true}
{"t":"2026-09-10T13:29:06.371Z","path":"/blogs/chip-design/soc-design-services-hpc-data-center","step":"verify","ok":true}
{"t":"2026-09-10T13:29:08.038Z","path":"/blogs/chip-design/soc-design-verification-renesas","step":"verify","ok":true}
{"t":"2026-09-10T13:29:11.592Z","path":"/blogs/chip-design/soc-interfaces-security-enhance-data-protection","step":"verify","ok":true}
{"t":"2026-09-10T13:29:13.486Z","path":"/blogs/chip-design/soc-ip-powers-hpc-applications","step":"verify","ok":true}
{"t":"2026-09-10T13:29:13.965Z","path":"/blogs/chip-design/soc-physical-verification-tool-achronix","step":"verify","ok":true}
{"t":"2026-09-10T13:29:14.797Z","path":"/blogs/chip-design/soc-hbm2e-capacity-speed-benefits","step":"verify","ok":false,"why":"about:error in delivered html"}
{"t":"2026-09-10T13:29:18.391Z","path":"/blogs/chip-design/soc-verification-kit-out-of-the-box-verification-solution","step":"verify","ok":true}
{"t":"2026-09-10T13:29:19.147Z","path":"/blogs/chip-design/socs-take-us-smart-to-smarter","step":"verify","ok":true}
{"t":"2026-09-10T13:29:20.319Z","path":"/blogs/chip-design/software-bring-up-multi-die-systems","step":"verify","ok":true}
{"t":"2026-09-10T13:29:20.566Z","path":"/blogs/chip-design/software-defined-automotive-development","step":"verify","ok":true}
{"t":"2026-09-10T13:29:24.160Z","path":"/blogs/chip-design/software-defined-data-centers-sc24","step":"verify","ok":true}
{"t":"2026-09-10T13:29:24.728Z","path":"/blogs/chip-design/software-defined-hardware-assisted-verification","step":"verify","ok":true}
{"t":"2026-09-10T13:29:25.616Z","path":"/blogs/chip-design/software-defined-vehicle-ecu-architectures","step":"verify","ok":true}
{"t":"2026-09-10T13:29:27.282Z","path":"/blogs/chip-design/software-defined-vehicles-aws","step":"verify","ok":true}
{"t":"2026-09-10T13:29:29.446Z","path":"/blogs/chip-design/software-defined-vehicles-blackberry-aws","step":"verify","ok":true}
{"t":"2026-09-10T13:29:30.936Z","path":"/blogs/chip-design/software-defined-vehicles-changes-auto-design","step":"verify","ok":true}
{"t":"2026-09-10T13:29:31.319Z","path":"/blogs/chip-design/software-defined-vehicles-synopsys-arm","step":"verify","ok":true}
{"t":"2026-09-10T13:29:32.801Z","path":"/blogs/chip-design/software-drives-product-design-innovation","step":"verify","ok":true}
{"t":"2026-09-10T13:29:34.635Z","path":"/blogs/chip-design/software-enabled-full-chip-power-signoff-soc-verification","step":"verify","ok":true}
{"t":"2026-09-10T13:29:36.788Z","path":"/blogs/chip-design/software-modeling-kpi-prototyping","step":"verify","ok":true}
{"t":"2026-09-10T13:29:37.825Z","path":"/blogs/chip-design/software-security-quality-joe-jarzombek","step":"verify","ok":true}
{"t":"2026-09-10T13:29:38.923Z","path":"/blogs/chip-design/south-korean-startup-rebellions-redefines-energy-efficient-ai-computing","step":"verify","ok":true}
{"t":"2026-09-10T13:29:40.814Z","path":"/blogs/chip-design/southeast-asia-semiconductor-workforce-development","step":"verify","ok":true}
{"t":"2026-09-10T13:29:42.255Z","path":"/blogs/chip-design/space-exploration-engineering-silicon-systems","step":"verify","ok":true}
{"t":"2026-09-10T13:29:44.050Z","path":"/blogs/chip-design/speed-up-simulation-coverage-closure","step":"verify","ok":true}
{"t":"2026-09-10T13:29:44.193Z","path":"/blogs/chip-design/sram-margin-analysis-workflow","step":"verify","ok":true}
{"t":"2026-09-10T13:29:46.619Z","path":"/blogs/chip-design/sram-puf-chip-security","step":"verify","ok":true}
{"t":"2026-09-10T13:29:48.564Z","path":"/blogs/chip-design/starrc-advanced-features-custom-soc-design","step":"verify","ok":true}
{"t":"2026-09-10T13:29:49.567Z","path":"/blogs/chip-design/starrc-density-corner-value-proposition","step":"verify","ok":true}
{"t":"2026-09-10T13:29:49.867Z","path":"/blogs/chip-design/starrc-standalone-netlist-reducer","step":"verify","ok":true}
{"t":"2026-09-10T13:29:52.029Z","path":"/blogs/chip-design/starrc-vmf-ic-validator-amf-positioning","step":"verify","ok":true}
{"t":"2026-09-10T13:29:54.970Z","path":"/blogs/chip-design/startup-vc-connect-ai-silicon","step":"verify","ok":true}
{"t":"2026-09-10T13:29:55.404Z","path":"/blogs/chip-design/strategic-role-of-glitch-detection-ip-in-modern-socs","step":"verify","ok":true}
{"t":"2026-09-10T13:29:56.282Z","path":"/blogs/chip-design/stem-education-with-eda-tools","step":"verify","ok":true}
{"t":"2026-09-10T13:29:57.976Z","path":"/blogs/chip-design/streamline-photonic-icd-with-pdks","step":"verify","ok":true}
{"t":"2026-09-10T13:30:00.129Z","path":"/blogs/chip-design/streamlining-camera-security-validation-framework-using-synopsys-mipi-cse-v20-vip","step":"verify","ok":true}
{"t":"2026-09-10T13:30:01.234Z","path":"/blogs/chip-design/summer-2021-internship-interdisciplinary-learning","step":"verify","ok":true}
{"t":"2026-09-10T13:30:02.430Z","path":"/blogs/chip-design/summer-tech-internship-program","step":"verify","ok":true}
{"t":"2026-09-10T13:30:04.184Z","path":"/blogs/chip-design/superconducting-iarpa-jamil-kawa","step":"verify","ok":true}
{"t":"2026-09-10T13:30:07.174Z","path":"/blogs/chip-design/swap-marc-swinnen-kenneth-larsen","step":"verify","ok":true}
{"t":"2026-09-10T13:30:07.681Z","path":"/blogs/chip-design/sustainability-efforts-grow-azure-sky-wind-farm","step":"verify","ok":true}
{"t":"2026-09-10T13:30:09.528Z","path":"/blogs/chip-design/symmetric-layouts-showing-mismatches-spice-simulations","step":"verify","ok":true}
{"t":"2026-09-10T13:30:10.739Z","path":"/blogs/chip-design/synopsys-ai-copilots-chip-design","step":"verify","ok":true}
{"t":"2026-09-10T13:30:12.854Z","path":"/blogs/chip-design/synopsys-ai-eda-tools","step":"verify","ok":true}
{"t":"2026-09-10T13:30:13.761Z","path":"/blogs/chip-design/synopsys-and-fishtail-design-automation","step":"verify","ok":true}
{"t":"2026-09-10T13:30:15.943Z","path":"/blogs/chip-design/synopsys-ansys-engineering-innovation","step":"verify","ok":true}
{"t":"2026-09-10T13:30:15.994Z","path":"/blogs/chip-design/synopsys-arm-aim-to-reduce-silicon-design-cycles","step":"verify","ok":true}
{"t":"2026-09-10T13:30:19.220Z","path":"/blogs/chip-design/synopsys-asem-pcda-advance-malaysia-semiconductor-design","step":"verify","ok":true}
{"t":"2026-09-10T13:30:19.772Z","path":"/blogs/chip-design/synopsys-ceo-sassine-ghazi-future","step":"verify","ok":true}
{"t":"2026-09-10T13:30:21.549Z","path":"/blogs/chip-design/synopsys-cloud-ic-verification-drc","step":"verify","ok":true}
{"t":"2026-09-10T13:30:21.954Z","path":"/blogs/chip-design/synopsys-converge-2026-silicon-systems-conference","step":"verify","ok":true}
{"t":"2026-09-10T13:30:24.855Z","path":"/blogs/chip-design/synopsys-joins-ifs-usmag-alliance","step":"verify","ok":true}
{"t":"2026-09-10T13:30:26.359Z","path":"/blogs/chip-design/synopsys-learning-center-training-accessible-easier","step":"verify","ok":true}
{"t":"2026-09-10T13:30:27.935Z","path":"/blogs/chip-design/synopsys-li-auto-case-study","step":"verify","ok":true}
{"t":"2026-09-10T13:30:28.175Z","path":"/blogs/chip-design/synopsys-learning-center","step":"verify","ok":true}
{"t":"2026-09-10T13:30:30.730Z","path":"/blogs/chip-design/synopsys-pcie-leadership-recognized","step":"verify","ok":true}
{"t":"2026-09-10T13:30:32.689Z","path":"/blogs/chip-design/synopsys-tapes-out-slm-pvt-monitor-ip-on-tsmc-n5-n3e1","step":"verify","ok":true}
{"t":"2026-09-10T13:30:34.068Z","path":"/blogs/chip-design/synopsys-vcs-vip-cloud-simulation","step":"verify","ok":true}
{"t":"2026-09-10T13:30:34.508Z","path":"/blogs/chip-design/synopsys-vc-formal-sig-event-2023","step":"verify","ok":true}
{"t":"2026-09-10T13:30:36.709Z","path":"/blogs/chip-design/system-architecture-design-tools","step":"verify","ok":true}
{"t":"2026-09-10T13:30:39.474Z","path":"/blogs/chip-design/system-interoperability-in-hyperscale-data-centers","step":"verify","ok":true}
{"t":"2026-09-10T13:30:40.979Z","path":"/blogs/chip-design/tachyum-prodigy-hpc-processor-hyperscale-data-centers","step":"verify","ok":true}
{"t":"2026-09-10T13:30:41.119Z","path":"/blogs/chip-design/tackling-tech-talent-shortage-with-stem","step":"verify","ok":true}
{"t":"2026-09-10T13:30:42.243Z","path":"/blogs/chip-design/tcad-semiconductor-industry-iit-bombay","step":"verify","ok":true}
{"t":"2026-09-10T13:30:45.415Z","path":"/blogs/chip-design/tcad-simulations-design-reliable-space-based-chips","step":"verify","ok":true}
{"t":"2026-09-10T13:30:47.316Z","path":"/blogs/chip-design/tda5-socs-vdk-ai-autonomous-driving-ces","step":"verify","ok":true}
{"t":"2026-09-10T13:30:47.720Z","path":"/blogs/chip-design/tech-internships-summer-2023","step":"verify","ok":true}
{"t":"2026-09-10T13:30:49.676Z","path":"/blogs/chip-design/technology-beyond-3nm-interview-jacob-avidan-shankar-krishnamoorthy","step":"verify","ok":true}
{"t":"2026-09-10T13:30:51.035Z","path":"/blogs/chip-design/testmax-test-all-the-limits","step":"verify","ok":true}
{"t":"2026-09-10T13:30:53.290Z","path":"/blogs/chip-design/thermal-management-solutions-multi-die-systems","step":"verify","ok":true}
{"t":"2026-09-10T13:30:53.399Z","path":"/blogs/chip-design/three-ai-chip-startups-cloud-eda-tools","step":"verify","ok":true}
{"t":"2026-09-10T13:30:56.753Z","path":"/blogs/chip-design/tilelink-verification-ip-riscv-socs","step":"verify","ok":true}
{"t":"2026-09-10T13:30:57.704Z","path":"/blogs/chip-design/timing-aware-multiphysics-eco-design-closure","step":"verify","ok":true}
{"t":"2026-09-10T13:30:58.899Z","path":"/blogs/chip-design/timing-constraints-signoff-flow","step":"verify","ok":true}
{"t":"2026-09-10T13:30:59.548Z","path":"/blogs/chip-design/tools-accelerate-memory-chip-design","step":"verify","ok":true}
{"t":"2026-09-10T13:31:02.382Z","path":"/blogs/chip-design/top-cloud-architecture-design-principles-important-for-eda","step":"verify","ok":true}
{"t":"2026-09-10T13:31:04.496Z","path":"/blogs/chip-design/top-medical-device-design-priorities-chip-design","step":"verify","ok":true}
{"t":"2026-09-10T13:31:06.393Z","path":"/blogs/chip-design/tsmc-awards-semiconductor-design-innovation","step":"verify","ok":true}
{"t":"2026-09-10T13:31:07.349Z","path":"/blogs/chip-design/toshiba-enhances-memory-bist-synopsys-testmax","step":"verify","ok":true}
{"t":"2026-09-10T13:31:08.507Z","path":"/blogs/chip-design/tsmc-multi-die-systems-ucie-phy-ip-n3e","step":"verify","ok":true}
{"t":"2026-09-10T13:31:10.320Z","path":"/blogs/chip-design/tsmc-partner-of-the-year-2024","step":"verify","ok":true}
{"t":"2026-09-10T13:31:12.450Z","path":"/blogs/chip-design/turbocharging-ai-how-hardware-assisted-verification-fuels-the-revolution","step":"verify","ok":true}
{"t":"2026-09-10T13:31:13.495Z","path":"/blogs/chip-design/types-of-cloud-security-tools","step":"verify","ok":true}
{"t":"2026-09-10T13:31:13.897Z","path":"/blogs/chip-design/uasp-faster-usb-mass-storage","step":"verify","ok":true}
{"t":"2026-09-10T13:31:17.037Z","path":"/blogs/chip-design/ucie-1-0-protocol-verification-guide","step":"verify","ok":true}
{"t":"2026-09-10T13:31:19.045Z","path":"/blogs/chip-design/ucie-2-0-setting-the-tone-for-chiplet-interoperability","step":"verify","ok":true}
{"t":"2026-09-10T13:31:19.376Z","path":"/blogs/chip-design/ucie-3-0-chiplet-ip-solutions","step":"verify","ok":true}
{"t":"2026-09-10T13:31:20.321Z","path":"/blogs/chip-design/ucie-changes-soc-design","step":"verify","ok":true}
{"t":"2026-09-10T13:31:24.240Z","path":"/blogs/chip-design/ucie-performance-40g-multi-die-systems","step":"verify","ok":true}
{"t":"2026-09-10T13:31:24.830Z","path":"/blogs/chip-design/ucie-protocol-multi-die-chip","step":"verify","ok":true}
{"t":"2026-09-10T13:31:25.602Z","path":"/blogs/chip-design/ucie-standard-multi-die-systems","step":"verify","ok":true}
{"t":"2026-09-10T13:31:27.057Z","path":"/blogs/chip-design/ufs-4-0-specification-flash-storage","step":"verify","ok":true}
{"t":"2026-09-10T13:31:29.710Z","path":"/blogs/chip-design/ufs-5-0-verification-mobile-automotive-ai-storage","step":"verify","ok":true}
{"t":"2026-09-10T13:31:30.872Z","path":"/blogs/chip-design/ultra-ethernet-consortium","step":"verify","ok":true}
{"t":"2026-09-10T13:31:31.742Z","path":"/blogs/chip-design/ultra-ethernet-ualink-ai-infrastructure","step":"verify","ok":true}
{"t":"2026-09-10T13:31:35.063Z","path":"/blogs/chip-design/understanding-amba-axi-exclusive-access","step":"verify","ok":true}
{"t":"2026-09-10T13:31:35.682Z","path":"/blogs/chip-design/understanding-cloud-computing-for-eda-workloads","step":"verify","ok":true}
{"t":"2026-09-10T13:31:37.093Z","path":"/blogs/chip-design/understanding-haps-prototyping-systems-accessories","step":"verify","ok":true}
{"t":"2026-09-10T13:31:37.241Z","path":"/blogs/chip-design/understanding-display-color-space","step":"verify","ok":true}
{"t":"2026-09-10T13:31:40.801Z","path":"/blogs/chip-design/understanding-iso-26262-semiconductors","step":"verify","ok":true}
{"t":"2026-09-10T13:31:41.615Z","path":"/blogs/chip-design/understanding-new-tilelink-standard","step":"verify","ok":true}
{"t":"2026-09-10T13:31:42.557Z","path":"/blogs/chip-design/understanding-pcie-spread-spectrum-clocking","step":"verify","ok":true}
{"t":"2026-09-10T13:31:44.344Z","path":"/blogs/chip-design/understanding-row-hammer-attacks","step":"verify","ok":true}
{"t":"2026-09-10T13:31:48.007Z","path":"/blogs/chip-design/unified-coverage-planning-analysis","step":"verify","ok":true}
{"t":"2026-09-10T13:31:48.553Z","path":"/blogs/chip-design/unified-power-format-low-power-ic-design","step":"verify","ok":true}
{"t":"2026-09-10T13:31:49.646Z","path":"/blogs/chip-design/unified-emulation-prototyping-system","step":"verify","ok":true}
{"t":"2026-09-10T13:31:51.047Z","path":"/blogs/chip-design/unraveling-cxl-technology-overview","step":"verify","ok":true}
{"t":"2026-09-10T13:31:54.015Z","path":"/blogs/chip-design/upstream-downstream-ports-guide","step":"verify","ok":true}
{"t":"2026-09-10T13:31:55.128Z","path":"/blogs/chip-design/upgrading-3d-ic-packaging-for-faster-ai-inference-with-psm","step":"verify","ok":true}
{"t":"2026-09-10T13:31:56.459Z","path":"/blogs/chip-design/usb-80gbps-specification-and-protocol","step":"verify","ok":true}
{"t":"2026-09-10T13:31:56.747Z","path":"/blogs/chip-design/usb-audio-device-class3","step":"verify","ok":true}
{"t":"2026-09-10T13:32:00.542Z","path":"/blogs/chip-design/usb-dual-role-advantages","step":"verify","ok":true}
{"t":"2026-09-10T13:32:01.341Z","path":"/blogs/chip-design/usb-role-in-iot","step":"verify","ok":true}
{"t":"2026-09-10T13:32:02.316Z","path":"/blogs/chip-design/usb-type-c-alternate-mode-universality","step":"verify","ok":true}
{"t":"2026-09-10T13:32:02.702Z","path":"/blogs/chip-design/usb-type-c-trends-worldwide","step":"verify","ok":true}
{"t":"2026-09-10T13:32:07.049Z","path":"/blogs/chip-design/usb-type-c-verification-challenges","step":"verify","ok":true}
{"t":"2026-09-10T13:32:07.179Z","path":"/blogs/chip-design/usb3-2-cable-length-water-delivery","step":"verify","ok":true}
{"t":"2026-09-10T13:32:08.381Z","path":"/blogs/chip-design/usb3-2-power-delivery-charging","step":"verify","ok":true}
{"t":"2026-09-10T13:32:08.706Z","path":"/blogs/chip-design/usb3-2-primer","step":"verify","ok":true}
{"t":"2026-09-10T13:32:13.633Z","path":"/blogs/chip-design/usb4-high-performance-combined-data","step":"verify","ok":true}
{"t":"2026-09-10T13:32:13.762Z","path":"/blogs/chip-design/usb4-device-ip-edge-ai","step":"verify","ok":true}
{"t":"2026-09-10T13:32:14.405Z","path":"/blogs/chip-design/usb4-specification-advancements-future-devices","step":"verify","ok":true}
{"t":"2026-09-10T13:32:16.210Z","path":"/blogs/chip-design/use-cases-benefits-synopsys-virtual-prototyping","step":"verify","ok":true}
{"t":"2026-09-10T13:32:19.702Z","path":"/blogs/chip-design/uvc-device-video-streaming","step":"verify","ok":true}
{"t":"2026-09-10T13:32:20.017Z","path":"/blogs/chip-design/using-ai-to-debug-more-quickly-and-accurately","step":"verify","ok":true}
{"t":"2026-09-10T13:32:20.497Z","path":"/blogs/chip-design/validation-of-autosar-classic-ecus-running-rust-swcs-a-safer-path-to-automotive-software","step":"verify","ok":true}
{"t":"2026-09-10T13:32:22.522Z","path":"/blogs/chip-design/verdi-waveform-utilities","step":"verify","ok":true}
{"t":"2026-09-10T13:32:26.678Z","path":"/blogs/chip-design/verification-challenges-in-the-cloud","step":"verify","ok":true}
{"t":"2026-09-10T13:32:26.697Z","path":"/blogs/chip-design/verification-of-ual-uec-protocols-for-scalable-hpc-ai-networks-using-synopsys-vip","step":"verify","ok":true}
{"t":"2026-09-10T13:32:28.406Z","path":"/blogs/chip-design/verification-in-ai-era-scaling-software-driven-hardware-assisted-verification","step":"verify","ok":true}
{"t":"2026-09-10T13:32:28.552Z","path":"/blogs/chip-design/verification-validation-differences","step":"verify","ok":true}
{"t":"2026-09-10T13:32:33.218Z","path":"/blogs/chip-design/verification-viewpoints-a-new-blog-series","step":"verify","ok":true}
{"t":"2026-09-10T13:32:33.352Z","path":"/blogs/chip-design/verification-viewpoints-shift-left-sanity-testing","step":"verify","ok":true}
{"t":"2026-09-10T13:32:35.315Z","path":"/blogs/chip-design/verifying-cxl3-1-designs-with-synopsys-verification-ip","step":"verify","ok":true}
{"t":"2026-09-10T13:32:35.785Z","path":"/blogs/chip-design/verifying-complex-datapath-designs-with-hector","step":"verify","ok":true}
{"t":"2026-09-10T13:32:40.205Z","path":"/blogs/chip-design/verifying-systems-with-primesim-continuum","step":"verify","ok":true}
{"t":"2026-09-10T13:32:40.864Z","path":"/blogs/chip-design/verifying-nvme-2-1-designs-for-ai-hpc-workloads","step":"verify","ok":true}
{"t":"2026-09-10T13:32:42.673Z","path":"/blogs/chip-design/vip-amba-cxs-early-success","step":"verify","ok":true}
{"t":"2026-09-10T13:32:43.192Z","path":"/blogs/chip-design/virtual-electronic-control-unit-prototyping-tools","step":"verify","ok":true}
{"t":"2026-09-10T13:32:46.547Z","path":"/blogs/chip-design/virtual-prototyping-pre-silicon-verification","step":"verify","ok":true}
{"t":"2026-09-10T13:32:48.621Z","path":"/blogs/chip-design/virtual-prototyping-shifts-software-soc-design-left","step":"verify","ok":true}
{"t":"2026-09-10T13:32:49.611Z","path":"/blogs/chip-design/virtual-sensors-system-design","step":"verify","ok":true}
{"t":"2026-09-10T13:32:50.088Z","path":"/blogs/chip-design/virtual-prototyping-tools-multi-die-system-architecture-design","step":"verify","ok":true}
{"t":"2026-09-10T13:32:53.396Z","path":"/blogs/chip-design/virtualizer-native-execution-arm","step":"verify","ok":true}
{"t":"2026-09-10T13:32:54.948Z","path":"/blogs/chip-design/virtualizing-posix-style-ecus-deterministic-sil-simulation","step":"verify","ok":true}
{"t":"2026-09-10T13:32:55.862Z","path":"/blogs/chip-design/visualizing-cross-die-paths-multi-die-designs","step":"verify","ok":true}
{"t":"2026-09-10T13:32:57.038Z","path":"/blogs/chip-design/volvo-cars-automotive-digital-twin","step":"verify","ok":true}
{"t":"2026-09-10T13:33:00.868Z","path":"/blogs/chip-design/vso-ai-nvidia","step":"verify","ok":true}
{"t":"2026-09-10T13:33:01.178Z","path":"/blogs/chip-design/weikai-sun-interview-synopsys-custom-design-platform","step":"verify","ok":true}
{"t":"2026-09-10T13:33:02.977Z","path":"/blogs/chip-design/what-are-co-packaged-optics","step":"verify","ok":true}
{"t":"2026-09-10T13:33:04.168Z","path":"/blogs/chip-design/what-are-counterfeit-chips","step":"verify","ok":true}
{"t":"2026-09-10T13:33:08.094Z","path":"/blogs/chip-design/what-are-multi-die-systems","step":"verify","ok":true}
{"t":"2026-09-10T13:33:08.195Z","path":"/blogs/chip-design/what-are-gate-all-around-gaa-transistors","step":"verify","ok":true}
{"t":"2026-09-10T13:33:09.110Z","path":"/blogs/chip-design/what-does-cloud-native-mean","step":"verify","ok":true}
{"t":"2026-09-10T13:33:10.377Z","path":"/blogs/chip-design/what-is-a-cloud-data-center","step":"verify","ok":true}
{"t":"2026-09-10T13:33:15.849Z","path":"/blogs/chip-design/what-is-a-smartnic","step":"verify","ok":true}
{"t":"2026-09-10T13:33:16.039Z","path":"/blogs/chip-design/what-is-bring-your-own-cloud","step":"verify","ok":true}
{"t":"2026-09-10T13:33:16.062Z","path":"/blogs/chip-design/what-is-ams-verification","step":"verify","ok":true}
{"t":"2026-09-10T13:33:17.317Z","path":"/blogs/chip-design/what-is-clock-domain-crossing","step":"verify","ok":true}
{"t":"2026-09-10T13:33:22.821Z","path":"/blogs/chip-design/what-is-cloud-security-framework","step":"verify","ok":true}
{"t":"2026-09-10T13:33:22.839Z","path":"/blogs/chip-design/what-is-cloud-migration","step":"verify","ok":true}
{"t":"2026-09-10T13:33:22.911Z","path":"/blogs/chip-design/what-is-cloud-native-architecture","step":"verify","ok":true}
{"t":"2026-09-10T13:33:24.766Z","path":"/blogs/chip-design/what-is-code-linting","step":"verify","ok":true}
{"t":"2026-09-10T13:33:29.504Z","path":"/blogs/chip-design/what-is-democratized-design","step":"verify","ok":true}
{"t":"2026-09-10T13:33:29.592Z","path":"/blogs/chip-design/what-is-cryo-cmos-ip","step":"verify","ok":true}
{"t":"2026-09-10T13:33:29.812Z","path":"/blogs/chip-design/what-is-compute-express-link-3","step":"verify","ok":true}
{"t":"2026-09-10T13:33:30.492Z","path":"/blogs/chip-design/what-is-distributed-cloud-computing","step":"verify","ok":true}
{"t":"2026-09-10T13:33:35.794Z","path":"/blogs/chip-design/what-is-emram","step":"verify","ok":true}
{"t":"2026-09-10T13:33:35.864Z","path":"/blogs/chip-design/what-is-elasticity-in-cloud-computing","step":"verify","ok":true}
{"t":"2026-09-10T13:33:35.929Z","path":"/blogs/chip-design/what-is-edge-computing","step":"verify","ok":true}
{"t":"2026-09-10T13:33:37.106Z","path":"/blogs/chip-design/what-is-flexeda","step":"verify","ok":true}
{"t":"2026-09-10T13:33:42.210Z","path":"/blogs/chip-design/what-is-local-layout-effect-chip-design","step":"verify","ok":true}
{"t":"2026-09-10T13:33:42.250Z","path":"/blogs/chip-design/what-is-hardware-assisted-verification-hav","step":"verify","ok":true}
{"t":"2026-09-10T13:33:42.263Z","path":"/blogs/chip-design/what-is-macsec-protocol","step":"verify","ok":true}
{"t":"2026-09-10T13:33:44.014Z","path":"/blogs/chip-design/what-is-mobile-industry-processor-interface-protocol","step":"verify","ok":true}
{"t":"2026-09-10T13:33:48.550Z","path":"/blogs/chip-design/what-is-multi-cloud-architecture","step":"verify","ok":true}
{"t":"2026-09-10T13:33:48.839Z","path":"/blogs/chip-design/what-is-nfs-shared-storage","step":"verify","ok":true}
{"t":"2026-09-10T13:33:48.922Z","path":"/blogs/chip-design/what-is-multi-die-chip-design","step":"verify","ok":true}
{"t":"2026-09-10T13:33:50.562Z","path":"/blogs/chip-design/what-is-object-storage","step":"verify","ok":true}
{"t":"2026-09-10T13:33:55.300Z","path":"/blogs/chip-design/what-is-photonics","step":"verify","ok":true}
{"t":"2026-09-10T13:33:55.710Z","path":"/blogs/chip-design/what-is-persistent-storage","step":"verify","ok":true}
{"t":"2026-09-10T13:33:55.860Z","path":"/blogs/chip-design/what-is-power-optimization","step":"verify","ok":true}
{"t":"2026-09-10T13:33:57.523Z","path":"/blogs/chip-design/what-is-quantum-computing","step":"verify","ok":true}
{"t":"2026-09-10T13:34:01.769Z","path":"/blogs/chip-design/what-is-reset-domain-crossing","step":"verify","ok":true}
{"t":"2026-09-10T13:34:02.138Z","path":"/blogs/chip-design/what-is-shared-cloud-storage","step":"verify","ok":true}
{"t":"2026-09-10T13:34:02.835Z","path":"/blogs/chip-design/what-is-silent-data-corruption-sdc","step":"verify","ok":true}
{"t":"2026-09-10T13:34:04.177Z","path":"/blogs/chip-design/what-is-silicon-lifecycle-management-slm","step":"verify","ok":true}
{"t":"2026-09-10T13:34:09.159Z","path":"/blogs/chip-design/what-is-tdisp-pcie-io-virtualization","step":"verify","ok":true}
{"t":"2026-09-10T13:34:09.170Z","path":"/blogs/chip-design/what-is-very-short-reach-vsr-connectivity","step":"verify","ok":true}
{"t":"2026-09-10T13:34:09.495Z","path":"/blogs/chip-design/what-is-usb4-v2-specification","step":"verify","ok":true}
{"t":"2026-09-10T13:34:10.873Z","path":"/blogs/chip-design/whats-new-in-pcie-6","step":"verify","ok":true}
{"t":"2026-09-10T13:34:15.548Z","path":"/blogs/chip-design/when-ai-gets-a-body-physical-ai","step":"verify","ok":true}
{"t":"2026-09-10T13:34:15.653Z","path":"/blogs/chip-design/when-functional-chip-design-verification-truly-finished","step":"verify","ok":true}
{"t":"2026-09-10T13:34:15.709Z","path":"/blogs/chip-design/where-does-innovation-come-from","step":"verify","ok":true}
{"t":"2026-09-10T13:34:17.662Z","path":"/blogs/chip-design/why-adaptability-is-key-to-faster-prototyping","step":"verify","ok":true}
{"t":"2026-09-10T13:34:22.036Z","path":"/blogs/chip-design/why-ras-matters-in-hpc","step":"verify","ok":true}
{"t":"2026-09-10T13:34:22.134Z","path":"/blogs/chip-design/why-dtco-is-key-to-memory-design-techniques","step":"verify","ok":true}
{"t":"2026-09-10T13:34:22.239Z","path":"/blogs/chip-design/why-ai-hardware-demands-the-highest-verifiable-qor","step":"verify","ok":true}
{"t":"2026-09-10T13:34:24.251Z","path":"/blogs/chip-design/will-ai-chip-design-tools-take-your-job","step":"verify","ok":true}
{"t":"2026-09-10T13:34:28.538Z","path":"/blogs/chip-design/wish-conference-2021-qa-priyanka-joshi","step":"verify","ok":true}
{"t":"2026-09-10T13:34:29.042Z","path":"/blogs/chip-design/women-in-tech-engineering-scholarship","step":"verify","ok":true}
{"t":"2026-09-10T13:34:29.404Z","path":"/blogs/chip-design/women-in-stem-qa-lisa-mcilwain","step":"verify","ok":true}
{"t":"2026-09-10T13:34:30.310Z","path":"/blogs/chip-design/worlds-first-hbm4-ip-test-chip-ai-hpc-validation","step":"verify","ok":true}
{"t":"2026-09-10T13:34:35.342Z","path":"/blogs/chip-design/zebu-innovation-advancing-emulation-technology-complex-soc-verification","step":"verify","ok":true}
{"t":"2026-09-10T13:34:35.439Z","path":"/blogs/chip-design/zebu-cloud-saas-flow","step":"verify","ok":true}
{"t":"2026-09-10T13:34:35.524Z","path":"/blogs/chip-design/ywca-tribute-to-women-awards-honors-synopsys","step":"verify","ok":true}
{"t":"2026-09-10T13:34:35.965Z","path":"/blogs/chip-design/zebu-use-cases-tackling-soc-verification-tasks","step":"verify","ok":true}
{"t":"2026-09-10T13:34:40.991Z","path":"/careers/benefits/fair-credit-reporting-act","step":"verify","ok":true}
{"t":"2026-09-10T13:34:41.330Z","path":"/blogs/chip-design/zephyr-rtos-silicon-lifecycle-management","step":"verify","ok":true}
{"t":"2026-09-10T13:34:41.504Z","path":"/blogs","step":"verify","ok":true}
{"t":"2026-09-10T13:34:41.867Z","path":"/careers/benefits/ireland-gender-pay-results","step":"verify","ok":true}
{"t":"2026-09-10T13:34:46.611Z","path":"/careers/benefits/uk-gender-pay-results","step":"verify","ok":true}
{"t":"2026-09-10T13:34:47.140Z","path":"/careers/global/asia-pacific/china","step":"verify","ok":true}
{"t":"2026-09-10T13:34:47.522Z","path":"/careers/global/asia-pacific/taiwan","step":"verify","ok":true}
{"t":"2026-09-10T13:34:48.623Z","path":"/careers/global/asia-pacific","step":"verify","ok":true}
{"t":"2026-09-10T13:34:52.529Z","path":"/careers/global/europe-and-middle-east/armenia-careers/armenia-benefits","step":"verify","ok":true}
{"t":"2026-09-10T13:34:53.140Z","path":"/careers/global/europe-and-middle-east/armenia-careers/employment-opportunities","step":"verify","ok":true}
{"t":"2026-09-10T13:34:53.503Z","path":"/careers/global/europe-and-middle-east/armenia-careers","step":"verify","ok":true}
{"t":"2026-09-10T13:34:54.457Z","path":"/careers/global/europe-and-middle-east/portugal/microelectronics-academy","step":"verify","ok":true}
{"t":"2026-09-10T13:34:59.484Z","path":"/careers/global/europe-and-middle-east/portugal","step":"verify","ok":true}
{"t":"2026-09-10T13:34:59.695Z","path":"/careers/global/europe-and-middle-east","step":"verify","ok":true}
{"t":"2026-09-10T13:34:59.887Z","path":"/careers/global/south-asia/bangalore","step":"verify","ok":true}
{"t":"2026-09-10T13:35:01.418Z","path":"/careers/global/south-asia/hyderabad","step":"verify","ok":true}
{"t":"2026-09-10T13:35:06.106Z","path":"/careers/global/south-asia/mumbai","step":"verify","ok":true}
{"t":"2026-09-10T13:35:06.118Z","path":"/careers/global/south-asia/india","step":"verify","ok":true}
{"t":"2026-09-10T13:35:07.671Z","path":"/careers/global/south-asia/ncr","step":"verify","ok":true}
{"t":"2026-09-10T13:35:08.513Z","path":"/careers/global/south-asia","step":"verify","ok":false,"why":"about:error in delivered html"}
{"t":"2026-09-10T13:35:12.999Z","path":"/careers/internships","step":"verify","ok":true}
{"t":"2026-09-10T13:35:14.325Z","path":"/careers/right-to-work","step":"verify","ok":true}
{"t":"2026-09-10T13:35:14.845Z","path":"/careers/global","step":"verify","ok":true}
{"t":"2026-09-10T13:35:16.417Z","path":"/careers/verify-your-recruitment","step":"verify","ok":true}
{"t":"2026-09-10T13:35:18.446Z","path":"/cloud/analog-saas/cloud-based-analog-design-flow","step":"verify","ok":true}
{"t":"2026-09-10T13:35:21.187Z","path":"/cloud/analog-saas","step":"verify","ok":false,"why":"about:error in delivered html"}
{"t":"2026-09-10T13:35:21.344Z","path":"/cloud/astera-labs","step":"verify","ok":true}
{"t":"2026-09-10T13:35:21.851Z","path":"/cloud/cisco-success","step":"verify","ok":true}
{"t":"2026-09-10T13:35:24.544Z","path":"/cloud/contact-us","step":"verify","ok":true}
{"t":"2026-09-10T13:35:26.648Z","path":"/cloud/digital-saas/cloud-based-digital-design-flow","step":"verify","ok":true}
{"t":"2026-09-10T13:35:27.333Z","path":"/cloud/design-in-the-cloud","step":"verify","ok":true}
{"t":"2026-09-10T13:35:29.033Z","path":"/cloud/digital-saas","step":"verify","ok":false,"why":"about:error in delivered html"}
{"t":"2026-09-10T13:35:30.736Z","path":"/cloud/effectphotonics-success","step":"verify","ok":true}
{"t":"2026-09-10T13:35:31.850Z","path":"/cloud/free-trial","step":"verify","ok":true}
{"t":"2026-09-10T13:35:34.185Z","path":"/cloud/hcltech-success","step":"verify","ok":true}
{"t":"2026-09-10T13:35:35.504Z","path":"/cloud/made-in-the-cloud","step":"verify","ok":true}
{"t":"2026-09-10T13:35:36.746Z","path":"/cloud/mentium-success","step":"verify","ok":true}
{"t":"2026-09-10T13:35:37.410Z","path":"/cloud/news/byoc-on-google-cloud","step":"verify","ok":true}
{"t":"2026-09-10T13:35:40.673Z","path":"/cloud/openlink/api","step":"verify","ok":true}
{"t":"2026-09-10T13:35:41.580Z","path":"/cloud/openlink/contact-us","step":"verify","ok":true}
{"t":"2026-09-10T13:35:43.129Z","path":"/cloud/openlink","step":"verify","ok":true}
{"t":"2026-09-10T13:35:43.816Z","path":"/cloud/photonic-saas","step":"verify","ok":true}
{"t":"2026-09-10T13:35:46.610Z","path":"/cloud/platform","step":"verify","ok":true}
{"t":"2026-09-10T13:35:47.908Z","path":"/cloud/resources","step":"verify","ok":true}
{"t":"2026-09-10T13:35:48.518Z","path":"/cloud/risc-v","step":"verify","ok":true}
{"t":"2026-09-10T13:35:49.358Z","path":"/cloud/startup-program","step":"verify","ok":true}
{"t":"2026-09-10T13:35:51.654Z","path":"/cloud/tetramem-success","step":"verify","ok":true}
{"t":"2026-09-10T13:35:53.251Z","path":"/cloud/transforming-chip-design-on-cloud","step":"verify","ok":true}
{"t":"2026-09-10T13:35:53.716Z","path":"/cloud/user-survey","step":"verify","ok":true}
{"t":"2026-09-10T13:35:54.577Z","path":"/cloud/verification-saas/cloud-based-verification-design-flow","step":"verify","ok":true}
{"t":"2026-09-10T13:35:57.864Z","path":"/cloud/verification-saas","step":"verify","ok":true}
{"t":"2026-09-10T13:35:59.352Z","path":"/community/resources/videos/sponsors","step":"verify","ok":true}
{"t":"2026-09-10T13:36:00.198Z","path":"/cloud","step":"verify","ok":true}
{"t":"2026-09-10T13:36:01.216Z","path":"/community/resources","step":"verify","ok":false,"why":"about:error in delivered html"}
{"t":"2026-09-10T13:36:03.612Z","path":"/community/snug/snug-china","step":"verify","ok":true}
{"t":"2026-09-10T13:36:05.714Z","path":"/community/snug/snug-europe/authors-kit","step":"verify","ok":true}
{"t":"2026-09-10T13:36:06.690Z","path":"/community/snug/snug-europe/call-for-content","step":"verify","ok":true}
{"t":"2026-09-10T13:36:07.242Z","path":"/community/snug/snug-europe/location-proceedings-2025","step":"verify","ok":true}
{"t":"2026-09-10T13:36:09.536Z","path":"/community/snug/snug-europe","step":"verify","ok":true}
{"t":"2026-09-10T13:36:10.823Z","path":"/community/snug/snug-india/2025-keynote","step":"verify","ok":true}
{"t":"2026-09-10T13:36:12.479Z","path":"/community/snug/snug-india/2026-keynote","step":"verify","ok":true}
{"t":"2026-09-10T13:36:13.291Z","path":"/community/snug/snug-india/authors-kit","step":"verify","ok":true}
{"t":"2026-09-10T13:36:15.258Z","path":"/community/snug/snug-india/call-for-content","step":"verify","ok":true}
{"t":"2026-09-10T13:36:17.477Z","path":"/community/snug/snug-india/location-proceedings-2024","step":"verify","ok":true}
{"t":"2026-09-10T13:36:17.816Z","path":"/community/snug/snug-india/location-proceedings-2025","step":"verify","ok":true}
{"t":"2026-09-10T13:36:18.801Z","path":"/community/snug/snug-india/location-proceedings-2026","step":"verify","ok":true}
{"t":"2026-09-10T13:36:21.202Z","path":"/community/snug/snug-india/reg-test-cvent","step":"verify","ok":true}
{"t":"2026-09-10T13:36:23.434Z","path":"/community/snug/snug-india","step":"verify","ok":true}
{"t":"2026-09-10T13:36:23.568Z","path":"/community/snug/snug-israel/authors-kit","step":"verify","ok":true}
{"t":"2026-09-10T13:36:24.446Z","path":"/community/snug/snug-israel/call-for-content","step":"verify","ok":true}
{"t":"2026-09-10T13:36:26.262Z","path":"/community/snug/snug-israel","step":"verify","ok":true}
{"t":"2026-09-10T13:36:28.893Z","path":"/community/snug/snug-korea/call-for-content","step":"verify","ok":true}
{"t":"2026-09-10T13:36:29.427Z","path":"/community/snug/snug-korea/authors-kit","step":"verify","ok":true}
{"t":"2026-09-10T13:36:29.989Z","path":"/community/snug/snug-korea/location-proceedings-2024","step":"verify","ok":true}
{"t":"2026-09-10T13:36:32.855Z","path":"/community/snug/snug-korea","step":"verify","ok":true}
{"t":"2026-09-10T13:36:34.845Z","path":"/community/snug/snug-news/keynote-day-1","step":"verify","ok":true}
{"t":"2026-09-10T13:36:35.045Z","path":"/community/snug/snug-news/2025-keynote","step":"verify","ok":true}
{"t":"2026-09-10T13:36:35.529Z","path":"/community/snug/snug-news/keynote-day-2","step":"verify","ok":true}
{"t":"2026-09-10T13:36:39.174Z","path":"/community/snug/snug-news/snug-news-2024","step":"verify","ok":true}
{"t":"2026-09-10T13:36:40.743Z","path":"/community/snug/snug-penang/authors-kit","step":"verify","ok":true}
{"t":"2026-09-10T13:36:41.187Z","path":"/community/snug/snug-penang","step":"verify","ok":true}
{"t":"2026-09-10T13:36:44.397Z","path":"/community/snug/snug-proceedings","step":"verify","ok":true}
{"t":"2026-09-10T13:36:45.935Z","path":"/community/snug/snug-news","step":"verify","ok":true}
{"t":"2026-09-10T13:36:46.087Z","path":"/community/snug/snug-roadshow-austin/location-proceedings-2025","step":"verify","ok":true}
{"t":"2026-09-10T13:36:47.269Z","path":"/community/snug/snug-roadshow-austin","step":"verify","ok":true}
{"t":"2026-09-10T13:36:50.825Z","path":"/community/snug/snug-silicon-valley/2020-on-demand","step":"verify","ok":true}
{"t":"2026-09-10T13:36:52.105Z","path":"/community/snug/snug-silicon-valley/authors-kit","step":"verify","ok":true}
{"t":"2026-09-10T13:36:52.526Z","path":"/community/snug/snug-silicon-valley/location-proceedings-2025","step":"verify","ok":true}
{"t":"2026-09-10T13:36:53.041Z","path":"/community/snug/snug-silicon-valley/location-proceedings-2026","step":"verify","ok":true}
{"t":"2026-09-10T13:36:57.680Z","path":"/community/snug/snug-silicon-valley","step":"verify","ok":true}
{"t":"2026-09-10T13:36:57.733Z","path":"/community/snug/snug-singapore/authors-kit","step":"verify","ok":true}
{"t":"2026-09-10T13:36:58.126Z","path":"/community/snug/snug-singapore/call-for-content","step":"verify","ok":true}
{"t":"2026-09-10T13:36:58.431Z","path":"/community/snug/snug-singapore/location-proceedings-2025","step":"verify","ok":true}
{"t":"2026-09-10T13:37:03.514Z","path":"/community/snug/snug-taiwan/authors-kit","step":"verify","ok":true}
{"t":"2026-09-10T13:37:03.786Z","path":"/community/snug/snug-singapore","step":"verify","ok":true}
{"t":"2026-09-10T13:37:03.806Z","path":"/community/snug/snug-taiwan/location-proceedings-2021","step":"verify","ok":true}
{"t":"2026-09-10T13:37:03.955Z","path":"/community/snug/snug-taiwan/call-for-content","step":"verify","ok":true}
{"t":"2026-09-10T13:37:09.199Z","path":"/community/snug/snug-taiwan/location-proceedings-2025","step":"verify","ok":true}
{"t":"2026-09-10T13:37:09.296Z","path":"/community/snug/snug-taiwan/location-proceedings-2026","step":"verify","ok":true}
{"t":"2026-09-10T13:37:09.439Z","path":"/community/snug/snug-vietnam/authors-kit","step":"verify","ok":true}
{"t":"2026-09-10T13:37:09.663Z","path":"/community/snug/snug-taiwan","step":"verify","ok":true}
{"t":"2026-09-10T13:37:14.681Z","path":"/community/snug/snug-vietnam/call-for-content","step":"verify","ok":true}
{"t":"2026-09-10T13:37:14.833Z","path":"/community/snug/snug-vietnam/location-proceedings-2025","step":"verify","ok":true}
{"t":"2026-09-10T13:37:15.190Z","path":"/community/snug","step":"verify","ok":true}
{"t":"2026-09-10T13:37:15.210Z","path":"/community/snug/snug-vietnam","step":"verify","ok":true}
{"t":"2026-09-10T13:37:20.105Z","path":"/company/acquisitions","step":"verify","ok":true}
{"t":"2026-09-10T13:37:20.296Z","path":"/company/contact-synopsys/office-locations/armenia/about-us/about-synopsys-armenia","step":"verify","ok":true}
{"t":"2026-09-10T13:37:20.740Z","path":"/company/contact-synopsys/office-locations/armenia/about-us","step":"verify","ok":true}
{"t":"2026-09-10T13:37:21.047Z","path":"/company/contact-synopsys/office-locations/armenia/about-us/management-team","step":"verify","ok":true}
{"t":"2026-09-10T13:37:25.531Z","path":"/company/contact-synopsys/office-locations/armenia/educational-programs/cooperation-with-universities","step":"verify","ok":true}
{"t":"2026-09-10T13:37:25.722Z","path":"/company/contact-synopsys/office-locations/armenia/community-involvement","step":"verify","ok":true}
{"t":"2026-09-10T13:37:26.631Z","path":"/company/contact-synopsys/office-locations/armenia/educational-programs/high-school-program-step","step":"verify","ok":true}
{"t":"2026-09-10T13:37:26.725Z","path":"/company/contact-synopsys/office-locations/armenia/educational-programs/training-and-internships","step":"verify","ok":true}
{"t":"2026-09-10T13:37:31.452Z","path":"/company/contact-synopsys/office-locations/armenia/research-development","step":"verify","ok":false,"why":"about:error in delivered html"}
{"t":"2026-09-10T13:37:32.159Z","path":"/company/contact-synopsys/office-locations/armenia/educational-programs","step":"verify","ok":true}
{"t":"2026-09-10T13:37:32.306Z","path":"/company/contact-synopsys/office-locations/armenia/stem-initiatives/international-microelectronics-olympiad","step":"verify","ok":true}
{"t":"2026-09-10T13:37:32.760Z","path":"/company/contact-synopsys/office-locations/armenia/stem-initiatives/state-educational-award-in-it-sphere","step":"verify","ok":true}
{"t":"2026-09-10T13:37:34.980Z","path":"/company/contact-synopsys/office-locations/armenia/stem-initiatives","step":"preview","status":409,"text":"error from content-bus"}
{"t":"2026-09-10T13:37:37.926Z","path":"/company/contact-synopsys/office-locations/armenia","step":"verify","ok":true}
{"t":"2026-09-10T13:37:38.417Z","path":"/company/contact-synopsys/office-locations/europe-middle-east/europe-middle-east-highlights","step":"verify","ok":true}
{"t":"2026-09-10T13:37:38.961Z","path":"/company/contact-synopsys/office-locations/europe-middle-east","step":"verify","ok":true}
{"t":"2026-09-10T13:37:42.100Z","path":"/company/contact-synopsys/office-locations/india/about-synopsys-india","step":"verify","ok":true}
{"t":"2026-09-10T13:37:43.083Z","path":"/company/contact-synopsys/office-locations/india/educational-program/student-design-contest","step":"verify","ok":true}
{"t":"2026-09-10T13:37:44.482Z","path":"/company/contact-synopsys/office-locations/korea","step":"verify","ok":true}
{"t":"2026-09-10T13:37:45.732Z","path":"/company/contact-synopsys/office-locations/india/educational-program","step":"verify","ok":true}
{"t":"2026-09-10T13:37:47.783Z","path":"/company/contact-synopsys/office-locations/south-asia","step":"verify","ok":true}
{"t":"2026-09-10T13:37:49.560Z","path":"/company/contact-synopsys/office-locations/taiwan","step":"verify","ok":true}
{"t":"2026-09-10T13:37:50.817Z","path":"/company/contact-synopsys/office-locations","step":"verify","ok":true}
{"t":"2026-09-10T13:37:51.924Z","path":"/company/contact-synopsys","step":"verify","ok":true}
{"t":"2026-09-10T13:37:52.981Z","path":"/company/contact-us","step":"verify","ok":true}
{"t":"2026-09-10T13:37:55.120Z","path":"/company/corporate-governance-ethics/board-committees","step":"verify","ok":true}
{"t":"2026-09-10T13:37:56.345Z","path":"/company/corporate-governance-ethics/board-of-directors","step":"verify","ok":true}
{"t":"2026-09-10T13:37:57.068Z","path":"/company/corporate-governance-ethics/code-of-ethics","step":"verify","ok":true}
{"t":"2026-09-10T13:37:58.482Z","path":"/company/corporate-governance-ethics/compensation-committee","step":"verify","ok":true}
{"t":"2026-09-10T13:38:00.524Z","path":"/company/corporate-governance-ethics/governance-committee","step":"verify","ok":true}
{"t":"2026-09-10T13:38:01.515Z","path":"/company/corporate-governance-ethics/government-affairs","step":"verify","ok":true}
{"t":"2026-09-10T13:38:03.231Z","path":"/company/corporate-governance-ethics","step":"verify","ok":true}
{"t":"2026-09-10T13:38:03.585Z","path":"/company/executive-briefing-center/ebc-hotels","step":"verify","ok":true}
{"t":"2026-09-10T13:38:05.934Z","path":"/company/executive-briefing-center/ebc-map","step":"verify","ok":true}
{"t":"2026-09-10T13:38:07.032Z","path":"/company/executive-briefing-center","step":"verify","ok":true}
{"t":"2026-09-10T13:38:08.950Z","path":"/company/legal/contractor-nda","step":"verify","ok":true}
{"t":"2026-09-10T13:38:10.725Z","path":"/company/legal/dpa-supplement","step":"verify","ok":true}
{"t":"2026-09-10T13:38:11.442Z","path":"/company/legal/privacy-policy","step":"verify","ok":true}
{"t":"2026-09-10T13:38:13.735Z","path":"/company/legal/security-commitments","step":"verify","ok":true}
{"t":"2026-09-10T13:38:14.113Z","path":"/company/legal/vulnerability-disclosure-policy/advisories","step":"verify","ok":true}
{"t":"2026-09-10T13:38:15.857Z","path":"/company/legal/vulnerability-disclosure-policy","step":"verify","ok":true}
{"t":"2026-09-10T13:38:16.916Z","path":"/company/management-team/alessandra-costa-bio","step":"verify","ok":true}
{"t":"2026-09-10T13:38:19.808Z","path":"/company/management-team/antonio-varas-bio","step":"verify","ok":true}
{"t":"2026-09-10T13:38:20.322Z","path":"/company/management-team/ann-minooka-bio","step":"verify","ok":true}
{"t":"2026-09-10T13:38:22.134Z","path":"/company/management-team/buvna-ayyagari-bio","step":"verify","ok":true}
{"t":"2026-09-10T13:38:23.449Z","path":"/company/management-team/charlie-matar-bio","step":"verify","ok":true}
{"t":"2026-09-10T13:38:25.638Z","path":"/company/management-team/janet-lee-bio","step":"verify","ok":true}
{"t":"2026-09-10T13:38:26.650Z","path":"/company/management-team/jill-larsen-bio","step":"verify","ok":true}
{"t":"2026-09-10T13:38:27.740Z","path":"/company/management-team/mike-ellow-bio","step":"verify","ok":true}
{"t":"2026-09-10T13:38:29.042Z","path":"/company/management-team/prith-banerjee-bio","step":"verify","ok":true}
{"t":"2026-09-10T13:38:31.480Z","path":"/company/management-team/raja-tabet-bio","step":"verify","ok":true}
{"t":"2026-09-10T13:38:32.475Z","path":"/company/management-team/ravi-subramanian-bio","step":"verify","ok":true}
{"t":"2026-09-10T13:38:33.717Z","path":"/company/management-team/sassine-ghazi-bio","step":"verify","ok":true}
{"t":"2026-09-10T13:38:34.473Z","path":"/company/management-team/shankar-krishnamoorthy-bio","step":"verify","ok":true}
{"t":"2026-09-10T13:38:37.975Z","path":"/company/management-team/shelagh-glaser-bio","step":"verify","ok":true}
{"t":"2026-09-10T13:38:39.329Z","path":"/company/resources/newsletters","step":"verify","ok":true}
{"t":"2026-09-10T13:38:39.849Z","path":"/company/resources/synopsys-press/better-software-faster","step":"verify","ok":true}
{"t":"2026-09-10T13:38:40.653Z","path":"/company/resources/synopsys-press/fpga-based-prototyping-methodology-manual","step":"verify","ok":true}
{"t":"2026-09-10T13:38:43.612Z","path":"/company/resources/synopsys-press/low-power-methodology-manual-download","step":"verify","ok":false,"why":"about:error in delivered html"}
{"t":"2026-09-10T13:38:45.216Z","path":"/company/resources/synopsys-press/the-ten-commandments-for-effective-standards","step":"verify","ok":true}
{"t":"2026-09-10T13:38:45.663Z","path":"/company/resources/synopsys-press/verification-methodology-manual-for-systemverilog","step":"verify","ok":true}
{"t":"2026-09-10T13:38:46.693Z","path":"/company/resources/synopsys-press/vmm-low-power","step":"verify","ok":true}
{"t":"2026-09-10T13:38:49.912Z","path":"/company/resources/synopsys-press","step":"verify","ok":false,"why":"about:error in delivered html"}
{"t":"2026-09-10T13:38:51.440Z","path":"/company/responsible-business/environment","step":"verify","ok":true}
{"t":"2026-09-10T13:38:52.374Z","path":"/company/resources","step":"verify","ok":true}
{"t":"2026-09-10T13:38:52.807Z","path":"/company/responsible-business/reporting","step":"verify","ok":true}
{"t":"2026-09-10T13:38:56.096Z","path":"/company/responsible-business/social/social-impact","step":"verify","ok":true}
{"t":"2026-09-10T13:38:57.954Z","path":"/company/responsible-business/social","step":"verify","ok":true}
{"t":"2026-09-10T13:38:58.665Z","path":"/company/responsible-business","step":"verify","ok":true}
{"t":"2026-09-10T13:38:59.058Z","path":"/company","step":"verify","ok":true}
{"t":"2026-09-10T13:39:01.784Z","path":"/contact-sales","step":"verify","ok":true}
{"t":"2026-09-10T13:39:04.348Z","path":"/converge/call-for-content","step":"verify","ok":true}
{"t":"2026-09-10T13:39:04.465Z","path":"/converge/executive-forum-2025","step":"verify","ok":true}
{"t":"2026-09-10T13:39:05.109Z","path":"/converge/livestream-2026","step":"verify","ok":true}
{"t":"2026-09-10T13:39:10.447Z","path":"/converge/newsroom","step":"verify","ok":true}
{"t":"2026-09-10T13:39:10.458Z","path":"/demo/ldw-sms","step":"verify","ok":true}
{"t":"2026-09-10T13:39:10.776Z","path":"/demo/ldw-vc-spyglass-lint","step":"verify","ok":true}
{"t":"2026-09-10T13:39:11.281Z","path":"/converge","step":"verify","ok":true}
{"t":"2026-09-10T13:39:15.914Z","path":"/designware-ip/contact-us","step":"verify","ok":true}
{"t":"2026-09-10T13:39:15.987Z","path":"/demo","step":"verify","ok":true}
{"t":"2026-09-10T13:39:17.540Z","path":"/designware-ip/interface-ip/ccix-controller","step":"verify","ok":true}
{"t":"2026-09-10T13:39:17.672Z","path":"/designware-ip/interface-ip/ccix","step":"verify","ok":true}
{"t":"2026-09-10T13:39:21.621Z","path":"/designware-ip/interface-ip/consumer8g","step":"verify","ok":true}
{"t":"2026-09-10T13:39:23.056Z","path":"/designware-ip/interface-ip/cxl/cxl-controller","step":"verify","ok":true}
{"t":"2026-09-10T13:39:23.532Z","path":"/designware-ip/interface-ip/ddr/ddr-enhanced-universal-ctls","step":"verify","ok":true}
{"t":"2026-09-10T13:39:24.177Z","path":"/designware-ip/interface-ip/cxl","step":"verify","ok":true}
{"t":"2026-09-10T13:39:27.841Z","path":"/designware-ip/interface-ip/ddr/ddr-gen2-multiphy","step":"verify","ok":true}
{"t":"2026-09-10T13:39:28.512Z","path":"/designware-ip/interface-ip/ddr/ddr-multiphy","step":"verify","ok":true}
{"t":"2026-09-10T13:39:29.358Z","path":"/designware-ip/interface-ip/ddr/ddr-universal-ctls","step":"verify","ok":true}
{"t":"2026-09-10T13:39:29.933Z","path":"/designware-ip/interface-ip/ddr/ddr-universal-umctl","step":"verify","ok":true}
{"t":"2026-09-10T13:39:33.406Z","path":"/designware-ip/interface-ip/ddr/ddr-universal-umctl2","step":"verify","ok":true}
{"t":"2026-09-10T13:39:34.169Z","path":"/designware-ip/interface-ip/ddr/ddr-universal-upctl","step":"verify","ok":true}
{"t":"2026-09-10T13:39:35.021Z","path":"/designware-ip/interface-ip/ddr/ddr-universal-upctl2","step":"verify","ok":true}
{"t":"2026-09-10T13:39:35.473Z","path":"/designware-ip/interface-ip/ddr/ddr2-lite-mem","step":"verify","ok":true}
{"t":"2026-09-10T13:39:38.988Z","path":"/designware-ip/interface-ip/ddr/ddr2-lite-pctl","step":"verify","ok":true}
{"t":"2026-09-10T13:39:40.362Z","path":"/designware-ip/interface-ip/ddr/ddr2-mem","step":"verify","ok":true}
{"t":"2026-09-10T13:39:40.877Z","path":"/designware-ip/interface-ip/ddr/ddr3-pctl","step":"verify","ok":true}
{"t":"2026-09-10T13:39:41.188Z","path":"/designware-ip/interface-ip/ddr/ddr3-phy","step":"verify","ok":true}
{"t":"2026-09-10T13:39:44.718Z","path":"/designware-ip/interface-ip/ddr/ddr4-multiphy","step":"verify","ok":true}
{"t":"2026-09-10T13:39:46.564Z","path":"/designware-ip/interface-ip/ddr/ddr43-phy","step":"verify","ok":true}
{"t":"2026-09-10T13:39:46.803Z","path":"/designware-ip/interface-ip/ddr/ddr5-mrdimm-controller","step":"verify","ok":true}
{"t":"2026-09-10T13:39:47.319Z","path":"/designware-ip/interface-ip/ddr/ddr54-controller","step":"verify","ok":true}
{"t":"2026-09-10T13:39:50.862Z","path":"/designware-ip/interface-ip/ddr/ddr54-phy","step":"verify","ok":true}
{"t":"2026-09-10T13:39:52.676Z","path":"/designware-ip/interface-ip/ddr/lpddr54-phy","step":"verify","ok":true}
{"t":"2026-09-10T13:39:53.103Z","path":"/designware-ip/interface-ip/ddr/lpddr4-multiphy","step":"verify","ok":true}
{"t":"2026-09-10T13:39:53.193Z","path":"/designware-ip/interface-ip/ddr/lpddr54-controller","step":"verify","ok":true}
{"t":"2026-09-10T13:39:56.183Z","path":"/designware-ip/interface-ip/ddr/lpddr5x54x-controller","step":"verify","ok":true}
{"t":"2026-09-10T13:39:58.558Z","path":"/designware-ip/interface-ip/ddr/lpddr5x54x-phy","step":"verify","ok":true}
{"t":"2026-09-10T13:39:59.262Z","path":"/designware-ip/interface-ip/ddr/lpddr65x5-phy","step":"verify","ok":true}
{"t":"2026-09-10T13:39:59.636Z","path":"/designware-ip/interface-ip/ddr/lpddr65x5-controller","step":"verify","ok":true}
{"t":"2026-09-10T13:40:02.052Z","path":"/designware-ip/interface-ip/ddr/mrdimm-phy","step":"verify","ok":true}
{"t":"2026-09-10T13:40:05.685Z","path":"/designware-ip/interface-ip/die-to-die/ucie-controller-ip","step":"verify","ok":true}
{"t":"2026-09-10T13:40:05.849Z","path":"/designware-ip/interface-ip/ddr","step":"verify","ok":true}
{"t":"2026-09-10T13:40:06.887Z","path":"/designware-ip/interface-ip/ddr5-lpddr5","step":"verify","ok":true}
{"t":"2026-09-10T13:40:07.822Z","path":"/designware-ip/interface-ip/die-to-die/ucie-phy-ip","step":"verify","ok":true}
{"t":"2026-09-10T13:40:11.997Z","path":"/designware-ip/interface-ip/die-to-die/usr-xsr-phy","step":"verify","ok":true}
{"t":"2026-09-10T13:40:12.548Z","path":"/designware-ip/interface-ip/die-to-die-controller","step":"verify","ok":true}
{"t":"2026-09-10T13:40:13.000Z","path":"/designware-ip/interface-ip/die-to-die/ucie","step":"verify","ok":true}
{"t":"2026-09-10T13:40:15.599Z","path":"/designware-ip/interface-ip/die-to-die","step":"verify","ok":true}
{"t":"2026-09-10T13:40:17.517Z","path":"/designware-ip/interface-ip/displayport/dptx-ip","step":"verify","ok":true}
{"t":"2026-09-10T13:40:18.901Z","path":"/designware-ip/interface-ip/displayport","step":"verify","ok":true}
{"t":"2026-09-10T13:40:19.516Z","path":"/designware-ip/interface-ip/ethernet/1-6t-ethernet-cs","step":"verify","ok":true}
{"t":"2026-09-10T13:40:22.543Z","path":"/designware-ip/interface-ip/ethernet/1-6t-ethernet-ip","step":"verify","ok":true}
{"t":"2026-09-10T13:40:24.277Z","path":"/designware-ip/interface-ip/ethernet/1-6t-ethernet-mac-ip","step":"verify","ok":true}
{"t":"2026-09-10T13:40:25.022Z","path":"/designware-ip/interface-ip/ethernet/1-6t-ethernet-pcs-ip","step":"verify","ok":true}
{"t":"2026-09-10T13:40:26.018Z","path":"/designware-ip/interface-ip/ethernet/1-6t-ultra-ethernet-cs","step":"verify","ok":true}
{"t":"2026-09-10T13:40:29.072Z","path":"/designware-ip/interface-ip/ethernet/100g-200g-400g-800g-ethernet-mac-ip","step":"verify","ok":true}
{"t":"2026-09-10T13:40:30.480Z","path":"/designware-ip/interface-ip/ethernet/100g-ethernet-mac-tsn","step":"verify","ok":true}
{"t":"2026-09-10T13:40:31.443Z","path":"/designware-ip/interface-ip/ethernet/100g-ethernet-pcs","step":"verify","ok":true}
{"t":"2026-09-10T13:40:34.765Z","path":"/designware-ip/interface-ip/ethernet/200g-400g-800g-ethernet-mac-ip","step":"verify","ok":true}
{"t":"2026-09-10T13:40:35.406Z","path":"/designware-ip/interface-ip/ethernet/112g-ethernet-phy","step":"verify","ok":true}
{"t":"2026-09-10T13:40:36.971Z","path":"/designware-ip/interface-ip/ethernet/200g-400g-ethernet-pcs-ip","step":"verify","ok":true}
{"t":"2026-09-10T13:40:39.103Z","path":"/designware-ip/interface-ip/ethernet/224g-ethernet-phy-ip","step":"verify","ok":true}
{"t":"2026-09-10T13:40:40.881Z","path":"/designware-ip/interface-ip/ethernet/224g-ethernet-phy","step":"verify","ok":true}
{"t":"2026-09-10T13:40:42.161Z","path":"/designware-ip/interface-ip/ethernet/56g-ethernet-phy","step":"verify","ok":true}
{"t":"2026-09-10T13:40:42.222Z","path":"/designware-ip/interface-ip/ethernet/25g-ethernet-mac-ip","step":"verify","ok":true}
{"t":"2026-09-10T13:40:44.703Z","path":"/designware-ip/interface-ip/ethernet/800g-ethernet-pcs-ip","step":"verify","ok":true}
{"t":"2026-09-10T13:40:46.144Z","path":"/designware-ip/interface-ip/ethernet/enterprise-ether-pcs","step":"verify","ok":true}
{"t":"2026-09-10T13:40:48.070Z","path":"/designware-ip/interface-ip/ethernet/ether-enterprise-mac","step":"verify","ok":true}
{"t":"2026-09-10T13:40:48.432Z","path":"/designware-ip/interface-ip/ethernet/ether-200g-400g-800g-mac-pcs","step":"verify","ok":true}
{"t":"2026-09-10T13:40:50.004Z","path":"/designware-ip/interface-ip/ethernet/ether-mac10-100-1000-unive","step":"verify","ok":true}
{"t":"2026-09-10T13:40:51.642Z","path":"/designware-ip/interface-ip/ethernet/ether-mac10-100-universal","step":"verify","ok":true}
{"t":"2026-09-10T13:40:53.693Z","path":"/designware-ip/interface-ip/ethernet/ether-pcs","step":"verify","ok":true}
{"t":"2026-09-10T13:40:53.788Z","path":"/designware-ip/interface-ip/ethernet/ether-pcs40","step":"verify","ok":true}
{"t":"2026-09-10T13:40:55.712Z","path":"/designware-ip/interface-ip/ethernet/ether-qos","step":"verify","ok":true}
{"t":"2026-09-10T13:40:57.290Z","path":"/designware-ip/interface-ip/ethernet/ether-xgmac","step":"verify","ok":true}
{"t":"2026-09-10T13:40:59.070Z","path":"/designware-ip/interface-ip/ethernet/ethernet-scale-up-networking-esun/esun-solution","step":"verify","ok":true}
{"t":"2026-09-10T13:41:00.968Z","path":"/designware-ip/interface-ip/ethernet/ethernet-scale-up-networking-esun","step":"verify","ok":true}
{"t":"2026-09-10T13:41:02.090Z","path":"/designware-ip/interface-ip/ethernet/ultra-ethernet","step":"verify","ok":true}
{"t":"2026-09-10T13:41:03.938Z","path":"/designware-ip/interface-ip/ethernet","step":"verify","ok":true}
{"t":"2026-09-10T13:41:04.723Z","path":"/designware-ip/interface-ip/hbm/hbm2","step":"verify","ok":true}
{"t":"2026-09-10T13:41:06.531Z","path":"/designware-ip/interface-ip/hbm/hbm3-controller","step":"verify","ok":true}
{"t":"2026-09-10T13:41:07.609Z","path":"/designware-ip/interface-ip/hbm/hbm3-phy","step":"verify","ok":true}
{"t":"2026-09-10T13:41:09.423Z","path":"/designware-ip/interface-ip/hbm/hbm4-controller","step":"verify","ok":true}
{"t":"2026-09-10T13:41:10.459Z","path":"/designware-ip/interface-ip/hbm/hbm4-phy","step":"verify","ok":true}
{"t":"2026-09-10T13:41:12.277Z","path":"/designware-ip/interface-ip/hbm","step":"verify","ok":true}
{"t":"2026-09-10T13:41:13.258Z","path":"/designware-ip/interface-ip/hdmi/hdmi-13-csds-rx","step":"verify","ok":true}
{"t":"2026-09-10T13:41:15.061Z","path":"/designware-ip/interface-ip/hdmi/hdmi-13-csds-tx","step":"verify","ok":true}
{"t":"2026-09-10T13:41:16.484Z","path":"/designware-ip/interface-ip/hdmi/hdmi-14-csds-rx","step":"verify","ok":true}
{"t":"2026-09-10T13:41:17.539Z","path":"/designware-ip/interface-ip/hdmi/hdmi-14-csds-tx","step":"verify","ok":true}
{"t":"2026-09-10T13:41:19.561Z","path":"/designware-ip/interface-ip/hdmi/hdmi-20-csds-rx","step":"verify","ok":true}
{"t":"2026-09-10T13:41:20.724Z","path":"/designware-ip/interface-ip/hdmi/hdmi-20-csds-tx","step":"verify","ok":true}
{"t":"2026-09-10T13:41:21.870Z","path":"/designware-ip/interface-ip/hdmi/hdmi-21-rx","step":"verify","ok":true}
{"t":"2026-09-10T13:41:23.206Z","path":"/designware-ip/interface-ip/hdmi/hdmi-21-tx","step":"verify","ok":true}
{"t":"2026-09-10T13:41:25.305Z","path":"/designware-ip/interface-ip/hdmi/hdmi-csds-rx","step":"verify","ok":true}
{"t":"2026-09-10T13:41:27.142Z","path":"/designware-ip/interface-ip/hdmi/hdmi-csds-tx","step":"verify","ok":true}
{"t":"2026-09-10T13:41:29.674Z","path":"/designware-ip/interface-ip/mipi/mipi-c-phy-d-phy","step":"verify","ok":true}
{"t":"2026-09-10T13:41:30.632Z","path":"/designware-ip/interface-ip/hdmi","step":"verify","ok":true}
{"t":"2026-09-10T13:41:31.182Z","path":"/designware-ip/interface-ip/mipi/mipi-csi2","step":"verify","ok":true}
{"t":"2026-09-10T13:41:32.538Z","path":"/designware-ip/interface-ip/mipi/mipi-d-phy","step":"verify","ok":true}
{"t":"2026-09-10T13:41:35.350Z","path":"/designware-ip/interface-ip/mipi/mipi-dsi","step":"verify","ok":true}
{"t":"2026-09-10T13:41:36.895Z","path":"/designware-ip/interface-ip/mipi/mipi-i3c","step":"verify","ok":true}
{"t":"2026-09-10T13:41:37.476Z","path":"/designware-ip/interface-ip/mipi/mipi-m-phy","step":"verify","ok":true}
{"t":"2026-09-10T13:41:38.270Z","path":"/designware-ip/interface-ip/mipi/mipi-unipro","step":"verify","ok":true}
{"t":"2026-09-10T13:41:42.099Z","path":"/designware-ip/interface-ip/mipi","step":"verify","ok":true}
{"t":"2026-09-10T13:41:42.629Z","path":"/designware-ip/interface-ip/mobile-storage/sd-emmc-host-controller","step":"verify","ok":true}
{"t":"2026-09-10T13:41:43.472Z","path":"/designware-ip/interface-ip/mobile-storage/sd-emmc-phy","step":"verify","ok":true}
{"t":"2026-09-10T13:41:44.321Z","path":"/designware-ip/interface-ip/mobile-storage","step":"verify","ok":true}
{"t":"2026-09-10T13:41:47.285Z","path":"/designware-ip/interface-ip/multi-protocol-10g-phy","step":"verify","ok":true}
{"t":"2026-09-10T13:41:48.451Z","path":"/designware-ip/interface-ip/multi-protocol-112g-phy","step":"verify","ok":true}
{"t":"2026-09-10T13:41:49.304Z","path":"/designware-ip/interface-ip/multi-protocol-16g-phy","step":"verify","ok":true}
{"t":"2026-09-10T13:41:50.189Z","path":"/designware-ip/interface-ip/multi-protocol-25g-phy","step":"verify","ok":true}
{"t":"2026-09-10T13:41:53.758Z","path":"/designware-ip/interface-ip/multi-protocol-32g-phy","step":"verify","ok":true}
{"t":"2026-09-10T13:41:53.966Z","path":"/designware-ip/interface-ip/multi-protocol-6g-phy","step":"verify","ok":true}
{"t":"2026-09-10T13:41:56.092Z","path":"/designware-ip/interface-ip/n3e","step":"verify","ok":true}
{"t":"2026-09-10T13:41:56.648Z","path":"/designware-ip/interface-ip/pci-express/pci-express-4","step":"verify","ok":true}
{"t":"2026-09-10T13:42:00.475Z","path":"/designware-ip/interface-ip/pci-express/pci-express-6","step":"verify","ok":true}
{"t":"2026-09-10T13:42:01.117Z","path":"/designware-ip/interface-ip/pci-express/pci-express-5","step":"verify","ok":true}
{"t":"2026-09-10T13:42:02.070Z","path":"/designware-ip/interface-ip/pci-express/pci-express-ahb","step":"verify","ok":true}
{"t":"2026-09-10T13:42:02.473Z","path":"/designware-ip/interface-ip/pci-express/pci-express-7","step":"verify","ok":true}
{"t":"2026-09-10T13:42:06.142Z","path":"/designware-ip/interface-ip/pci-express/pci-express-axi","step":"verify","ok":true}
{"t":"2026-09-10T13:42:06.534Z","path":"/designware-ip/interface-ip/pci-express/pci-express-controllers","step":"verify","ok":true}
{"t":"2026-09-10T13:42:08.400Z","path":"/designware-ip/interface-ip/pci-express/pci-express-multi-port-sw","step":"verify","ok":true}
{"t":"2026-09-10T13:42:08.976Z","path":"/designware-ip/interface-ip/pci-express/pci-express-sriov","step":"verify","ok":true}
{"t":"2026-09-10T13:42:11.704Z","path":"/designware-ip/interface-ip/pci-express/pcie-express-eep","step":"verify","ok":true}
{"t":"2026-09-10T13:42:13.499Z","path":"/designware-ip/interface-ip/pci-express/pcie-phy","step":"verify","ok":true}
{"t":"2026-09-10T13:42:13.816Z","path":"/designware-ip/interface-ip/pci-express/pcie2-phy","step":"verify","ok":true}
{"t":"2026-09-10T13:42:14.689Z","path":"/designware-ip/interface-ip/pci-express/pcie3-phy","step":"verify","ok":true}
{"t":"2026-09-10T13:42:17.049Z","path":"/designware-ip/interface-ip/pci-express/pcie4-phy","step":"verify","ok":true}
{"t":"2026-09-10T13:42:19.365Z","path":"/designware-ip/interface-ip/pci-express/pcie6-controller","step":"verify","ok":true}
{"t":"2026-09-10T13:42:19.472Z","path":"/designware-ip/interface-ip/pci-express/pcie5-phy","step":"verify","ok":true}
{"t":"2026-09-10T13:42:21.294Z","path":"/designware-ip/interface-ip/pci-express/pcie6-phy","step":"verify","ok":true}
{"t":"2026-09-10T13:42:23.532Z","path":"/designware-ip/interface-ip/pci-express/pcie7-controller","step":"verify","ok":true}
{"t":"2026-09-10T13:42:25.182Z","path":"/designware-ip/interface-ip/pci-express/pcie7-phy","step":"verify","ok":true}
{"t":"2026-09-10T13:42:25.956Z","path":"/designware-ip/interface-ip/pci-express","step":"verify","ok":true}
{"t":"2026-09-10T13:42:28.438Z","path":"/designware-ip/interface-ip/secure-interfaces/secure-interfaces-portfolio","step":"verify","ok":true}
{"t":"2026-09-10T13:42:30.130Z","path":"/designware-ip/interface-ip/secure-interfaces","step":"verify","ok":true}
{"t":"2026-09-10T13:42:31.592Z","path":"/designware-ip/interface-ip/serdes-phy-ip","step":"verify","ok":true}
{"t":"2026-09-10T13:42:33.773Z","path":"/designware-ip/interface-ip/ualink","step":"verify","ok":true}
{"t":"2026-09-10T13:42:33.903Z","path":"/designware-ip/interface-ip/ufs","step":"verify","ok":true}
{"t":"2026-09-10T13:42:36.254Z","path":"/designware-ip/interface-ip/ultra-accelerator-link-cs","step":"verify","ok":true}
{"t":"2026-09-10T13:42:37.329Z","path":"/designware-ip/interface-ip/usb/eusb2-phy","step":"verify","ok":true}
{"t":"2026-09-10T13:42:39.089Z","path":"/designware-ip/interface-ip/usb/usb-1-1-device","step":"verify","ok":true}
{"t":"2026-09-10T13:42:39.418Z","path":"/designware-ip/interface-ip/usb/eusb2-repeater","step":"verify","ok":true}
{"t":"2026-09-10T13:42:42.125Z","path":"/designware-ip/interface-ip/usb/usb-1-1-hub","step":"verify","ok":true}
{"t":"2026-09-10T13:42:42.990Z","path":"/designware-ip/interface-ip/usb/usb-2-0-device","step":"verify","ok":true}
{"t":"2026-09-10T13:42:45.664Z","path":"/designware-ip/interface-ip/usb/usb-2-0-digital-controllers","step":"verify","ok":true}
{"t":"2026-09-10T13:42:45.972Z","path":"/designware-ip/interface-ip/usb/usb-2-0-eusb2","step":"verify","ok":true}
{"t":"2026-09-10T13:42:48.096Z","path":"/designware-ip/interface-ip/usb/usb-2-0-host-controller","step":"verify","ok":true}
{"t":"2026-09-10T13:42:48.785Z","path":"/designware-ip/interface-ip/usb/usb-2-0-hs-otg","step":"verify","ok":true}
{"t":"2026-09-10T13:42:51.365Z","path":"/designware-ip/interface-ip/usb/usb-2-0-phy","step":"verify","ok":true}
{"t":"2026-09-10T13:42:51.457Z","path":"/designware-ip/interface-ip/usb/usb-3-0-controllers","step":"verify","ok":true}
{"t":"2026-09-10T13:42:53.653Z","path":"/designware-ip/interface-ip/usb/usb-3-0-device-controllers","step":"verify","ok":true}
{"t":"2026-09-10T13:42:54.120Z","path":"/designware-ip/interface-ip/usb/usb-3-0-drd","step":"verify","ok":true}
{"t":"2026-09-10T13:42:57.070Z","path":"/designware-ip/interface-ip/usb/usb-3-0-phy","step":"verify","ok":true}
{"t":"2026-09-10T13:42:57.255Z","path":"/designware-ip/interface-ip/usb/usb-3-0-host-controller","step":"verify","ok":true}
{"t":"2026-09-10T13:42:59.834Z","path":"/designware-ip/interface-ip/usb/usb-3-1-controllers","step":"verify","ok":true}
{"t":"2026-09-10T13:43:00.337Z","path":"/designware-ip/interface-ip/usb/usb-3-0","step":"verify","ok":true}
{"t":"2026-09-10T13:43:03.129Z","path":"/designware-ip/interface-ip/usb/usb-3-1-device-controller","step":"verify","ok":true}
{"t":"2026-09-10T13:43:03.210Z","path":"/designware-ip/interface-ip/usb/usb-3-1-gen2","step":"verify","ok":true}
{"t":"2026-09-10T13:43:05.445Z","path":"/designware-ip/interface-ip/usb/usb-3-1-phy","step":"verify","ok":true}
{"t":"2026-09-10T13:43:05.875Z","path":"/designware-ip/interface-ip/usb/usb-3-2-controllers","step":"verify","ok":true}
{"t":"2026-09-10T13:43:08.448Z","path":"/designware-ip/interface-ip/usb/usb-3-2","step":"verify","ok":true}
{"t":"2026-09-10T13:43:08.902Z","path":"/designware-ip/interface-ip/usb/usb-3-2-phy","step":"verify","ok":true}
{"t":"2026-09-10T13:43:11.511Z","path":"/designware-ip/interface-ip/usb/usb-3","step":"verify","ok":true}
{"t":"2026-09-10T13:43:11.685Z","path":"/designware-ip/interface-ip/usb/usb-c-30-controllers","step":"verify","ok":true}
{"t":"2026-09-10T13:43:14.156Z","path":"/designware-ip/interface-ip/usb/usb-c-31-displayport","step":"verify","ok":true}
{"t":"2026-09-10T13:43:14.269Z","path":"/designware-ip/interface-ip/usb/usb-c-31-controllers","step":"verify","ok":true}
{"t":"2026-09-10T13:43:17.829Z","path":"/designware-ip/interface-ip/usb/usb-c-31-dp-14","step":"verify","ok":true}
{"t":"2026-09-10T13:43:17.916Z","path":"/designware-ip/interface-ip/usb/usb-c-31-dp-14-ss","step":"verify","ok":true}
{"t":"2026-09-10T13:43:19.718Z","path":"/designware-ip/interface-ip/usb/usb-c-32-dp-14","step":"verify","ok":true}
{"t":"2026-09-10T13:43:20.194Z","path":"/designware-ip/interface-ip/usb/usb-lpm-hsic","step":"verify","ok":true}
{"t":"2026-09-10T13:43:23.589Z","path":"/designware-ip/interface-ip/usb/usb-type-c","step":"verify","ok":true}
{"t":"2026-09-10T13:43:23.900Z","path":"/designware-ip/interface-ip/usb/usb2-femtophy","step":"verify","ok":true}
{"t":"2026-09-10T13:43:24.984Z","path":"/designware-ip/interface-ip/usb/usb2-nanophy","step":"verify","ok":true}
{"t":"2026-09-10T13:43:25.885Z","path":"/designware-ip/interface-ip/usb/usb2-picophy","step":"verify","ok":true}
{"t":"2026-09-10T13:43:29.256Z","path":"/designware-ip/interface-ip/usb/usb2-type-c-iot","step":"verify","ok":true}
{"t":"2026-09-10T13:43:30.081Z","path":"/designware-ip/interface-ip/usb/usb3-femtophy","step":"verify","ok":true}
{"t":"2026-09-10T13:43:31.175Z","path":"/designware-ip/interface-ip/usb/usb4-controller-router","step":"verify","ok":true}
{"t":"2026-09-10T13:43:31.473Z","path":"/designware-ip/interface-ip/usb/usb4-phy","step":"verify","ok":true}
{"t":"2026-09-10T13:43:34.800Z","path":"/designware-ip/interface-ip/usb/usb4","step":"verify","ok":true}
{"t":"2026-09-10T13:43:36.121Z","path":"/designware-ip/interface-ip/usb","step":"verify","ok":true}
{"t":"2026-09-10T13:43:36.673Z","path":"/designware-ip/interface-ip/vesa-dsc/vesa-dsc-encoder-decoder","step":"verify","ok":true}
{"t":"2026-09-10T13:43:38.991Z","path":"/designware-ip/interface-ip/vesa-dsc","step":"verify","ok":true}
{"t":"2026-09-10T13:43:40.202Z","path":"/designware-ip/interface-ip/xaui-phy","step":"verify","ok":true}
{"t":"2026-09-10T13:43:42.638Z","path":"/designware-ip/ip-accelerated/ip-hardening","step":"verify","ok":true}
{"t":"2026-09-10T13:43:43.365Z","path":"/designware-ip/interface-ip","step":"verify","ok":true}
{"t":"2026-09-10T13:43:45.164Z","path":"/designware-ip/ip-accelerated/silicon-bring-up","step":"verify","ok":true}
{"t":"2026-09-10T13:43:45.579Z","path":"/designware-ip/ip-accelerated/soc-architecture","step":"verify","ok":true}
{"t":"2026-09-10T13:43:48.879Z","path":"/designware-ip/ip-market-segments/automotive/adas","step":"verify","ok":true}
{"t":"2026-09-10T13:43:49.163Z","path":"/designware-ip/ip-accelerated","step":"verify","ok":true}
{"t":"2026-09-10T13:43:50.934Z","path":"/designware-ip/ip-market-segments/automotive/gateways","step":"verify","ok":true}
{"t":"2026-09-10T13:43:51.159Z","path":"/designware-ip/ip-market-segments/automotive/functional-safety","step":"verify","ok":true}
{"t":"2026-09-10T13:43:54.285Z","path":"/designware-ip/ip-market-segments/automotive/infotainment","step":"verify","ok":true}
{"t":"2026-09-10T13:43:54.622Z","path":"/designware-ip/ip-market-segments/automotive","step":"verify","ok":true}
{"t":"2026-09-10T13:43:57.480Z","path":"/designware-ip/ip-market-segments/hpc","step":"verify","ok":true}
{"t":"2026-09-10T13:43:58.163Z","path":"/designware-ip/ip-market-segments/edge-ai","step":"verify","ok":true}
{"t":"2026-09-10T13:44:00.182Z","path":"/designware-ip/ip-market-segments","step":"verify","ok":true}
{"t":"2026-09-10T13:44:01.756Z","path":"/designware-ip/ip-oem-partners","step":"verify","ok":true}
{"t":"2026-09-10T13:44:02.537Z","path":"/designware-ip/ip-reuse-tool/core-assembler","step":"verify","ok":true}
{"t":"2026-09-10T13:44:03.717Z","path":"/designware-ip/ip-reuse-tool/core-builder","step":"verify","ok":true}
{"t":"2026-09-10T13:44:05.921Z","path":"/designware-ip/ip-reuse-tool/core-consultant","step":"verify","ok":true}
{"t":"2026-09-10T13:44:07.086Z","path":"/designware-ip/ip-reuse-tool","step":"verify","ok":true}
{"t":"2026-09-10T13:44:08.085Z","path":"/designware-ip/ip-subsystems","step":"verify","ok":true}
{"t":"2026-09-10T13:44:09.396Z","path":"/designware-ip/memories-logic-libraries/3dio","step":"verify","ok":true}
{"t":"2026-09-10T13:44:11.796Z","path":"/designware-ip/memories-logic-libraries/duet-package","step":"verify","ok":true}
{"t":"2026-09-10T13:44:12.413Z","path":"/designware-ip/memories-logic-libraries/eco-kits","step":"verify","ok":true}
{"t":"2026-09-10T13:44:13.741Z","path":"/designware-ip/memories-logic-libraries/emram-rram-ip","step":"verify","ok":true}
{"t":"2026-09-10T13:44:14.940Z","path":"/designware-ip/memories-logic-libraries/gpio","step":"verify","ok":true}
{"t":"2026-09-10T13:44:17.376Z","path":"/designware-ip/memories-logic-libraries/high-speed-test-io","step":"verify","ok":true}
{"t":"2026-09-10T13:44:17.681Z","path":"/designware-ip/memories-logic-libraries/hpc-design-kit","step":"verify","ok":true}
{"t":"2026-09-10T13:44:19.953Z","path":"/designware-ip/memories-logic-libraries/io-library-ip","step":"verify","ok":true}
{"t":"2026-09-10T13:44:20.439Z","path":"/designware-ip/memories-logic-libraries/logic-libraries","step":"verify","ok":true}
{"t":"2026-09-10T13:44:22.930Z","path":"/designware-ip/memories-logic-libraries/multi-port-memory","step":"verify","ok":true}
{"t":"2026-09-10T13:44:23.311Z","path":"/designware-ip/memories-logic-libraries/non-volatile-memory/ftp-trim","step":"verify","ok":true}
{"t":"2026-09-10T13:44:25.851Z","path":"/designware-ip/memories-logic-libraries/non-volatile-memory/medium-density","step":"verify","ok":true}
{"t":"2026-09-10T13:44:27.103Z","path":"/designware-ip/memories-logic-libraries/non-volatile-memory/mtp-eeprom","step":"verify","ok":true}
{"t":"2026-09-10T13:44:28.522Z","path":"/designware-ip/memories-logic-libraries/non-volatile-memory/mtp-rfid","step":"verify","ok":true}
{"t":"2026-09-10T13:44:29.517Z","path":"/designware-ip/memories-logic-libraries/non-volatile-memory/otp-slp-c","step":"verify","ok":true}
{"t":"2026-09-10T13:44:31.515Z","path":"/designware-ip/memories-logic-libraries/non-volatile-memory/otp-xbc","step":"verify","ok":true}
{"t":"2026-09-10T13:44:32.757Z","path":"/designware-ip/memories-logic-libraries/non-volatile-memory/otp-xhc","step":"verify","ok":true}
{"t":"2026-09-10T13:44:33.903Z","path":"/designware-ip/memories-logic-libraries/non-volatile-memory/otp-xsc","step":"verify","ok":true}
{"t":"2026-09-10T13:44:35.717Z","path":"/designware-ip/memories-logic-libraries/non-volatile-memory/otp","step":"verify","ok":true}
{"t":"2026-09-10T13:44:38.123Z","path":"/designware-ip/memories-logic-libraries/non-volatile-memory","step":"verify","ok":true}
{"t":"2026-09-10T13:44:39.258Z","path":"/designware-ip/memories-logic-libraries/power-optimization-kit","step":"verify","ok":true}
{"t":"2026-09-10T13:44:40.080Z","path":"/designware-ip/memories-logic-libraries/secure-storage-otp-ip","step":"verify","ok":true}
{"t":"2026-09-10T13:44:41.473Z","path":"/designware-ip/memories-logic-libraries/specialty-io","step":"verify","ok":true}
{"t":"2026-09-10T13:44:44.333Z","path":"/designware-ip/memories-logic-libraries/sram-memory-compilers","step":"verify","ok":true}
{"t":"2026-09-10T13:44:45.049Z","path":"/designware-ip/memories-logic-libraries/standard-cell","step":"verify","ok":true}
{"t":"2026-09-10T13:44:46.162Z","path":"/designware-ip/memories-logic-libraries/tcam-memory-compilers","step":"verify","ok":true}
{"t":"2026-09-10T13:44:47.535Z","path":"/designware-ip/memories-logic-libraries/ull-logic","step":"verify","ok":true}
{"t":"2026-09-10T13:44:50.977Z","path":"/designware-ip/memories-logic-libraries","step":"verify","ok":true}
{"t":"2026-09-10T13:44:51.132Z","path":"/designware-ip/processor-solutions","step":"verify","ok":true}
{"t":"2026-09-10T13:44:52.019Z","path":"/designware-ip/security-ip/contact-us","step":"verify","ok":true}
{"t":"2026-09-10T13:44:53.445Z","path":"/designware-ip/security-ip/cryptography-ip/public-key-accelerators/agile-pqc-pka","step":"verify","ok":true}
{"t":"2026-09-10T13:44:56.688Z","path":"/designware-ip/security-ip/cryptography-ip/public-key-accelerators","step":"verify","ok":true}
{"t":"2026-09-10T13:44:57.017Z","path":"/designware-ip/security-ip/cryptography-ip/public-key-accelerators/security-public-key-accelerator","step":"verify","ok":true}
{"t":"2026-09-10T13:44:57.971Z","path":"/designware-ip/security-ip/cryptography-ip/puf/aerospace-defense","step":"verify","ok":true}
{"t":"2026-09-10T13:44:59.123Z","path":"/designware-ip/security-ip/cryptography-ip/puf/automotive-security","step":"verify","ok":true}
{"t":"2026-09-10T13:45:02.703Z","path":"/designware-ip/security-ip/cryptography-ip/puf/chiplet-security","step":"verify","ok":true}
{"t":"2026-09-10T13:45:03.198Z","path":"/designware-ip/security-ip/cryptography-ip/puf/device-to-host-authentication","step":"verify","ok":true}
{"t":"2026-09-10T13:45:04.146Z","path":"/designware-ip/security-ip/cryptography-ip/puf/edge-cloud-iot-security","step":"verify","ok":true}
{"t":"2026-09-10T13:45:05.627Z","path":"/designware-ip/security-ip/cryptography-ip/puf/embedded-microcontrollers","step":"verify","ok":true}
{"t":"2026-09-10T13:45:09.420Z","path":"/designware-ip/security-ip/cryptography-ip/puf/industrial-iot","step":"verify","ok":true}
{"t":"2026-09-10T13:45:09.446Z","path":"/designware-ip/security-ip/cryptography-ip/puf/firmware-ip-protection","step":"verify","ok":true}
{"t":"2026-09-10T13:45:11.809Z","path":"/designware-ip/security-ip/cryptography-ip/puf/just-in-time-key-management","step":"verify","ok":true}
{"t":"2026-09-10T13:45:12.881Z","path":"/designware-ip/security-ip/cryptography-ip/puf/ip-software","step":"verify","ok":true}
{"t":"2026-09-10T13:45:15.635Z","path":"/designware-ip/security-ip/cryptography-ip/puf/medical","step":"verify","ok":true}
{"t":"2026-09-10T13:45:15.769Z","path":"/designware-ip/security-ip/cryptography-ip/puf/key-vault","step":"verify","ok":true}
{"t":"2026-09-10T13:45:17.425Z","path":"/designware-ip/security-ip/cryptography-ip/puf/security-puf-fpga-a","step":"verify","ok":true}
{"t":"2026-09-10T13:45:18.312Z","path":"/designware-ip/security-ip/cryptography-ip/puf/security-puf-fpga-x","step":"verify","ok":true}
{"t":"2026-09-10T13:45:22.156Z","path":"/designware-ip/security-ip/cryptography-ip/puf/security-puf-ip","step":"verify","ok":true}
{"t":"2026-09-10T13:45:22.232Z","path":"/designware-ip/security-ip/cryptography-ip/puf/sensor-ics","step":"verify","ok":true}
{"t":"2026-09-10T13:45:22.864Z","path":"/designware-ip/security-ip/cryptography-ip/puf/soft-skus","step":"verify","ok":true}
{"t":"2026-09-10T13:45:25.192Z","path":"/designware-ip/security-ip/cryptography-ip/puf","step":"verify","ok":true}
{"t":"2026-09-10T13:45:27.971Z","path":"/designware-ip/security-ip/cryptography-ip/random-number-generators/trng","step":"verify","ok":true}
{"t":"2026-09-10T13:45:28.311Z","path":"/designware-ip/security-ip/cryptography-ip/random-number-generators/trng-nist","step":"verify","ok":true}
{"t":"2026-09-10T13:45:29.358Z","path":"/designware-ip/security-ip/cryptography-ip/random-number-generators","step":"verify","ok":true}
{"t":"2026-09-10T13:45:30.309Z","path":"/designware-ip/security-ip/cryptography-ip/secure-boot-sdk","step":"verify","ok":true}
{"t":"2026-09-10T13:45:33.891Z","path":"/designware-ip/security-ip/cryptography-ip/security-crypto-software-library","step":"verify","ok":true}
{"t":"2026-09-10T13:45:34.534Z","path":"/designware-ip/security-ip/cryptography-ip/symmetric-cryptographic-engines/security-aes-gcm-ctr","step":"verify","ok":true}
{"t":"2026-09-10T13:45:35.724Z","path":"/designware-ip/security-ip/cryptography-ip/symmetric-cryptographic-engines/security-aes-xts","step":"verify","ok":true}
{"t":"2026-09-10T13:45:36.104Z","path":"/designware-ip/security-ip/cryptography-ip/symmetric-cryptographic-engines/ultra-aes-gcm-ctr","step":"verify","ok":true}
{"t":"2026-09-10T13:45:39.075Z","path":"/designware-ip/security-ip/cryptography-ip/symmetric-cryptographic-engines/ultra-high-perf-aes-xts-ecb","step":"verify","ok":true}
{"t":"2026-09-10T13:45:40.128Z","path":"/designware-ip/security-ip/cryptography-ip/symmetric-cryptographic-engines","step":"verify","ok":true}
{"t":"2026-09-10T13:45:42.384Z","path":"/designware-ip/security-ip/cryptography-ip","step":"verify","ok":true}
{"t":"2026-09-10T13:45:42.971Z","path":"/designware-ip/security-ip/interface-security-modules/automotive-macsec-1g-25g","step":"verify","ok":true}
{"t":"2026-09-10T13:45:44.733Z","path":"/designware-ip/security-ip/interface-security-modules/content-protection-ip","step":"verify","ok":true}
{"t":"2026-09-10T13:45:45.772Z","path":"/designware-ip/security-ip/interface-security-modules/hpc-macsec-up-to-1-6t","step":"verify","ok":true}
{"t":"2026-09-10T13:45:48.749Z","path":"/designware-ip/security-ip/interface-security-modules/security-cxl2-ide","step":"verify","ok":true}
{"t":"2026-09-10T13:45:48.834Z","path":"/designware-ip/security-ip/interface-security-modules/mipi-cse2-security-module","step":"verify","ok":true}
{"t":"2026-09-10T13:45:50.825Z","path":"/designware-ip/security-ip/interface-security-modules/security-cxl3-ide","step":"verify","ok":true}
{"t":"2026-09-10T13:45:52.298Z","path":"/designware-ip/security-ip/interface-security-modules/security-cxl4-ide","step":"verify","ok":true}
{"t":"2026-09-10T13:45:54.894Z","path":"/designware-ip/security-ip/interface-security-modules/security-ethernet-macsec","step":"verify","ok":true}
{"t":"2026-09-10T13:45:55.193Z","path":"/designware-ip/security-ip/interface-security-modules/security-ddr-ime","step":"verify","ok":true}
{"t":"2026-09-10T13:45:56.379Z","path":"/designware-ip/security-ip/interface-security-modules/security-hdcp-esm-dp","step":"verify","ok":true}
{"t":"2026-09-10T13:45:58.445Z","path":"/designware-ip/security-ip/interface-security-modules/security-hdcp-esm-multiport","step":"verify","ok":true}
{"t":"2026-09-10T13:46:00.884Z","path":"/designware-ip/security-ip/interface-security-modules/security-hdcp-esm","step":"verify","ok":true}
{"t":"2026-09-10T13:46:02.113Z","path":"/designware-ip/security-ip/interface-security-modules/security-pcie5-ide","step":"verify","ok":true}
{"t":"2026-09-10T13:46:02.288Z","path":"/designware-ip/security-ip/interface-security-modules/security-pcie6-ide","step":"verify","ok":true}
{"t":"2026-09-10T13:46:04.364Z","path":"/designware-ip/security-ip/interface-security-modules/security-pcie7-ide","step":"verify","ok":true}
{"t":"2026-09-10T13:46:06.704Z","path":"/designware-ip/security-ip/interface-security-modules/ualinksec-200","step":"verify","ok":true}
{"t":"2026-09-10T13:46:08.631Z","path":"/designware-ip/security-ip/root-of-trust/troot-fx-hw-secure-module","step":"verify","ok":true}
{"t":"2026-09-10T13:46:09.084Z","path":"/designware-ip/security-ip/interface-security-modules","step":"verify","ok":true}
{"t":"2026-09-10T13:46:09.877Z","path":"/designware-ip/security-ip/root-of-trust/troot-hsm-automotive","step":"verify","ok":true}
{"t":"2026-09-10T13:46:12.810Z","path":"/designware-ip/security-ip/root-of-trust/troot-hsm-isim","step":"verify","ok":true}
{"t":"2026-09-10T13:46:14.932Z","path":"/designware-ip/security-ip/root-of-trust/troot-hw-secure-module","step":"verify","ok":true}
{"t":"2026-09-10T13:46:15.305Z","path":"/designware-ip/security-ip/security-protocol-accelerators/multipurpose-spacc","step":"verify","ok":true}
{"t":"2026-09-10T13:46:15.446Z","path":"/designware-ip/security-ip/root-of-trust","step":"verify","ok":true}
{"t":"2026-09-10T13:46:18.331Z","path":"/designware-ip/security-ip/security-protocol-accelerators/security-protocol-accelerator-sm3-sm4","step":"verify","ok":true}
{"t":"2026-09-10T13:46:20.767Z","path":"/designware-ip/security-ip/security-protocol-accelerators","step":"verify","ok":true}
{"t":"2026-09-10T13:46:21.419Z","path":"/designware-ip/soc-infrastructure-ip/amba/amba-ahb-dma","step":"verify","ok":true}
{"t":"2026-09-10T13:46:21.987Z","path":"/designware-ip/security-ip","step":"verify","ok":true}
{"t":"2026-09-10T13:46:24.013Z","path":"/designware-ip/soc-infrastructure-ip/amba/amba-apb-advanced","step":"verify","ok":true}
{"t":"2026-09-10T13:46:26.711Z","path":"/designware-ip/soc-infrastructure-ip/amba/amba-apb-general","step":"verify","ok":true}
{"t":"2026-09-10T13:46:27.231Z","path":"/designware-ip/soc-infrastructure-ip/amba/amba-axi-dma","step":"verify","ok":true}
{"t":"2026-09-10T13:46:28.721Z","path":"/designware-ip/soc-infrastructure-ip/amba/amba-fabric","step":"verify","ok":true}
{"t":"2026-09-10T13:46:29.582Z","path":"/designware-ip/soc-infrastructure-ip/amba/amba-i2c-smbus","step":"verify","ok":true}
{"t":"2026-09-10T13:46:31.856Z","path":"/designware-ip/soc-infrastructure-ip/amba/amba-ssi","step":"verify","ok":true}
{"t":"2026-09-10T13:46:33.560Z","path":"/designware-ip/soc-infrastructure-ip/amba/amba-uart","step":"verify","ok":true}
{"t":"2026-09-10T13:46:33.837Z","path":"/designware-ip/soc-infrastructure-ip/amba/avsbus-controller","step":"verify","ok":true}
{"t":"2026-09-10T13:46:35.269Z","path":"/designware-ip/soc-infrastructure-ip/amba/dw-amba-hybrid","step":"verify","ok":true}
{"t":"2026-09-10T13:46:37.571Z","path":"/designware-ip/soc-infrastructure-ip/amba/espi-controller","step":"verify","ok":true}
{"t":"2026-09-10T13:46:38.742Z","path":"/designware-ip/soc-infrastructure-ip/amba/general-purpose-timer","step":"verify","ok":true}
{"t":"2026-09-10T13:46:39.820Z","path":"/designware-ip/soc-infrastructure-ip/amba/gpio","step":"verify","ok":true}
{"t":"2026-09-10T13:46:40.989Z","path":"/designware-ip/soc-infrastructure-ip/amba/i2c","step":"verify","ok":true}
{"t":"2026-09-10T13:46:43.066Z","path":"/designware-ip/soc-infrastructure-ip/amba/i2s-controller-ip","step":"verify","ok":true}
{"t":"2026-09-10T13:46:44.239Z","path":"/designware-ip/soc-infrastructure-ip/amba/i2s-tdm-audio-controller","step":"verify","ok":true}
{"t":"2026-09-10T13:46:45.282Z","path":"/designware-ip/soc-infrastructure-ip/amba/spi","step":"verify","ok":true}
{"t":"2026-09-10T13:46:46.514Z","path":"/designware-ip/soc-infrastructure-ip/amba/uart","step":"verify","ok":true}
{"t":"2026-09-10T13:46:48.306Z","path":"/designware-ip/soc-infrastructure-ip/amba/watchdog-timer","step":"verify","ok":true}
{"t":"2026-09-10T13:46:49.621Z","path":"/designware-ip/soc-infrastructure-ip/amba","step":"verify","ok":true}
{"t":"2026-09-10T13:46:50.539Z","path":"/designware-ip/soc-infrastructure-ip/clock-delay-monitor","step":"verify","ok":true}
{"t":"2026-09-10T13:46:51.732Z","path":"/designware-ip/soc-infrastructure-ip/designware-library/microcontrollers","step":"verify","ok":true}
{"t":"2026-09-10T13:46:53.976Z","path":"/designware-ip/soc-infrastructure-ip/designware-library","step":"verify","ok":true}
{"t":"2026-09-10T13:46:55.844Z","path":"/designware-ip/soc-infrastructure-ip/foundation-cores","step":"verify","ok":true}
{"t":"2026-09-10T13:46:55.897Z","path":"/designware-ip/soc-infrastructure-ip","step":"verify","ok":true}
{"t":"2026-09-10T13:46:57.200Z","path":"/designware-ip/star-hierarchical-test","step":"verify","ok":true}
{"t":"2026-09-10T13:47:00.502Z","path":"/designware-ip/technical-bulletin","step":"verify","ok":true}
{"t":"2026-09-10T13:47:01.204Z","path":"/designware-ip/videos/ddr","step":"verify","ok":true}
{"t":"2026-09-10T13:47:01.703Z","path":"/designware-ip/videos/die-to-die","step":"verify","ok":true}
{"t":"2026-09-10T13:47:03.054Z","path":"/designware-ip/videos/embedded-memories-logic-libraries","step":"verify","ok":true}
{"t":"2026-09-10T13:47:05.738Z","path":"/designware-ip/videos/ethernet","step":"verify","ok":true}
{"t":"2026-09-10T13:47:06.869Z","path":"/designware-ip/videos/ip-subsystems","step":"verify","ok":true}
{"t":"2026-09-10T13:47:07.650Z","path":"/designware-ip/videos/mipi","step":"verify","ok":true}
{"t":"2026-09-10T13:47:08.547Z","path":"/designware-ip/videos/nvm","step":"verify","ok":true}
{"t":"2026-09-10T13:47:11.927Z","path":"/designware-ip/videos/pci-express","step":"verify","ok":true}
{"t":"2026-09-10T13:47:13.210Z","path":"/designware-ip/videos/security-ip","step":"verify","ok":true}
{"t":"2026-09-10T13:47:13.344Z","path":"/designware-ip/videos/usb-videos","step":"verify","ok":true}
{"t":"2026-09-10T13:47:15.067Z","path":"/designware-ip/videos","step":"verify","ok":true}
{"t":"2026-09-10T13:47:17.954Z","path":"/designware-ip","step":"verify","ok":true}
{"t":"2026-09-10T13:47:19.320Z","path":"/events/ai-infra-summit","step":"verify","ok":true}
{"t":"2026-09-10T13:47:19.686Z","path":"/events/ams-sig/proceedings-2026","step":"verify","ok":true}
{"t":"2026-09-10T13:47:20.566Z","path":"/events/ces/register","step":"verify","ok":true}
{"t":"2026-09-10T13:47:24.833Z","path":"/events/ces","step":"verify","ok":true}
{"t":"2026-09-10T13:47:25.836Z","path":"/events/dvcon-us","step":"verify","ok":true}
{"t":"2026-09-10T13:47:26.999Z","path":"/events/embedded-world","step":"verify","ok":true}
{"t":"2026-09-10T13:47:28.786Z","path":"/events/dac-2026","step":"verify","ok":true}
{"t":"2026-09-10T13:47:30.231Z","path":"/events/israel-technology-symposium","step":"verify","ok":true}
{"t":"2026-09-10T13:47:32.002Z","path":"/events/isscc","step":"verify","ok":true}
{"t":"2026-09-10T13:47:34.250Z","path":"/events/memory-users-conference","step":"verify","ok":true}
{"t":"2026-09-10T13:47:34.628Z","path":"/events/nvidia-gtc","step":"verify","ok":true}
{"t":"2026-09-10T13:47:36.400Z","path":"/events/ofc","step":"verify","ok":true}
{"t":"2026-09-10T13:47:38.395Z","path":"/events/pci-sig-devcon","step":"verify","ok":true}
{"t":"2026-09-10T13:47:40.073Z","path":"/events/spie-advanced-lithography-patterning/spie-papers","step":"verify","ok":true}
{"t":"2026-09-10T13:47:42.042Z","path":"/events/spie-advanced-lithography-patterning","step":"verify","ok":true}
{"t":"2026-09-10T13:47:42.721Z","path":"/events/srts2022","step":"verify","ok":true}
{"t":"2026-09-10T13:47:44.984Z","path":"/events/tcad-virtual-asia-seminar","step":"verify","ok":true}
{"t":"2026-09-10T13:47:45.202Z","path":"/events/tech-symposium-central-europe","step":"verify","ok":true}
{"t":"2026-09-10T13:47:48.972Z","path":"/events/tsmc-oip-ecosystem-forum","step":"verify","ok":true}
{"t":"2026-09-10T13:47:49.381Z","path":"/events/tsmc-symposium","step":"verify","ok":true}
{"t":"2026-09-10T13:47:50.487Z","path":"/events/uk-tech-symposium","step":"verify","ok":true}
{"t":"2026-09-10T13:47:51.190Z","path":"/events/virtual-mask-solutions-seminar-2025","step":"verify","ok":true}
{"t":"2026-09-10T13:47:54.560Z","path":"/events/virtual-prototyping-day-2025/virtual-prototyping-day-form","step":"verify","ok":true}
{"t":"2026-09-10T13:47:55.701Z","path":"/events/virtual-prototyping-day-2025","step":"verify","ok":true}
{"t":"2026-09-10T13:47:56.004Z","path":"/events/virtual-prototyping-day","step":"verify","ok":true}
{"t":"2026-09-10T13:47:57.566Z","path":"/events","step":"verify","ok":true}
{"t":"2026-09-10T13:48:00.971Z","path":"/glossary/what-are-atomistic-simulations","step":"verify","ok":true}
{"t":"2026-09-10T13:48:02.004Z","path":"/glossary/what-are-machine-learned-force-fields","step":"verify","ok":true}
{"t":"2026-09-10T13:48:02.185Z","path":"/glossary/what-are-chiplets","step":"verify","ok":true}
{"t":"2026-09-10T13:48:03.939Z","path":"/glossary/what-are-pvt-sensors","step":"verify","ok":true}
{"t":"2026-09-10T13:48:07.976Z","path":"/glossary/what-are-s-parameters","step":"verify","ok":true}
{"t":"2026-09-10T13:48:08.919Z","path":"/glossary/what-is-3dic","step":"verify","ok":true}
{"t":"2026-09-10T13:48:10.001Z","path":"/glossary/what-is-a-data-center","step":"verify","ok":true}
{"t":"2026-09-10T13:48:11.214Z","path":"/glossary/what-is-a-digital-twin","step":"verify","ok":true}
{"t":"2026-09-10T13:48:13.842Z","path":"/glossary/what-is-a-finfet","step":"verify","ok":true}
{"t":"2026-09-10T13:48:15.520Z","path":"/glossary/what-is-a-microchip","step":"verify","ok":true}
{"t":"2026-09-10T13:48:15.999Z","path":"/glossary/what-is-a-photonic-integrated-circuit","step":"verify","ok":true}
{"t":"2026-09-10T13:48:17.109Z","path":"/glossary/what-is-a-physical-unclonable-function","step":"verify","ok":true}
{"t":"2026-09-10T13:48:19.464Z","path":"/glossary/what-is-a-process-design-kit","step":"verify","ok":true}
{"t":"2026-09-10T13:48:21.980Z","path":"/glossary/what-is-adas","step":"verify","ok":true}
{"t":"2026-09-10T13:48:23.035Z","path":"/glossary/what-is-advanced-semiconductor-packaging","step":"verify","ok":true}
{"t":"2026-09-10T13:48:23.833Z","path":"/glossary/what-is-ai-chip-design","step":"verify","ok":true}
{"t":"2026-09-10T13:48:26.213Z","path":"/glossary/what-is-ai-driven-chip-design","step":"verify","ok":true}
{"t":"2026-09-10T13:48:27.844Z","path":"/glossary/what-is-an-ai-accelerator","step":"verify","ok":true}
{"t":"2026-09-10T13:48:29.954Z","path":"/glossary/what-is-an-electronics-digital-twin","step":"verify","ok":true}
{"t":"2026-09-10T13:48:30.005Z","path":"/glossary/what-is-an-rlc-circuit","step":"verify","ok":true}
{"t":"2026-09-10T13:48:31.867Z","path":"/glossary/what-is-asic-design","step":"verify","ok":true}
{"t":"2026-09-10T13:48:35.594Z","path":"/glossary/what-is-automotive-hardware-functional-safety","step":"verify","ok":true}
{"t":"2026-09-10T13:48:35.817Z","path":"/glossary/what-is-asil","step":"verify","ok":true}
{"t":"2026-09-10T13:48:36.273Z","path":"/glossary/what-is-automatic-test-equipment","step":"verify","ok":true}
{"t":"2026-09-10T13:48:37.339Z","path":"/glossary/what-is-automotive-virtualization","step":"verify","ok":true}
{"t":"2026-09-10T13:48:42.068Z","path":"/glossary/what-is-autonomous-car","step":"verify","ok":true}
{"t":"2026-09-10T13:48:42.142Z","path":"/glossary/what-is-big-data-analytics","step":"verify","ok":true}
{"t":"2026-09-10T13:48:42.453Z","path":"/glossary/what-is-butterfly-puf","step":"verify","ok":true}
{"t":"2026-09-10T13:48:43.189Z","path":"/glossary/what-is-circuit-simulation","step":"verify","ok":true}
{"t":"2026-09-10T13:48:47.575Z","path":"/glossary/what-is-custom-ic","step":"verify","ok":true}
{"t":"2026-09-10T13:48:47.757Z","path":"/glossary/what-is-density-functional-theory","step":"verify","ok":true}
{"t":"2026-09-10T13:48:47.992Z","path":"/glossary/what-is-common-data-model","step":"verify","ok":true}
{"t":"2026-09-10T13:48:48.930Z","path":"/glossary/what-is-design-for-test","step":"verify","ok":true}
{"t":"2026-09-10T13:48:52.470Z","path":"/glossary/what-is-design-planning","step":"verify","ok":true}
{"t":"2026-09-10T13:48:52.818Z","path":"/glossary/what-is-design-rule-checking","step":"verify","ok":true}
{"t":"2026-09-10T13:48:53.830Z","path":"/glossary/what-is-design-space-optimization","step":"verify","ok":true}
{"t":"2026-09-10T13:48:55.527Z","path":"/glossary/what-is-die-to-die-interface","step":"verify","ok":true}
{"t":"2026-09-10T13:48:57.725Z","path":"/glossary/what-is-eda-agentic-ai","step":"verify","ok":true}
{"t":"2026-09-10T13:48:59.058Z","path":"/glossary/what-is-edge-ai","step":"verify","ok":true}
{"t":"2026-09-10T13:49:00.123Z","path":"/glossary/what-is-electromagnetic-coupling","step":"verify","ok":true}
{"t":"2026-09-10T13:49:01.006Z","path":"/glossary/what-is-electromigration","step":"verify","ok":true}
{"t":"2026-09-10T13:49:03.264Z","path":"/glossary/what-is-electronic-design-automation","step":"verify","ok":true}
{"t":"2026-09-10T13:49:04.653Z","path":"/glossary/what-is-equivalence-checking","step":"verify","ok":true}
{"t":"2026-09-10T13:49:05.320Z","path":"/glossary/what-is-fault-detection","step":"verify","ok":true}
{"t":"2026-09-10T13:49:05.865Z","path":"/glossary/what-is-field-programmable-gate-array","step":"verify","ok":true}
{"t":"2026-09-10T13:49:08.782Z","path":"/glossary/what-is-functional-eco","step":"verify","ok":true}
{"t":"2026-09-10T13:49:10.520Z","path":"/glossary/what-is-functional-verification","step":"verify","ok":true}
{"t":"2026-09-10T13:49:11.105Z","path":"/glossary/what-is-glitch-power","step":"verify","ok":true}
{"t":"2026-09-10T13:49:11.873Z","path":"/glossary/what-is-hav-emulation","step":"verify","ok":true}
{"t":"2026-09-10T13:49:14.450Z","path":"/glossary/what-is-hav-prototyping","step":"verify","ok":true}
{"t":"2026-09-10T13:49:16.297Z","path":"/glossary/what-is-hyper-convergent-design-flow","step":"verify","ok":true}
{"t":"2026-09-10T13:49:16.401Z","path":"/glossary/what-is-high-bandwitdth-memory-3","step":"verify","ok":true}
{"t":"2026-09-10T13:49:17.502Z","path":"/glossary/what-is-ic-design","step":"verify","ok":true}
{"t":"2026-09-10T13:49:19.655Z","path":"/glossary/what-is-ide","step":"verify","ok":true}
{"t":"2026-09-10T13:49:21.904Z","path":"/glossary/what-is-integrated-circuit","step":"verify","ok":true}
{"t":"2026-09-10T13:49:22.233Z","path":"/glossary/what-is-iso-26262","step":"verify","ok":true}
{"t":"2026-09-10T13:49:22.981Z","path":"/glossary/what-is-layout-versus-schematic-checking","step":"verify","ok":true}
{"t":"2026-09-10T13:49:25.732Z","path":"/glossary/what-is-library-characterization","step":"verify","ok":true}
{"t":"2026-09-10T13:49:28.219Z","path":"/glossary/what-is-logic-design","step":"verify","ok":true}
{"t":"2026-09-10T13:49:28.255Z","path":"/glossary/what-is-lithography","step":"verify","ok":true}
{"t":"2026-09-10T13:49:54.921Z","path":"/glossary/what-is-model-based-design","step":"verify","ok":true}
{"t":"2026-09-10T13:50:00.828Z","path":"/glossary/what-is-moores-law","step":"verify","ok":true}
{"t":"2026-09-10T13:50:08.066Z","path":"/glossary/what-is-nodal-analysis","step":"verify","ok":true}
{"t":"2026-09-10T13:50:15.418Z","path":"/glossary/what-is-parasitic-extraction","step":"verify","ok":true}
{"t":"2026-09-10T13:50:41.084Z","path":"/glossary/what-is-low-power-design","step":"verify","ok":true}
{"t":"2026-09-10T13:50:42.932Z","path":"/glossary/what-is-misra","step":"verify","ok":true}
{"t":"2026-09-10T13:50:46.094Z","path":"/glossary/what-is-mixed-signal-integrated-circuit","step":"verify","ok":true}
{"t":"2026-09-10T13:50:48.218Z","path":"/glossary/what-is-physical-ai","step":"verify","ok":true}
{"t":"2026-09-10T13:50:49.437Z","path":"/glossary/what-is-physical-design","step":"verify","ok":true}
{"t":"2026-09-10T13:50:52.110Z","path":"/glossary/what-is-physical-synthesis","step":"verify","ok":true}
{"t":"2026-09-10T13:50:54.621Z","path":"/glossary/what-is-place-and-route","step":"verify","ok":true}
{"t":"2026-09-10T13:50:55.961Z","path":"/glossary/what-is-post-quantum-cryptography","step":"verify","ok":true}
{"t":"2026-09-10T13:50:58.051Z","path":"/glossary/what-is-power-optimization","step":"verify","ok":true}
{"t":"2026-09-10T13:51:01.210Z","path":"/glossary/what-is-power-performance-area-ppa","step":"verify","ok":true}
{"t":"2026-09-10T13:51:02.732Z","path":"/glossary/what-is-programmable-electrical-rules-checking","step":"verify","ok":true}
{"t":"2026-09-10T13:51:04.138Z","path":"/glossary/what-is-register-transfer-level-design","step":"verify","ok":true}
{"t":"2026-09-10T13:51:08.487Z","path":"/glossary/what-is-reinforcement-learning","step":"verify","ok":true}
{"t":"2026-09-10T13:51:09.900Z","path":"/glossary/what-is-rf-circuit-design","step":"verify","ok":true}
{"t":"2026-09-10T13:51:10.383Z","path":"/glossary/what-is-risc-v","step":"verify","ok":true}
{"t":"2026-09-10T13:51:14.703Z","path":"/glossary/what-is-robustness-analysis","step":"verify","ok":true}
{"t":"2026-09-10T13:51:17.217Z","path":"/glossary/what-is-root-of-trust","step":"verify","ok":true}
{"t":"2026-09-10T13:51:17.763Z","path":"/glossary/what-is-serdes","step":"verify","ok":true}
{"t":"2026-09-10T13:51:20.891Z","path":"/glossary/what-is-silicon-die","step":"verify","ok":true}
{"t":"2026-09-10T13:51:22.693Z","path":"/glossary/what-is-silicon-lifecycle-management","step":"verify","ok":true}
{"t":"2026-09-10T13:51:23.508Z","path":"/glossary/what-is-simulation","step":"verify","ok":true}
{"t":"2026-09-10T13:51:26.515Z","path":"/glossary/what-is-smartscaling","step":"verify","ok":true}
{"t":"2026-09-10T13:51:28.655Z","path":"/glossary/what-is-sram-puf","step":"verify","ok":true}
{"t":"2026-09-10T13:51:29.271Z","path":"/glossary/what-is-static-timing-analysis","step":"verify","ok":true}
{"t":"2026-09-10T13:51:32.428Z","path":"/glossary/what-is-pci-express","step":"verify","ok":true}
{"t":"2026-09-10T13:51:32.948Z","path":"/glossary/what-is-synthesis","step":"verify","ok":true}
{"t":"2026-09-10T13:51:34.926Z","path":"/glossary/what-is-system-on-a-chip","step":"verify","ok":true}
{"t":"2026-09-10T13:51:36.368Z","path":"/glossary/what-is-triple-shift-left","step":"verify","ok":true}
{"t":"2026-09-10T13:51:39.162Z","path":"/glossary/what-is-ucie","step":"verify","ok":true}
{"t":"2026-09-10T13:51:39.891Z","path":"/glossary/what-is-universal-flash-storage","step":"verify","ok":true}
{"t":"2026-09-10T13:51:41.481Z","path":"/glossary/what-is-usb4","step":"verify","ok":true}
{"t":"2026-09-10T13:51:42.844Z","path":"/glossary/what-is-vehicle-electrification","step":"verify","ok":true}
{"t":"2026-09-10T13:51:45.036Z","path":"/glossary/what-is-verification","step":"verify","ok":true}
{"t":"2026-09-10T13:51:46.336Z","path":"/glossary/what-is-virtual-prototyping","step":"verify","ok":true}
{"t":"2026-09-10T13:51:48.795Z","path":"/glossary/what-is-voltage-drop","step":"verify","ok":true}
{"t":"2026-09-10T13:51:49.502Z","path":"/glossary/what-is-wiring-harness","step":"verify","ok":true}
{"t":"2026-09-10T13:51:50.750Z","path":"/glossary","step":"verify","ok":true}
{"t":"2026-09-10T13:51:53.086Z","path":"/implementation-and-signoff/3dic-design","step":"verify","ok":true}
{"t":"2026-09-10T13:51:55.421Z","path":"/implementation-and-signoff/ams-simulation/paragonx","step":"verify","ok":true}
{"t":"2026-09-10T13:51:55.963Z","path":"/implementation-and-signoff/ams-simulation/powerx","step":"verify","ok":true}
{"t":"2026-09-10T13:51:56.611Z","path":"/implementation-and-signoff/ams-simulation/primesim-custom-fault","step":"verify","ok":true}
{"t":"2026-09-10T13:51:58.510Z","path":"/implementation-and-signoff/ams-simulation/primesim-design-robustness","step":"verify","ok":true}
{"t":"2026-09-10T13:52:01.842Z","path":"/implementation-and-signoff/ams-simulation/primesim-hspice/primesim-hspice-tips-tricks","step":"verify","ok":true}
{"t":"2026-09-10T13:52:02.374Z","path":"/implementation-and-signoff/ams-simulation/primesim-hspice","step":"verify","ok":true}
{"t":"2026-09-10T13:52:04.084Z","path":"/implementation-and-signoff/ams-simulation/primesim-pro","step":"verify","ok":true}
{"t":"2026-09-10T13:52:04.460Z","path":"/implementation-and-signoff/ams-simulation/primesim-reliability-analysis","step":"verify","ok":true}
{"t":"2026-09-10T13:52:07.714Z","path":"/implementation-and-signoff/ams-simulation/primesim-spice","step":"verify","ok":true}
{"t":"2026-09-10T13:52:08.578Z","path":"/implementation-and-signoff/ams-simulation/primesim-xa","step":"verify","ok":true}
{"t":"2026-09-10T13:52:10.549Z","path":"/implementation-and-signoff/ams-simulation/primewave","step":"verify","ok":true}
{"t":"2026-09-10T13:52:11.920Z","path":"/implementation-and-signoff/ams-simulation/primex","step":"verify","ok":true}
{"t":"2026-09-10T13:52:14.489Z","path":"/implementation-and-signoff/ams-simulation/velocerf","step":"verify","ok":true}
{"t":"2026-09-10T13:52:15.447Z","path":"/implementation-and-signoff/ams-simulation","step":"verify","ok":true}
{"t":"2026-09-10T13:52:16.997Z","path":"/implementation-and-signoff/custom-design-platform/award-frost-sullivan","step":"verify","ok":true}
{"t":"2026-09-10T13:52:18.050Z","path":"/implementation-and-signoff/custom-design-platform/custom-compiler","step":"verify","ok":true}
{"t":"2026-09-10T13:52:19.951Z","path":"/implementation-and-signoff/custom-design-platform/laker-flat-panel","step":"verify","ok":true}
{"t":"2026-09-10T13:52:22.023Z","path":"/implementation-and-signoff/custom-design-platform/multiphysics-ams","step":"verify","ok":true}
{"t":"2026-09-10T13:52:23.809Z","path":"/implementation-and-signoff/custom-design-platform","step":"verify","ok":true}
{"t":"2026-09-10T13:52:24.158Z","path":"/implementation-and-signoff/fpga-based-design/synplify","step":"verify","ok":true}
{"t":"2026-09-10T13:52:25.427Z","path":"/implementation-and-signoff/fpga-based-design","step":"verify","ok":true}
{"t":"2026-09-10T13:52:27.624Z","path":"/implementation-and-signoff/fusion-design-platform","step":"verify","ok":true}
{"t":"2026-09-10T13:52:29.646Z","path":"/implementation-and-signoff/fusion-technology","step":"verify","ok":true}
{"t":"2026-09-10T13:52:30.374Z","path":"/implementation-and-signoff/lynxnxt-automation-system/flow","step":"verify","ok":true}
{"t":"2026-09-10T13:52:31.114Z","path":"/implementation-and-signoff/lynxnxt-automation-system/runtime-manager","step":"verify","ok":true}
{"t":"2026-09-10T13:52:34.108Z","path":"/implementation-and-signoff/lynxnxt-automation-system","step":"verify","ok":true}
{"t":"2026-09-10T13:52:36.211Z","path":"/implementation-and-signoff/physical-implementation/fusion-compiler/videos","step":"verify","ok":true}
{"t":"2026-09-10T13:52:37.081Z","path":"/implementation-and-signoff/physical-implementation/fusion-compiler","step":"verify","ok":true}
{"t":"2026-09-10T13:52:37.556Z","path":"/implementation-and-signoff/physical-implementation/ic-compiler","step":"verify","ok":true}
{"t":"2026-09-10T13:52:39.621Z","path":"/implementation-and-signoff/physical-implementation/redhawk-analysis","step":"verify","ok":true}
{"t":"2026-09-10T13:52:41.710Z","path":"/implementation-and-signoff/physical-implementation","step":"verify","ok":true}
{"t":"2026-09-10T13:52:43.358Z","path":"/implementation-and-signoff/physical-verification/demo-video","step":"verify","ok":true}
{"t":"2026-09-10T13:52:44.174Z","path":"/implementation-and-signoff/physical-verification/icv-cloud","step":"verify","ok":true}
{"t":"2026-09-10T13:52:45.180Z","path":"/implementation-and-signoff/physical-verification/icv-workbench","step":"verify","ok":true}
{"t":"2026-09-10T13:52:47.441Z","path":"/implementation-and-signoff/physical-verification","step":"verify","ok":true}
{"t":"2026-09-10T13:52:48.933Z","path":"/implementation-and-signoff/resources/videos/rtla-verdi-demo-full","step":"verify","ok":true}
{"t":"2026-09-10T13:52:50.323Z","path":"/implementation-and-signoff/resources/videos/srts2022","step":"verify","ok":true}
{"t":"2026-09-10T13:52:51.034Z","path":"/implementation-and-signoff/rtl-synthesis-test/design-compiler-graphical","step":"verify","ok":true}
{"t":"2026-09-10T13:52:53.133Z","path":"/implementation-and-signoff/rtl-synthesis-test/design-compiler-nxt","step":"verify","ok":true}
{"t":"2026-09-10T13:52:54.672Z","path":"/implementation-and-signoff/rtl-synthesis-test/design-compiler","step":"verify","ok":true}
{"t":"2026-09-10T13:52:56.183Z","path":"/implementation-and-signoff/rtl-synthesis-test/rtl-architect","step":"verify","ok":true}
{"t":"2026-09-10T13:52:57.026Z","path":"/implementation-and-signoff/rtl-synthesis-test","step":"verify","ok":true}
{"t":"2026-09-10T13:52:59.037Z","path":"/implementation-and-signoff/signal-and-power-integrity","step":"verify","ok":true}
{"t":"2026-09-10T13:53:00.549Z","path":"/implementation-and-signoff/signoff/electrical-layout-verification","step":"verify","ok":true}
{"t":"2026-09-10T13:53:02.418Z","path":"/implementation-and-signoff/signoff/esp","step":"verify","ok":true}
{"t":"2026-09-10T13:53:03.374Z","path":"/implementation-and-signoff/signoff/exalto","step":"verify","ok":true}
{"t":"2026-09-10T13:53:05.799Z","path":"/implementation-and-signoff/signoff/formality-eco","step":"verify","ok":true}
{"t":"2026-09-10T13:53:07.985Z","path":"/implementation-and-signoff/signoff/formality-equivalence-checking","step":"verify","ok":true}
{"t":"2026-09-10T13:53:08.534Z","path":"/implementation-and-signoff/signoff/nanotime","step":"verify","ok":true}
{"t":"2026-09-10T13:53:10.408Z","path":"/implementation-and-signoff/signoff/pathfinder-sc","step":"verify","ok":true}
{"t":"2026-09-10T13:53:11.769Z","path":"/implementation-and-signoff/signoff/power-device-workbench","step":"verify","ok":true}
{"t":"2026-09-10T13:53:14.174Z","path":"/implementation-and-signoff/signoff/primeclock","step":"verify","ok":true}
{"t":"2026-09-10T13:53:15.537Z","path":"/implementation-and-signoff/signoff/primeclosure","step":"verify","ok":true}
{"t":"2026-09-10T13:53:16.650Z","path":"/implementation-and-signoff/signoff/primeesd","step":"verify","ok":true}
{"t":"2026-09-10T13:53:17.501Z","path":"/implementation-and-signoff/signoff/primelib","step":"verify","ok":true}
{"t":"2026-09-10T13:53:20.778Z","path":"/implementation-and-signoff/signoff/primepower","step":"verify","ok":true}
{"t":"2026-09-10T13:53:21.859Z","path":"/implementation-and-signoff/signoff/primeshield","step":"verify","ok":true}
{"t":"2026-09-10T13:53:23.205Z","path":"/implementation-and-signoff/signoff/primetime","step":"verify","ok":true}
{"t":"2026-09-10T13:53:24.045Z","path":"/implementation-and-signoff/signoff/quickcap-nx","step":"verify","ok":true}
{"t":"2026-09-10T13:53:27.523Z","path":"/implementation-and-signoff/signoff/raptorqu","step":"verify","ok":true}
{"t":"2026-09-10T13:53:28.928Z","path":"/implementation-and-signoff/signoff/redhawk-sc-electrothermal","step":"verify","ok":true}
{"t":"2026-09-10T13:53:30.163Z","path":"/implementation-and-signoff/signoff/redhawk-sc-security","step":"verify","ok":true}
{"t":"2026-09-10T13:53:31.398Z","path":"/implementation-and-signoff/signoff/redhawk-sc","step":"verify","ok":true}
{"t":"2026-09-10T13:53:33.993Z","path":"/implementation-and-signoff/signoff/siliconsmart","step":"verify","ok":true}
{"t":"2026-09-10T13:53:35.809Z","path":"/implementation-and-signoff/signoff/starrc","step":"verify","ok":true}
{"t":"2026-09-10T13:53:37.163Z","path":"/implementation-and-signoff/signoff/totem","step":"verify","ok":true}
{"t":"2026-09-10T13:53:37.913Z","path":"/implementation-and-signoff/signoff","step":"verify","ok":true}
{"t":"2026-09-10T13:53:40.848Z","path":"/implementation-and-signoff/test-automation/synopsys-ip-sms","step":"verify","ok":true}
{"t":"2026-09-10T13:53:42.983Z","path":"/implementation-and-signoff/test-automation/testmax-advisor","step":"verify","ok":true}
{"t":"2026-09-10T13:53:43.333Z","path":"/implementation-and-signoff/test-automation/testmax-ale","step":"verify","ok":true}
{"t":"2026-09-10T13:53:43.520Z","path":"/implementation-and-signoff/test-automation/testmax-atpg","step":"verify","ok":true}
{"t":"2026-09-10T13:53:46.502Z","path":"/implementation-and-signoff/test-automation/testmax-dft/testmax-access","step":"verify","ok":true}
{"t":"2026-09-10T13:53:48.410Z","path":"/implementation-and-signoff/test-automation/testmax-dft","step":"verify","ok":true}
{"t":"2026-09-10T13:53:49.063Z","path":"/implementation-and-signoff/test-automation/testmax-diagnosis","step":"verify","ok":true}
{"t":"2026-09-10T13:53:50.113Z","path":"/implementation-and-signoff/test-automation/testmax-manager","step":"verify","ok":true}
{"t":"2026-09-10T13:53:52.560Z","path":"/implementation-and-signoff/test-automation/testmax-vtran","step":"verify","ok":true}
{"t":"2026-09-10T13:53:54.898Z","path":"/implementation-and-signoff/test-automation/testmax-xlbist","step":"verify","ok":true}
{"t":"2026-09-10T13:53:56.212Z","path":"/implementation-and-signoff/test-automation","step":"verify","ok":true}
{"t":"2026-09-10T13:53:57.467Z","path":"/implementation-and-signoff","step":"verify","ok":true}
{"t":"2026-09-10T13:54:00.217Z","path":"/index","step":"verify","ok":true}
{"t":"2026-09-10T13:54:01.718Z","path":"/ja-jp","step":"verify","ok":true}
{"t":"2026-09-10T13:54:02.612Z","path":"/manufacturing/augmented-reality-wp","step":"verify","ok":true}
{"t":"2026-09-10T13:54:03.789Z","path":"/ko-kr","step":"verify","ok":true}
{"t":"2026-09-10T13:54:06.140Z","path":"/manufacturing/manufacturing-analytics/sysnav","step":"verify","ok":true}
{"t":"2026-09-10T13:54:07.912Z","path":"/manufacturing/manufacturing-analytics","step":"verify","ok":true}
{"t":"2026-09-10T13:54:09.135Z","path":"/manufacturing/mask-solutions/s-litho","step":"verify","ok":true}
{"t":"2026-09-10T13:54:10.002Z","path":"/manufacturing/mask-solutions/s-metro","step":"verify","ok":true}
{"t":"2026-09-10T13:54:12.052Z","path":"/manufacturing/mask-solutions/silicon-workbench","step":"verify","ok":true}
{"t":"2026-09-10T13:54:14.640Z","path":"/manufacturing/mask-solutions","step":"verify","ok":true}
{"t":"2026-09-10T13:54:17.266Z","path":"/manufacturing/quantumatk/atomistic-simulation-products","step":"verify","ok":true}
{"t":"2026-09-10T13:54:18.681Z","path":"/manufacturing/quantumatk/contact-us/contact-sales","step":"verify","ok":true}
{"t":"2026-09-10T13:54:19.106Z","path":"/manufacturing/quantumatk/contact-us/about-us","step":"verify","ok":true}
{"t":"2026-09-10T13:54:20.927Z","path":"/manufacturing/quantumatk/contact-us","step":"verify","ok":true}
{"t":"2026-09-10T13:54:23.967Z","path":"/manufacturing/quantumatk/datasheets","step":"verify","ok":true}
{"t":"2026-09-10T13:54:25.872Z","path":"/manufacturing/quantumatk/feature-list","step":"verify","ok":true}
{"t":"2026-09-10T13:54:26.349Z","path":"/manufacturing/quantumatk/materials-modeling","step":"verify","ok":true}
{"t":"2026-09-10T13:54:29.124Z","path":"/manufacturing/quantumatk/on-demand-webinars","step":"verify","ok":true}
{"t":"2026-09-10T13:54:30.532Z","path":"/manufacturing/quantumatk/release-notes","step":"verify","ok":true}
{"t":"2026-09-10T13:54:34.397Z","path":"/manufacturing/quantumatk","step":"verify","ok":true}
{"t":"2026-09-10T13:54:35.763Z","path":"/manufacturing/quantumatk/videos","step":"verify","ok":true}
{"t":"2026-09-10T13:54:36.587Z","path":"/manufacturing/resources","step":"verify","ok":false,"why":"about:error in delivered html"}
{"t":"2026-09-10T13:54:36.819Z","path":"/manufacturing/tcad/calibration-and-services","step":"verify","ok":true}
{"t":"2026-09-10T13:54:39.788Z","path":"/manufacturing/tcad/device-simulation/sentaurus-device","step":"verify","ok":true}
{"t":"2026-09-10T13:54:41.754Z","path":"/manufacturing/tcad/device-simulation/taurus-medici","step":"verify","ok":true}
{"t":"2026-09-10T13:54:42.754Z","path":"/manufacturing/tcad/device-simulation","step":"verify","ok":true}
{"t":"2026-09-10T13:54:43.976Z","path":"/manufacturing/tcad/dtco","step":"verify","ok":true}
{"t":"2026-09-10T13:54:46.439Z","path":"/manufacturing/tcad/extraction-continuum","step":"verify","ok":true}
{"t":"2026-09-10T13:54:47.483Z","path":"/manufacturing/tcad/interconnect-simulation/raphael","step":"verify","ok":true}
{"t":"2026-09-10T13:54:48.804Z","path":"/manufacturing/tcad/interconnect-simulation/sentaurus-interconnect","step":"verify","ok":true}
{"t":"2026-09-10T13:54:49.680Z","path":"/manufacturing/tcad/interconnect-simulation","step":"verify","ok":true}
{"t":"2026-09-10T13:54:53.223Z","path":"/manufacturing/tcad/process-simulation/sentaurus-process","step":"verify","ok":true}
{"t":"2026-09-10T13:54:53.572Z","path":"/manufacturing/tcad/process-emulation","step":"verify","ok":true}
{"t":"2026-09-10T13:54:55.191Z","path":"/manufacturing/tcad/process-simulation/sentaurus-topography","step":"verify","ok":true}
{"t":"2026-09-10T13:54:56.266Z","path":"/manufacturing/tcad/process-simulation/taurus-tsuprem-4","step":"verify","ok":true}
{"t":"2026-09-10T13:54:58.963Z","path":"/manufacturing/tcad/structure-editor","step":"verify","ok":true}
{"t":"2026-09-10T13:54:59.176Z","path":"/manufacturing/tcad/process-simulation","step":"verify","ok":true}
{"t":"2026-09-10T13:55:02.192Z","path":"/manufacturing","step":"verify","ok":true}
{"t":"2026-09-10T13:55:02.372Z","path":"/manufacturing/tcad","step":"verify","ok":true}
{"t":"2026-09-10T13:55:05.183Z","path":"/newsroom","step":"verify","ok":true}
{"t":"2026-09-10T13:55:08.631Z","path":"/optical-solutions","step":"verify","ok":true}
{"t":"2026-09-10T13:55:08.950Z","path":"/partners/bluespec","step":"verify","ok":true}
{"t":"2026-09-10T13:55:09.329Z","path":"/partners/arm","step":"verify","ok":true}
{"t":"2026-09-10T13:55:11.623Z","path":"/partners/globalfoundries","step":"verify","ok":true}
{"t":"2026-09-10T13:55:14.681Z","path":"/partners/imagination","step":"verify","ok":true}
{"t":"2026-09-10T13:55:15.472Z","path":"/partners/nvidia","step":"verify","ok":true}
{"t":"2026-09-10T13:55:15.817Z","path":"/partners/intel-foundry-services","step":"verify","ok":true}
{"t":"2026-09-10T13:55:17.854Z","path":"/partners/samsung","step":"verify","ok":true}
{"t":"2026-09-10T13:55:21.006Z","path":"/partners/sifive","step":"verify","ok":true}
{"t":"2026-09-10T13:55:21.475Z","path":"/partners/tower-semiconductor","step":"verify","ok":true}
{"t":"2026-09-10T13:55:22.765Z","path":"/partners/tsmc","step":"verify","ok":true}
{"t":"2026-09-10T13:55:24.089Z","path":"/partners/umc","step":"verify","ok":true}
{"t":"2026-09-10T13:55:26.751Z","path":"/partners","step":"verify","ok":true}
{"t":"2026-09-10T13:55:28.686Z","path":"/photonic-solutions/optocompiler/optsim-photonic-ic","step":"verify","ok":false,"why":"about:error in delivered html"}
{"t":"2026-09-10T13:55:30.076Z","path":"/photonic-solutions/optocompiler","step":"verify","ok":true}
{"t":"2026-09-10T13:55:31.364Z","path":"/photonic-solutions/optsim/multi-mode-network","step":"verify","ok":true}
{"t":"2026-09-10T13:55:33.093Z","path":"/photonic-solutions/optsim/sensing","step":"verify","ok":false,"why":"about:error in delivered html"}
{"t":"2026-09-10T13:55:36.323Z","path":"/photonic-solutions/optsim","step":"verify","ok":true}
{"t":"2026-09-10T13:55:36.807Z","path":"/photonic-solutions/optsim/single-mode-network","step":"verify","ok":true}
{"t":"2026-09-10T13:55:37.516Z","path":"/photonic-solutions/product-applications/advanced-modulation-formats","step":"verify","ok":false,"why":"about:error in delivered html"}
{"t":"2026-09-10T13:55:39.592Z","path":"/photonic-solutions/product-applications/automotive","step":"verify","ok":true}
{"t":"2026-09-10T13:55:43.220Z","path":"/photonic-solutions/product-applications/fiber-sensors","step":"verify","ok":true}
{"t":"2026-09-10T13:55:43.864Z","path":"/photonic-solutions/product-applications/coherent-fiber-optic","step":"verify","ok":false,"why":"about:error in delivered html"}
{"t":"2026-09-10T13:55:45.705Z","path":"/photonic-solutions/product-applications/optical-amplifiers","step":"verify","ok":false,"why":"about:error in delivered html"}
{"t":"2026-09-10T13:55:46.357Z","path":"/photonic-solutions/product-applications/optical-networks","step":"verify","ok":false,"why":"about:error in delivered html"}
{"t":"2026-09-10T13:55:49.827Z","path":"/photonic-solutions/product-applications/other-applications","step":"verify","ok":true}
{"t":"2026-09-10T13:55:51.430Z","path":"/photonic-solutions/product-applications/performance-estimation","step":"verify","ok":false,"why":"about:error in delivered html"}
{"t":"2026-09-10T13:55:51.995Z","path":"/photonic-solutions/product-applications/photonic-integrated-circuits/measurement-modulator-chirp-factor-fiber-dispersion","step":"verify","ok":true}
{"t":"2026-09-10T13:55:53.323Z","path":"/photonic-solutions/product-applications/photonic-integrated-circuits/pic-transparent-components","step":"verify","ok":true}
{"t":"2026-09-10T13:55:58.510Z","path":"/photonic-solutions/product-applications/photonic-integrated-circuits/polarization-in-photonic-integrated-circuit","step":"verify","ok":true}
{"t":"2026-09-10T13:55:59.297Z","path":"/photonic-solutions/product-applications/photonic-integrated-circuits/thermal-tuning","step":"verify","ok":true}
{"t":"2026-09-10T13:56:00.199Z","path":"/photonic-solutions/product-applications/photonic-integrated-circuits","step":"verify","ok":false,"why":"about:error in delivered html"}
{"t":"2026-09-10T13:56:00.962Z","path":"/photonic-solutions/product-applications/pon-catv-rof","step":"verify","ok":false,"why":"about:error in delivered html"}
{"t":"2026-09-10T13:56:06.093Z","path":"/photonic-solutions/product-applications/transmission-impairments-fiber","step":"verify","ok":false,"why":"about:error in delivered html"}
{"t":"2026-09-10T13:56:06.727Z","path":"/photonic-solutions","step":"verify","ok":true}
{"t":"2026-09-10T13:56:07.233Z","path":"/resources/1-6t-ethernet-pcs-ip-datasheet","step":"verify","ok":true}
{"t":"2026-09-10T13:56:08.092Z","path":"/resources/1-6t-ethernet-mac-ip-datasheet","step":"verify","ok":true}
{"t":"2026-09-10T13:56:13.315Z","path":"/resources/1-8v-1-5v-1-2v-gpio-ip-for-gf-12lp-datasheet","step":"verify","ok":true}
{"t":"2026-09-10T13:56:13.642Z","path":"/resources/100g-ethernet-pcs-ip-datasheet","step":"verify","ok":true}
{"t":"2026-09-10T13:56:14.157Z","path":"/resources/100g-200g-400g-800g-ethernet-mac-ip-datasheet","step":"verify","ok":true}
{"t":"2026-09-10T13:56:14.926Z","path":"/resources/10g-ethernet-xgmac-datasheet","step":"verify","ok":true}
{"t":"2026-09-10T13:56:20.473Z","path":"/resources/112g-ethernet-phy-ip-datasheet","step":"verify","ok":true}
{"t":"2026-09-10T13:56:20.645Z","path":"/resources/200g-400g-800g-ethernet-mac-ip-datasheet","step":"verify","ok":true}
{"t":"2026-09-10T13:56:21.657Z","path":"/resources/200g-400g-and-800g-ethernet-mac-and-pcs-ip-datasheet","step":"verify","ok":true}
{"t":"2026-09-10T13:56:21.798Z","path":"/resources/112g-ethernet-phy-ip-for-very-short-reach-datasheet","step":"verify","ok":true}
{"t":"2026-09-10T13:56:27.017Z","path":"/resources/200g-and-400g-ethernet-pcs-ip-datasheet","step":"verify","ok":true}
{"t":"2026-09-10T13:56:27.289Z","path":"/resources/224g-ethernet-phy-ip-datasheet","step":"verify","ok":true}
{"t":"2026-09-10T13:56:27.779Z","path":"/resources/224g-phy-ai-networks","step":"verify","ok":true}
{"t":"2026-09-10T13:56:28.153Z","path":"/resources/25g-ethernet-mac-ip-datasheet","step":"verify","ok":true}
{"t":"2026-09-10T13:56:34.439Z","path":"/resources/3-3v-1-8v-i2c-io-ip-with-5v-fail-safe-for-gf-12lp-datasheet","step":"verify","ok":true}
{"t":"2026-09-10T13:56:34.595Z","path":"/resources/3-3v-1-8v-lvds-rx-io-ip-for-gf-12lp-datasheet","step":"verify","ok":true}
{"t":"2026-09-10T13:56:34.772Z","path":"/resources/3-3v-1-8v-gpio-ip-for-gf-12lp-datasheet","step":"verify","ok":true}
{"t":"2026-09-10T13:56:35.127Z","path":"/resources/3dicc-brochure","step":"verify","ok":true}
{"t":"2026-09-10T13:56:41.371Z","path":"/resources/3dio-ip-solution-datasheet","step":"verify","ok":true}
{"t":"2026-09-10T13:56:41.656Z","path":"/resources/800g-ethernet-pcs-ip-datasheet","step":"verify","ok":true}
{"t":"2026-09-10T13:56:41.690Z","path":"/resources/accelerate-cloud-based-automotive-design-evaluation-early-software-development-electronics-digital-twin","step":"verify","ok":true}
{"t":"2026-09-10T13:56:41.797Z","path":"/resources/56g-ethernet-phy-ip-datasheet","step":"verify","ok":true}
{"t":"2026-09-10T13:56:47.426Z","path":"/resources/accelerate-sdv-development-electronics-digital-twin-platform","step":"verify","ok":true}
{"t":"2026-09-10T13:56:47.535Z","path":"/resources/achieving-consistent-rtl-power-accuracy","step":"verify","ok":true}
{"t":"2026-09-10T13:56:48.081Z","path":"/resources/accelerating-adoption-multi-die-systems","step":"verify","ok":true}
{"t":"2026-09-10T13:56:48.737Z","path":"/resources/achieving-your-low-power-goals-with-synopsys-ultra-low-leakage-io-white-paper","step":"verify","ok":true}
{"t":"2026-09-10T13:56:54.071Z","path":"/resources/advancing-android-soc-virtual-prototypes-virtualizer-native-execution","step":"verify","ok":true}
{"t":"2026-09-10T13:56:54.418Z","path":"/resources/agile-pqc-public-key-accelerators-datasheet","step":"verify","ok":true}
{"t":"2026-09-10T13:56:54.745Z","path":"/resources/ai-chip-security-sdev-slm","step":"verify","ok":true}
{"t":"2026-09-10T13:56:54.963Z","path":"/resources/advanced-packaging-multi-die","step":"verify","ok":true}
{"t":"2026-09-10T13:57:00.714Z","path":"/resources/amba-advanced-i2c-smbus-controller-and-target-device-ip-datasheet","step":"verify","ok":true}
{"t":"2026-09-10T13:57:00.715Z","path":"/resources/ai-chip-silicon-design-advanced-packaging","step":"verify","ok":true}
{"t":"2026-09-10T13:57:00.726Z","path":"/resources/ai-powered-eda-chip-design-solutions","step":"verify","ok":true}
{"t":"2026-09-10T13:57:00.978Z","path":"/resources/ai-powered-eda-tsoai-ds","step":"verify","ok":true}
{"t":"2026-09-10T13:57:06.246Z","path":"/resources/automated-method-soc-designs","step":"verify","ok":true}
{"t":"2026-09-10T13:57:06.507Z","path":"/resources/automotive-fact-sheet","step":"verify","ok":true}
{"t":"2026-09-10T13:57:07.056Z","path":"/resources/avsbus-controller-ip-datasheet","step":"verify","ok":true}
{"t":"2026-09-10T13:57:07.337Z","path":"/resources/bluesplec-riscv-wp","step":"verify","ok":true}
{"t":"2026-09-10T13:57:12.094Z","path":"/resources/building-an-ai-chip-pre-silicon-planning-guide","step":"verify","ok":true}
{"t":"2026-09-10T13:57:12.749Z","path":"/resources/bump-tsv-planning-multi-die","step":"verify","ok":true}
{"t":"2026-09-10T13:57:14.205Z","path":"/resources/calibrate-and-configure-your-power-management-ic-with-nvm-ip-white-paper","step":"verify","ok":true}
{"t":"2026-09-10T13:57:14.875Z","path":"/resources/ccix-controller-ip-datasheet","step":"verify","ok":true}
{"t":"2026-09-10T13:57:17.978Z","path":"/resources/ccix-ip-complete-solution-datasheet","step":"verify","ok":true}
{"t":"2026-09-10T13:57:19.048Z","path":"/resources/chip-design-space-applications","step":"verify","ok":true}
{"t":"2026-09-10T13:57:20.051Z","path":"/resources/co-packaged-optics-and-the-evolution-of-switch-optical-interconnects-in-data-centers-white-paper","step":"verify","ok":true}
{"t":"2026-09-10T13:57:22.511Z","path":"/resources/co-packaged-optics-for-multi-die-designs","step":"verify","ok":true}
{"t":"2026-09-10T13:57:24.067Z","path":"/resources/complete-1-6t-ethernet-ip-solution-datasheet","step":"verify","ok":true}
{"t":"2026-09-10T13:57:24.873Z","path":"/resources/complete-1-6t-ultra-ethernet-ip-solution-datasheet","step":"verify","ok":true}
{"t":"2026-09-10T13:57:27.489Z","path":"/resources/complete-ualink-ip-solution-datasheet","step":"verify","ok":true}
{"t":"2026-09-10T13:57:30.508Z","path":"/resources/compute-express-link-cxl-controller-ip-datasheet","step":"verify","ok":true}
{"t":"2026-09-10T13:57:31.168Z","path":"/resources/consumer-8g-phy-ip-datasheet","step":"verify","ok":true}
{"t":"2026-09-10T13:57:32.686Z","path":"/resources/confirmation-measures-iso26262-functional-safety","step":"verify","ok":true}
{"t":"2026-09-10T13:57:34.256Z","path":"/resources/controller-ip-for-pci-express-6-0-datasheet","step":"verify","ok":true}
{"t":"2026-09-10T13:57:37.673Z","path":"/resources/cryptographic-security-evolution","step":"verify","ok":true}
{"t":"2026-09-10T13:57:38.110Z","path":"/resources/controller-ip-for-pci-express-7-0-datasheet","step":"verify","ok":true}
{"t":"2026-09-10T13:57:39.718Z","path":"/resources/cryptography-software-library-datasheet","step":"verify","ok":true}
{"t":"2026-09-10T13:57:39.722Z","path":"/resources/cybersecurity-soc-21434-best-practices","step":"verify","ok":true}
{"t":"2026-09-10T13:57:46.775Z","path":"/resources/ddr-complete-solution-datasheet","step":"verify","ok":true}
{"t":"2026-09-10T13:57:46.940Z","path":"/resources/ddr4-multiphy-ip-datasheet","step":"verify","ok":true}
{"t":"2026-09-10T13:57:47.235Z","path":"/resources/ddr3-2-phy-ip-datasheet","step":"verify","ok":true}
{"t":"2026-09-10T13:57:48.882Z","path":"/resources/ddr4-3-phy-ip-datasheet","step":"verify","ok":true}
{"t":"2026-09-10T13:57:54.685Z","path":"/resources/ddr5-mrdimm-controller-ip-datasheet","step":"verify","ok":true}
{"t":"2026-09-10T13:57:55.905Z","path":"/resources/ddr5-4-controller-ip-datasheet","step":"verify","ok":true}
{"t":"2026-09-10T13:57:56.131Z","path":"/resources/ddr5-4-phy-ip-datasheet","step":"verify","ok":true}
{"t":"2026-09-10T13:57:57.115Z","path":"/resources/ddr5-mrdimm-phy-ip-datasheet","step":"verify","ok":true}
{"t":"2026-09-10T13:58:02.566Z","path":"/resources/design-da","step":"verify","ok":true}
{"t":"2026-09-10T13:58:02.567Z","path":"/resources/designing-for-448g","step":"verify","ok":true}
{"t":"2026-09-10T13:58:02.945Z","path":"/resources/deep-low-voltage-transistor-foundation-ip","step":"verify","ok":true}
{"t":"2026-09-10T13:58:06.283Z","path":"/resources/designing-ras-slm","step":"verify","ok":true}
{"t":"2026-09-10T13:58:09.660Z","path":"/resources/developing-high-reliability-reprogrammable-nvm-ip-for-automotive-applications-white-paper","step":"verify","ok":true}
{"t":"2026-09-10T13:58:10.688Z","path":"/resources/displayport-tx-ip-complete-solution-datasheet","step":"verify","ok":true}
{"t":"2026-09-10T13:58:11.221Z","path":"/resources/die-to-die-controller-ip-datasheet","step":"verify","ok":true}
{"t":"2026-09-10T13:58:12.605Z","path":"/resources/dual-mode-controller-ip-for-pci-express-1-1-5-0-datasheet","step":"verify","ok":true}
{"t":"2026-09-10T13:58:16.600Z","path":"/resources/edge-ai-low-voltage-ip","step":"verify","ok":true}
{"t":"2026-09-10T13:58:18.076Z","path":"/resources/efficient-data-transfer-with-high-speed-serial-flash-interface-ip-white-paper","step":"verify","ok":true}
{"t":"2026-09-10T13:58:18.772Z","path":"/resources/efficient-multi-die-implementation-ip-integration","step":"verify","ok":true}
{"t":"2026-09-10T13:58:19.580Z","path":"/resources/embedded-endpoint-controller-ip-for-pci-express-1-1-5-0-datasheet","step":"verify","ok":true}
{"t":"2026-09-10T13:58:26.192Z","path":"/resources/enabling-the-448g-era","step":"verify","ok":true}
{"t":"2026-09-10T13:58:26.193Z","path":"/resources/enhanced-serial-peripheral-interface-controller-ip-datasheet","step":"verify","ok":true}
{"t":"2026-09-10T13:58:26.726Z","path":"/resources/endpoint-controller-ip-for-pci-express-1-1-5-0-datasheet","step":"verify","ok":true}
{"t":"2026-09-10T13:58:26.894Z","path":"/resources/enhanced-universal-ddr-memory-and-protocol-controller-ip-datasheet","step":"verify","ok":true}
{"t":"2026-09-10T13:58:33.787Z","path":"/resources/enterprise-ethernet-mac-controller-ip-datasheet","step":"verify","ok":true}
{"t":"2026-09-10T13:58:33.816Z","path":"/resources/enhanced-universal-ddr-memory-controller-ip-datasheet","step":"verify","ok":true}
{"t":"2026-09-10T13:58:33.868Z","path":"/resources/enterprise-ethernet-pcs-controller-ip-datasheet","step":"verify","ok":true}
{"t":"2026-09-10T13:58:34.069Z","path":"/resources/esd-co-design-for-224g-and-112g-serdes-in-finfet-technologies-white-paper","step":"verify","ok":true}
{"t":"2026-09-10T13:58:40.813Z","path":"/resources/ethernet-mac-10-100-universal-ip-datasheet","step":"verify","ok":true}
{"t":"2026-09-10T13:58:40.913Z","path":"/resources/ethernet-pcs-datasheet","step":"verify","ok":true}
{"t":"2026-09-10T13:58:41.411Z","path":"/resources/ethernet-mac-10-100-1000-universal-datasheet","step":"verify","ok":true}
{"t":"2026-09-10T13:58:41.937Z","path":"/resources/esun-ip-solution-datasheet","step":"verify","ok":true}
{"t":"2026-09-10T13:58:48.641Z","path":"/resources/eusb2-ip-solution-datasheet","step":"verify","ok":true}
{"t":"2026-09-10T13:58:49.156Z","path":"/resources/ethernet-quality-of-service-controller-ip-datasheet","step":"verify","ok":true}
{"t":"2026-09-10T13:58:49.349Z","path":"/resources/exalto","step":"verify","ok":true}
{"t":"2026-09-10T13:58:49.512Z","path":"/resources/faster-bug-discovery-coverage-closure-vso-ai","step":"verify","ok":true}
{"t":"2026-09-10T13:58:57.616Z","path":"/resources/flexible-usb4-based-interface-ip-solution-for-ai-at-the-edge-white-paper","step":"verify","ok":true}
{"t":"2026-09-10T13:58:57.621Z","path":"/resources/foundation-cores-datasheet","step":"verify","ok":true}
{"t":"2026-09-10T13:58:57.896Z","path":"/resources/flexible-key-sram-puf","step":"verify","ok":true}
{"t":"2026-09-10T13:58:59.363Z","path":"/resources/foundation-ip-energy-efficient-soc","step":"verify","ok":true}
{"t":"2026-09-10T13:59:06.139Z","path":"/resources/foundation-ip-for-gf-22fdx-plus-datasheet","step":"verify","ok":true}
{"t":"2026-09-10T13:59:06.313Z","path":"/resources/foundation-ip-for-db-hitek-180nm-datasheet","step":"verify","ok":true}
{"t":"2026-09-10T13:59:07.088Z","path":"/resources/foundation-ip-for-gf-22fdx-datasheet","step":"verify","ok":true}
{"t":"2026-09-10T13:59:14.095Z","path":"/resources/foundation-ip-for-gf-55lpe-datasheet","step":"verify","ok":true}
{"t":"2026-09-10T13:59:14.196Z","path":"/resources/foundation-ip-for-gf-40lp-datasheet","step":"verify","ok":true}
{"t":"2026-09-10T13:59:14.765Z","path":"/resources/foundation-ip-for-huali-40lp-datasheet","step":"verify","ok":true}
{"t":"2026-09-10T13:59:15.046Z","path":"/resources/foundation-ip-for-huali-55lp-datasheet","step":"verify","ok":true}
{"t":"2026-09-10T13:59:22.032Z","path":"/resources/foundation-ip-for-samsung-8lpu-datasheet","step":"verify","ok":true}
{"t":"2026-09-10T13:59:22.897Z","path":"/resources/foundation-ip-for-intel-18a-datasheet","step":"verify","ok":true}
{"t":"2026-09-10T13:59:22.897Z","path":"/resources/foundation-ip-for-intel-16-datasheet","step":"verify","ok":true}
{"t":"2026-09-10T13:59:23.279Z","path":"/resources/foundation-ip-for-smic-40ll-datasheet","step":"verify","ok":true}
{"t":"2026-09-10T13:59:30.961Z","path":"/resources/foundation-ip-for-tsmc-16ffc-datasheet","step":"verify","ok":true}
{"t":"2026-09-10T13:59:30.991Z","path":"/resources/foundation-ip-for-smic-65ll-datasheet","step":"verify","ok":true}
{"t":"2026-09-10T13:59:31.315Z","path":"/resources/foundation-ip-for-tsmc-16ff-plus-datasheet","step":"verify","ok":true}
{"t":"2026-09-10T13:59:32.345Z","path":"/resources/foundation-ip-for-tsmc-22ull-datasheet","step":"verify","ok":true}
{"t":"2026-09-10T13:59:38.417Z","path":"/resources/foundation-ip-for-tsmc-28hp-datasheet","step":"verify","ok":true}
{"t":"2026-09-10T13:59:38.596Z","path":"/resources/foundation-ip-for-tsmc-28hpc-plus-datasheet","step":"verify","ok":true}
{"t":"2026-09-10T13:59:38.644Z","path":"/resources/foundation-ip-for-tsmc-28hpc-datasheet","step":"verify","ok":true}
{"t":"2026-09-10T13:59:39.492Z","path":"/resources/foundation-ip-for-tsmc-28hpm-datasheet","step":"verify","ok":true}
{"t":"2026-09-10T13:59:46.335Z","path":"/resources/foundation-ip-for-tsmc-n3p-datasheet","step":"verify","ok":true}
{"t":"2026-09-10T13:59:46.835Z","path":"/resources/foundation-ip-for-tsmc-65lp-datasheet","step":"verify","ok":true}
{"t":"2026-09-10T13:59:46.898Z","path":"/resources/foundation-ip-for-tsmc-40lp-datasheet","step":"verify","ok":true}
{"t":"2026-09-10T13:59:48.028Z","path":"/resources/foundation-ip-for-tsmc-n4p-datasheet","step":"verify","ok":true}
{"t":"2026-09-10T13:59:54.327Z","path":"/resources/foundation-ip-for-tsmc-n5-datasheet","step":"verify","ok":true}
{"t":"2026-09-10T13:59:54.673Z","path":"/resources/foundation-ip-for-tsmc-n5a-datasheet","step":"verify","ok":true}
{"t":"2026-09-10T13:59:54.695Z","path":"/resources/foundation-ip-for-tsmc-n6-datasheet","step":"verify","ok":true}
{"t":"2026-09-10T13:59:56.013Z","path":"/resources/foundation-ip-for-tsmc-n7-datasheet","step":"verify","ok":true}
{"t":"2026-09-10T14:00:03.415Z","path":"/resources/foundation-ip-for-umc-28hlp-datasheet","step":"verify","ok":true}
{"t":"2026-09-10T14:00:04.058Z","path":"/resources/foundation-ip-for-umc-28hpc-datasheet","step":"verify","ok":true}
{"t":"2026-09-10T14:00:04.145Z","path":"/resources/foundation-ip-for-umc-40lp-datasheet","step":"verify","ok":true}
{"t":"2026-09-10T14:00:13.483Z","path":"/resources/foundation-ip-for-umc-40ulp-datasheet","step":"verify","ok":true}
{"t":"2026-09-10T14:00:14.994Z","path":"/resources/foundation-ip-gf55bcd-datasheet","step":"verify","ok":true}
{"t":"2026-09-10T14:00:15.868Z","path":"/resources/ftp-trim-nvm-ip-datasheet","step":"verify","ok":true}
{"t":"2026-09-10T14:00:16.882Z","path":"/resources/foundation-ip-tsmc-n6aio-datasheet","step":"verify","ok":true}
{"t":"2026-09-10T14:00:28.212Z","path":"/resources/gen-2-ddr-multiphy-ip-datasheet","step":"verify","ok":true}
{"t":"2026-09-10T14:00:28.380Z","path":"/resources/gf-rf-design-migration-wp","step":"verify","ok":true}
{"t":"2026-09-10T14:00:28.401Z","path":"/resources/gpu-support-nvidia","step":"verify","ok":true}
{"t":"2026-09-10T14:00:29.453Z","path":"/resources/hardware-root-trust-security-ip","step":"verify","ok":true}
{"t":"2026-09-10T14:00:40.902Z","path":"/resources/hbm2-hbm2e-phy-ip-datasheet","step":"verify","ok":true}
{"t":"2026-09-10T14:00:41.104Z","path":"/resources/hav-interface-solutions-spec-sheet","step":"verify","ok":true}
{"t":"2026-09-10T14:00:42.521Z","path":"/resources/hbm3-controller-datasheet","step":"verify","ok":true}
{"t":"2026-09-10T14:00:42.648Z","path":"/resources/hav-for-multi-die","step":"verify","ok":true}
{"t":"2026-09-10T14:00:50.729Z","path":"/resources/hbm4-controller-ip-datasheet","step":"verify","ok":true}
{"t":"2026-09-10T14:00:51.044Z","path":"/resources/hdcp-2-3-on-hdmi-displayport-embedded-security-modules-datasheet","step":"verify","ok":true}
{"t":"2026-09-10T14:00:51.138Z","path":"/resources/hbm3-phy-datasheet","step":"verify","ok":true}
{"t":"2026-09-10T14:00:51.400Z","path":"/resources/hbm4-phy-ip-datasheet","step":"verify","ok":true}
{"t":"2026-09-10T14:01:00.230Z","path":"/resources/hdmi-1-3-tx-phy-ip-for-2-25gbps-datasheet","step":"verify","ok":true}
{"t":"2026-09-10T14:01:00.599Z","path":"/resources/hdmi-1-3-receiver-controller-ip-datasheet","step":"verify","ok":true}
{"t":"2026-09-10T14:01:01.108Z","path":"/resources/hdmi-rx-phy-ip-for-2-25gbps-datasheet","step":"verify","ok":true}
{"t":"2026-09-10T14:01:02.362Z","path":"/resources/high-performance-aes-gcm-ctr-ip-core-datasheet","step":"verify","ok":true}
{"t":"2026-09-10T14:01:12.265Z","path":"/resources/high-speed-test-io-ip-datasheet","step":"verify","ok":true}
{"t":"2026-09-10T14:01:12.467Z","path":"/resources/hpc-macsec-security-modules-for-ethernet-datasheet","step":"verify","ok":true}
{"t":"2026-09-10T14:01:12.533Z","path":"/resources/hpc-applications","step":"verify","ok":true}
{"t":"2026-09-10T14:01:16.126Z","path":"/resources/i2s-controller-ip-datasheet","step":"verify","ok":true}
{"t":"2026-09-10T14:01:33.059Z","path":"/resources/i2s-tdm-audio-controller-ip-datasheet","step":"verify","ok":true}
{"t":"2026-09-10T14:01:34.101Z","path":"/resources/iccii-design-planning-wp","step":"verify","ok":true}
{"t":"2026-09-10T14:01:34.381Z","path":"/resources/ide-secure-module-for-cxl-2-0-datasheet","step":"verify","ok":true}
{"t":"2026-09-10T14:01:34.874Z","path":"/resources/ide-secure-module-for-cxl-3-x-datasheet","step":"verify","ok":true}
{"t":"2026-09-10T14:01:48.276Z","path":"/resources/ide-security-ip-module-for-pci-express-5-0-datasheet","step":"verify","ok":true}
{"t":"2026-09-10T14:01:48.326Z","path":"/resources/ide-secure-module-for-cxl-4-0","step":"verify","ok":true}
{"t":"2026-09-10T14:01:49.139Z","path":"/resources/ide-security-ip-module-for-pci-express-7-0-datasheet","step":"verify","ok":true}
{"t":"2026-09-10T14:01:49.244Z","path":"/resources/ide-security-ip-module-for-pci-express-6-x-datasheet","step":"verify","ok":true}
{"t":"2026-09-10T14:01:58.812Z","path":"/resources/innovate-faster","step":"verify","ok":true}
{"t":"2026-09-10T14:01:59.135Z","path":"/resources/improving-scan-test-coverage","step":"verify","ok":true}
{"t":"2026-09-10T14:01:59.142Z","path":"/resources/ime-security-ip-module-for-ddr-datasheet","step":"verify","ok":true}
{"t":"2026-09-10T14:01:59.936Z","path":"/resources/inside-ai-accelerator","step":"verify","ok":true}
{"t":"2026-09-10T14:02:19.236Z","path":"/resources/ip-3d-multi-die-design","step":"verify","ok":false,"why":"fetch failed"}
{"t":"2026-09-10T14:02:19.237Z","path":"/resources/interface-ip-subsystems-datasheet","step":"verify","ok":false,"why":"fetch failed"}
{"t":"2026-09-10T14:02:25.449Z","path":"/resources/integrating-security-soc-designs","step":"verify","ok":true}
{"t":"2026-09-10T14:02:27.814Z","path":"/resources/ip-for-hdmi-2-1-tx-ip-solutions-datasheet","step":"verify","ok":true}
{"t":"2026-09-10T14:02:39.640Z","path":"/resources/ip-phy-ip-for-pci-express-5-0-and-cxl-datasheet","step":"verify","ok":true}
{"t":"2026-09-10T14:02:39.696Z","path":"/resources/ip-for-pci-express-complete-solution-datasheet","step":"verify","ok":true}
{"t":"2026-09-10T14:02:40.109Z","path":"/resources/ip-solutions-edge-ai","step":"verify","ok":true}
{"t":"2026-09-10T14:02:40.450Z","path":"/resources/ip-solutions-for-the-amba-interconnect-datasheet","step":"verify","ok":true}
{"t":"2026-09-10T14:02:50.060Z","path":"/resources/lle-aware-design-methodology","step":"verify","ok":true}
{"t":"2026-09-10T14:02:50.291Z","path":"/resources/lpddr4-multiphy-ip-datasheet","step":"verify","ok":true}
{"t":"2026-09-10T14:02:50.291Z","path":"/resources/looking-into-linear-pluggable-optics","step":"verify","ok":true}
{"t":"2026-09-10T14:02:51.477Z","path":"/resources/lower-process-nodes-timing-signoff-evolution","step":"verify","ok":true}
{"t":"2026-09-10T14:02:59.815Z","path":"/resources/lpddr5x-5-4x-controller-ip-datasheet","step":"verify","ok":true}
{"t":"2026-09-10T14:03:00.539Z","path":"/resources/lpddr5-4-4x-controller-ip-datasheet","step":"verify","ok":true}
{"t":"2026-09-10T14:03:01.251Z","path":"/resources/lpddr5x-5-4x-phy-ip-datasheet","step":"verify","ok":true}
{"t":"2026-09-10T14:03:02.133Z","path":"/resources/lpddr5-4-4x-phy-ip-datasheet","step":"verify","ok":true}
{"t":"2026-09-10T14:03:08.993Z","path":"/resources/lpddr6-5x-5-controller-ip-datasheet","step":"verify","ok":true}
{"t":"2026-09-10T14:03:09.659Z","path":"/resources/lpddr6-5x-5-phy-ip-datasheet","step":"verify","ok":true}
{"t":"2026-09-10T14:03:10.511Z","path":"/resources/macsec-security-modules-for-ethernet-datasheet","step":"verify","ok":true}
{"t":"2026-09-10T14:03:11.223Z","path":"/resources/mastering-ai-chip-complexity-ebook","step":"verify","ok":true}
{"t":"2026-09-10T14:03:19.046Z","path":"/resources/medium-density-nvm-ip-datasheet","step":"verify","ok":true}
{"t":"2026-09-10T14:03:19.201Z","path":"/resources/mipi-complete-solution-datasheet","step":"verify","ok":true}
{"t":"2026-09-10T14:03:19.946Z","path":"/resources/mipi-cse2-security-module-ds","step":"verify","ok":true}
{"t":"2026-09-10T14:03:20.568Z","path":"/resources/mipi-c-phy-d-phy-ip-datasheet","step":"verify","ok":true}
{"t":"2026-09-10T14:03:29.089Z","path":"/resources/mipi-csi-2-device-controller-ip-datasheet","step":"verify","ok":true}
{"t":"2026-09-10T14:03:29.619Z","path":"/resources/mipi-csi-2-host-controller-datasheet","step":"verify","ok":true}
{"t":"2026-09-10T14:03:29.974Z","path":"/resources/mipi-d-phy-ip-datasheet","step":"verify","ok":true}
{"t":"2026-09-10T14:03:30.963Z","path":"/resources/mipi-dsi-device-controller-ip-datasheet","step":"verify","ok":true}
{"t":"2026-09-10T14:03:38.770Z","path":"/resources/mipi-dsi-host-controller-ip-with-vesa-dsc-encoder-datasheet","step":"verify","ok":true}
{"t":"2026-09-10T14:03:38.993Z","path":"/resources/mipi-i3c-controller-ip-datasheet","step":"verify","ok":true}
{"t":"2026-09-10T14:03:39.181Z","path":"/resources/mipi-dsi-host-controller-ip-datasheet","step":"verify","ok":true}
{"t":"2026-09-10T14:03:40.425Z","path":"/resources/mipi-m-phy-datasheet","step":"verify","ok":true}
{"t":"2026-09-10T14:03:46.354Z","path":"/resources/mipi-unipro-controller-ip-datasheet","step":"verify","ok":true}
{"t":"2026-09-10T14:03:46.832Z","path":"/resources/mram-ip-datasheet","step":"verify","ok":true}
{"t":"2026-09-10T14:03:47.148Z","path":"/resources/monitoring-test-repair-strategies-multi-die","step":"verify","ok":true}
{"t":"2026-09-10T14:03:47.574Z","path":"/resources/model-based-design-and-virtual-ecus","step":"verify","ok":true}
{"t":"2026-09-10T14:03:52.713Z","path":"/resources/mtp-eeprom-nvm-ip-datasheet","step":"verify","ok":true}
{"t":"2026-09-10T14:03:53.302Z","path":"/resources/mtp-ulp-nvm-ip-datasheet","step":"verify","ok":true}
{"t":"2026-09-10T14:03:54.888Z","path":"/resources/multi-die-auto-routing-wp","step":"verify","ok":true}
{"t":"2026-09-10T14:03:56.171Z","path":"/resources/multi-die-automotive-wp","step":"verify","ok":true}
{"t":"2026-09-10T14:03:59.199Z","path":"/resources/multi-die-design-signoff","step":"verify","ok":true}
{"t":"2026-09-10T14:04:00.252Z","path":"/resources/multi-die-feasibility-wp","step":"verify","ok":true}
{"t":"2026-09-10T14:04:01.615Z","path":"/resources/multi-die-physical-verification-fanout-rdl","step":"verify","ok":true}
{"t":"2026-09-10T14:04:02.071Z","path":"/resources/multi-die-systems-start-guide","step":"verify","ok":true}
{"t":"2026-09-10T14:04:05.426Z","path":"/resources/multi-port-switch-ip-for-pci-express-datasheet","step":"verify","ok":true}
{"t":"2026-09-10T14:04:06.116Z","path":"/resources/multi-protocol-10g-phy-ip-datasheet","step":"verify","ok":true}
{"t":"2026-09-10T14:04:07.301Z","path":"/resources/multi-protocol-112g-phy-ip-datasheet","step":"verify","ok":true}
{"t":"2026-09-10T14:04:09.107Z","path":"/resources/multi-protocol-25g-phy-ip-datasheet","step":"verify","ok":true}
{"t":"2026-09-10T14:04:11.198Z","path":"/resources/multi-protocol-32g-phy-ip-datasheet","step":"verify","ok":true}
{"t":"2026-09-10T14:04:13.989Z","path":"/resources/multiphysics-fusion-technology-for-multi-die","step":"verify","ok":true}
{"t":"2026-09-10T14:04:14.293Z","path":"/resources/multi-protocol-6g-phy-ip-datasheet","step":"verify","ok":true}
{"t":"2026-09-10T14:04:15.888Z","path":"/resources/navigating-software-defined-vehicle-development","step":"verify","ok":true}
{"t":"2026-09-10T14:04:21.728Z","path":"/resources/optimized-system-power","step":"verify","ok":true}
{"t":"2026-09-10T14:04:22.229Z","path":"/resources/optimizing-analog-design-multiphysics","step":"verify","ok":true}
{"t":"2026-09-10T14:04:22.533Z","path":"/resources/otp-nvm-ip-datasheet","step":"verify","ok":true}
{"t":"2026-09-10T14:04:22.974Z","path":"/resources/non-volatile-memory-ip-solutions-datasheet","step":"verify","ok":true}
{"t":"2026-09-10T14:04:30.039Z","path":"/resources/pathfinder-sc","step":"verify","ok":true}
{"t":"2026-09-10T14:04:30.904Z","path":"/resources/overcoming-challenges-verifying-multi-die-systems","step":"verify","ok":true}
{"t":"2026-09-10T14:04:31.161Z","path":"/resources/pci-express-to-arm-amba-ahb-bridge-datasheet","step":"verify","ok":true}
{"t":"2026-09-10T14:04:31.224Z","path":"/resources/pci-express-7-in-practice","step":"verify","ok":true}
{"t":"2026-09-10T14:04:38.606Z","path":"/resources/pcie5-edge-ai-soc","step":"verify","ok":true}
{"t":"2026-09-10T14:04:39.140Z","path":"/resources/pcie-multistream-ai-bandwidth","step":"verify","ok":true}
{"t":"2026-09-10T14:04:39.317Z","path":"/resources/phy-ip-for-pci-express-6-0-datasheet","step":"verify","ok":true}
{"t":"2026-09-10T14:04:39.494Z","path":"/resources/phy-ip-for-pci-express-2-1-datasheet","step":"verify","ok":true}
{"t":"2026-09-10T14:04:46.863Z","path":"/resources/phy-ip-for-pci-express-7-0-datasheet","step":"verify","ok":true}
{"t":"2026-09-10T14:04:47.288Z","path":"/resources/power-supply-noise-effects-on-jitter-in-clock-synchronous-systems-with-emphasis-on-memory-interfaces-white-paper","step":"verify","ok":true}
{"t":"2026-09-10T14:04:47.840Z","path":"/resources/physical-verification-multi-die","step":"verify","ok":true}
{"t":"2026-09-10T14:04:48.033Z","path":"/resources/power-optimization-ai-chip-development","step":"verify","ok":true}
{"t":"2026-09-10T14:04:54.527Z","path":"/resources/ppa-benefits-backside-routing","step":"verify","ok":true}
{"t":"2026-09-10T14:04:55.187Z","path":"/resources/primeclock","step":"verify","ok":true}
{"t":"2026-09-10T14:04:55.592Z","path":"/resources/pre-silicon-verification-multi-die","step":"verify","ok":true}
{"t":"2026-09-10T14:04:55.713Z","path":"/resources/powerx","step":"verify","ok":true}
{"t":"2026-09-10T14:05:02.664Z","path":"/resources/public-key-accelerator-datasheet","step":"verify","ok":true}
{"t":"2026-09-10T14:05:03.024Z","path":"/resources/puf-base-premium-software-datasheet","step":"verify","ok":true}
{"t":"2026-09-10T14:05:03.472Z","path":"/resources/puf-base-premium-datasheet","step":"verify","ok":true}
{"t":"2026-09-10T14:05:04.015Z","path":"/resources/proven-ip-for-silicon-design","step":"verify","ok":true}
{"t":"2026-09-10T14:05:10.733Z","path":"/resources/puf-fpga-x-base-premium-datasheet","step":"verify","ok":true}
{"t":"2026-09-10T14:05:11.002Z","path":"/resources/puf-based-hardware-ip-defense-applications","step":"verify","ok":true}
{"t":"2026-09-10T14:05:11.128Z","path":"/resources/pufs-post-quantum-world","step":"verify","ok":true}
{"t":"2026-09-10T14:05:11.947Z","path":"/resources/quantumatk-superconducting","step":"verify","ok":true}
{"t":"2026-09-10T14:05:19.237Z","path":"/resources/quantumatk","step":"verify","ok":true}
{"t":"2026-09-10T14:05:19.265Z","path":"/resources/redhawk-sc-electrothermal","step":"verify","ok":true}
{"t":"2026-09-10T14:05:20.850Z","path":"/resources/redhawk-sc-ds","step":"verify","ok":true}
{"t":"2026-09-10T14:05:20.851Z","path":"/resources/re-engineering-engineering-electronics-digital-twin-sdv-era","step":"verify","ok":true}
{"t":"2026-09-10T14:05:27.573Z","path":"/resources/reducing-power-consumption-in-mobile-applications-with-high-speed-gear3-mipi-m-phy-ip-white-paper","step":"verify","ok":true}
{"t":"2026-09-10T14:05:27.783Z","path":"/resources/rethinking-automotive","step":"verify","ok":true}
{"t":"2026-09-10T14:05:28.429Z","path":"/resources/reliability-sram-puf","step":"verify","ok":true}
{"t":"2026-09-10T14:05:28.797Z","path":"/resources/redhawk-sc-security","step":"verify","ok":true}
{"t":"2026-09-10T14:05:35.770Z","path":"/resources/sd-emmc-host-controller-ip-datasheet","step":"verify","ok":true}
{"t":"2026-09-10T14:05:36.303Z","path":"/resources/sd-emmc-phy-ip-datasheet","step":"verify","ok":true}
{"t":"2026-09-10T14:05:36.660Z","path":"/resources/root-port-controller-ip-for-pci-express-1-1-5-0-datasheet","step":"verify","ok":true}
{"t":"2026-09-10T14:05:36.779Z","path":"/resources/secure-boot-software-development-kit-datasheet","step":"verify","ok":true}
{"t":"2026-09-10T14:05:43.400Z","path":"/resources/secure-interfaces-critical-semiconductor-applications","step":"verify","ok":true}
{"t":"2026-09-10T14:05:43.818Z","path":"/resources/secure-roots-of-trust-iot","step":"verify","ok":true}
{"t":"2026-09-10T14:05:44.223Z","path":"/resources/secure-storage-solution-otp-ip-video","step":"verify","ok":true}
{"t":"2026-09-10T14:05:45.214Z","path":"/resources/secure-storage-solution-otp-ip","step":"verify","ok":true}
{"t":"2026-09-10T14:05:51.543Z","path":"/resources/securing-fpgas-beyond-the-bitstream","step":"verify","ok":true}
{"t":"2026-09-10T14:05:52.064Z","path":"/resources/security-ip-brochure","step":"verify","ok":true}
{"t":"2026-09-10T14:05:52.124Z","path":"/resources/securing-silicon-modular-ip-solutions","step":"verify","ok":true}
{"t":"2026-09-10T14:05:52.907Z","path":"/resources/security-ai-whitepaper","step":"verify","ok":true}
{"t":"2026-09-10T14:05:59.117Z","path":"/resources/security-puf-fpga-a-datasheet","step":"verify","ok":true}
{"t":"2026-09-10T14:05:59.962Z","path":"/resources/security-protocol-accelerator-datasheet","step":"verify","ok":true}
{"t":"2026-09-10T14:06:00.087Z","path":"/resources/shf-otp-nvm-ip-datasheet","step":"verify","ok":true}
{"t":"2026-09-10T14:06:00.314Z","path":"/resources/security-protocol-accelerator-for-sm3-and-sm4-datasheet","step":"verify","ok":true}
{"t":"2026-09-10T14:06:07.239Z","path":"/resources/sil-kit-vector-synopsys-wp","step":"verify","ok":true}
{"t":"2026-09-10T14:06:07.441Z","path":"/resources/shift-left-verification-lint-signoff","step":"verify","ok":true}
{"t":"2026-09-10T14:06:07.498Z","path":"/resources/silicon-da","step":"verify","ok":true}
{"t":"2026-09-10T14:06:08.685Z","path":"/resources/simulating-atomic-layer-processing-2d-materials","step":"verify","ok":true}
{"t":"2026-09-10T14:06:13.622Z","path":"/resources/slm-actionable-silicon-insights","step":"verify","ok":true}
{"t":"2026-09-10T14:06:14.598Z","path":"/resources/slm-process-detector-sf4x-product-brief","step":"verify","ok":true}
{"t":"2026-09-10T14:06:15.218Z","path":"/resources/slm-end-to-end-yield-learning","step":"verify","ok":true}
{"t":"2026-09-10T14:06:15.380Z","path":"/resources/slm-pvt-for-n3p-product-briefs","step":"verify","ok":true}
{"t":"2026-09-10T14:06:21.158Z","path":"/resources/slm-pvt-monitor-ip-tsmc-n2p-reliability","step":"verify","ok":true}
{"t":"2026-09-10T14:06:22.053Z","path":"/resources/slm-pvtc5-product-brief","step":"verify","ok":true}
{"t":"2026-09-10T14:06:22.161Z","path":"/resources/software-defined-hardware-assisted-verification-ai-era","step":"verify","ok":true}
{"t":"2026-09-10T14:06:22.873Z","path":"/resources/sms-ip","step":"verify","ok":true}
{"t":"2026-09-10T14:06:27.277Z","path":"/resources/software-development-system-validation-collaboration-electronics-digital-twin","step":"verify","ok":true}
{"t":"2026-09-10T14:06:27.885Z","path":"/resources/sram-compiler-breakthroughs-5nm-3nm-socs","step":"verify","ok":true}
{"t":"2026-09-10T14:06:28.938Z","path":"/resources/sram-puf-secure-fingerprint","step":"verify","ok":true}
{"t":"2026-09-10T14:06:29.752Z","path":"/resources/sram-puf-cryptographic-key-protection","step":"verify","ok":true}
{"t":"2026-09-10T14:06:34.209Z","path":"/resources/standards-compliant-112g-phy-for-linear-optics","step":"verify","ok":true}
{"t":"2026-09-10T14:06:35.740Z","path":"/resources/superspeed-usb-3-0-complete-solution-datasheet","step":"verify","ok":true}
{"t":"2026-09-10T14:06:36.096Z","path":"/resources/superspeed-usb-3-1-ip-solution-datasheet","step":"verify","ok":true}
{"t":"2026-09-10T14:06:36.802Z","path":"/resources/superspeed-usb-3-2-ip-solution-datasheet","step":"verify","ok":true}
{"t":"2026-09-10T14:06:39.815Z","path":"/resources/switch-port-controller-ip-for-pci-express-1-1-5-0-datasheet","step":"verify","ok":true}
{"t":"2026-09-10T14:06:43.445Z","path":"/resources/synopsys-ai-copilot-datasheet","step":"verify","ok":true}
{"t":"2026-09-10T14:06:44.122Z","path":"/resources/synopsys-ip-for-hdmi-2-0-and-1-4-rx-ip-solutions-datasheet","step":"verify","ok":true}
{"t":"2026-09-10T14:06:44.719Z","path":"/resources/synchronous-serial-interface-ssi-controller-ip-datasheet","step":"verify","ok":true}
{"t":"2026-09-10T14:06:45.795Z","path":"/resources/synopsys-ip-for-hdmi-2-0-and-1-4-tx-ip-solutions-datasheet","step":"verify","ok":true}
{"t":"2026-09-10T14:06:51.252Z","path":"/resources/synopsys-ip-for-hdmi-2-1-rx-ip-solutions-datasheet","step":"verify","ok":true}
{"t":"2026-09-10T14:06:51.429Z","path":"/resources/synopsys-ip-for-pci-express-single-root-io-virtualization-datasheet","step":"verify","ok":true}
{"t":"2026-09-10T14:06:51.983Z","path":"/resources/synopsys-ip-for-pci-express-to-amba-3-axi-4-bridge-datasheet","step":"verify","ok":true}
{"t":"2026-09-10T14:06:52.607Z","path":"/resources/synopsys-ip-portfolio-brochure","step":"verify","ok":true}
{"t":"2026-09-10T14:06:57.638Z","path":"/resources/synopsys-phy-ip-for-pci-express-4-0-datasheet","step":"verify","ok":true}
{"t":"2026-09-10T14:06:58.587Z","path":"/resources/synopsys-phy-ip-for-pci-express-3-1-datasheet","step":"verify","ok":true}
{"t":"2026-09-10T14:06:58.807Z","path":"/resources/synopsys-testmax-advisor-wp","step":"verify","ok":true}
{"t":"2026-09-10T14:06:59.032Z","path":"/resources/ternary-cam-compilers-datasheet","step":"verify","ok":true}
{"t":"2026-09-10T14:07:06.609Z","path":"/resources/testmax-dft","step":"verify","ok":true}
{"t":"2026-09-10T14:07:06.938Z","path":"/resources/testmax-advisor","step":"verify","ok":true}
{"t":"2026-09-10T14:07:07.171Z","path":"/resources/testmax-atpg","step":"verify","ok":true}
{"t":"2026-09-10T14:07:07.845Z","path":"/resources/testmax-diagnosis","step":"verify","ok":true}
{"t":"2026-09-10T14:07:12.793Z","path":"/resources/testmax-vtran","step":"verify","ok":true}
{"t":"2026-09-10T14:07:13.493Z","path":"/resources/testmax-manager","step":"verify","ok":true}
{"t":"2026-09-10T14:07:14.199Z","path":"/resources/testmax-xlbist","step":"verify","ok":true}
{"t":"2026-09-10T14:07:14.679Z","path":"/resources/totem","step":"verify","ok":true}
{"t":"2026-09-10T14:07:20.030Z","path":"/resources/trng-truly-secure-systems","step":"verify","ok":true}
{"t":"2026-09-10T14:07:20.448Z","path":"/resources/troot-fx-hardware-secure-modules-datasheet","step":"verify","ok":true}
{"t":"2026-09-10T14:07:20.856Z","path":"/resources/troot-vx-hardware-secure-modules-datasheet","step":"verify","ok":true}
{"t":"2026-09-10T14:07:21.339Z","path":"/resources/troot-hardware-secure-module-for-automotive-datasheet","step":"verify","ok":true}
{"t":"2026-09-10T14:07:27.895Z","path":"/resources/true-random-number-generator-core-for-nist-800-90c-datasheet","step":"verify","ok":true}
{"t":"2026-09-10T14:07:28.667Z","path":"/resources/trustworthy-automotive-semiconductors-wp","step":"verify","ok":true}
{"t":"2026-09-10T14:07:28.733Z","path":"/resources/true-random-number-generator-datasheet","step":"verify","ok":true}
{"t":"2026-09-10T14:07:28.943Z","path":"/resources/ualinksec-200-security-module","step":"verify","ok":true}
{"t":"2026-09-10T14:07:35.839Z","path":"/resources/ucie-phy-ip-datasheet","step":"verify","ok":true}
{"t":"2026-09-10T14:07:35.940Z","path":"/resources/ufs-host-controller-datasheet","step":"verify","ok":true}
{"t":"2026-09-10T14:07:36.530Z","path":"/resources/ultra-high-performance-aes-gcm-ctr-ip-core-datasheet","step":"verify","ok":true}
{"t":"2026-09-10T14:07:36.530Z","path":"/resources/ucie-controller-ip-datasheet","step":"verify","ok":true}
{"t":"2026-09-10T14:07:42.452Z","path":"/resources/unleashing-analog-design","step":"verify","ok":true}
{"t":"2026-09-10T14:07:42.784Z","path":"/resources/unifying-storage-diversity-leveraging-pcie-ip-for-multi-device-multi-form-factor-designs-white-paper","step":"verify","ok":true}
{"t":"2026-09-10T14:07:42.831Z","path":"/resources/universal-ddr-memory-and-protocol-controller-ip-datasheet","step":"verify","ok":true}
{"t":"2026-09-10T14:07:43.036Z","path":"/resources/ultra-high-performance-aes-xts-ecb-ip-core-datasheet","step":"verify","ok":true}
{"t":"2026-09-10T14:07:50.262Z","path":"/resources/usb-2-0-controller-ip-datasheet","step":"verify","ok":true}
{"t":"2026-09-10T14:07:50.440Z","path":"/resources/usb-2-0-femtophy-ip-datasheet","step":"verify","ok":true}
{"t":"2026-09-10T14:07:50.890Z","path":"/resources/usb-2-0-nanophy-ip-for-common-platform-processes-datasheet","step":"verify","ok":true}
{"t":"2026-09-10T14:07:51.404Z","path":"/resources/usb-2-0-nanophy-ip-datasheet","step":"verify","ok":true}
{"t":"2026-09-10T14:07:57.708Z","path":"/resources/usb-3-1-evolution-and-revolution-white-paper","step":"verify","ok":true}
{"t":"2026-09-10T14:07:57.950Z","path":"/resources/usb-2-0-picophy-ip-datasheet","step":"verify","ok":true}
{"t":"2026-09-10T14:07:58.016Z","path":"/resources/usb-2-0-type-c-ip-for-iot-datasheet","step":"verify","ok":true}
{"t":"2026-09-10T14:07:58.064Z","path":"/resources/usb-3-0-femtophy-ip-datasheet","step":"verify","ok":true}
{"t":"2026-09-10T14:08:04.744Z","path":"/resources/usb-c-3-1-displayport-1-4-tx-ip-complete-solution-datasheet","step":"verify","ok":true}
{"t":"2026-09-10T14:08:05.064Z","path":"/resources/usb-lpm-digital-controller-and-phy-ip-datasheet","step":"verify","ok":true}
{"t":"2026-09-10T14:08:05.504Z","path":"/resources/usb-3-2-a-usb-type-c-challenge-for-soc-designers-white-paper","step":"verify","ok":true}
{"t":"2026-09-10T14:08:05.677Z","path":"/resources/usb4-ip-solution-datasheet","step":"verify","ok":true}
{"t":"2026-09-10T14:08:12.931Z","path":"/resources/usb4-user-expectations-drive-design-complexity-white-paper","step":"verify","ok":true}
{"t":"2026-09-10T14:08:13.232Z","path":"/resources/vc-spyglass-lint-datasheet","step":"verify","ok":true}
{"t":"2026-09-10T14:08:13.638Z","path":"/resources/vc-spyglass-lint-early-detection","step":"verify","ok":true}
{"t":"2026-09-10T14:08:13.777Z","path":"/resources/velocerf","step":"verify","ok":true}
{"t":"2026-09-10T14:08:21.115Z","path":"/resources/vesa-dsc-encoder-ip-datasheet","step":"verify","ok":true}
{"t":"2026-09-10T14:08:21.344Z","path":"/resources/vesa-dsc-decoder-ip-datasheet","step":"verify","ok":true}
{"t":"2026-09-10T14:08:21.872Z","path":"/resources/vrm-cookbook-bluespec-riscv","step":"verify","ok":true}
{"t":"2026-09-10T14:08:22.562Z","path":"/resources/verification-and-validation-of-automotive-safety-element-out-of-context-white-paper","step":"verify","ok":true}
{"t":"2026-09-10T14:08:28.454Z","path":"/resources/what-designers-need-to-know-about-usb-low-power-states-white-paper","step":"verify","ok":true}
{"t":"2026-09-10T14:08:29.360Z","path":"/resources/xaui-phy-ip-datasheet","step":"verify","ok":true}
{"t":"2026-09-10T14:08:29.880Z","path":"/resources/which-ddr-sdram-memory-to-use-and-when-white-paper","step":"verify","ok":true}
{"t":"2026-09-10T14:08:30.400Z","path":"/resources/xaui-phy-ip-for-common-platform-processes-datasheet","step":"verify","ok":true}
{"t":"2026-09-10T14:08:35.487Z","path":"/resources/xbc-otp-nvm-ip-siprom-architecture-datasheet","step":"verify","ok":true}
{"t":"2026-09-10T14:08:35.989Z","path":"/resources/xbc-xhc-otp-nvm-ip-slp-a-architecture-datasheet","step":"verify","ok":true}
{"t":"2026-09-10T14:08:36.365Z","path":"/resources/xbc-otp-nvm-ip-slpmx-architecture-datasheet","step":"verify","ok":true}
{"t":"2026-09-10T14:08:37.416Z","path":"/resources/xbc-xhc-otp-nvm-ip-slp-architecture-datasheet","step":"verify","ok":true}
{"t":"2026-09-10T14:08:42.819Z","path":"/resources/xsc-otp-nvm-ip-secretcode-architecture-datasheet","step":"verify","ok":true}
{"t":"2026-09-10T14:08:42.970Z","path":"/resources/xhc-otp-nvm-ip-slp-c-architecture-datasheet","step":"verify","ok":true}
{"t":"2026-09-10T14:08:43.810Z","path":"/resources/xsr-phy-ip-datasheet","step":"verify","ok":true}
{"t":"2026-09-10T14:08:44.001Z","path":"/resources/xbc-xhc-otp-nvm-ip-slp-b-architecture-datasheet","step":"verify","ok":true}
{"t":"2026-09-10T14:08:50.072Z","path":"/services/design-services/arm-based-solution","step":"verify","ok":true}
{"t":"2026-09-10T14:08:51.126Z","path":"/resources","step":"verify","ok":true}
{"t":"2026-09-10T14:08:51.620Z","path":"/services/design-services/functional-safety-services","step":"verify","ok":true}
{"t":"2026-09-10T14:08:51.687Z","path":"/services/design-services/contact-system-design-solutions","step":"verify","ok":true}
{"t":"2026-09-10T14:08:58.659Z","path":"/services/design-services/physical-design-assistance","step":"verify","ok":true}
{"t":"2026-09-10T14:08:58.818Z","path":"/services/design-services/methodology-consulting-flow-deployment","step":"verify","ok":true}
{"t":"2026-09-10T14:08:59.352Z","path":"/services/design-services/soc-design-services","step":"verify","ok":true}
{"t":"2026-09-10T14:08:59.739Z","path":"/services/design-services","step":"verify","ok":true}
{"t":"2026-09-10T14:09:07.003Z","path":"/silicon-design","step":"verify","ok":false,"why":"about:error in delivered html"}
{"t":"2026-09-10T14:09:07.015Z","path":"/solutions/5g","step":"verify","ok":true}
{"t":"2026-09-10T14:09:07.799Z","path":"/solutions/aerospace-government/contact-us","step":"verify","ok":true}
{"t":"2026-09-10T14:09:10.130Z","path":"/solutions/aerospace-government","step":"verify","ok":true}
{"t":"2026-09-10T14:09:15.781Z","path":"/solutions/automotive/contact-us","step":"verify","ok":true}
{"t":"2026-09-10T14:09:15.781Z","path":"/solutions/automotive/customers","step":"verify","ok":true}
{"t":"2026-09-10T14:09:16.264Z","path":"/solutions/automotive/industry","step":"verify","ok":true}
{"t":"2026-09-10T14:09:16.485Z","path":"/solutions/automotive/functional-safety-and-security","step":"verify","ok":true}
{"t":"2026-09-10T14:09:23.661Z","path":"/solutions/automotive/safety-specification-format","step":"verify","ok":true}
{"t":"2026-09-10T14:09:25.732Z","path":"/solutions/automotive","step":"verify","ok":true}
{"t":"2026-09-10T14:09:26.451Z","path":"/solutions/automotive/safety-aware-solution","step":"verify","ok":true}
{"t":"2026-09-10T14:09:26.550Z","path":"/solutions/electronics-digital-twin","step":"verify","ok":true}
{"t":"2026-09-10T14:09:29.393Z","path":"/solutions/energy-efficient/low-power-design","step":"verify","ok":true}
{"t":"2026-09-10T14:09:31.826Z","path":"/solutions/energy-efficient","step":"verify","ok":true}
{"t":"2026-09-10T14:09:33.167Z","path":"/solutions/hpc-data-center","step":"verify","ok":true}
{"t":"2026-09-10T14:09:34.244Z","path":"/solutions/iot","step":"verify","ok":true}
{"t":"2026-09-10T14:09:37.300Z","path":"/solutions/medical","step":"verify","ok":true}
{"t":"2026-09-10T14:09:37.832Z","path":"/solutions/memory/dtco","step":"verify","ok":true}
{"t":"2026-09-10T14:09:40.130Z","path":"/solutions/memory/reliability","step":"verify","ok":true}
{"t":"2026-09-10T14:09:41.461Z","path":"/solutions/memory/shift-left","step":"verify","ok":true}
{"t":"2026-09-10T14:09:43.606Z","path":"/solutions/memory","step":"verify","ok":true}
{"t":"2026-09-10T14:09:45.046Z","path":"/solutions/multi-die-design/contact-us","step":"verify","ok":true}
{"t":"2026-09-10T14:09:46.946Z","path":"/solutions/multi-die-design/customer-success","step":"verify","ok":true}
{"t":"2026-09-10T14:09:47.407Z","path":"/solutions/multi-die-design/heterogeneous-integration","step":"verify","ok":true}
{"t":"2026-09-10T14:09:50.569Z","path":"/solutions/multi-die-design/resources","step":"verify","ok":true}
{"t":"2026-09-10T14:09:52.950Z","path":"/solutions/multi-die-design","step":"verify","ok":true}
{"t":"2026-09-10T14:09:53.805Z","path":"/solutions/multiphysics-fusion","step":"verify","ok":true}
{"t":"2026-09-10T14:09:54.956Z","path":"/solutions/rf-design","step":"verify","ok":true}
{"t":"2026-09-10T14:09:57.490Z","path":"/solutions/risc-v","step":"verify","ok":true}
{"t":"2026-09-10T14:10:00.407Z","path":"/solutions/silicon-lifecycle-management/data-highway/high-speed-access-and-test","step":"verify","ok":true}
{"t":"2026-09-10T14:10:01.279Z","path":"/solutions/silicon-lifecycle-management/avalon","step":"verify","ok":true}
{"t":"2026-09-10T14:10:02.633Z","path":"/solutions/silicon-lifecycle-management/data-highway/synopsys-ip-shs/shs-silicon-browser","step":"verify","ok":true}
{"t":"2026-09-10T14:10:03.659Z","path":"/solutions/silicon-lifecycle-management/data-highway/synopsys-ip-shs/shs-yield-accelerator","step":"verify","ok":true}
{"t":"2026-09-10T14:10:06.002Z","path":"/solutions/silicon-lifecycle-management/data-highway/synopsys-ip-shs","step":"verify","ok":true}
{"t":"2026-09-10T14:10:08.256Z","path":"/solutions/silicon-lifecycle-management/data-highway","step":"verify","ok":true}
{"t":"2026-09-10T14:10:08.966Z","path":"/solutions/silicon-lifecycle-management/environmental-monitors/slm-pvt-monitor-ip","step":"verify","ok":true}
{"t":"2026-09-10T14:10:09.633Z","path":"/solutions/silicon-lifecycle-management/environmental-monitors","step":"verify","ok":true}
{"t":"2026-09-10T14:10:11.600Z","path":"/solutions/silicon-lifecycle-management/functional-monitors/advanced-clock-generator-ip","step":"verify","ok":true}
{"t":"2026-09-10T14:10:13.265Z","path":"/solutions/silicon-lifecycle-management/functional-monitors","step":"verify","ok":true}
{"t":"2026-09-10T14:10:15.517Z","path":"/solutions/silicon-lifecycle-management/monitor-analytics","step":"verify","ok":true}
{"t":"2026-09-10T14:10:17.785Z","path":"/solutions/silicon-lifecycle-management/sdc-ras-video-panel","step":"verify","ok":true}
{"t":"2026-09-10T14:10:18.492Z","path":"/solutions/silicon-lifecycle-management/structural-monitors/path-margin-monitor-ip","step":"verify","ok":true}
{"t":"2026-09-10T14:10:19.093Z","path":"/solutions/silicon-lifecycle-management/structural-monitors/slm-ext-ram-ip","step":"verify","ok":true}
{"t":"2026-09-10T14:10:21.446Z","path":"/solutions/silicon-lifecycle-management/structural-monitors/slm-ucie-mtr-ip","step":"verify","ok":true}
{"t":"2026-09-10T14:10:23.753Z","path":"/solutions/silicon-lifecycle-management/yield-explorer","step":"verify","ok":true}
{"t":"2026-09-10T14:10:27.227Z","path":"/solutions/silicon-lifecycle-management","step":"verify","ok":true}
{"t":"2026-09-10T14:10:27.510Z","path":"/startup-innovation","step":"verify","ok":true}
{"t":"2026-09-10T14:10:28.847Z","path":"/solutions","step":"verify","ok":true}
{"t":"2026-09-10T14:10:30.255Z","path":"/success-stories/aaroh-labs-advanced-node-semiconductor-designs","step":"verify","ok":true}
{"t":"2026-09-10T14:10:32.405Z","path":"/success-stories/abr-tapes-out-processor-synopsys-cloud","step":"verify","ok":true}
{"t":"2026-09-10T14:10:35.749Z","path":"/success-stories/achronix-accelerates-chip-design-with-synopsys-cloud","step":"verify","ok":true}
{"t":"2026-09-10T14:10:36.520Z","path":"/success-stories/achronix-achieves-first-pass-silicon-success-for-high-performance-fpgas","step":"verify","ok":true}
{"t":"2026-09-10T14:10:37.844Z","path":"/success-stories/advantest-improves-semiconductor-yield-with-test-data-analytics","step":"verify","ok":true}
{"t":"2026-09-10T14:10:38.990Z","path":"/success-stories/arm-enabling-soc-visibility-for-secure-hardware","step":"verify","ok":true}
{"t":"2026-09-10T14:10:42.768Z","path":"/success-stories/astera-labs-accelerates-hpc-systems-time-to-market","step":"verify","ok":true}
{"t":"2026-09-10T14:10:43.941Z","path":"/success-stories/aws-leveraging-high-speed-interfaces-for-testing-monitoring","step":"verify","ok":true}
{"t":"2026-09-10T14:10:44.859Z","path":"/success-stories/calligotech-next-gen-computing-with-synopsys-design-flow","step":"verify","ok":true}
{"t":"2026-09-10T14:10:45.127Z","path":"/success-stories/carnegie-technologies-iot-security-for-asset-management","step":"verify","ok":true}
{"t":"2026-09-10T14:10:48.555Z","path":"/success-stories/cerebras-uses-in-chip-sensors-in-wse-2-chip","step":"verify","ok":true}
{"t":"2026-09-10T14:10:49.921Z","path":"/success-stories/cisco-enhances-asic-slm","step":"verify","ok":true}
{"t":"2026-09-10T14:10:50.294Z","path":"/success-stories/cisco-reduces-project-schedule-with-synopsys-cloud","step":"verify","ok":true}
{"t":"2026-09-10T14:10:51.734Z","path":"/success-stories/corehw-80ghz-mmwave-pll-with-synopsys-rfic-design-flow","step":"verify","ok":true}
{"t":"2026-09-10T14:10:54.213Z","path":"/success-stories/dreambig-semiconductors-tapeout-synopsys-3dic-compiler-cloud","step":"verify","ok":true}
{"t":"2026-09-10T14:10:56.333Z","path":"/success-stories/electronics-digital-twins-volvo-cars","step":"verify","ok":true}
{"t":"2026-09-10T14:10:56.681Z","path":"/success-stories/etched-ai-silicon-validation","step":"verify","ok":true}
{"t":"2026-09-10T14:10:57.423Z","path":"/success-stories/ferrari-cuts-powertrain-prototypes-by-40-percent-with-simulation","step":"verify","ok":true}
{"t":"2026-09-10T14:10:59.849Z","path":"/success-stories/flex-logix-enhancing-efpga-security","step":"verify","ok":true}
{"t":"2026-09-10T14:11:02.033Z","path":"/success-stories/fujitsu-next-gen-processor-fugakunext-supercomputer","step":"verify","ok":true}
{"t":"2026-09-10T14:11:03.818Z","path":"/success-stories/google-accelerates-advanced-soc-testing","step":"verify","ok":true}
{"t":"2026-09-10T14:11:04.365Z","path":"/success-stories/google-tensor-soc-validation","step":"verify","ok":true}
{"t":"2026-09-10T14:11:05.287Z","path":"/success-stories/gowin-securing-iot-with-fpga","step":"verify","ok":true}
{"t":"2026-09-10T14:11:07.978Z","path":"/success-stories/guc-accelerates-chip-design-with-floorplan-automation","step":"verify","ok":true}
{"t":"2026-09-10T14:11:10.394Z","path":"/success-stories/hcltech-speeds-asic-thermal-modeling-with-sentaurus","step":"verify","ok":true}
{"t":"2026-09-10T14:11:11.270Z","path":"/success-stories/hcltech-accelerating-silicon-success-with-synopsys-cloud-ip","step":"verify","ok":true}
{"t":"2026-09-10T14:11:12.178Z","path":"/success-stories/ibm-explores-alternative-interconnect-metals","step":"verify","ok":true}
{"t":"2026-09-10T14:11:14.077Z","path":"/success-stories/impar-leveraging-chip-design-verification-in-the-cloud","step":"verify","ok":true}
{"t":"2026-09-10T14:11:16.603Z","path":"/success-stories/infineon-drives-automotive-mcu-performance-with-synopsys","step":"verify","ok":true}
{"t":"2026-09-10T14:11:18.172Z","path":"/success-stories/intel-accelerates-x-propagation-debug-with-synopsys-verdi-xrca-technology","step":"verify","ok":true}
{"t":"2026-09-10T14:11:18.604Z","path":"/success-stories/intel-achieves-first-ucie-connected-chiplet-based-test-chip","step":"verify","ok":true}
{"t":"2026-09-10T14:11:19.400Z","path":"/success-stories/intel-replicates-real-world-vulnerability","step":"verify","ok":true}
{"t":"2026-09-10T14:11:22.735Z","path":"/success-stories/intel-self-timed-sram-timing-verification-nanotime","step":"verify","ok":true}
{"t":"2026-09-10T14:11:24.868Z","path":"/success-stories/intelliprop-meets-design-schedule-for-memory-controller","step":"verify","ok":true}
{"t":"2026-09-10T14:11:25.173Z","path":"/success-stories/intel-sepl","step":"verify","ok":true}
{"t":"2026-09-10T14:11:25.647Z","path":"/success-stories/iontra-accelerates-dev-synopsys-cloud-saas","step":"verify","ok":true}
{"t":"2026-09-10T14:11:28.723Z","path":"/success-stories/keysight-validates-pcie-6-0-specification","step":"verify","ok":true}
{"t":"2026-09-10T14:11:30.420Z","path":"/success-stories/lightelligence-revolutionizes-optical-soc-design","step":"verify","ok":true}
{"t":"2026-09-10T14:11:30.907Z","path":"/success-stories/m31-faster-characterization-synopsys-cloud-primelib","step":"verify","ok":true}
{"t":"2026-09-10T14:11:32.120Z","path":"/success-stories/marvell-gen-ai-formal-verification","step":"verify","ok":true}
{"t":"2026-09-10T14:11:34.891Z","path":"/success-stories/mediatek-2nm-sram-yield-hcva-primesim-xa","step":"verify","ok":true}
{"t":"2026-09-10T14:11:36.350Z","path":"/success-stories/metanoia-launches-5g-platform-flexeda-cloud-saas","step":"verify","ok":true}
{"t":"2026-09-10T14:11:36.940Z","path":"/success-stories/mentium-accelerates-ai-chip-tape-out-for-space-applications","step":"verify","ok":true}
{"t":"2026-09-10T14:11:38.341Z","path":"/success-stories/microsoft-uncovers-hidden-testbench-bugs","step":"verify","ok":true}
{"t":"2026-09-10T14:11:40.300Z","path":"/success-stories/multibeam-innovation-with-e-beam-lithography","step":"verify","ok":true}
{"t":"2026-09-10T14:11:41.939Z","path":"/success-stories/neureality-accelerating-ai-chip-tape-out-with-cloud-based-emulation","step":"verify","ok":true}
{"t":"2026-09-10T14:11:44.129Z","path":"/success-stories/neuchips-creates-ai-accelerator-chip-in-18-months","step":"verify","ok":true}
{"t":"2026-09-10T14:11:44.644Z","path":"/success-stories/neureality-ml-driven-simulation-faster-coverage-bug-detection","step":"verify","ok":true}
{"t":"2026-09-10T14:11:46.515Z","path":"/success-stories/novatek-achieves-first-pass-silicon-success-for-mobile-display-soc","step":"verify","ok":true}
{"t":"2026-09-10T14:11:48.239Z","path":"/success-stories/nxp-accelerates-automotive-software-and-processor-design","step":"verify","ok":true}
{"t":"2026-09-10T14:11:50.010Z","path":"/success-stories/orbbec-achieves-first-pass-silicon-success-for-3d-camera","step":"verify","ok":true}
{"t":"2026-09-10T14:11:50.476Z","path":"/success-stories/parade-technologies-tapes-out-usb4-retimer-dut-with-synopsys","step":"verify","ok":true}
{"t":"2026-09-10T14:11:51.965Z","path":"/success-stories/rain-ai-low-power-ai-accelerator-chip-synopsys-cloud","step":"verify","ok":true}
{"t":"2026-09-10T14:11:54.486Z","path":"/success-stories/rebellions-transforms-energy-efficient-ai-computing","step":"verify","ok":true}
{"t":"2026-09-10T14:11:56.473Z","path":"/success-stories/samsung-foundry-achieves-accelerated-multi-die-system-design","step":"verify","ok":true}
{"t":"2026-09-10T14:11:56.912Z","path":"/success-stories/sima-ai-enables-edge-machine-learning-applications","step":"verify","ok":true}
{"t":"2026-09-10T14:11:58.414Z","path":"/success-stories/sophic-silicon-accelerates-wireless-soc-innovation","step":"verify","ok":true}
{"t":"2026-09-10T14:12:00.683Z","path":"/success-stories/stmicroelectronics-power-aware-clock-domain-crossing","step":"verify","ok":true}
{"t":"2026-09-10T14:12:01.509Z","path":"/success-stories/synaptics-arc-hs58x3-migration-with-synopsys-qik-and-dso-ai","step":"verify","ok":true}
{"t":"2026-09-10T14:12:02.815Z","path":"/success-stories/tetramem-develops-novel-ai-accelerator-soc","step":"verify","ok":true}
{"t":"2026-09-10T14:12:04.518Z","path":"/success-stories/weeteq-tapes-out-ai","step":"verify","ok":true}
{"t":"2026-09-10T14:12:06.560Z","path":"/success-stories/xconn-achieves-first-pass-silicon-success-for-cxl-switch-soc","step":"verify","ok":true}
{"t":"2026-09-10T14:12:07.106Z","path":"/support/global-support-centers","step":"verify","ok":true}
{"t":"2026-09-10T14:12:08.932Z","path":"/support/licensing-installation-computeplatforms/ansys-scbu-migration","step":"verify","ok":true}
{"t":"2026-09-10T14:12:10.954Z","path":"/support/licensing-installation-computeplatforms/ansys","step":"verify","ok":true}
{"t":"2026-09-10T14:12:12.468Z","path":"/support/licensing-installation-computeplatforms/compute-platforms/compute-platforms-roadmap","step":"verify","ok":true}
{"t":"2026-09-10T14:12:13.353Z","path":"/support/licensing-installation-computeplatforms/compute-platforms/containers","step":"verify","ok":true}
{"t":"2026-09-10T14:12:14.473Z","path":"/support/licensing-installation-computeplatforms/compute-platforms/platform-notice/2004-red-hat-linux-versions","step":"verify","ok":true}
{"t":"2026-09-10T14:12:15.985Z","path":"/support/licensing-installation-computeplatforms/compute-platforms/platform-notice/2005-hp-ux-platform-end-of-life","step":"verify","ok":true}
{"t":"2026-09-10T14:12:17.749Z","path":"/support/licensing-installation-computeplatforms/compute-platforms/platform-notice/2005-qsc-solaris-aix-baseline-changes","step":"verify","ok":true}
{"t":"2026-09-10T14:12:19.807Z","path":"/support/licensing-installation-computeplatforms/compute-platforms/platform-notice/2005-tcad-products-notice","step":"verify","ok":true}
{"t":"2026-09-10T14:12:20.211Z","path":"/support/licensing-installation-computeplatforms/compute-platforms/platform-notice/2006-ic-workbench-ev-on-hp-ux","step":"verify","ok":true}
{"t":"2026-09-10T14:12:21.474Z","path":"/support/licensing-installation-computeplatforms/compute-platforms/platform-notice/2006-os-platform-end-of-life-itanium-processor","step":"verify","ok":true}
{"t":"2026-09-10T14:12:23.760Z","path":"/support/licensing-installation-computeplatforms/compute-platforms/platform-notice/2006-proteus-products-on-hp-ux-or-red-hat-linux","step":"verify","ok":true}
{"t":"2026-09-10T14:12:24.929Z","path":"/support/licensing-installation-computeplatforms/compute-platforms/platform-notice/2007-a-foundation-red-hat-enterprise-linux-baseline-changes","step":"verify","ok":true}
{"t":"2026-09-10T14:12:25.954Z","path":"/support/licensing-installation-computeplatforms/compute-platforms/platform-notice/2007-ic-workbench-product-on-the-sun-sparc-solaris-platform","step":"verify","ok":true}
{"t":"2026-09-10T14:12:27.222Z","path":"/support/licensing-installation-computeplatforms/compute-platforms/platform-notice/2007-proteus-products-on-the-ia-64","step":"verify","ok":true}
{"t":"2026-09-10T14:12:29.089Z","path":"/support/licensing-installation-computeplatforms/compute-platforms/platform-notice/2007-proteus-products-on-the-sun-sparc-solaris-platform","step":"verify","ok":true}
{"t":"2026-09-10T14:12:30.308Z","path":"/support/licensing-installation-computeplatforms/compute-platforms/platform-notice/2007-proteus-sun-sparc-solaris-platform","step":"verify","ok":true}
{"t":"2026-09-10T14:12:31.300Z","path":"/support/licensing-installation-computeplatforms/compute-platforms/platform-notice/2007-sivl-products-on-the-ia-64-itanium-platform","step":"verify","ok":true}
{"t":"2026-09-10T14:12:32.208Z","path":"/support/licensing-installation-computeplatforms/compute-platforms/platform-notice/2008-sivl-sun-sparc-solaris","step":"verify","ok":true}
{"t":"2026-09-10T14:12:34.517Z","path":"/support/licensing-installation-computeplatforms/compute-platforms/platform-notice/2008-sparc-solaris-schedule-change","step":"verify","ok":true}
{"t":"2026-09-10T14:12:35.575Z","path":"/support/licensing-installation-computeplatforms/compute-platforms/platform-notice/2008-tcad-sentaurus","step":"verify","ok":true}
{"t":"2026-09-10T14:12:36.422Z","path":"/support/licensing-installation-computeplatforms/compute-platforms/platform-notice/2009-tcad-product-letter","step":"verify","ok":true}
{"t":"2026-09-10T14:12:38.119Z","path":"/support/licensing-installation-computeplatforms/compute-platforms/platform-notice/2011-microsoft-windows-support-changes","step":"verify","ok":true}
{"t":"2026-09-10T14:12:40.109Z","path":"/support/licensing-installation-computeplatforms/compute-platforms/platform-notice/2011-sparc-solaris-support-changes","step":"verify","ok":true}
{"t":"2026-09-10T14:12:41.069Z","path":"/support/licensing-installation-computeplatforms/compute-platforms/platform-notice/2011-stl-port","step":"verify","ok":true}
{"t":"2026-09-10T14:12:42.582Z","path":"/support/licensing-installation-computeplatforms/compute-platforms/platform-notice/2012-i-foundation-red-hat-enterprise-linux-baseline-changes","step":"verify","ok":true}
{"t":"2026-09-10T14:12:43.776Z","path":"/support/licensing-installation-computeplatforms/compute-platforms/platform-notice/2015-end-of-support-for-synopsys-license-server-on-sparc-olaris","step":"verify","ok":true}
{"t":"2026-09-10T14:12:45.998Z","path":"/support/licensing-installation-computeplatforms/compute-platforms/platform-notice/2015-k-foundation-solaris-sparc-support-end-of-life","step":"verify","ok":true}
{"t":"2026-09-10T14:12:47.510Z","path":"/support/licensing-installation-computeplatforms/compute-platforms/platform-notice/2015-platform-name-change-for-red-hat-enterprise-linux","step":"verify","ok":true}
{"t":"2026-09-10T14:12:48.850Z","path":"/support/licensing-installation-computeplatforms/compute-platforms/platform-notice/2015-suse-port-moving-linux-executable","step":"verify","ok":true}
{"t":"2026-09-10T14:12:49.561Z","path":"/support/licensing-installation-computeplatforms/compute-platforms/platform-notice/2016-m-foundation-red-hat-enterprise-linux","step":"verify","ok":true}
{"t":"2026-09-10T14:12:51.993Z","path":"/support/licensing-installation-computeplatforms/compute-platforms/platform-notice/2017-o-foundation-suse-linux-and-windows-support-changes","step":"verify","ok":true}
{"t":"2026-09-10T14:12:52.779Z","path":"/support/licensing-installation-computeplatforms/compute-platforms/platform-notice/2018-o-foundation-centos-support-changes","step":"verify","ok":true}
{"t":"2026-09-10T14:12:54.386Z","path":"/support/licensing-installation-computeplatforms/compute-platforms/platform-notice/2020-s-foundation-centos-and-rhel-support-changes","step":"verify","ok":true}
{"t":"2026-09-10T14:12:55.247Z","path":"/support/licensing-installation-computeplatforms/compute-platforms/platform-notice/2020-s-foundation-sles-and-win-support-changes","step":"verify","ok":true}
{"t":"2026-09-10T14:12:57.550Z","path":"/support/licensing-installation-computeplatforms/compute-platforms/platform-notice/2021-t-foundation-centos-support-changes","step":"verify","ok":true}
{"t":"2026-09-10T14:12:57.969Z","path":"/support/licensing-installation-computeplatforms/compute-platforms/platform-notice/2022-v-foundation-sles-support-changes","step":"verify","ok":true}
{"t":"2026-09-10T14:12:59.901Z","path":"/support/licensing-installation-computeplatforms/compute-platforms/platform-notice/2023-w-foundation-win-support-changes","step":"verify","ok":true}
{"t":"2026-09-10T14:13:01.165Z","path":"/support/licensing-installation-computeplatforms/compute-platforms/platform-notice/2025-y-foundation-centos-support-changes","step":"verify","ok":true}
{"t":"2026-09-10T14:13:02.767Z","path":"/support/licensing-installation-computeplatforms/compute-platforms/platform-notice/2025-y-foundation-sles-and-win-support-changes","step":"verify","ok":true}
{"t":"2026-09-10T14:13:03.568Z","path":"/support/licensing-installation-computeplatforms/compute-platforms/platform-notice","step":"verify","ok":true}
{"t":"2026-09-10T14:13:05.240Z","path":"/support/licensing-installation-computeplatforms/compute-platforms/release-specific-support/supported-a-foundation","step":"verify","ok":true}
{"t":"2026-09-10T14:13:07.022Z","path":"/support/licensing-installation-computeplatforms/compute-platforms/release-specific-support/supported-j-foundation","step":"verify","ok":true}
{"t":"2026-09-10T14:13:09.033Z","path":"/support/licensing-installation-computeplatforms/compute-platforms/release-specific-support/supported-m-foundation","step":"verify","ok":true}
{"t":"2026-09-10T14:13:09.606Z","path":"/support/licensing-installation-computeplatforms/compute-platforms/release-specific-support/supported-n-foundation","step":"verify","ok":true}
{"t":"2026-09-10T14:13:11.829Z","path":"/support/licensing-installation-computeplatforms/compute-platforms/release-specific-support/supported-o-foundation","step":"verify","ok":true}
{"t":"2026-09-10T14:13:12.579Z","path":"/support/licensing-installation-computeplatforms/compute-platforms/release-specific-support/supported-p-foundation","step":"verify","ok":true}
{"t":"2026-09-10T14:13:14.500Z","path":"/support/licensing-installation-computeplatforms/compute-platforms/release-specific-support/supported-q-foundation","step":"verify","ok":true}
{"t":"2026-09-10T14:13:14.793Z","path":"/support/licensing-installation-computeplatforms/compute-platforms/release-specific-support/supported-r-foundation","step":"verify","ok":true}
{"t":"2026-09-10T14:13:17.184Z","path":"/support/licensing-installation-computeplatforms/compute-platforms/release-specific-support/supported-s-foundation","step":"verify","ok":true}
{"t":"2026-09-10T14:13:18.037Z","path":"/support/licensing-installation-computeplatforms/compute-platforms/release-specific-support/supported-t-foundation","step":"verify","ok":true}
{"t":"2026-09-10T14:13:20.554Z","path":"/support/licensing-installation-computeplatforms/compute-platforms/release-specific-support/supported-v-foundation","step":"verify","ok":true}
{"t":"2026-09-10T14:13:21.083Z","path":"/support/licensing-installation-computeplatforms/compute-platforms/release-specific-support/supported-u-foundation","step":"verify","ok":true}
{"t":"2026-09-10T14:13:22.901Z","path":"/support/licensing-installation-computeplatforms/compute-platforms/release-specific-support/supported-w-foundation","step":"verify","ok":true}
{"t":"2026-09-10T14:13:24.073Z","path":"/support/licensing-installation-computeplatforms/compute-platforms/release-specific-support/supported-x-foundation","step":"verify","ok":true}
{"t":"2026-09-10T14:13:26.409Z","path":"/support/licensing-installation-computeplatforms/compute-platforms/release-specific-support/supported-y-foundation","step":"verify","ok":true}
{"t":"2026-09-10T14:13:26.737Z","path":"/support/licensing-installation-computeplatforms/compute-platforms/release-specific-support/supported-z-foundation","step":"verify","ok":true}
{"t":"2026-09-10T14:13:28.666Z","path":"/support/licensing-installation-computeplatforms/compute-platforms/release-specific-support/synopsys-k-foundation","step":"verify","ok":true}
{"t":"2026-09-10T14:13:29.727Z","path":"/support/licensing-installation-computeplatforms/compute-platforms/release-specific-support/synopsys-l-foundation","step":"verify","ok":true}
{"t":"2026-09-10T14:13:31.543Z","path":"/support/licensing-installation-computeplatforms/compute-platforms","step":"verify","ok":true}
{"t":"2026-09-10T14:13:32.087Z","path":"/support/licensing-installation-computeplatforms/compute-platforms/release-specific-support","step":"verify","ok":true}
{"t":"2026-09-10T14:13:34.098Z","path":"/support/licensing-installation-computeplatforms/css","step":"verify","ok":true}
{"t":"2026-09-10T14:13:35.212Z","path":"/support/licensing-installation-computeplatforms/installation/archived-installation-guides","step":"verify","ok":true}
{"t":"2026-09-10T14:13:37.255Z","path":"/support/licensing-installation-computeplatforms/installation","step":"verify","ok":true}
{"t":"2026-09-10T14:13:37.928Z","path":"/support/licensing-installation-computeplatforms/installation/installation-guide-products-not-found","step":"verify","ok":true}
{"t":"2026-09-10T14:13:39.199Z","path":"/support/licensing-installation-computeplatforms/licensing/daemons","step":"verify","ok":true}
{"t":"2026-09-10T14:13:40.170Z","path":"/support/licensing-installation-computeplatforms/licensing/determining-the-correct-flexnet-hostid","step":"verify","ok":true}
{"t":"2026-09-10T14:13:42.455Z","path":"/support/licensing-installation-computeplatforms/licensing/dongle-orders","step":"verify","ok":true}
{"t":"2026-09-10T14:13:43.355Z","path":"/support/licensing-installation-computeplatforms/licensing/dongle","step":"verify","ok":true}
{"t":"2026-09-10T14:13:43.993Z","path":"/support/licensing-installation-computeplatforms/licensing/legacy-tool-support","step":"verify","ok":true}
{"t":"2026-09-10T14:13:44.856Z","path":"/support/licensing-installation-computeplatforms/licensing/magma-tools","step":"verify","ok":true}
{"t":"2026-09-10T14:13:47.515Z","path":"/support/licensing-installation-computeplatforms/licensing/perfect-vips-tools","step":"verify","ok":true}
{"t":"2026-09-10T14:13:48.372Z","path":"/support/licensing-installation-computeplatforms/licensing/scl-supported-os","step":"verify","ok":true}
{"t":"2026-09-10T14:13:49.548Z","path":"/support/licensing-installation-computeplatforms/licensing/springsoft-tools","step":"verify","ok":true}
{"t":"2026-09-10T14:13:50.075Z","path":"/support/licensing-installation-computeplatforms/licensing/synplicity-users","step":"verify","ok":true}
{"t":"2026-09-10T14:13:52.564Z","path":"/support/licensing-installation-computeplatforms/licensing/target-compiler-migration","step":"verify","ok":true}
{"t":"2026-09-10T14:13:53.333Z","path":"/support/licensing-installation-computeplatforms/licensing/trl","step":"verify","ok":true}
{"t":"2026-09-10T14:13:54.958Z","path":"/support/licensing-installation-computeplatforms/licensing/zebu-and-knights-tools-migrating","step":"verify","ok":true}
{"t":"2026-09-10T14:13:56.064Z","path":"/support/licensing-installation-computeplatforms/licensing","step":"verify","ok":true}
{"t":"2026-09-10T14:13:58.531Z","path":"/support/licensing-installation-computeplatforms/synopsys-documentation","step":"verify","ok":true}
{"t":"2026-09-10T14:14:00.324Z","path":"/support/software-transfer-wget-guide","step":"verify","ok":true}
{"t":"2026-09-10T14:14:01.001Z","path":"/support/licensing-installation-computeplatforms","step":"verify","ok":true}
{"t":"2026-09-10T14:14:01.772Z","path":"/support/training/badging-certification","step":"verify","ok":true}
{"t":"2026-09-10T14:14:04.169Z","path":"/support/training/locations/locations-mtview","step":"verify","ok":true}
{"t":"2026-09-10T14:14:06.651Z","path":"/support/training/purple-certification","step":"verify","ok":true}
{"t":"2026-09-10T14:14:07.131Z","path":"/support/training/self-paced","step":"verify","ok":true}
{"t":"2026-09-10T14:14:07.874Z","path":"/support/training","step":"verify","ok":true}
{"t":"2026-09-10T14:14:09.427Z","path":"/support/wget-installation-guide","step":"verify","ok":true}
{"t":"2026-09-10T14:14:12.789Z","path":"/support","step":"verify","ok":true}
{"t":"2026-09-10T14:14:14.445Z","path":"/synopsys-ansys-united","step":"verify","ok":true}
{"t":"2026-09-10T14:14:14.803Z","path":"/systems","step":"verify","ok":true}
{"t":"2026-09-10T14:14:16.045Z","path":"/verification/debug/verdi-hw-sw-debug","step":"verify","ok":true}
{"t":"2026-09-10T14:14:18.810Z","path":"/verification/debug/verdi-upf-architect","step":"verify","ok":true}
{"t":"2026-09-10T14:14:21.245Z","path":"/verification/debug/verdi-vms","step":"verify","ok":true}
{"t":"2026-09-10T14:14:22.515Z","path":"/verification/debug/verdi","step":"verify","ok":true}
{"t":"2026-09-10T14:14:23.133Z","path":"/verification/debug","step":"verify","ok":true}
{"t":"2026-09-10T14:14:23.634Z","path":"/verification/emulation-prototyping/contact-us","step":"verify","ok":true}
{"t":"2026-09-10T14:14:28.502Z","path":"/verification/emulation-prototyping/emulation/zebu-200","step":"verify","ok":true}
{"t":"2026-09-10T14:14:31.027Z","path":"/verification/emulation-prototyping/emulation/zebu-empower","step":"verify","ok":true}
{"t":"2026-09-10T14:14:32.086Z","path":"/verification/emulation-prototyping/emulation/zebu-ep","step":"verify","ok":true}
{"t":"2026-09-10T14:14:32.236Z","path":"/verification/emulation-prototyping/emulation/zebu-cloud-solution","step":"verify","ok":true}
{"t":"2026-09-10T14:14:37.557Z","path":"/verification/emulation-prototyping/emulation/zebu-server","step":"verify","ok":true}
{"t":"2026-09-10T14:14:39.940Z","path":"/verification/emulation-prototyping/prototyping/haps-100","step":"verify","ok":true}
{"t":"2026-09-10T14:14:40.014Z","path":"/verification/emulation-prototyping/emulation","step":"verify","ok":true}
{"t":"2026-09-10T14:14:40.242Z","path":"/verification/emulation-prototyping/hav-interface-solutions","step":"verify","ok":true}
{"t":"2026-09-10T14:14:44.333Z","path":"/verification/emulation-prototyping/prototyping/haps-200","step":"verify","ok":true}
{"t":"2026-09-10T14:14:45.995Z","path":"/verification/fpga-simulation/fpga-simulator","step":"verify","ok":true}
{"t":"2026-09-10T14:14:47.313Z","path":"/verification/emulation-prototyping/prototyping","step":"verify","ok":true}
{"t":"2026-09-10T14:14:47.457Z","path":"/verification/emulation-prototyping","step":"verify","ok":true}
{"t":"2026-09-10T14:14:51.977Z","path":"/verification/fpga-simulation","step":"verify","ok":true}
{"t":"2026-09-10T14:14:53.140Z","path":"/verification/hardware-assisted-test-solutions","step":"verify","ok":true}
{"t":"2026-09-10T14:14:53.634Z","path":"/verification/ide/euclide","step":"verify","ok":true}
{"t":"2026-09-10T14:14:54.207Z","path":"/verification/ide","step":"verify","ok":true}
{"t":"2026-09-10T14:14:59.518Z","path":"/verification/imperasdv","step":"verify","ok":true}
{"t":"2026-09-10T14:15:00.131Z","path":"/verification/resources/datasheets/platform-architect-multi-die","step":"verify","ok":true}
{"t":"2026-09-10T14:15:00.371Z","path":"/verification/resources/datasheets/haps-200","step":"verify","ok":true}
{"t":"2026-09-10T14:15:01.180Z","path":"/verification/resources/datasheets/timing-constraints-manager","step":"verify","ok":true}
{"t":"2026-09-10T14:15:05.484Z","path":"/verification/resources/datasheets/vc-spyglass-idc","step":"verify","ok":true}
{"t":"2026-09-10T14:15:05.859Z","path":"/verification/resources/datasheets/vc-formal","step":"verify","ok":true}
{"t":"2026-09-10T14:15:06.251Z","path":"/verification/resources/datasheets/vcs-industrysngqs-highest-performance-simulation-solution","step":"verify","ok":true}
{"t":"2026-09-10T14:15:09.375Z","path":"/verification/resources/datasheets/zebu-200","step":"verify","ok":true}
{"t":"2026-09-10T14:15:12.570Z","path":"/verification/resources/datasheets/zebu-ep","step":"verify","ok":true}
{"t":"2026-09-10T14:15:13.100Z","path":"/verification/resources/whitepapers/10x-cdc-debug-ml","step":"verify","ok":true}
{"t":"2026-09-10T14:15:13.944Z","path":"/verification/resources/datasheets/zebu-server-5","step":"verify","ok":true}
{"t":"2026-09-10T14:15:14.630Z","path":"/verification/resources/whitepapers/accelerate-test-regressions-vip","step":"verify","ok":true}
{"t":"2026-09-10T14:15:18.155Z","path":"/verification/resources/whitepapers/benchmark-before-you-build","step":"verify","ok":true}
{"t":"2026-09-10T14:15:19.639Z","path":"/verification/resources/whitepapers/better-faster-more-efficient-verification-with-ai","step":"verify","ok":true}
{"t":"2026-09-10T14:15:20.799Z","path":"/verification/resources/whitepapers/enabling-high-quality-risc-v-processor-models","step":"verify","ok":true}
{"t":"2026-09-10T14:15:21.630Z","path":"/verification/resources/whitepapers/coverage-metrics-formal-unr-wp","step":"verify","ok":true}
{"t":"2026-09-10T14:15:23.293Z","path":"/verification/resources/whitepapers/fmeda-powered-safety-verification","step":"verify","ok":true}
{"t":"2026-09-10T14:15:27.212Z","path":"/verification/resources/whitepapers/formal-signoff-methodology","step":"verify","ok":true}
{"t":"2026-09-10T14:15:30.961Z","path":"/verification/resources/whitepapers/functional-safety-fault-simulation-wp","step":"verify","ok":true}
{"t":"2026-09-10T14:15:33.267Z","path":"/verification/resources/whitepapers/multi-die-early-architecture-wp","step":"verify","ok":true}
{"t":"2026-09-10T14:15:33.277Z","path":"/verification/resources/whitepapers/machine-learning-to-automate-debug","step":"verify","ok":true}
{"t":"2026-09-10T14:15:42.168Z","path":"/verification/resources/whitepapers/reduce-sim-reg-dpo","step":"verify","ok":true}
{"t":"2026-09-10T14:15:43.410Z","path":"/verification/resources/whitepapers/scaling-modern-complexity-hav-wp","step":"verify","ok":true}
{"t":"2026-09-10T14:15:43.420Z","path":"/verification/resources/whitepapers/tcm-sdc-mgmt-wp","step":"verify","ok":true}
{"t":"2026-09-10T14:15:44.546Z","path":"/verification/resources/whitepapers/timing-constraints-manager","step":"verify","ok":true}
{"t":"2026-09-10T14:15:52.500Z","path":"/verification/resources/whitepapers/vc-spyglass-integrated-solution","step":"verify","ok":true}
{"t":"2026-09-10T14:15:52.517Z","path":"/verification/resources/whitepapers/vc-spyglass-connectivity-linting","step":"verify","ok":true}
{"t":"2026-09-10T14:15:52.520Z","path":"/verification/resources/whitepapers/vcs-t-prop-wp","step":"verify","ok":true}
{"t":"2026-09-10T14:15:53.059Z","path":"/verification/resources/whitepapers/verification-low-power","step":"verify","ok":true}
{"t":"2026-09-10T14:15:59.682Z","path":"/verification/resources/whitepapers/virtual-ecu-wp","step":"verify","ok":true}
{"t":"2026-09-10T14:16:00.354Z","path":"/verification/resources/whitepapers/virtual-prototyping-regression-wp","step":"verify","ok":true}
{"t":"2026-09-10T14:16:00.687Z","path":"/verification/resources/whitepapers/vso-ai-wp","step":"verify","ok":true}
{"t":"2026-09-10T14:16:01.664Z","path":"/verification/resources/whitepapers/virtualizer-native-execution-accelerates-sw-defined-product-development-for-arm-solutions-wp","step":"verify","ok":true}
{"t":"2026-09-10T14:16:10.103Z","path":"/verification/resources","step":"verify","ok":false,"why":"about:error in delivered html"}
{"t":"2026-09-10T14:16:11.201Z","path":"/verification/services-costart","step":"verify","ok":true}
{"t":"2026-09-10T14:16:12.182Z","path":"/verification/simulation/vc-z01x","step":"verify","ok":true}
{"t":"2026-09-10T14:16:12.267Z","path":"/verification/simulation/testbench-quality-assurance","step":"verify","ok":true}
{"t":"2026-09-10T14:16:17.884Z","path":"/verification/simulation/vcreplay","step":"verify","ok":true}
{"t":"2026-09-10T14:16:19.597Z","path":"/verification/simulation/vcs/vcs-matlab","step":"verify","ok":true}
{"t":"2026-09-10T14:16:20.184Z","path":"/verification/simulation/vcs","step":"verify","ok":true}
{"t":"2026-09-10T14:16:20.867Z","path":"/verification/simulation/z01x-functional-safety","step":"verify","ok":true}
{"t":"2026-09-10T14:16:27.119Z","path":"/verification/soc-verification-automation/vc-autotestbench","step":"verify","ok":true}
{"t":"2026-09-10T14:16:27.298Z","path":"/verification/simulation","step":"verify","ok":true}
{"t":"2026-09-10T14:16:27.651Z","path":"/verification/soc-verification-automation/vc-portable-stimulus","step":"verify","ok":true}
{"t":"2026-09-10T14:16:28.875Z","path":"/verification/soc-verification-automation","step":"verify","ok":true}
{"t":"2026-09-10T14:16:34.564Z","path":"/verification/solutions/networking","step":"verify","ok":true}
{"t":"2026-09-10T14:16:34.954Z","path":"/verification/solutions/low-power/power-aware-prototyping","step":"verify","ok":true}
{"t":"2026-09-10T14:16:35.461Z","path":"/verification/solutions/low-power","step":"verify","ok":true}
{"t":"2026-09-10T14:16:36.236Z","path":"/verification/solutions","step":"verify","ok":true}
{"t":"2026-09-10T14:16:41.275Z","path":"/verification/static-and-formal-verification/spyglass/spyglass-fpga","step":"verify","ok":true}
{"t":"2026-09-10T14:16:41.825Z","path":"/verification/static-and-formal-verification/spyglass/spyglass-power","step":"verify","ok":true}
{"t":"2026-09-10T14:16:42.005Z","path":"/verification/static-and-formal-verification/spyglass/spyglass-constraints","step":"verify","ok":true}
{"t":"2026-09-10T14:16:42.813Z","path":"/verification/static-and-formal-verification/spyglass","step":"verify","ok":true}
{"t":"2026-09-10T14:16:48.573Z","path":"/verification/static-and-formal-verification/vc-formal/vc-formal-datapath-validation","step":"verify","ok":true}
{"t":"2026-09-10T14:16:48.880Z","path":"/verification/static-and-formal-verification/vc-formal","step":"verify","ok":true}
{"t":"2026-09-10T14:16:49.135Z","path":"/verification/static-and-formal-verification/vc-formal/vc-formal-training-videos","step":"verify","ok":true}
{"t":"2026-09-10T14:16:49.338Z","path":"/verification/static-and-formal-verification/timing-constraints-manager","step":"verify","ok":true}
{"t":"2026-09-10T14:16:55.058Z","path":"/verification/static-and-formal-verification/vc-spyglass/vc-spyglass-cdc","step":"verify","ok":true}
{"t":"2026-09-10T14:16:55.327Z","path":"/verification/static-and-formal-verification/vc-lp","step":"verify","ok":true}
{"t":"2026-09-10T14:16:55.392Z","path":"/verification/static-and-formal-verification/vc-spyglass/vc-spyglass-idc","step":"verify","ok":true}
{"t":"2026-09-10T14:16:57.085Z","path":"/verification/static-and-formal-verification/vc-spyglass/vc-spyglass-fault-analysis","step":"verify","ok":true}
{"t":"2026-09-10T14:17:00.953Z","path":"/verification/static-and-formal-verification/vc-spyglass/vc-spyglass-rdc","step":"verify","ok":true}
{"t":"2026-09-10T14:17:01.791Z","path":"/verification/static-and-formal-verification/vc-spyglass","step":"verify","ok":true}
{"t":"2026-09-10T14:17:02.082Z","path":"/verification/static-and-formal-verification/vc-spyglass/vc-spyglass-lint","step":"verify","ok":true}
{"t":"2026-09-10T14:17:02.858Z","path":"/verification/static-and-formal-verification","step":"verify","ok":true}
{"t":"2026-09-10T14:17:06.369Z","path":"/verification/sting","step":"verify","ok":true}
{"t":"2026-09-10T14:17:08.010Z","path":"/verification/vc-formal-services","step":"verify","ok":true}
{"t":"2026-09-10T14:17:08.347Z","path":"/verification/vc-functional-safety-manager","step":"verify","ok":true}
{"t":"2026-09-10T14:17:09.791Z","path":"/verification/verification-ip/amba/amba-ace","step":"verify","ok":true}
{"t":"2026-09-10T14:17:11.552Z","path":"/verification/verification-ip/amba/amba-axi","step":"verify","ok":true}
{"t":"2026-09-10T14:17:13.904Z","path":"/verification/verification-ip/amba/axi-test-suites","step":"verify","ok":true}
{"t":"2026-09-10T14:17:15.746Z","path":"/verification/verification-ip/amba/amba-chi","step":"verify","ok":true}
{"t":"2026-09-10T14:17:16.916Z","path":"/verification/verification-ip/amba","step":"verify","ok":true}
{"t":"2026-09-10T14:17:18.233Z","path":"/verification/verification-ip/bus-interface/fibre-channel","step":"verify","ok":true}
{"t":"2026-09-10T14:17:20.782Z","path":"/verification/verification-ip/ethernet/uec","step":"verify","ok":true}
{"t":"2026-09-10T14:17:23.798Z","path":"/verification/verification-ip/memory/emmc-verification-ip","step":"verify","ok":true}
{"t":"2026-09-10T14:17:25.290Z","path":"/verification/verification-ip/ethernet","step":"verify","ok":true}
{"t":"2026-09-10T14:17:27.689Z","path":"/verification/verification-ip/memory/gddr6","step":"verify","ok":true}
{"t":"2026-09-10T14:17:28.475Z","path":"/verification/verification-ip/memory/hbm-verificationip","step":"verify","ok":true}
{"t":"2026-09-10T14:17:37.293Z","path":"/verification/verification-ip/memory/hmc-verification-ip","step":"verify","ok":true}
{"t":"2026-09-10T14:17:39.463Z","path":"/verification/verification-ip/memory/ip-lpddr","step":"verify","ok":true}
{"t":"2026-09-10T14:17:40.571Z","path":"/verification/verification-ip/memory","step":"verify","ok":true}
{"t":"2026-09-10T14:17:40.878Z","path":"/verification/verification-ip/memory/nvdimm-p","step":"verify","ok":true}
{"t":"2026-09-10T14:17:46.635Z","path":"/verification/verification-ip/mipi/soundwire","step":"verify","ok":true}
{"t":"2026-09-10T14:17:47.543Z","path":"/verification/verification-ip/mipi","step":"verify","ok":true}
{"t":"2026-09-10T14:17:48.387Z","path":"/verification/verification-ip/mipi/ufs","step":"verify","ok":true}
{"t":"2026-09-10T14:17:48.529Z","path":"/verification/verification-ip/pcie","step":"verify","ok":true}
{"t":"2026-09-10T14:17:53.828Z","path":"/verification/verification-ip/subsystems/compute-express-link","step":"verify","ok":true}
{"t":"2026-09-10T14:17:54.764Z","path":"/verification/verification-ip/ualink","step":"verify","ok":true}
{"t":"2026-09-10T14:17:55.361Z","path":"/verification/verification-ip/subsystems/usb-type-c-subsystem","step":"verify","ok":true}
{"t":"2026-09-10T14:17:56.015Z","path":"/verification/verification-ip/subsystems/vc-verification-ip-for-ucie","step":"verify","ok":true}
{"t":"2026-09-10T14:18:02.137Z","path":"/verification/verification-ip","step":"verify","ok":true}
{"t":"2026-09-10T14:18:02.442Z","path":"/verification/virtual-prototyping/atef/book-a-meeting","step":"verify","ok":true}
{"t":"2026-09-10T14:18:02.441Z","path":"/verification/virtual-prototyping/atef/contact-us","step":"verify","ok":true}
{"t":"2026-09-10T14:18:03.469Z","path":"/verification/virtual-prototyping/auto-vdk","step":"verify","ok":true}
{"t":"2026-09-10T14:18:10.104Z","path":"/verification/virtual-prototyping/automotive-ecosystem-collaboration","step":"verify","ok":true}
{"t":"2026-09-10T14:18:10.250Z","path":"/verification/virtual-prototyping/platform-architect-models","step":"verify","ok":true}
{"t":"2026-09-10T14:18:10.440Z","path":"/verification/virtual-prototyping/contact-us","step":"verify","ok":true}
{"t":"2026-09-10T14:18:11.740Z","path":"/verification/virtual-prototyping/platform-architect-multi-die","step":"verify","ok":true}
{"t":"2026-09-10T14:18:17.955Z","path":"/verification/virtual-prototyping/platform-architect","step":"verify","ok":true}
{"t":"2026-09-10T14:18:18.110Z","path":"/verification/virtual-prototyping/references","step":"verify","ok":true}
{"t":"2026-09-10T14:18:18.556Z","path":"/verification/virtual-prototyping/sil-kit","step":"verify","ok":true}
{"t":"2026-09-10T14:18:20.602Z","path":"/verification/virtual-prototyping/silver","step":"verify","ok":true}
{"t":"2026-09-10T14:18:26.197Z","path":"/verification/virtual-prototyping/virtualizer-models","step":"verify","ok":true}
{"t":"2026-09-10T14:18:26.676Z","path":"/verification/virtual-prototyping/virtualizer","step":"verify","ok":true}
{"t":"2026-09-10T14:18:26.965Z","path":"/verification/virtual-prototyping/virtual-prototyping-solutions-for-arm","step":"verify","ok":true}
{"t":"2026-09-10T14:18:27.253Z","path":"/verification/virtual-prototyping","step":"verify","ok":true}
{"t":"2026-09-10T14:18:34.483Z","path":"/webinars/448g-ready-or-not","step":"verify","ok":true}
{"t":"2026-09-10T14:18:34.730Z","path":"/webinars/a-z-multi-die-design","step":"verify","ok":true}
{"t":"2026-09-10T14:18:35.035Z","path":"/verification","step":"verify","ok":true}
{"t":"2026-09-10T14:18:35.420Z","path":"/webinars/accelerating-ai-hardware-nvidia-haps","step":"verify","ok":true}
{"t":"2026-09-10T14:18:41.797Z","path":"/webinars/accelerating-innovation-semiconductor-startups","step":"verify","ok":true}
{"t":"2026-09-10T14:18:42.202Z","path":"/webinars/accelerating-sdv-development-virtualization-tools-and-technology","step":"verify","ok":true}
{"t":"2026-09-10T14:18:43.255Z","path":"/webinars/accelerating-windows-driver-development-using-synopsys-virtualizer","step":"verify","ok":true}
{"t":"2026-09-10T14:18:43.929Z","path":"/webinars/achieving-1-6tbps-ethernet-interoperability-hpc-ai-ml-socs","step":"verify","ok":true}
{"t":"2026-09-10T14:18:52.602Z","path":"/webinars/advancing-gan-power-transistors","step":"verify","ok":true}
{"t":"2026-09-10T14:18:52.780Z","path":"/webinars/advancing-sic-power-transistors","step":"verify","ok":true}
{"t":"2026-09-10T14:18:53.135Z","path":"/webinars/age-of-agentic-engineering","step":"verify","ok":true}
{"t":"2026-09-10T14:18:53.339Z","path":"/webinars/advanced-usage-synopsys-virtualizer-pre-silicon-sw-development","step":"verify","ok":true}
{"t":"2026-09-10T14:19:00.726Z","path":"/webinars/agentic-ai-impact-engineering-workflows","step":"verify","ok":true}
{"t":"2026-09-10T14:19:00.950Z","path":"/webinars/agentengineer-your-ai-coworker","step":"verify","ok":true}
{"t":"2026-09-10T14:19:01.206Z","path":"/webinars/agentic-ai-synopsys-nvidia-chip-design","step":"verify","ok":true}
{"t":"2026-09-10T14:19:01.821Z","path":"/webinars/agentic-ai-nuts-bolts-agentengineer","step":"verify","ok":true}
{"t":"2026-09-10T14:19:07.706Z","path":"/webinars/agentic-spec2rtl-workflow","step":"verify","ok":true}
{"t":"2026-09-10T14:19:08.235Z","path":"/webinars/ai-advanced-security-solutions","step":"verify","ok":true}
{"t":"2026-09-10T14:19:08.268Z","path":"/webinars/agile-cicd-github-eda-flows","step":"verify","ok":true}
{"t":"2026-09-10T14:19:08.647Z","path":"/webinars/ai-apps-rl-llms-agents","step":"verify","ok":true}
{"t":"2026-09-10T14:19:15.324Z","path":"/webinars/ai-chip-design-synopsys-microsoft","step":"verify","ok":true}
{"t":"2026-09-10T14:19:15.324Z","path":"/webinars/ai-chip-design-onboarding-strategies","step":"verify","ok":true}
{"t":"2026-09-10T14:19:15.868Z","path":"/webinars/application-level-hybrid-emulation-software-defined-systems","step":"verify","ok":true}
{"t":"2026-09-10T14:19:16.652Z","path":"/webinars/amd-3dic-feasibility-analysis","step":"verify","ok":true}
{"t":"2026-09-10T14:19:22.957Z","path":"/webinars/application-specific-processors-asip-physical-ai","step":"verify","ok":true}
{"t":"2026-09-10T14:19:23.016Z","path":"/webinars/arm-slm-implementation-arm-cores","step":"verify","ok":true}
{"t":"2026-09-10T14:19:23.260Z","path":"/webinars/atomistic-simulations","step":"verify","ok":true}
{"t":"2026-09-10T14:19:29.401Z","path":"/webinars/architecting-physical-ai-socs-standards-ip","step":"verify","ok":false,"why":"about:error in delivered html"}
{"t":"2026-09-10T14:19:30.271Z","path":"/webinars/automotive-margin","step":"verify","ok":true}
{"t":"2026-09-10T14:19:30.553Z","path":"/webinars/atpg-power-timing-ai","step":"verify","ok":true}
{"t":"2026-09-10T14:19:30.780Z","path":"/webinars/auto-tech-day","step":"verify","ok":true}
{"t":"2026-09-10T14:19:36.709Z","path":"/webinars/automotive-socs-security","step":"verify","ok":true}
{"t":"2026-09-10T14:19:37.202Z","path":"/webinars/benefits-early-architecture-design-multi-die-systems","step":"verify","ok":true}
{"t":"2026-09-10T14:19:37.735Z","path":"/webinars/chip-design-with-generative-agentic-ai","step":"verify","ok":true}
{"t":"2026-09-10T14:19:37.803Z","path":"/webinars/chip-design-forefront-ai-innovation","step":"verify","ok":true}
{"t":"2026-09-10T14:19:43.983Z","path":"/webinars/cisco-advancing-hsat-structural-test-pcie-gen4","step":"verify","ok":true}
{"t":"2026-09-10T14:19:44.140Z","path":"/webinars/cloud-scale-emulation-for-startups","step":"verify","ok":true}
{"t":"2026-09-10T14:19:44.614Z","path":"/webinars/copilot-smarter-chip-design","step":"verify","ok":true}
{"t":"2026-09-10T14:19:45.433Z","path":"/webinars/compute-connectivity-pcie-cxl-architectures","step":"verify","ok":true}
{"t":"2026-09-10T14:19:51.411Z","path":"/webinars/cross-architecture-compatibility-with-virtual-prototypes-lixiang","step":"verify","ok":true}
{"t":"2026-09-10T14:19:51.928Z","path":"/webinars/custom-hbm-ai","step":"verify","ok":true}
{"t":"2026-09-10T14:19:52.294Z","path":"/webinars/de-risking-socs-with-interface-ip","step":"verify","ok":true}
{"t":"2026-09-10T14:19:53.089Z","path":"/webinars/design-analysis-multi-die-3d-ic-systems","step":"verify","ok":true}
{"t":"2026-09-10T14:19:56.958Z","path":"/webinars/designing-risc-v-triple-threat-assp-dev","step":"verify","ok":true}
{"t":"2026-09-10T14:19:58.573Z","path":"/webinars/designing-the-future-of-ai-infrastructure-with-ualink","step":"verify","ok":true}
{"t":"2026-09-10T14:19:59.095Z","path":"/webinars/deterministic-motor-control-with-mips-m8500-globalfoundries","step":"verify","ok":true}
{"t":"2026-09-10T14:19:59.430Z","path":"/webinars/efficient-secure-ai-systems-ualink","step":"verify","ok":true}
{"t":"2026-09-10T14:20:02.064Z","path":"/webinars/electronics-digital-twins-from-concept-scalable-platform","step":"verify","ok":true}
{"t":"2026-09-10T14:20:04.927Z","path":"/webinars/enabling-informed-processor-core-selection-early-architecture-analysis","step":"verify","ok":true}
{"t":"2026-09-10T14:20:05.241Z","path":"/webinars/enflame-virtual-prototyping-ai-chip-early-development","step":"verify","ok":true}
{"t":"2026-09-10T14:20:06.466Z","path":"/webinars/engineering-intelligence-10-watts","step":"verify","ok":true}
{"t":"2026-09-10T14:20:08.528Z","path":"/webinars/extending-android-soc-virtual-prototypes-virtio-virtualizer-native-execution","step":"verify","ok":true}
{"t":"2026-09-10T14:20:11.929Z","path":"/webinars/holistic-approach-risc-v-processor","step":"verify","ok":true}
{"t":"2026-09-10T14:20:12.661Z","path":"/webinars/full-stack-vision-automotive-silicon-innovation","step":"verify","ok":true}
{"t":"2026-09-10T14:20:13.696Z","path":"/webinars/hybrid-prototyping-early-collaboration-automotive-supply-chain","step":"verify","ok":true}
{"t":"2026-09-10T14:20:16.213Z","path":"/webinars/hyperscale-data-centers-1-6t-ethernet","step":"verify","ok":true}
{"t":"2026-09-10T14:20:19.424Z","path":"/webinars/innovating-ai-hardware-with-cloud-solutions","step":"verify","ok":true}
{"t":"2026-09-10T14:20:19.695Z","path":"/webinars/infineon-standardization-semiconductor-environment-siliconda","step":"verify","ok":true}
{"t":"2026-09-10T14:20:20.980Z","path":"/webinars/intel-3d-multi-die-design-signoff","step":"verify","ok":true}
{"t":"2026-09-10T14:20:22.196Z","path":"/webinars/intel-emib-design-advanced-ai-datacenter-solutions","step":"verify","ok":true}
{"t":"2026-09-10T14:20:25.231Z","path":"/webinars/interconnect-memory-performance-exploration-many-core-socs","step":"verify","ok":true}
{"t":"2026-09-10T14:20:26.522Z","path":"/webinars/ip-design-edge-ai","step":"verify","ok":true}
{"t":"2026-09-10T14:20:27.160Z","path":"/webinars/key-ip-3d-integration-ucie-ai-chips","step":"verify","ok":true}
{"t":"2026-09-10T14:20:27.800Z","path":"/webinars/left-shift-verification-multi-die-soc-using-architectural-models-renesas","step":"verify","ok":true}
{"t":"2026-09-10T14:20:30.500Z","path":"/webinars/leveraging-synopsys-vdk-to-shift-soc-development-left-mediatek","step":"verify","ok":true}
{"t":"2026-09-10T14:20:33.384Z","path":"/webinars/leveraging-virtual-platforms-shift-left-hwsw-verification","step":"verify","ok":true}
{"t":"2026-09-10T14:20:33.883Z","path":"/webinars/marvell-accelerating-design-signal-integrity-analysis","step":"verify","ok":true}
{"t":"2026-09-10T14:20:34.445Z","path":"/webinars/mastering-layout-parasitics-with-paragonx-cest","step":"verify","ok":true}
{"t":"2026-09-10T14:20:36.689Z","path":"/webinars/mastering-layout-parasitics-with-paragonx-pst","step":"verify","ok":true}
{"t":"2026-09-10T14:20:40.425Z","path":"/webinars/mission-critical-defense-security","step":"verify","ok":true}
{"t":"2026-09-10T14:20:40.897Z","path":"/webinars/meta-shift-left-connectivity-checks-soc-quality","step":"verify","ok":true}
{"t":"2026-09-10T14:20:41.188Z","path":"/webinars/migrate-architecture-ip-edge-ai","step":"verify","ok":true}
{"t":"2026-09-10T14:20:42.657Z","path":"/webinars/ml-tcad-calibration","step":"verify","ok":true}
{"t":"2026-09-10T14:20:46.453Z","path":"/webinars/multi-die-3dic-partitioning-floorplanning","step":"verify","ok":true}
{"t":"2026-09-10T14:20:46.972Z","path":"/webinars/multi-die-designs-co-packaged-optics","step":"verify","ok":true}
{"t":"2026-09-10T14:20:47.325Z","path":"/webinars/multi-die-designs-security","step":"verify","ok":true}
{"t":"2026-09-10T14:20:49.189Z","path":"/webinars/multi-die-multi-physics-silicon-design-panel","step":"verify","ok":true}
{"t":"2026-09-10T14:20:51.766Z","path":"/webinars/multi-die-test-monitoring-flows","step":"verify","ok":true}
{"t":"2026-09-10T14:20:52.898Z","path":"/webinars/multiphysics-fusion-technology-multi-die-design","step":"verify","ok":true}
{"t":"2026-09-10T14:20:53.444Z","path":"/webinars/multi-noc-soc-performance-analysis-tsn-applications","step":"verify","ok":true}
{"t":"2026-09-10T14:20:55.155Z","path":"/webinars/multiphysics-hbm-3d-integration","step":"verify","ok":true}
{"t":"2026-09-10T14:20:57.060Z","path":"/webinars/navigating-complexities-sdv","step":"verify","ok":true}
{"t":"2026-09-10T14:20:58.788Z","path":"/webinars/new-faster-standards-data-center-shift","step":"verify","ok":true}
{"t":"2026-09-10T14:20:59.449Z","path":"/webinars/noc-centric-system-chiplet-era-platform-architect","step":"verify","ok":true}
{"t":"2026-09-10T14:21:01.390Z","path":"/webinars/noc-design-platform-integration-early-benchmarking-automotive-processor-socs","step":"verify","ok":true}
{"t":"2026-09-10T14:21:03.028Z","path":"/webinars/opportunities-innovation-ai-powered-chip-design","step":"verify","ok":true}
{"t":"2026-09-10T14:21:04.989Z","path":"/webinars/opportunity-new-engineering-paradigms","step":"verify","ok":true}
{"t":"2026-09-10T14:21:06.546Z","path":"/webinars/optimizing-memory-multi-die-architectures","step":"verify","ok":true}
{"t":"2026-09-10T14:21:07.417Z","path":"/webinars/optimizing-soc-performance","step":"verify","ok":true}
{"t":"2026-09-10T14:21:09.605Z","path":"/webinars/panel-cloud-access-synopsys-startups","step":"verify","ok":true}
{"t":"2026-09-10T14:21:10.950Z","path":"/webinars/paragonx-ic-layout-parasitics-analysis","step":"verify","ok":true}
{"t":"2026-09-10T14:21:12.990Z","path":"/webinars/pcie-multistream-ai-connectivity","step":"verify","ok":true}
{"t":"2026-09-10T14:21:13.460Z","path":"/webinars/pcie-5-edge-benefits","step":"verify","ok":true}
{"t":"2026-09-10T14:21:15.596Z","path":"/webinars/performance-analysis-network-chip-development","step":"verify","ok":true}
{"t":"2026-09-10T14:21:16.220Z","path":"/webinars/physical-ai-future-systems-design","step":"verify","ok":true}
{"t":"2026-09-10T14:21:19.376Z","path":"/webinars/power-integrity-signoff-to-design-optimization","step":"verify","ok":true}
{"t":"2026-09-10T14:21:20.503Z","path":"/webinars/powering-3dic-systems-redhawk-sc-electrothermal","step":"verify","ok":true}
{"t":"2026-09-10T14:21:22.345Z","path":"/webinars/pre-design-verification-optimization-on-chip","step":"verify","ok":true}
{"t":"2026-09-10T14:21:23.982Z","path":"/webinars/pre-silicon-sw-enablement-for-tda5-soc-ti","step":"verify","ok":true}
{"t":"2026-09-10T14:21:26.065Z","path":"/webinars/ras-challenges-chiplets-ai","step":"verify","ok":true}
{"t":"2026-09-10T14:21:27.779Z","path":"/webinars/re-engineering-automotive-physical-ai-development","step":"verify","ok":true}
{"t":"2026-09-10T14:21:28.144Z","path":"/webinars/re-engineering-the-future","step":"verify","ok":true}
{"t":"2026-09-10T14:21:30.916Z","path":"/webinars/redhawk-sc-emir-signoff-ir-aware-design","step":"verify","ok":true}
{"t":"2026-09-10T14:21:31.887Z","path":"/webinars/reducing-risk-chiplet-design","step":"verify","ok":true}
{"t":"2026-09-10T14:21:33.457Z","path":"/webinars/renesas-r-car-virtual-platform","step":"verify","ok":true}
{"t":"2026-09-10T14:21:33.810Z","path":"/webinars/rethinking-ai-connectivity","step":"verify","ok":true}
{"t":"2026-09-10T14:21:36.788Z","path":"/webinars/rethinking-compute-age-ai","step":"verify","ok":true}
{"t":"2026-09-10T14:21:38.784Z","path":"/webinars/rtl-dft-connectivity-webinar","step":"verify","ok":true}
{"t":"2026-09-10T14:21:39.646Z","path":"/webinars/scaling-ai-agents-formal-workflow","step":"verify","ok":true}
{"t":"2026-09-10T14:21:40.693Z","path":"/webinars/scalable-heterogeneous-systems","step":"verify","ok":true}
{"t":"2026-09-10T14:21:43.029Z","path":"/webinars/scaling-ai-infrastructures-with-next-gen-standardized-interconnects","step":"verify","ok":true}
{"t":"2026-09-10T14:21:45.015Z","path":"/webinars/scaling-sdv-development-virtualization","step":"verify","ok":true}
{"t":"2026-09-10T14:21:45.362Z","path":"/webinars/scaling-hbm-signal-integrity-signoff","step":"verify","ok":true}
{"t":"2026-09-10T14:21:47.897Z","path":"/webinars/shaping-the-future","step":"verify","ok":true}
{"t":"2026-09-10T14:21:49.669Z","path":"/webinars/shift-left-performance-analysis-risc-v-soc-openchip","step":"verify","ok":true}
{"t":"2026-09-10T14:21:50.809Z","path":"/webinars/shift-left-soc-ip-verification","step":"verify","ok":true}
{"t":"2026-09-10T14:21:51.385Z","path":"/webinars/silicon-systems-innovation-ai","step":"verify","ok":true}
{"t":"2026-09-10T14:21:53.490Z","path":"/webinars/silicon-to-system","step":"verify","ok":true}
{"t":"2026-09-10T14:21:56.231Z","path":"/webinars/soc-performance-with-collaboration-framework-padk","step":"verify","ok":true}
{"t":"2026-09-10T14:21:57.076Z","path":"/webinars/speed-barriers-virtual-prototypes-advanced-use-cases","step":"verify","ok":true}
{"t":"2026-09-10T14:21:57.404Z","path":"/webinars/startups-panel-navigating-the-last-mile","step":"verify","ok":true}
{"t":"2026-09-10T14:21:59.785Z","path":"/webinars/static-esd-simulation-multi-die","step":"verify","ok":true}
{"t":"2026-09-10T14:22:03.176Z","path":"/webinars/synopsys-ai-copilot-productivity","step":"verify","ok":true}
{"t":"2026-09-10T14:22:03.679Z","path":"/webinars/stronger-performance-validation-altera","step":"verify","ok":true}
{"t":"2026-09-10T14:22:03.706Z","path":"/webinars/synopsys-ai-copilot-design-assistant","step":"verify","ok":true}
{"t":"2026-09-10T14:22:04.768Z","path":"/webinars/synopsys-autonomous-verification-closure-agent","step":"verify","ok":true}
{"t":"2026-09-10T14:22:08.940Z","path":"/webinars/synopsys-guc-coupe","step":"verify","ok":true}
{"t":"2026-09-10T14:22:10.514Z","path":"/webinars/synopsys-icepak-agent-autonomous-thermal-engineering","step":"verify","ok":true}
{"t":"2026-09-10T14:22:10.911Z","path":"/webinars/system-level-benchmarking-ai-workloads-tda5-ti","step":"verify","ok":true}
{"t":"2026-09-10T14:22:12.072Z","path":"/webinars/system-level-performance-insights-early-soc-de-risking-nxp","step":"verify","ok":true}
{"t":"2026-09-10T14:22:16.095Z","path":"/webinars/the-system-is-the-bottleneck-baya","step":"verify","ok":true}
{"t":"2026-09-10T14:22:17.942Z","path":"/webinars/ucie-standard-vs-ucie-advanced","step":"verify","ok":true}
{"t":"2026-09-10T14:22:18.514Z","path":"/webinars/transition-to-pcie-7-now","step":"verify","ok":true}
{"t":"2026-09-10T14:22:18.611Z","path":"/webinars/understanding-ualink-architecture-protocol-deep-dive","step":"verify","ok":true}
{"t":"2026-09-10T14:22:23.720Z","path":"/webinars/using-platform-architect-for-optimizing-aurix-microcontrollers","step":"verify","ok":true}
{"t":"2026-09-10T14:22:24.724Z","path":"/webinars/vc-panel-what-does-it-take","step":"verify","ok":true}
{"t":"2026-09-10T14:22:25.182Z","path":"/webinars/vc-execution-manager-verification-efficiency","step":"verify","ok":true}
{"t":"2026-09-10T14:22:25.937Z","path":"/webinars/vecu-based-integration","step":"verify","ok":true}
{"t":"2026-09-10T14:22:29.477Z","path":"/webinars/verifying-ai-designs","step":"verify","ok":true}
{"t":"2026-09-10T14:22:30.352Z","path":"/webinars/verilator-processor-benchmarking-automotive-soc-platforms","step":"verify","ok":true}
{"t":"2026-09-10T14:22:30.977Z","path":"/webinars/virtual-prototypes-risc-v-software-development-optimization-test","step":"verify","ok":true}
{"t":"2026-09-10T14:22:31.205Z","path":"/webinars/virtualization-for-shift-left-sw-development-tata-elxsi","step":"verify","ok":true}
{"t":"2026-09-10T14:22:36.851Z","path":"/zh-cn","step":"verify","ok":true}
{"t":"2026-09-10T14:22:36.987Z","path":"/zh-tw","step":"verify","ok":true}
