{"t":"2026-09-11T11:30:55.355Z","path":"/academic-research/contactus/students","step":"verify","ok":true}
{"t":"2026-09-11T11:30:55.373Z","path":"/academic-research/contactus/researchers","step":"verify","ok":true}
{"t":"2026-09-11T11:30:55.438Z","path":"/academic-research/contactus/educators","step":"verify","ok":true}
{"t":"2026-09-11T11:30:55.922Z","path":"/academic-research/contactus/entrepreneurs","step":"verify","ok":true}
{"t":"2026-09-11T11:31:02.056Z","path":"/academic-research/educators","step":"verify","ok":true}
{"t":"2026-09-11T11:31:02.343Z","path":"/academic-research/contactus","step":"verify","ok":true}
{"t":"2026-09-11T11:31:03.309Z","path":"/academic-research/researchers","step":"verify","ok":true}
{"t":"2026-09-11T11:31:03.453Z","path":"/academic-research/entrepreneurs","step":"verify","ok":true}
{"t":"2026-09-11T11:31:08.623Z","path":"/academic-research/subscription","step":"verify","ok":true}
{"t":"2026-09-11T11:31:08.676Z","path":"/academic-research/students","step":"verify","ok":true}
{"t":"2026-09-11T11:31:11.396Z","path":"/academic-research/university","step":"verify","ok":true}
{"t":"2026-09-11T11:31:12.836Z","path":"/ai/agentic-ai","step":"verify","ok":true}
{"t":"2026-09-11T11:31:16.147Z","path":"/ai/ai-chip-development","step":"verify","ok":true}
{"t":"2026-09-11T11:31:16.409Z","path":"/ai/ai-powered-eda/aso-ai","step":"verify","ok":true}
{"t":"2026-09-11T11:31:18.054Z","path":"/ai/ai-powered-eda/design-da","step":"verify","ok":true}
{"t":"2026-09-11T11:31:20.688Z","path":"/ai/ai-powered-eda/dso-ai","step":"verify","ok":true}
{"t":"2026-09-11T11:31:22.498Z","path":"/ai/ai-powered-eda/tso-ai","step":"verify","ok":false,"why":"about:error in delivered html"}
{"t":"2026-09-11T11:31:22.607Z","path":"/ai/ai-powered-eda/silicon-da","step":"verify","ok":true}
{"t":"2026-09-11T11:31:25.264Z","path":"/ai/ai-powered-eda/videos","step":"verify","ok":true}
{"t":"2026-09-11T11:31:28.765Z","path":"/ai/contact-us","step":"verify","ok":true}
{"t":"2026-09-11T11:31:30.038Z","path":"/ai/ai-powered-eda/vso-ai","step":"verify","ok":true}
{"t":"2026-09-11T11:31:30.365Z","path":"/ai/ai-powered-eda","step":"verify","ok":true}
{"t":"2026-09-11T11:31:32.631Z","path":"/ai/generative-ai","step":"verify","ok":true}
{"t":"2026-09-11T11:31:36.531Z","path":"/ai/physical-ai","step":"verify","ok":true}
{"t":"2026-09-11T11:31:38.386Z","path":"/ai","step":"verify","ok":true}
{"t":"2026-09-11T11:31:39.964Z","path":"/articles/112g-ethernet-implementations","step":"verify","ok":true}
{"t":"2026-09-11T11:31:40.036Z","path":"/articles/112g-ethernet-ip","step":"verify","ok":true}
{"t":"2026-09-11T11:31:45.799Z","path":"/articles/224g-ethernet-phy-ip","step":"verify","ok":true}
{"t":"2026-09-11T11:31:46.112Z","path":"/articles/112g-linear-optics-phy","step":"verify","ok":true}
{"t":"2026-09-11T11:31:47.792Z","path":"/articles/224g-serdes-ip-linear-drive-optics","step":"verify","ok":true}
{"t":"2026-09-11T11:31:48.850Z","path":"/articles/224g-serdes-interoperability-ai-hpc","step":"verify","ok":true}
{"t":"2026-09-11T11:31:52.617Z","path":"/articles/224gbps-electrical-interface","step":"verify","ok":true}
{"t":"2026-09-11T11:31:52.833Z","path":"/articles/25g-ethernet-ip-for-high-performance-data-center-socs","step":"verify","ok":true}
{"t":"2026-09-11T11:31:54.941Z","path":"/articles/25g-ethernet","step":"verify","ok":true}
{"t":"2026-09-11T11:31:55.166Z","path":"/articles/3dio-multi-die-integration","step":"verify","ok":true}
{"t":"2026-09-11T11:32:01.314Z","path":"/articles/5g-asips-communication-socs","step":"verify","ok":true}
{"t":"2026-09-11T11:32:02.357Z","path":"/articles/40g-ucie-ip-ai-applications","step":"verify","ok":true}
{"t":"2026-09-11T11:32:02.557Z","path":"/articles/5g-dsp-controller-radio-modems","step":"verify","ok":true}
{"t":"2026-09-11T11:32:02.689Z","path":"/articles/accelerate-time-to-market-with-interface-ip-subsystems","step":"verify","ok":true}
{"t":"2026-09-11T11:32:07.688Z","path":"/articles/accelerating-32gtps-pcie5-designs","step":"verify","ok":true}
{"t":"2026-09-11T11:32:08.527Z","path":"/articles/accelerating-cryptographic-operations","step":"verify","ok":true}
{"t":"2026-09-11T11:32:10.524Z","path":"/articles/achieving-10-gbps","step":"verify","ok":true}
{"t":"2026-09-11T11:32:10.739Z","path":"/articles/achieving-iso-compliance","step":"verify","ok":true}
{"t":"2026-09-11T11:32:14.124Z","path":"/articles/adapting-non-volatile-memory","step":"verify","ok":true}
{"t":"2026-09-11T11:32:14.866Z","path":"/articles/adas-ivi-automotive-grade","step":"verify","ok":true}
{"t":"2026-09-11T11:32:16.804Z","path":"/articles/addressing-ai-advanced-packaging-3dio-phy","step":"verify","ok":true}
{"t":"2026-09-11T11:32:17.825Z","path":"/articles/adas-ivi-socs-sdv-automotive-ip","step":"verify","ok":true}
{"t":"2026-09-11T11:32:20.462Z","path":"/articles/addressing-functional-safety-in-socs-with-test-solutions","step":"verify","ok":true}
{"t":"2026-09-11T11:32:20.634Z","path":"/articles/adoption-5g-automotive-applications","step":"verify","ok":true}
{"t":"2026-09-11T11:32:24.000Z","path":"/articles/advanced-processors-virtual-reality-interfaces","step":"verify","ok":true}
{"t":"2026-09-11T11:32:25.229Z","path":"/articles/advantages-embedded-mtp-nvm-iot-soc-designs","step":"verify","ok":true}
{"t":"2026-09-11T11:32:26.970Z","path":"/articles/ai-edge-algorithms","step":"verify","ok":true}
{"t":"2026-09-11T11:32:28.813Z","path":"/articles/ai-hpc-multi-die-designs","step":"verify","ok":true}
{"t":"2026-09-11T11:32:29.960Z","path":"/articles/ai-powered-analog-design","step":"verify","ok":true}
{"t":"2026-09-11T11:32:31.475Z","path":"/articles/anatomy-ethernet-phy-for-hpc","step":"verify","ok":true}
{"t":"2026-09-11T11:32:33.786Z","path":"/articles/arc-sem130fs-safety-security-processor","step":"verify","ok":true}
{"t":"2026-09-11T11:32:34.652Z","path":"/articles/artificial-intelligence-soc-nature-nurture","step":"verify","ok":true}
{"t":"2026-09-11T11:32:37.508Z","path":"/articles/augmenting-your-reality","step":"verify","ok":true}
{"t":"2026-09-11T11:32:37.586Z","path":"/articles/asil-d-systematic-iso-26262-compliance","step":"verify","ok":true}
{"t":"2026-09-11T11:32:40.711Z","path":"/articles/automotive-certified-trng-ip","step":"verify","ok":true}
{"t":"2026-09-11T11:32:41.013Z","path":"/articles/automotive-cybersecurity-starts-with-chips","step":"verify","ok":true}
{"t":"2026-09-11T11:32:43.149Z","path":"/articles/automotive-ddr-dram","step":"verify","ok":true}
{"t":"2026-09-11T11:32:43.968Z","path":"/articles/automotive-embedded-storage-ufs","step":"verify","ok":true}
{"t":"2026-09-11T11:32:48.060Z","path":"/articles/automotive-macsec-ethernet","step":"verify","ok":true}
{"t":"2026-09-11T11:32:49.238Z","path":"/articles/automotive-nvm-ip-accelerating-design-schedules","step":"verify","ok":true}
{"t":"2026-09-11T11:32:49.399Z","path":"/articles/automotive-ic-design","step":"verify","ok":true}
{"t":"2026-09-11T11:32:49.749Z","path":"/articles/automotive-puf-unclonable-silicon-identity","step":"verify","ok":true}
{"t":"2026-09-11T11:32:54.541Z","path":"/articles/automotive-safety","step":"verify","ok":true}
{"t":"2026-09-11T11:32:55.248Z","path":"/articles/automotive-soc-design-platform","step":"verify","ok":true}
{"t":"2026-09-11T11:32:55.309Z","path":"/articles/automotive-security-pcie-ip-solutions","step":"verify","ok":true}
{"t":"2026-09-11T11:32:56.015Z","path":"/articles/balancing-security-requirements","step":"verify","ok":true}
{"t":"2026-09-11T11:33:00.718Z","path":"/articles/benefits-800g-ethernet-implementation","step":"verify","ok":true}
{"t":"2026-09-11T11:33:01.060Z","path":"/articles/best-112g-serdes-ip-performance","step":"verify","ok":true}
{"t":"2026-09-11T11:33:01.102Z","path":"/articles/bluetooth-5-ready-ip-iot-soc-integration","step":"verify","ok":true}
{"t":"2026-09-11T11:33:03.250Z","path":"/articles/building-efficient-deep-learning","step":"verify","ok":true}
{"t":"2026-09-11T11:33:07.078Z","path":"/articles/catching-clock-integrity-jitter-issues","step":"verify","ok":true}
{"t":"2026-09-11T11:33:07.307Z","path":"/articles/category-5g-wireless","step":"verify","ok":true}
{"t":"2026-09-11T11:33:08.800Z","path":"/articles/category-ai-and-machine-learning","step":"verify","ok":true}
{"t":"2026-09-11T11:33:08.915Z","path":"/articles/category-analog-ip","step":"verify","ok":true}
{"t":"2026-09-11T11:33:13.973Z","path":"/articles/category-cloud","step":"verify","ok":true}
{"t":"2026-09-11T11:33:14.188Z","path":"/articles/category-consideration","step":"verify","ok":true}
{"t":"2026-09-11T11:33:14.297Z","path":"/articles/category-automotive","step":"verify","ok":true}
{"t":"2026-09-11T11:33:14.679Z","path":"/articles/category-consumer","step":"verify","ok":true}
{"t":"2026-09-11T11:33:20.031Z","path":"/articles/category-custom-design-platform","step":"verify","ok":true}
{"t":"2026-09-11T11:33:20.373Z","path":"/articles/category-emulation","step":"verify","ok":true}
{"t":"2026-09-11T11:33:21.025Z","path":"/articles/category-design","step":"verify","ok":true}
{"t":"2026-09-11T11:33:25.514Z","path":"/articles/category-data-center","step":"verify","ok":false,"why":"about:error in delivered html"}
{"t":"2026-09-11T11:33:26.469Z","path":"/articles/category-fpga-design","step":"verify","ok":true}
{"t":"2026-09-11T11:33:26.719Z","path":"/articles/category-energy-efficient-socs","step":"verify","ok":true}
{"t":"2026-09-11T11:33:27.706Z","path":"/articles/category-foundation-ip","step":"verify","ok":true}
{"t":"2026-09-11T11:33:31.680Z","path":"/articles/category-general-ip","step":"verify","ok":true}
{"t":"2026-09-11T11:33:32.506Z","path":"/articles/category-hpc-data-center","step":"verify","ok":true}
{"t":"2026-09-11T11:33:34.401Z","path":"/articles/category-internet-of-things","step":"verify","ok":true}
{"t":"2026-09-11T11:33:35.137Z","path":"/articles/category-interface-ip","step":"verify","ok":true}
{"t":"2026-09-11T11:33:38.920Z","path":"/articles/category-multi-die-system","step":"verify","ok":true}
{"t":"2026-09-11T11:33:39.814Z","path":"/articles/category-ip-accelerated","step":"verify","ok":true}
{"t":"2026-09-11T11:33:40.659Z","path":"/articles/category-prototyping","step":"verify","ok":true}
{"t":"2026-09-11T11:33:41.985Z","path":"/articles/category-security-ip","step":"verify","ok":true}
{"t":"2026-09-11T11:33:44.606Z","path":"/articles/category-signoff","step":"verify","ok":true}
{"t":"2026-09-11T11:33:47.457Z","path":"/articles/category-silicon-ip-technical-bulletin","step":"verify","ok":true}
{"t":"2026-09-11T11:33:48.763Z","path":"/articles/category-silicon-lifecycle-management","step":"verify","ok":true}
{"t":"2026-09-11T11:33:48.889Z","path":"/articles/category-silicon-ip","step":"verify","ok":true}
{"t":"2026-09-11T11:33:50.317Z","path":"/articles/category-soc-infrastructure-ip","step":"verify","ok":true}
{"t":"2026-09-11T11:33:53.142Z","path":"/articles/category-test","step":"verify","ok":true}
{"t":"2026-09-11T11:33:54.609Z","path":"/articles/category-verificationip","step":"verify","ok":true}
{"t":"2026-09-11T11:33:54.906Z","path":"/articles/category-verification","step":"verify","ok":true}
{"t":"2026-09-11T11:33:56.311Z","path":"/articles/category-virtualprototyping","step":"verify","ok":true}
{"t":"2026-09-11T11:34:00.389Z","path":"/articles/challenges-of-moving-to-32gts-pcie-designs","step":"verify","ok":true}
{"t":"2026-09-11T11:34:00.719Z","path":"/articles/challenges-of-usb-3-1-ip-certification","step":"verify","ok":true}
{"t":"2026-09-11T11:34:01.816Z","path":"/articles/choosing-embedded-processor","step":"verify","ok":true}
{"t":"2026-09-11T11:34:02.677Z","path":"/articles/cmos-image-sensor-otp-nvm","step":"verify","ok":true}
{"t":"2026-09-11T11:34:06.791Z","path":"/articles/complete-die-to-die-ip-solution","step":"verify","ok":true}
{"t":"2026-09-11T11:34:07.755Z","path":"/articles/competitive-advantage-sram-puf","step":"verify","ok":true}
{"t":"2026-09-11T11:34:08.993Z","path":"/articles/computer-vision-lab-life","step":"verify","ok":true}
{"t":"2026-09-11T11:34:09.570Z","path":"/articles/compute-express-link-standard","step":"verify","ok":true}
{"t":"2026-09-11T11:34:12.865Z","path":"/articles/configuring-ddr-subsystems","step":"verify","ok":true}
{"t":"2026-09-11T11:34:14.152Z","path":"/articles/considerations-chiplet-designs","step":"verify","ok":true}
{"t":"2026-09-11T11:34:14.553Z","path":"/articles/content-protection","step":"verify","ok":true}
{"t":"2026-09-11T11:34:16.218Z","path":"/articles/converging-cloud-computing-infrastucture","step":"verify","ok":true}
{"t":"2026-09-11T11:34:19.079Z","path":"/articles/converting-existing-designs-usb-c","step":"verify","ok":true}
{"t":"2026-09-11T11:34:19.728Z","path":"/articles/cxl-applications","step":"verify","ok":true}
{"t":"2026-09-11T11:34:20.410Z","path":"/articles/cxl-in-memory-solutions","step":"verify","ok":true}
{"t":"2026-09-11T11:34:21.944Z","path":"/articles/cxl2-3-storage-memory-applications","step":"verify","ok":true}
{"t":"2026-09-11T11:34:24.944Z","path":"/articles/data-centers-driving-ethernet-interconnects","step":"verify","ok":true}
{"t":"2026-09-11T11:34:25.247Z","path":"/articles/data-conv-ip-auto-func-safety-socs","step":"verify","ok":true}
{"t":"2026-09-11T11:34:26.938Z","path":"/articles/data-fusion-ip-iot-accelerating-application-development","step":"verify","ok":true}
{"t":"2026-09-11T11:34:29.740Z","path":"/articles/ddr-hardening-demystified","step":"verify","ok":true}
{"t":"2026-09-11T11:34:31.212Z","path":"/articles/ddr5-features","step":"verify","ok":true}
{"t":"2026-09-11T11:34:31.600Z","path":"/articles/ddr4-bank-groups","step":"verify","ok":true}
{"t":"2026-09-11T11:34:35.434Z","path":"/articles/deep-learning-adas-applications","step":"verify","ok":true}
{"t":"2026-09-11T11:34:35.959Z","path":"/articles/demystifying-40-interfaces","step":"verify","ok":true}
{"t":"2026-09-11T11:34:37.145Z","path":"/articles/design-challenges-of-clock-integrity-and-clock-jitter","step":"verify","ok":true}
{"t":"2026-09-11T11:34:37.937Z","path":"/articles/design-considerations","step":"verify","ok":true}
{"t":"2026-09-11T11:34:41.506Z","path":"/articles/design-precision","step":"verify","ok":true}
{"t":"2026-09-11T11:34:43.087Z","path":"/articles/design-verification-environment","step":"verify","ok":true}
{"t":"2026-09-11T11:34:44.552Z","path":"/articles/designing-processors","step":"verify","ok":true}
{"t":"2026-09-11T11:34:45.107Z","path":"/articles/designing-effective-use-pcie6-bandwidth","step":"verify","ok":true}
{"t":"2026-09-11T11:34:47.999Z","path":"/articles/designware-hybrid-ip","step":"verify","ok":true}
{"t":"2026-09-11T11:34:51.046Z","path":"/articles/designware-libraries","step":"verify","ok":true}
{"t":"2026-09-11T11:34:51.871Z","path":"/articles/direct-drive-electro-optical","step":"verify","ok":true}
{"t":"2026-09-11T11:34:53.002Z","path":"/articles/easing-smart-automotive-design-and-certification","step":"verify","ok":true}
{"t":"2026-09-11T11:34:54.735Z","path":"/articles/ecc-memory-error-correction","step":"verify","ok":true}
{"t":"2026-09-11T11:34:57.350Z","path":"/articles/edge-ai-near-threshold-foundation-ip","step":"verify","ok":true}
{"t":"2026-09-11T11:34:58.823Z","path":"/articles/embedded-design-prototyping","step":"verify","ok":true}
{"t":"2026-09-11T11:34:59.420Z","path":"/articles/embedded-challenges-superscalar","step":"verify","ok":true}
{"t":"2026-09-11T11:35:01.039Z","path":"/articles/embedded-linux-system","step":"verify","ok":true}
{"t":"2026-09-11T11:35:04.710Z","path":"/articles/embedded-memory-test","step":"verify","ok":true}
{"t":"2026-09-11T11:35:04.972Z","path":"/articles/embedding-artificial-intelligence-into-our-lives","step":"verify","ok":true}
{"t":"2026-09-11T11:35:06.343Z","path":"/articles/embedding-vision","step":"verify","ok":true}
{"t":"2026-09-11T11:35:07.391Z","path":"/articles/emerging-applications-cxl","step":"verify","ok":true}
{"t":"2026-09-11T11:35:10.811Z","path":"/articles/emmc-and-ufs-inline-encryption","step":"verify","ok":true}
{"t":"2026-09-11T11:35:12.295Z","path":"/articles/emram-low-power-advanced-nodes","step":"verify","ok":true}
{"t":"2026-09-11T11:35:13.791Z","path":"/articles/ensuring-security-processor-socs","step":"verify","ok":true}
{"t":"2026-09-11T11:35:13.984Z","path":"/articles/enabling-cars","step":"verify","ok":true}
{"t":"2026-09-11T11:35:18.974Z","path":"/articles/ether-time-sens-net-for-auto-adas-socs","step":"verify","ok":true}
{"t":"2026-09-11T11:35:19.221Z","path":"/articles/estimating-power-early-ai-vision","step":"verify","ok":true}
{"t":"2026-09-11T11:35:20.299Z","path":"/articles/ethernet-qos-v40","step":"verify","ok":true}
{"t":"2026-09-11T11:35:20.959Z","path":"/articles/ethernet-security-macsec","step":"verify","ok":true}
{"t":"2026-09-11T11:35:25.826Z","path":"/articles/ethernet-terminology","step":"verify","ok":true}
{"t":"2026-09-11T11:35:26.735Z","path":"/articles/eusb2v2-interoperability-fpga-prototyping","step":"verify","ok":true}
{"t":"2026-09-11T11:35:27.679Z","path":"/articles/ethernet-standards-scale-up-ai","step":"verify","ok":true}
{"t":"2026-09-11T11:35:28.581Z","path":"/articles/ev-facial-expression","step":"verify","ok":true}
{"t":"2026-09-11T11:35:33.549Z","path":"/articles/faster-iteration","step":"verify","ok":true}
{"t":"2026-09-11T11:35:34.177Z","path":"/articles/face-recognition-detection-arc-ev","step":"verify","ok":true}
{"t":"2026-09-11T11:35:34.369Z","path":"/articles/finfet-design","step":"verify","ok":true}
{"t":"2026-09-11T11:35:36.076Z","path":"/articles/finfet-process","step":"verify","ok":true}
{"t":"2026-09-11T11:35:39.704Z","path":"/articles/firmware-based-training-ddr-ip","step":"verify","ok":true}
{"t":"2026-09-11T11:35:41.150Z","path":"/articles/flexible-connectivity","step":"verify","ok":true}
{"t":"2026-09-11T11:35:41.427Z","path":"/articles/flexible-processing","step":"verify","ok":true}
{"t":"2026-09-11T11:35:42.212Z","path":"/articles/foundation-ip-low-power-ai","step":"verify","ok":true}
{"t":"2026-09-11T11:35:45.847Z","path":"/articles/foundation-ip-optimized-ppa","step":"verify","ok":true}
{"t":"2026-09-11T11:35:47.767Z","path":"/articles/functional-safety-quality-automotive","step":"verify","ok":true}
{"t":"2026-09-11T11:35:49.079Z","path":"/articles/guaranteed-isochronous-traffic-usb31","step":"verify","ok":true}
{"t":"2026-09-11T11:35:49.236Z","path":"/articles/future-nvm-memories","step":"verify","ok":true}
{"t":"2026-09-11T11:35:52.194Z","path":"/articles/guidelines-for-integration","step":"verify","ok":true}
{"t":"2026-09-11T11:35:55.784Z","path":"/articles/have-linux-your-way-yocto","step":"verify","ok":true}
{"t":"2026-09-11T11:35:56.353Z","path":"/articles/hardware-aware-training-keyword-spotting","step":"verify","ok":true}
{"t":"2026-09-11T11:35:56.559Z","path":"/articles/hardware-mathematics-for-ai","step":"verify","ok":true}
{"t":"2026-09-11T11:35:58.213Z","path":"/articles/hbm3-ip-dwtb","step":"verify","ok":true}
{"t":"2026-09-11T11:36:01.902Z","path":"/articles/hdmi-and-mhl","step":"verify","ok":true}
{"t":"2026-09-11T11:36:02.814Z","path":"/articles/hdmi21-for-immersive-consumer-experience","step":"verify","ok":true}
{"t":"2026-09-11T11:36:03.459Z","path":"/articles/hdmi-fast-switching","step":"verify","ok":true}
{"t":"2026-09-11T11:36:03.936Z","path":"/articles/high-accuracy-computer-vision-isps-vision-processors","step":"verify","ok":true}
{"t":"2026-09-11T11:36:08.575Z","path":"/articles/high-bandwidth-interconnects-224g-phy-ip","step":"verify","ok":true}
{"t":"2026-09-11T11:36:09.825Z","path":"/articles/high-performance-dsp-for-5g","step":"verify","ok":true}
{"t":"2026-09-11T11:36:10.122Z","path":"/articles/high-res-displays-hdcp","step":"verify","ok":true}
{"t":"2026-09-11T11:36:11.475Z","path":"/articles/high-bandwidth-memory-encryption-security","step":"verify","ok":true}
{"t":"2026-09-11T11:36:14.298Z","path":"/articles/high-speed-test-io","step":"verify","ok":true}
{"t":"2026-09-11T11:36:16.303Z","path":"/articles/how-ai-edge-computing-drives-5g-iot","step":"verify","ok":true}
{"t":"2026-09-11T11:36:16.695Z","path":"/articles/impact-of-100g-ethernet-on-edge-computing","step":"verify","ok":true}
{"t":"2026-09-11T11:36:17.963Z","path":"/articles/implementing-high-performance-deep-learning","step":"verify","ok":true}
{"t":"2026-09-11T11:36:19.898Z","path":"/articles/implementing-large-numbers","step":"verify","ok":true}
{"t":"2026-09-11T11:36:22.596Z","path":"/articles/implementing-mipi-camera","step":"verify","ok":true}
{"t":"2026-09-11T11:36:22.900Z","path":"/articles/implementing-usb-type-c","step":"verify","ok":true}
{"t":"2026-09-11T11:36:25.336Z","path":"/articles/improving-quality-of-service-amba","step":"verify","ok":true}
{"t":"2026-09-11T11:36:25.715Z","path":"/articles/in-chip-sensor-pvt","step":"verify","ok":true}
{"t":"2026-09-11T11:36:28.840Z","path":"/articles/integrated-400g-800g-ethernet-ip","step":"verify","ok":true}
{"t":"2026-09-11T11:36:29.840Z","path":"/articles/in-memory-computing-ai","step":"verify","ok":true}
{"t":"2026-09-11T11:36:31.658Z","path":"/articles/integrated-adas-domain-controller-26262","step":"verify","ok":true}
{"t":"2026-09-11T11:36:31.755Z","path":"/articles/integrated-ip-mipi-camera-display","step":"verify","ok":true}
{"t":"2026-09-11T11:36:35.151Z","path":"/articles/interface-ip-avoid-cloud-jams","step":"verify","ok":true}
{"t":"2026-09-11T11:36:35.652Z","path":"/articles/introduction-ccix","step":"verify","ok":true}
{"t":"2026-09-11T11:36:37.751Z","path":"/articles/iot-connectivity-low-power-solution","step":"verify","ok":true}
{"t":"2026-09-11T11:36:37.913Z","path":"/articles/introduction-to-tcam","step":"verify","ok":true}
{"t":"2026-09-11T11:36:41.436Z","path":"/articles/ip-die-to-die-connectivity","step":"verify","ok":true}
{"t":"2026-09-11T11:36:41.938Z","path":"/articles/ip-integration","step":"verify","ok":true}
{"t":"2026-09-11T11:37:24.127Z","path":"/articles/key-features-about-lpddr5","step":"verify","ok":true}
{"t":"2026-09-11T11:37:24.385Z","path":"/articles/iso-sae-21434-automotive-cybersecurity","step":"verify","ok":true}
{"t":"2026-09-11T11:37:24.422Z","path":"/articles/ip-interfaces-reduce-hpc-latency","step":"verify","ok":true}
{"t":"2026-09-11T11:37:24.714Z","path":"/articles/category-data-center","step":"verify","ok":true}
{"t":"2026-09-11T11:37:24.783Z","path":"/ai/ai-powered-eda/tso-ai","step":"verify","ok":false,"why":"about:error in delivered html"}
{"t":"2026-09-11T11:37:26.016Z","path":"/articles/iso-26262-compliance-adas-socs","step":"verify","ok":true}
{"t":"2026-09-11T11:37:31.110Z","path":"/articles/lpddr4","step":"verify","ok":true}
{"t":"2026-09-11T11:37:31.162Z","path":"/articles/kgd-ucie-ip-article","step":"verify","ok":true}
{"t":"2026-09-11T11:37:31.177Z","path":"/articles/low-power-mobile-storage","step":"verify","ok":true}
{"t":"2026-09-11T11:37:31.792Z","path":"/articles/low-power-processor-solutions","step":"verify","ok":true}
{"t":"2026-09-11T11:37:32.532Z","path":"/articles/mac-pcs-ethernet","step":"verify","ok":true}
{"t":"2026-09-11T11:37:33.250Z","path":"/articles/logic-library-capabilities","step":"verify","ok":true}
{"t":"2026-09-11T11:37:37.704Z","path":"/articles/memory-architectures-ai-socs","step":"verify","ok":true}
{"t":"2026-09-11T11:37:37.826Z","path":"/articles/meeting-automotive-functional-safety-gpio","step":"verify","ok":true}
{"t":"2026-09-11T11:37:37.851Z","path":"/articles/maximizing-performance-arc-dsp-plugin-ashling","step":"verify","ok":true}
{"t":"2026-09-11T11:37:38.233Z","path":"/articles/memory-options","step":"verify","ok":true}
{"t":"2026-09-11T11:37:38.636Z","path":"/articles/mhl-protocol","step":"verify","ok":true}
{"t":"2026-09-11T11:37:39.290Z","path":"/articles/mhl-vs-miracast","step":"verify","ok":true}
{"t":"2026-09-11T11:37:43.977Z","path":"/articles/modern-prototyping-systems","step":"verify","ok":true}
{"t":"2026-09-11T11:37:44.416Z","path":"/articles/monitor-test-repair-slm","step":"verify","ok":true}
{"t":"2026-09-11T11:37:44.704Z","path":"/articles/multi-chip-design-technical-article","step":"verify","ok":true}
{"t":"2026-09-11T11:37:45.537Z","path":"/articles/minimizing-auto-vulnerabilities","step":"verify","ok":true}
{"t":"2026-09-11T11:37:45.538Z","path":"/articles/multi-die-design-3d-ip","step":"verify","ok":true}
{"t":"2026-09-11T11:37:45.591Z","path":"/articles/modeling-integration-112g-phy-ip","step":"verify","ok":true}
{"t":"2026-09-11T11:37:50.452Z","path":"/articles/next-gen-npus-physical-ai","step":"verify","ok":true}
{"t":"2026-09-11T11:37:50.839Z","path":"/articles/non-volatile-memory","step":"verify","ok":true}
{"t":"2026-09-11T11:37:51.051Z","path":"/articles/noc-interconnects-ucie-ip","step":"verify","ok":true}
{"t":"2026-09-11T11:37:51.591Z","path":"/articles/optimized-memory-cpu-gpu-dsp","step":"verify","ok":true}
{"t":"2026-09-11T11:37:51.754Z","path":"/articles/optimal-ppa-16ff","step":"verify","ok":true}
{"t":"2026-09-11T11:37:53.627Z","path":"/articles/nvm-ip-pmics","step":"verify","ok":true}
{"t":"2026-09-11T11:37:57.240Z","path":"/articles/optimizing-high-end-designs","step":"verify","ok":true}
{"t":"2026-09-11T11:37:57.891Z","path":"/articles/overcoming-design-challengse-vesa-dsc-ip","step":"verify","ok":true}
{"t":"2026-09-11T11:37:58.196Z","path":"/articles/optimizing","step":"verify","ok":true}
{"t":"2026-09-11T11:37:58.842Z","path":"/articles/optimizing-vision-applications-openvx-visualization","step":"verify","ok":true}
{"t":"2026-09-11T11:37:59.360Z","path":"/articles/pam3-technology-implementation-usb4-v2","step":"verify","ok":true}
{"t":"2026-09-11T11:38:00.284Z","path":"/articles/pam4-400g-ethernet","step":"verify","ok":true}
{"t":"2026-09-11T11:38:03.866Z","path":"/articles/parallel-based-phy-for-die2die","step":"verify","ok":true}
{"t":"2026-09-11T11:38:04.737Z","path":"/articles/pci-design-challenges","step":"verify","ok":true}
{"t":"2026-09-11T11:38:04.914Z","path":"/articles/pci-express-4-lane-margining","step":"verify","ok":true}
{"t":"2026-09-11T11:38:05.214Z","path":"/articles/pci-express","step":"verify","ok":true}
{"t":"2026-09-11T11:38:06.733Z","path":"/articles/pcie-6-hpc-socs","step":"verify","ok":true}
{"t":"2026-09-11T11:38:06.734Z","path":"/articles/pcie-6-designs","step":"verify","ok":true}
{"t":"2026-09-11T11:38:10.411Z","path":"/articles/pcie-7-design-ai-bandwidth","step":"verify","ok":true}
{"t":"2026-09-11T11:38:10.874Z","path":"/articles/pcie-automotive-application","step":"verify","ok":true}
{"t":"2026-09-11T11:38:10.885Z","path":"/articles/pcie-cxl-chip-to-chip-ai-scaling","step":"verify","ok":true}
{"t":"2026-09-11T11:38:11.640Z","path":"/articles/pcie-over-optics","step":"verify","ok":true}
{"t":"2026-09-11T11:38:12.465Z","path":"/articles/pcie-u2-u3-data-centers","step":"verify","ok":true}
{"t":"2026-09-11T11:38:14.016Z","path":"/articles/pcie3-bandwidth-considerations","step":"verify","ok":true}
{"t":"2026-09-11T11:38:16.844Z","path":"/articles/performance-coding-advantages","step":"verify","ok":true}
{"t":"2026-09-11T11:38:17.107Z","path":"/articles/pcie5-edge-soc-designs","step":"verify","ok":true}
{"t":"2026-09-11T11:38:17.136Z","path":"/articles/power-gating","step":"verify","ok":true}
{"t":"2026-09-11T11:38:17.735Z","path":"/articles/processor-configurations","step":"verify","ok":true}
{"t":"2026-09-11T11:38:18.870Z","path":"/articles/processor-safety-adas-automotive-systems","step":"verify","ok":true}
{"t":"2026-09-11T11:38:19.941Z","path":"/articles/protecting-against-side-channel","step":"verify","ok":true}
{"t":"2026-09-11T11:38:22.795Z","path":"/articles/pvt-monitoring-ip-gaa-process","step":"verify","ok":true}
{"t":"2026-09-11T11:38:22.817Z","path":"/articles/ras-data-protection","step":"verify","ok":true}
{"t":"2026-09-11T11:38:23.117Z","path":"/articles/prototyping-your-system","step":"verify","ok":true}
{"t":"2026-09-11T11:38:23.678Z","path":"/articles/reach-your-targets","step":"verify","ok":true}
{"t":"2026-09-11T11:38:24.894Z","path":"/articles/reduce-power-consumption","step":"verify","ok":true}
{"t":"2026-09-11T11:38:26.067Z","path":"/articles/reliable-secure-otp-ip","step":"verify","ok":true}
{"t":"2026-09-11T11:38:28.853Z","path":"/articles/secure-connectivity-integrated-sim-isim","step":"verify","ok":true}
{"t":"2026-09-11T11:38:28.853Z","path":"/articles/risc-processors","step":"verify","ok":true}
{"t":"2026-09-11T11:38:30.205Z","path":"/articles/secure-iot-system","step":"verify","ok":true}
{"t":"2026-09-11T11:38:30.543Z","path":"/articles/secure-high-speed-interfaces","step":"verify","ok":true}
{"t":"2026-09-11T11:38:30.566Z","path":"/articles/secure-storage-solution-otp-ip","step":"verify","ok":true}
{"t":"2026-09-11T11:38:31.758Z","path":"/articles/securing-camera-data-mipi-cse2","step":"verify","ok":true}
{"t":"2026-09-11T11:38:34.590Z","path":"/articles/securing-ualink-security-module","step":"verify","ok":true}
{"t":"2026-09-11T11:38:34.944Z","path":"/articles/securing-high-value-targets","step":"verify","ok":true}
{"t":"2026-09-11T11:38:36.991Z","path":"/articles/security-ide-ip","step":"verify","ok":true}
{"t":"2026-09-11T11:38:37.241Z","path":"/articles/serdes-design-trends-angstrom-era","step":"verify","ok":true}
{"t":"2026-09-11T11:38:37.544Z","path":"/articles/selecting-standard-ip","step":"verify","ok":true}
{"t":"2026-09-11T11:38:38.274Z","path":"/articles/sima-machine-learning-embedded-edge","step":"verify","ok":true}
{"t":"2026-09-11T11:38:40.451Z","path":"/articles/sima-synopsys-multi-die-adas-ivi-solutions","step":"verify","ok":true}
{"t":"2026-09-11T11:38:41.316Z","path":"/articles/slm-pvt-monitoring-advanced-node-gaa","step":"verify","ok":true}
{"t":"2026-09-11T11:38:43.085Z","path":"/articles/software-for-cameras","step":"verify","ok":true}
{"t":"2026-09-11T11:38:43.736Z","path":"/articles/software-image-signal-processor","step":"verify","ok":true}
{"t":"2026-09-11T11:38:44.007Z","path":"/articles/solid-foundation-ai-powered-socs","step":"verify","ok":true}
{"t":"2026-09-11T11:38:44.811Z","path":"/articles/solving-clock-signal-integrity-and-jitter-issues","step":"verify","ok":true}
{"t":"2026-09-11T11:38:46.725Z","path":"/articles/sram-puf-secure-silicon-fingerprint","step":"verify","ok":true}
{"t":"2026-09-11T11:38:47.247Z","path":"/articles/sta-strategies-multi-billion-instance-designs","step":"verify","ok":true}
{"t":"2026-09-11T11:38:49.563Z","path":"/articles/synopsys-and-arm-display-ip","step":"verify","ok":true}
{"t":"2026-09-11T11:38:49.959Z","path":"/articles/super-resolution-with-arc-ev","step":"verify","ok":true}
{"t":"2026-09-11T11:38:50.528Z","path":"/articles/techniques-for-improving-qor","step":"verify","ok":true}
{"t":"2026-09-11T11:38:50.778Z","path":"/articles/tee-device-interface-secure-protocol","step":"verify","ok":true}
{"t":"2026-09-11T11:38:52.508Z","path":"/articles/terabit-ethernet-macsec-security","step":"verify","ok":true}
{"t":"2026-09-11T11:38:53.939Z","path":"/articles/test-die-to-die-phy","step":"verify","ok":true}
{"t":"2026-09-11T11:38:55.715Z","path":"/articles/the-dna-of-an-ai-soc","step":"verify","ok":true}
{"t":"2026-09-11T11:38:55.987Z","path":"/articles/the-next-frontier","step":"verify","ok":true}
{"t":"2026-09-11T11:38:57.115Z","path":"/articles/training-self-driving-cars-video-games","step":"verify","ok":true}
{"t":"2026-09-11T11:38:57.135Z","path":"/articles/top-5-features","step":"verify","ok":true}
{"t":"2026-09-11T11:38:58.429Z","path":"/articles/transitioning","step":"verify","ok":true}
{"t":"2026-09-11T11:38:59.808Z","path":"/articles/true-random-number-generator-security","step":"verify","ok":true}
{"t":"2026-09-11T11:39:01.280Z","path":"/articles/ucie-3-0-64gbps-challenges","step":"verify","ok":true}
{"t":"2026-09-11T11:39:02.034Z","path":"/articles/ucie-memory-ai-hpc-use-cases","step":"verify","ok":true}
{"t":"2026-09-11T11:39:03.583Z","path":"/articles/ucie-multi-die-socs","step":"verify","ok":true}
{"t":"2026-09-11T11:39:03.994Z","path":"/articles/ulsee-designing-neural-network","step":"verify","ok":true}
{"t":"2026-09-11T11:39:04.692Z","path":"/articles/ultra-ethernet-ualink-ai-networks","step":"verify","ok":true}
{"t":"2026-09-11T11:39:05.686Z","path":"/articles/understanding-hardware-roots-of-trust","step":"verify","ok":true}
{"t":"2026-09-11T11:39:07.558Z","path":"/articles/understanding-peripherals","step":"verify","ok":true}
{"t":"2026-09-11T11:39:08.277Z","path":"/articles/understanding-power-profile","step":"verify","ok":true}
{"t":"2026-09-11T11:39:09.812Z","path":"/articles/understanding-sdram-standards","step":"verify","ok":true}
{"t":"2026-09-11T11:39:10.221Z","path":"/articles/understanding-the-mipi","step":"verify","ok":true}
{"t":"2026-09-11T11:39:11.364Z","path":"/articles/understanding-usb3-1-terminology","step":"verify","ok":true}
{"t":"2026-09-11T11:39:12.124Z","path":"/articles/understanding-usb4-soc-design-upgrades","step":"verify","ok":true}
{"t":"2026-09-11T11:39:13.492Z","path":"/articles/usb-3-1-host-ip-certification-guide","step":"verify","ok":true}
{"t":"2026-09-11T11:39:13.904Z","path":"/articles/usb-30-superspeed-rises","step":"verify","ok":true}
{"t":"2026-09-11T11:39:15.956Z","path":"/articles/usb-audio","step":"verify","ok":true}
{"t":"2026-09-11T11:39:16.469Z","path":"/articles/usb-ip-finfet","step":"verify","ok":true}
{"t":"2026-09-11T11:39:17.306Z","path":"/articles/usb-type-c","step":"verify","ok":true}
{"t":"2026-09-11T11:39:19.335Z","path":"/articles/usb4-80gbps-ecosystem","step":"verify","ok":true}
{"t":"2026-09-11T11:39:19.339Z","path":"/articles/usb31-protocol-layer-changes","step":"verify","ok":true}
{"t":"2026-09-11T11:39:20.145Z","path":"/articles/using-ai-harness-data-explosion","step":"verify","ok":true}
{"t":"2026-09-11T11:39:21.869Z","path":"/articles/using-foundation-ip","step":"verify","ok":true}
{"t":"2026-09-11T11:39:22.918Z","path":"/articles/using-threat-models","step":"verify","ok":true}
{"t":"2026-09-11T11:39:23.788Z","path":"/articles/vdk-fast-track","step":"verify","ok":true}
{"t":"2026-09-11T11:39:25.162Z","path":"/articles/virtual-prototyping-interface-ip","step":"verify","ok":true}
{"t":"2026-09-11T11:39:25.581Z","path":"/articles/verifying-arm-amba5","step":"verify","ok":true}
{"t":"2026-09-11T11:39:26.449Z","path":"/articles/visually-lossless-compression-for-uhd-displays","step":"verify","ok":true}
{"t":"2026-09-11T11:39:28.248Z","path":"/articles/when-compute-outruns-io-interface-ip-ai-scaling","step":"verify","ok":true}
{"t":"2026-09-11T11:39:29.472Z","path":"/articles/why-ai-needs-security","step":"verify","ok":true}
{"t":"2026-09-11T11:39:29.889Z","path":"/articles/wired-ethernet-speeds","step":"verify","ok":true}
{"t":"2026-09-11T11:39:31.828Z","path":"/authors/aart-de-geus","step":"verify","ok":true}
{"t":"2026-09-11T11:39:32.237Z","path":"/articles","step":"verify","ok":true}
{"t":"2026-09-11T11:39:32.544Z","path":"/authors/abhijeet-chakraborty","step":"verify","ok":true}
{"t":"2026-09-11T11:39:34.477Z","path":"/authors/abhinav-kothiala","step":"verify","ok":true}
{"t":"2026-09-11T11:39:35.569Z","path":"/authors/achim-nohl","step":"verify","ok":true}
{"t":"2026-09-11T11:39:35.989Z","path":"/authors/adam-cron","step":"verify","ok":true}
{"t":"2026-09-11T11:39:37.509Z","path":"/authors/aditi-sharma","step":"verify","ok":true}
{"t":"2026-09-11T11:39:38.199Z","path":"/authors/ahmed-ramadan","step":"verify","ok":true}
{"t":"2026-09-11T11:39:38.333Z","path":"/authors/adrian-ng","step":"verify","ok":true}
{"t":"2026-09-11T11:39:40.489Z","path":"/authors/ajay-daga","step":"verify","ok":true}
{"t":"2026-09-11T11:39:42.066Z","path":"/authors/akanksha-soni","step":"verify","ok":true}
{"t":"2026-09-11T11:39:42.480Z","path":"/authors/al-blais","step":"verify","ok":true}
{"t":"2026-09-11T11:39:44.192Z","path":"/authors/alan-courtay","step":"verify","ok":true}
{"t":"2026-09-11T11:39:44.365Z","path":"/authors/alessandra-nardi","step":"verify","ok":true}
{"t":"2026-09-11T11:39:45.529Z","path":"/authors/alec-vogt","step":"verify","ok":true}
{"t":"2026-09-11T11:39:46.918Z","path":"/authors/alex-wakefield","step":"verify","ok":true}
{"t":"2026-09-11T11:39:48.109Z","path":"/authors/alexey-smirnov","step":"verify","ok":true}
{"t":"2026-09-11T11:39:48.424Z","path":"/authors/alfred-koelbl","step":"verify","ok":true}
{"t":"2026-09-11T11:39:50.224Z","path":"/authors/almitra-pradhan","step":"verify","ok":true}
{"t":"2026-09-11T11:39:50.523Z","path":"/authors/amitkumar-gound","step":"verify","ok":true}
{"t":"2026-09-11T11:39:51.527Z","path":"/authors/amlendu-shekhar-choubey","step":"verify","ok":true}
{"t":"2026-09-11T11:39:54.439Z","path":"/authors/andreas-ropers","step":"verify","ok":true}
{"t":"2026-09-11T11:39:54.912Z","path":"/authors/anders-blom","step":"verify","ok":true}
{"t":"2026-09-11T11:39:55.670Z","path":"/authors/anand-thiruvengadam","step":"verify","ok":true}
{"t":"2026-09-11T11:39:56.197Z","path":"/authors/andrew-appleby","step":"verify","ok":true}
{"t":"2026-09-11T11:39:56.488Z","path":"/authors/andrew-elias","step":"verify","ok":true}
{"t":"2026-09-11T11:39:58.410Z","path":"/authors/andy-jolley","step":"verify","ok":true}
{"t":"2026-09-11T11:40:00.965Z","path":"/authors/andy-tai","step":"verify","ok":true}
{"t":"2026-09-11T11:40:01.171Z","path":"/authors/anil-kumar-gurugubelli","step":"verify","ok":true}
{"t":"2026-09-11T11:40:01.426Z","path":"/authors/anjaneya-thakar","step":"verify","ok":true}
{"t":"2026-09-11T11:40:01.859Z","path":"/authors/anmol-gupta","step":"verify","ok":true}
{"t":"2026-09-11T11:40:02.751Z","path":"/authors/ann-keffer","step":"verify","ok":true}
{"t":"2026-09-11T11:40:04.867Z","path":"/authors/anshul-chawla","step":"verify","ok":true}
{"t":"2026-09-11T11:40:06.991Z","path":"/authors/anthony-matarazzo","step":"verify","ok":true}
{"t":"2026-09-11T11:40:07.666Z","path":"/authors/antonio-costa","step":"verify","ok":true}
{"t":"2026-09-11T11:40:08.083Z","path":"/authors/antonio-varas","step":"verify","ok":true}
{"t":"2026-09-11T11:40:08.792Z","path":"/authors/anuj-pant","step":"verify","ok":true}
{"t":"2026-09-11T11:40:09.095Z","path":"/authors/anupama-shojaei","step":"verify","ok":true}
{"t":"2026-09-11T11:40:11.047Z","path":"/authors/aparna-tarde","step":"verify","ok":true}
{"t":"2026-09-11T11:40:13.597Z","path":"/authors/archana-varanasi","step":"verify","ok":true}
{"t":"2026-09-11T11:40:13.707Z","path":"/authors/arturo-salz","step":"verify","ok":true}
{"t":"2026-09-11T11:40:14.303Z","path":"/authors/arun-bhattacharya","step":"verify","ok":true}
{"t":"2026-09-11T11:40:15.259Z","path":"/authors/arun-venkatachar","step":"verify","ok":true}
{"t":"2026-09-11T11:40:17.078Z","path":"/authors/ash-patel","step":"verify","ok":true}
{"t":"2026-09-11T11:40:19.550Z","path":"/authors/arvind-narayanan","step":"verify","ok":true}
{"t":"2026-09-11T11:40:19.946Z","path":"/authors/asutosh-mishra","step":"verify","ok":true}
{"t":"2026-09-11T11:40:20.371Z","path":"/authors/ashutosh-varma","step":"verify","ok":true}
{"t":"2026-09-11T11:40:20.623Z","path":"/authors/atul-walimbe","step":"verify","ok":true}
{"t":"2026-09-11T11:40:21.184Z","path":"/authors/avanish-singh","step":"verify","ok":true}
{"t":"2026-09-11T11:40:23.808Z","path":"/authors/avinash-palepu","step":"verify","ok":true}
{"t":"2026-09-11T11:40:25.792Z","path":"/authors/ayush-goyal","step":"verify","ok":true}
{"t":"2026-09-11T11:40:26.203Z","path":"/authors/barbara-donaldson","step":"verify","ok":true}
{"t":"2026-09-11T11:40:26.592Z","path":"/authors/biswanath-tayenjam","step":"verify","ok":true}
{"t":"2026-09-11T11:40:26.592Z","path":"/authors/bhavana-chaurasia","step":"verify","ok":true}
{"t":"2026-09-11T11:40:27.249Z","path":"/authors/bjoern-hartmann","step":"verify","ok":true}
{"t":"2026-09-11T11:40:30.440Z","path":"/authors/bobby-zuiss","step":"verify","ok":true}
{"t":"2026-09-11T11:40:32.202Z","path":"/authors/brad-bailey","step":"verify","ok":true}
{"t":"2026-09-11T11:40:32.447Z","path":"/authors/bradley-geden","step":"verify","ok":true}
{"t":"2026-09-11T11:40:32.858Z","path":"/authors/brett-murdock","step":"verify","ok":true}
{"t":"2026-09-11T11:40:33.267Z","path":"/authors/brandon-wang","step":"verify","ok":true}
{"t":"2026-09-11T11:40:33.811Z","path":"/authors/brian-davenport","step":"verify","ok":true}
{"t":"2026-09-11T11:40:36.338Z","path":"/authors/bryan-kelly","step":"verify","ok":true}
{"t":"2026-09-11T11:40:38.292Z","path":"/authors/carlos-basto","step":"verify","ok":true}
{"t":"2026-09-11T11:40:38.752Z","path":"/authors/buvanesh-balasubramanian","step":"verify","ok":true}
{"t":"2026-09-11T11:40:38.799Z","path":"/authors/catherine-le-lan","step":"verify","ok":true}
{"t":"2026-09-11T11:40:39.109Z","path":"/authors/chahinez-hamlaoui","step":"verify","ok":true}
{"t":"2026-09-11T11:40:40.537Z","path":"/authors/charles-dittmer","step":"verify","ok":true}
{"t":"2026-09-11T11:40:43.007Z","path":"/authors/charlie-matar","step":"verify","ok":true}
{"t":"2026-09-11T11:40:44.410Z","path":"/authors/chiragkumar-patel","step":"verify","ok":true}
{"t":"2026-09-11T11:40:44.565Z","path":"/authors/christian-malter","step":"verify","ok":true}
{"t":"2026-09-11T11:40:45.195Z","path":"/authors/christoph-kuznik","step":"verify","ok":true}
{"t":"2026-09-11T11:40:45.895Z","path":"/authors/chris-clark","step":"verify","ok":true}
{"t":"2026-09-11T11:40:46.385Z","path":"/authors/chun-chan","step":"verify","ok":true}
{"t":"2026-09-11T11:40:49.211Z","path":"/authors/chun-soo-kim","step":"verify","ok":true}
{"t":"2026-09-11T11:40:50.066Z","path":"/authors/claris-leung","step":"verify","ok":true}
{"t":"2026-09-11T11:40:50.983Z","path":"/authors/damian-roberts","step":"verify","ok":true}
{"t":"2026-09-11T11:40:51.229Z","path":"/authors/dale-donchin","step":"verify","ok":true}
{"t":"2026-09-11T11:40:52.788Z","path":"/authors/daniel-castello","step":"verify","ok":true}
{"t":"2026-09-11T11:40:53.491Z","path":"/authors/dana-neustadter","step":"verify","ok":true}
{"t":"2026-09-11T11:40:55.286Z","path":"/authors/daniel-koehler","step":"verify","ok":true}
{"t":"2026-09-11T11:40:57.048Z","path":"/authors/daryl-seitzer","step":"verify","ok":true}
{"t":"2026-09-11T11:40:57.180Z","path":"/authors/datsen-davies-tharakan","step":"verify","ok":true}
{"t":"2026-09-11T11:40:57.517Z","path":"/authors/deandre-hoskins","step":"verify","ok":true}
{"t":"2026-09-11T11:40:59.180Z","path":"/authors/debbie-chiu","step":"verify","ok":true}
{"t":"2026-09-11T11:40:59.552Z","path":"/authors/deepak-ahuja","step":"verify","ok":true}
{"t":"2026-09-11T11:41:01.317Z","path":"/authors/deepak-kumar-lnu","step":"verify","ok":true}
{"t":"2026-09-11T11:41:03.198Z","path":"/authors/deepak-nagaria","step":"verify","ok":true}
{"t":"2026-09-11T11:41:03.315Z","path":"/authors/deepak-sherlekar","step":"verify","ok":true}
{"t":"2026-09-11T11:41:03.713Z","path":"/authors/deirdre-hanford","step":"verify","ok":true}
{"t":"2026-09-11T11:41:05.421Z","path":"/authors/dennis-kengo-oka","step":"verify","ok":true}
{"t":"2026-09-11T11:41:05.674Z","path":"/authors/dermott-lynch","step":"verify","ok":true}
{"t":"2026-09-11T11:41:07.546Z","path":"/authors/derya-eker","step":"verify","ok":true}
{"t":"2026-09-11T11:41:09.303Z","path":"/authors/dhruv-garg","step":"verify","ok":true}
{"t":"2026-09-11T11:41:09.549Z","path":"/authors/diego-gonzalez-montes","step":"verify","ok":true}
{"t":"2026-09-11T11:41:09.549Z","path":"/authors/dipanjan-basu","step":"verify","ok":true}
{"t":"2026-09-11T11:41:11.721Z","path":"/authors/dr-antonio-salazar","step":"verify","ok":true}
{"t":"2026-09-11T11:41:11.818Z","path":"/authors/diwakar-kumaraswamy","step":"verify","ok":true}
{"t":"2026-09-11T11:41:14.628Z","path":"/authors/dr-johannes-stahl","step":"verify","ok":true}
{"t":"2026-09-11T11:41:15.306Z","path":"/authors/dustin-todd","step":"verify","ok":true}
{"t":"2026-09-11T11:41:15.538Z","path":"/authors/dr-larry-melvin","step":"verify","ok":true}
{"t":"2026-09-11T11:41:15.633Z","path":"/authors/dr-markus-wedler","step":"verify","ok":true}
{"t":"2026-09-11T11:41:17.841Z","path":"/authors/eldon-nelson","step":"verify","ok":true}
{"t":"2026-09-11T11:41:18.013Z","path":"/authors/eldo-n-baby","step":"verify","ok":true}
{"t":"2026-09-11T11:41:21.070Z","path":"/authors/emily-gerken","step":"verify","ok":true}
{"t":"2026-09-11T11:41:21.129Z","path":"/authors/emmanuel-follin-sr","step":"verify","ok":true}
{"t":"2026-09-11T11:41:21.617Z","path":"/authors/erika-varga-mcenroe","step":"verify","ok":true}
{"t":"2026-09-11T11:41:21.797Z","path":"/authors/eric-huang","step":"verify","ok":true}
{"t":"2026-09-11T11:41:24.261Z","path":"/authors/erin-guzman","step":"verify","ok":true}
{"t":"2026-09-11T11:41:24.495Z","path":"/authors/faisal-goriawalla","step":"verify","ok":true}
{"t":"2026-09-11T11:41:27.349Z","path":"/authors/farzin-rasteh","step":"verify","ok":true}
{"t":"2026-09-11T11:41:27.527Z","path":"/authors/fergus-casey","step":"verify","ok":true}
{"t":"2026-09-11T11:41:27.844Z","path":"/authors/filip-thoen","step":"verify","ok":true}
{"t":"2026-09-11T11:41:27.923Z","path":"/authors/falco-munsche","step":"verify","ok":true}
{"t":"2026-09-11T11:41:30.204Z","path":"/authors/frank-malloy","step":"verify","ok":true}
{"t":"2026-09-11T11:41:30.204Z","path":"/authors/frank-gover","step":"verify","ok":true}
{"t":"2026-09-11T11:41:33.359Z","path":"/authors/gabriele-penazzi","step":"verify","ok":true}
{"t":"2026-09-11T11:41:33.657Z","path":"/authors/gary-rudolph","step":"verify","ok":true}
{"t":"2026-09-11T11:41:33.913Z","path":"/authors/gandharv-bhatara","step":"verify","ok":true}
{"t":"2026-09-11T11:41:34.658Z","path":"/authors/frank-schirrmeister","step":"verify","ok":true}
{"t":"2026-09-11T11:41:36.054Z","path":"/authors/gaurav-kumar","step":"verify","ok":true}
{"t":"2026-09-11T11:41:37.344Z","path":"/authors/gary-ruggles","step":"verify","ok":true}
{"t":"2026-09-11T11:41:39.515Z","path":"/authors/geert-jan-schrijen","step":"verify","ok":true}
{"t":"2026-09-11T11:41:39.848Z","path":"/authors/gerhard-scherer","step":"verify","ok":true}
{"t":"2026-09-11T11:41:40.011Z","path":"/authors/geetha-rangarajan","step":"verify","ok":true}
{"t":"2026-09-11T11:41:40.820Z","path":"/authors/gert-goossens","step":"verify","ok":true}
{"t":"2026-09-11T11:41:42.088Z","path":"/authors/gervais-fong","step":"verify","ok":true}
{"t":"2026-09-11T11:41:43.396Z","path":"/authors/gnana-kanagaratnam","step":"verify","ok":true}
{"t":"2026-09-11T11:41:45.630Z","path":"/authors/gopinath-lakshmi-narasimhan","step":"verify","ok":true}
{"t":"2026-09-11T11:41:45.955Z","path":"/authors/godwin-maben","step":"verify","ok":true}
{"t":"2026-09-11T11:41:46.269Z","path":"/authors/gordon-cooper","step":"verify","ok":true}
{"t":"2026-09-11T11:41:47.163Z","path":"/authors/graham-allan","step":"verify","ok":true}
{"t":"2026-09-11T11:41:48.933Z","path":"/authors/greg-sorber","step":"verify","ok":true}
{"t":"2026-09-11T11:41:49.436Z","path":"/authors/gunjan-kumar-gupta","step":"verify","ok":true}
{"t":"2026-09-11T11:41:51.909Z","path":"/authors/gunnar-braun","step":"verify","ok":true}
{"t":"2026-09-11T11:41:52.935Z","path":"/authors/gurbir-singh","step":"verify","ok":true}
{"t":"2026-09-11T11:41:53.015Z","path":"/authors/gustavo-pimentel","step":"verify","ok":true}
{"t":"2026-09-11T11:41:53.676Z","path":"/authors/guy-cortez","step":"verify","ok":true}
{"t":"2026-09-11T11:41:54.797Z","path":"/authors/hany-elhak","step":"verify","ok":true}
{"t":"2026-09-11T11:41:55.224Z","path":"/authors/harsha-vardhan","step":"verify","ok":true}
{"t":"2026-09-11T11:41:58.185Z","path":"/authors/henry-sheng","step":"verify","ok":true}
{"t":"2026-09-11T11:41:59.287Z","path":"/authors/himanshu-kathuria","step":"verify","ok":true}
{"t":"2026-09-11T11:41:59.971Z","path":"/authors/hezi-saar","step":"verify","ok":true}
{"t":"2026-09-11T11:41:59.990Z","path":"/authors/hiromitsu-fujii","step":"verify","ok":true}
{"t":"2026-09-11T11:42:00.718Z","path":"/authors/holger-keding","step":"verify","ok":true}
{"t":"2026-09-11T11:42:01.025Z","path":"/authors/hoseong-kim","step":"verify","ok":true}
{"t":"2026-09-11T11:42:04.389Z","path":"/authors/hugo-neto","step":"verify","ok":true}
{"t":"2026-09-11T11:42:06.214Z","path":"/authors/igor-markov","step":"verify","ok":true}
{"t":"2026-09-11T11:42:06.295Z","path":"/authors/idan-berko","step":"verify","ok":true}
{"t":"2026-09-11T11:42:06.531Z","path":"/authors/ilyat-tolchinsky","step":"verify","ok":true}
{"t":"2026-09-11T11:42:06.703Z","path":"/authors/ian-land","step":"verify","ok":true}
{"t":"2026-09-11T11:42:06.945Z","path":"/authors/irfan-shaikh","step":"verify","ok":true}
{"t":"2026-09-11T11:42:10.456Z","path":"/authors/isaac-zafrany","step":"verify","ok":true}
{"t":"2026-09-11T11:42:12.212Z","path":"/authors/jacob-avidan","step":"verify","ok":true}
{"t":"2026-09-11T11:42:12.336Z","path":"/authors/james-patton","step":"verify","ok":true}
{"t":"2026-09-11T11:42:12.498Z","path":"/authors/jamie-gooch","step":"verify","ok":true}
{"t":"2026-09-11T11:42:13.212Z","path":"/authors/james-chuang","step":"verify","ok":true}
{"t":"2026-09-11T11:42:13.336Z","path":"/authors/jamil-kawa","step":"verify","ok":true}
{"t":"2026-09-11T11:42:16.176Z","path":"/authors/jason-niatas","step":"verify","ok":true}
{"t":"2026-09-11T11:42:18.452Z","path":"/authors/jay-roy","step":"verify","ok":true}
{"t":"2026-09-11T11:42:19.091Z","path":"/authors/jennifer-pyon","step":"verify","ok":true}
{"t":"2026-09-11T11:42:19.218Z","path":"/authors/jerome-avezou","step":"verify","ok":true}
{"t":"2026-09-11T11:42:19.238Z","path":"/authors/jayraj-nair","step":"verify","ok":true}
{"t":"2026-09-11T11:42:20.907Z","path":"/authors/jerome-toublanc","step":"verify","ok":true}
{"t":"2026-09-11T11:42:22.629Z","path":"/authors/jian-yang","step":"verify","ok":true}
{"t":"2026-09-11T11:42:25.323Z","path":"/authors/jiangtao-meng","step":"verify","ok":true}
{"t":"2026-09-11T11:42:25.466Z","path":"/authors/jin-zhang","step":"verify","ok":true}
{"t":"2026-09-11T11:42:25.811Z","path":"/authors/jim-schultz","step":"verify","ok":true}
{"t":"2026-09-11T11:42:28.187Z","path":"/authors/jirka-schatz","step":"verify","ok":true}
{"t":"2026-09-11T11:42:28.566Z","path":"/authors/joao-lucas","step":"verify","ok":true}
{"t":"2026-09-11T11:42:29.841Z","path":"/authors/jigesh-patel","step":"verify","ok":true}
{"t":"2026-09-11T11:42:31.316Z","path":"/authors/joep-boonstra","step":"verify","ok":true}
{"t":"2026-09-11T11:42:31.691Z","path":"/authors/john-alwyn","step":"verify","ok":true}
{"t":"2026-09-11T11:42:34.610Z","path":"/authors/john-moors","step":"verify","ok":true}
{"t":"2026-09-11T11:42:34.933Z","path":"/authors/john-koeter","step":"verify","ok":true}
{"t":"2026-09-11T11:42:36.638Z","path":"/authors/john-wilkosz","step":"verify","ok":true}
{"t":"2026-09-11T11:42:37.045Z","path":"/authors/jon-ames","step":"verify","ok":true}
{"t":"2026-09-11T11:42:37.199Z","path":"/authors/john-swanson","step":"verify","ok":true}
{"t":"2026-09-11T11:42:37.857Z","path":"/authors/jon-colburn","step":"verify","ok":true}
{"t":"2026-09-11T11:42:41.374Z","path":"/authors/josefina-hobbs","step":"verify","ok":true}
{"t":"2026-09-11T11:42:42.425Z","path":"/authors/jyotika-athavale","step":"verify","ok":true}
{"t":"2026-09-11T11:42:43.266Z","path":"/authors/kai-wang","step":"verify","ok":true}
{"t":"2026-09-11T11:42:43.632Z","path":"/authors/kamal-desai","step":"verify","ok":true}
{"t":"2026-09-11T11:42:44.549Z","path":"/authors/kant-deshpande","step":"verify","ok":true}
{"t":"2026-09-11T11:42:45.132Z","path":"/authors/karan-shah","step":"verify","ok":true}
{"t":"2026-09-11T11:42:47.549Z","path":"/authors/karthik-kalpat","step":"verify","ok":true}
{"t":"2026-09-11T11:42:49.172Z","path":"/authors/keivan-javadi-khasraghi","step":"verify","ok":true}
{"t":"2026-09-11T11:42:49.594Z","path":"/authors/keith-redmond","step":"verify","ok":true}
{"t":"2026-09-11T11:42:49.842Z","path":"/authors/kelly-damalou","step":"verify","ok":true}
{"t":"2026-09-11T11:42:50.788Z","path":"/authors/kelvin-boey","step":"verify","ok":true}
{"t":"2026-09-11T11:42:51.110Z","path":"/authors/ken-potts","step":"verify","ok":true}
{"t":"2026-09-11T11:42:54.782Z","path":"/authors/kenneth-larsen","step":"verify","ok":true}
{"t":"2026-09-11T11:42:55.302Z","path":"/authors/kent-lusted","step":"verify","ok":true}
{"t":"2026-09-11T11:42:56.219Z","path":"/authors/kerim-genc","step":"verify","ok":true}
{"t":"2026-09-11T11:42:56.939Z","path":"/authors/kevin-wei","step":"verify","ok":true}
{"t":"2026-09-11T11:42:57.335Z","path":"/authors/kevin-brand","step":"verify","ok":true}
{"t":"2026-09-11T11:42:59.891Z","path":"/authors/khalid-khan","step":"verify","ok":true}
{"t":"2026-09-11T11:43:01.552Z","path":"/authors/kirankumar-karanam","step":"verify","ok":true}
{"t":"2026-09-11T11:43:02.294Z","path":"/authors/kiran-vittal","step":"verify","ok":true}
{"t":"2026-09-11T11:43:02.454Z","path":"/authors/kopal-kulshreshtha","step":"verify","ok":true}
{"t":"2026-09-11T11:43:03.504Z","path":"/authors/krishna-balachandran","step":"verify","ok":true}
{"t":"2026-09-11T11:43:04.526Z","path":"/authors/kritti-pathak","step":"verify","ok":true}
{"t":"2026-09-11T11:43:06.791Z","path":"/authors/lakshmi-jain","step":"verify","ok":true}
{"t":"2026-09-11T11:43:07.993Z","path":"/authors/lam-trinh","step":"verify","ok":true}
{"t":"2026-09-11T11:43:08.540Z","path":"/authors/lang-lin","step":"verify","ok":true}
{"t":"2026-09-11T11:43:09.469Z","path":"/authors/larry-williams","step":"verify","ok":true}
{"t":"2026-09-11T11:43:09.840Z","path":"/authors/lauren-wu","step":"verify","ok":true}
{"t":"2026-09-11T11:43:10.402Z","path":"/authors/laxmi-narayan","step":"verify","ok":true}
{"t":"2026-09-11T11:43:13.831Z","path":"/authors/leonard-drucker","step":"verify","ok":true}
{"t":"2026-09-11T11:43:15.372Z","path":"/authors/lianna-balayan","step":"verify","ok":true}
{"t":"2026-09-11T11:43:15.593Z","path":"/authors/licinio-sousa","step":"verify","ok":true}
{"t":"2026-09-11T11:43:15.630Z","path":"/authors/lokesh-ahuja","step":"verify","ok":true}
{"t":"2026-09-11T11:43:15.738Z","path":"/authors/lj-chen","step":"verify","ok":true}
{"t":"2026-09-11T11:43:16.161Z","path":"/authors/lorin-kennedy","step":"verify","ok":true}
{"t":"2026-09-11T11:43:19.940Z","path":"/authors/luca-amaru","step":"verify","ok":true}
{"t":"2026-09-11T11:43:21.976Z","path":"/authors/magaly-sandoval-pichardo","step":"verify","ok":true}
{"t":"2026-09-11T11:43:22.044Z","path":"/authors/makarand-patil","step":"verify","ok":true}
{"t":"2026-09-11T11:43:22.174Z","path":"/authors/malay-ganai","step":"verify","ok":true}
{"t":"2026-09-11T11:43:22.366Z","path":"/authors/mallik-devulapalli","step":"verify","ok":true}
{"t":"2026-09-11T11:43:22.442Z","path":"/authors/madhumita-sanyal","step":"verify","ok":true}
{"t":"2026-09-11T11:43:25.846Z","path":"/authors/malte-doerper","step":"verify","ok":true}
{"t":"2026-09-11T11:43:28.276Z","path":"/authors/manas-ranjan-raiguru","step":"verify","ok":true}
{"t":"2026-09-11T11:43:28.724Z","path":"/authors/manu-verma","step":"verify","ok":true}
{"t":"2026-09-11T11:43:28.751Z","path":"/authors/manmeet-walia","step":"verify","ok":true}
{"t":"2026-09-11T11:43:28.824Z","path":"/authors/manoz-palaparthi","step":"verify","ok":true}
{"t":"2026-09-11T11:43:28.975Z","path":"/authors/manoj-chacko","step":"verify","ok":true}
{"t":"2026-09-11T11:43:33.053Z","path":"/authors/manuel-mota","step":"verify","ok":true}
{"t":"2026-09-11T11:43:35.430Z","path":"/authors/maria-auras-rodriguez","step":"verify","ok":true}
{"t":"2026-09-11T11:43:35.537Z","path":"/authors/marc-swinnen","step":"verify","ok":true}
{"t":"2026-09-11T11:43:35.630Z","path":"/authors/marc-serughetti","step":"verify","ok":true}
{"t":"2026-09-11T11:43:35.859Z","path":"/authors/marin-stanev","step":"verify","ok":true}
{"t":"2026-09-11T11:43:35.926Z","path":"/authors/mark-richards","step":"verify","ok":true}
{"t":"2026-09-11T11:43:39.078Z","path":"/authors/markus-stix","step":"verify","ok":true}
{"t":"2026-09-11T11:43:42.073Z","path":"/authors/markus-willems","step":"verify","ok":true}
{"t":"2026-09-11T11:43:42.339Z","path":"/authors/martin-niset","step":"verify","ok":true}
{"t":"2026-09-11T11:43:42.356Z","path":"/authors/mary-ann-white","step":"verify","ok":true}
{"t":"2026-09-11T11:43:42.442Z","path":"/authors/martyn-bronziet","step":"verify","ok":true}
{"t":"2026-09-11T11:43:42.907Z","path":"/authors/marta-plantykow","step":"verify","ok":true}
{"t":"2026-09-11T11:43:44.922Z","path":"/authors/mathias-hoehne","step":"verify","ok":true}
{"t":"2026-09-11T11:43:48.356Z","path":"/authors/mehak-kalra","step":"verify","ok":true}
{"t":"2026-09-11T11:43:48.540Z","path":"/authors/meghana-bellumori","step":"verify","ok":true}
{"t":"2026-09-11T11:43:48.611Z","path":"/authors/meenakshy-ramachandran","step":"verify","ok":true}
{"t":"2026-09-11T11:43:48.627Z","path":"/authors/michael-posner","step":"verify","ok":true}
{"t":"2026-09-11T11:43:49.853Z","path":"/authors/mike-borza","step":"verify","ok":true}
{"t":"2026-09-11T11:43:51.371Z","path":"/authors/mike-gianfagna","step":"verify","ok":true}
{"t":"2026-09-11T11:43:54.150Z","path":"/authors/mingchi-liu","step":"verify","ok":true}
{"t":"2026-09-11T11:43:54.383Z","path":"/authors/min-guo","step":"verify","ok":true}
{"t":"2026-09-11T11:43:54.731Z","path":"/authors/mitch-heins","step":"verify","ok":true}
{"t":"2026-09-11T11:43:55.288Z","path":"/authors/mischa-jonker","step":"verify","ok":true}
{"t":"2026-09-11T11:43:56.488Z","path":"/authors/mohammad-tanveer","step":"verify","ok":true}
{"t":"2026-09-11T11:43:57.566Z","path":"/authors/mohit-bhardwaj","step":"verify","ok":true}
{"t":"2026-09-11T11:43:59.879Z","path":"/authors/monica-olvera","step":"verify","ok":true}
{"t":"2026-09-11T11:44:00.197Z","path":"/authors/moninder-bansal","step":"verify","ok":true}
{"t":"2026-09-11T11:44:01.377Z","path":"/authors/morten-christiansen","step":"verify","ok":true}
{"t":"2026-09-11T11:44:02.358Z","path":"/authors/myles-glisson","step":"verify","ok":true}
{"t":"2026-09-11T11:44:02.635Z","path":"/authors/nafiz-ahmed","step":"verify","ok":true}
{"t":"2026-09-11T11:44:03.579Z","path":"/authors/nahmsuk-oh","step":"verify","ok":true}
{"t":"2026-09-11T11:44:05.737Z","path":"/authors/nancy-wall","step":"verify","ok":true}
{"t":"2026-09-11T11:44:06.669Z","path":"/authors/narasimha-babu-g-v-l","step":"verify","ok":true}
{"t":"2026-09-11T11:44:08.138Z","path":"/authors/naveen-battu","step":"verify","ok":true}
{"t":"2026-09-11T11:44:08.280Z","path":"/authors/nathalie-bijnens","step":"verify","ok":true}
{"t":"2026-09-11T11:44:09.066Z","path":"/authors/navneet-kumar-chaurasia","step":"verify","ok":true}
{"t":"2026-09-11T11:44:10.354Z","path":"/authors/neel-gopalan","step":"verify","ok":true}
{"t":"2026-09-11T11:44:11.928Z","path":"/authors/neelabja-dutta","step":"verify","ok":true}
{"t":"2026-09-11T11:44:12.320Z","path":"/authors/neeraj-paliwal","step":"verify","ok":true}
{"t":"2026-09-11T11:44:14.645Z","path":"/authors/neil-songcuan","step":"verify","ok":true}
{"t":"2026-09-11T11:44:14.987Z","path":"/authors/nicolas-amringer","step":"verify","ok":true}
{"t":"2026-09-11T11:44:15.576Z","path":"/authors/nikhil-amin","step":"verify","ok":true}
{"t":"2026-09-11T11:44:16.776Z","path":"/authors/nikhil-jain","step":"verify","ok":true}
{"t":"2026-09-11T11:44:17.676Z","path":"/authors/nishith-sharma","step":"verify","ok":true}
{"t":"2026-09-11T11:44:18.780Z","path":"/authors/nitin-kalra","step":"verify","ok":true}
{"t":"2026-09-11T11:44:20.840Z","path":"/authors/nusrat-ali","step":"verify","ok":true}
{"t":"2026-09-11T11:44:20.891Z","path":"/authors/noman-hai","step":"verify","ok":true}
{"t":"2026-09-11T11:44:21.744Z","path":"/authors/pamela-mcdaniel","step":"verify","ok":true}
{"t":"2026-09-11T11:44:24.135Z","path":"/authors/paritosh-pushp","step":"verify","ok":true}
{"t":"2026-09-11T11:44:24.383Z","path":"/authors/paras-mal-jain","step":"verify","ok":true}
{"t":"2026-09-11T11:44:26.220Z","path":"/authors/patrick-haspel","step":"verify","ok":true}
{"t":"2026-09-11T11:44:26.662Z","path":"/authors/patrick-verbist","step":"verify","ok":true}
{"t":"2026-09-11T11:44:27.514Z","path":"/authors/patrick-sheridan","step":"verify","ok":true}
{"t":"2026-09-11T11:44:27.622Z","path":"/authors/paul-holt","step":"verify","ok":true}
{"t":"2026-09-11T11:44:29.936Z","path":"/authors/pavani-jella","step":"verify","ok":true}
{"t":"2026-09-11T11:44:31.636Z","path":"/authors/pavithra-c-suriyanarayanan","step":"verify","ok":true}
{"t":"2026-09-11T11:44:32.829Z","path":"/authors/pedro-ricardo-miguel","step":"verify","ok":true}
{"t":"2026-09-11T11:44:33.445Z","path":"/authors/pawini-mahajan","step":"verify","ok":true}
{"t":"2026-09-11T11:44:33.962Z","path":"/authors/peter-simons","step":"verify","ok":true}
{"t":"2026-09-11T11:44:34.561Z","path":"/authors/peter-tsai","step":"verify","ok":true}
{"t":"2026-09-11T11:44:36.378Z","path":"/authors/phani-emani","step":"verify","ok":true}
{"t":"2026-09-11T11:44:37.692Z","path":"/authors/pieter-van-der-wolf","step":"verify","ok":true}
{"t":"2026-09-11T11:44:39.474Z","path":"/authors/piyush-sancheti","step":"verify","ok":true}
{"t":"2026-09-11T11:44:40.076Z","path":"/authors/prabha-krishnaswami","step":"verify","ok":true}
{"t":"2026-09-11T11:44:40.121Z","path":"/authors/plamen-asenov","step":"verify","ok":true}
{"t":"2026-09-11T11:44:42.105Z","path":"/authors/prasad-saggurti","step":"verify","ok":true}
{"t":"2026-09-11T11:44:43.417Z","path":"/authors/prasad-subudhi-k-s","step":"verify","ok":true}
{"t":"2026-09-11T11:44:45.063Z","path":"/authors/pratik-mahajan","step":"verify","ok":true}
{"t":"2026-09-11T11:44:45.110Z","path":"/authors/pratap-neelashetty","step":"verify","ok":true}
{"t":"2026-09-11T11:44:46.812Z","path":"/authors/praveen-durga","step":"verify","ok":true}
{"t":"2026-09-11T11:44:46.887Z","path":"/authors/preeti-jain","step":"verify","ok":true}
{"t":"2026-09-11T11:44:48.226Z","path":"/authors/prith-banerjee","step":"verify","ok":true}
{"t":"2026-09-11T11:44:50.759Z","path":"/authors/priyank-shukla","step":"verify","ok":true}
{"t":"2026-09-11T11:44:51.222Z","path":"/authors/pushpal-nautiyal","step":"verify","ok":true}
{"t":"2026-09-11T11:44:51.394Z","path":"/authors/rahul-deokar","step":"verify","ok":true}
{"t":"2026-09-11T11:44:52.972Z","path":"/authors/rahul-thukral","step":"verify","ok":true}
{"t":"2026-09-11T11:44:53.784Z","path":"/authors/rahul-singhal","step":"verify","ok":true}
{"t":"2026-09-11T11:44:54.148Z","path":"/authors/raja-badrinarayanan","step":"verify","ok":true}
{"t":"2026-09-11T11:44:57.150Z","path":"/authors/ramsay-allen","step":"verify","ok":true}
{"t":"2026-09-11T11:44:57.394Z","path":"/authors/raja-tabet","step":"verify","ok":true}
{"t":"2026-09-11T11:44:57.564Z","path":"/authors/ramesh-narayanaswamy","step":"verify","ok":true}
{"t":"2026-09-11T11:44:59.349Z","path":"/authors/randy-fish","step":"verify","ok":true}
{"t":"2026-09-11T11:44:59.799Z","path":"/authors/ravi-todi","step":"verify","ok":true}
{"t":"2026-09-11T11:45:00.316Z","path":"/authors/reed-hinkel","step":"verify","ok":true}
{"t":"2026-09-11T11:45:03.096Z","path":"/authors/revi-ofir","step":"verify","ok":true}
{"t":"2026-09-11T11:45:03.897Z","path":"/authors/rich-collins","step":"verify","ok":true}
{"t":"2026-09-11T11:45:04.368Z","path":"/authors/ricardo-borges","step":"verify","ok":true}
{"t":"2026-09-11T11:45:05.878Z","path":"/authors/rich-goldman","step":"verify","ok":true}
{"t":"2026-09-11T11:45:06.942Z","path":"/authors/rick-furtner","step":"verify","ok":true}
{"t":"2026-09-11T11:45:07.098Z","path":"/authors/richard-solomon","step":"verify","ok":true}
{"t":"2026-09-11T11:45:09.617Z","path":"/authors/rimpy-chugh","step":"verify","ok":true}
{"t":"2026-09-11T11:45:11.120Z","path":"/authors/rishikumar-chauhan","step":"verify","ok":true}
{"t":"2026-09-11T11:45:11.132Z","path":"/authors/rita-horner","step":"verify","ok":true}
{"t":"2026-09-11T11:45:12.330Z","path":"/authors/rob-aitken","step":"verify","ok":true}
{"t":"2026-09-11T11:45:13.023Z","path":"/authors/rob-dohanyos","step":"verify","ok":true}
{"t":"2026-09-11T11:45:13.999Z","path":"/authors/rob-kruger","step":"verify","ok":true}
{"t":"2026-09-11T11:45:16.811Z","path":"/authors/rob-parris","step":"verify","ok":true}
{"t":"2026-09-11T11:45:17.669Z","path":"/authors/robert-petrosyan","step":"verify","ok":true}
{"t":"2026-09-11T11:45:18.577Z","path":"/authors/robert-ruiz","step":"verify","ok":true}
{"t":"2026-09-11T11:45:19.110Z","path":"/authors/rob-van-blommestein","step":"verify","ok":true}
{"t":"2026-09-11T11:45:19.397Z","path":"/authors/rohan-bhatangar","step":"verify","ok":true}
{"t":"2026-09-11T11:45:19.858Z","path":"/authors/rohan-bhatnagar","step":"verify","ok":true}
{"t":"2026-09-11T11:45:23.060Z","path":"/authors/rohit-kumar-ohlayan","step":"verify","ok":true}
{"t":"2026-09-11T11:45:23.905Z","path":"/authors/rohitash-shukla","step":"verify","ok":true}
{"t":"2026-09-11T11:45:25.051Z","path":"/authors/ron-digiuseppe","step":"verify","ok":true}
{"t":"2026-09-11T11:45:25.334Z","path":"/authors/ron-duncan","step":"verify","ok":true}
{"t":"2026-09-11T11:45:26.337Z","path":"/authors/ruben-molina","step":"verify","ok":true}
{"t":"2026-09-11T11:45:26.802Z","path":"/authors/ron-lowman","step":"verify","ok":true}
{"t":"2026-09-11T11:45:29.407Z","path":"/authors/ruben-sousa","step":"verify","ok":true}
{"t":"2026-09-11T11:45:30.021Z","path":"/authors/rupali-kale-gaikwad","step":"verify","ok":true}
{"t":"2026-09-11T11:45:31.471Z","path":"/authors/ruud-derwig","step":"verify","ok":true}
{"t":"2026-09-11T11:45:31.475Z","path":"/authors/rutger-carlsson","step":"verify","ok":true}
{"t":"2026-09-11T11:45:32.486Z","path":"/authors/sahil-bargal","step":"verify","ok":true}
{"t":"2026-09-11T11:45:33.870Z","path":"/authors/sai-kumar-yella","step":"verify","ok":true}
{"t":"2026-09-11T11:45:36.267Z","path":"/authors/sajani-patel","step":"verify","ok":true}
{"t":"2026-09-11T11:45:36.349Z","path":"/authors/sairam-kolapalli","step":"verify","ok":true}
{"t":"2026-09-11T11:45:37.395Z","path":"/authors/saksham-gupta","step":"verify","ok":true}
{"t":"2026-09-11T11:45:37.467Z","path":"/authors/sam-tennent","step":"verify","ok":true}
{"t":"2026-09-11T11:45:39.009Z","path":"/authors/samad-parekh","step":"verify","ok":true}
{"t":"2026-09-11T11:45:39.848Z","path":"/authors/samskrut-konduru","step":"verify","ok":true}
{"t":"2026-09-11T11:45:43.125Z","path":"/authors/sandeep-mehndiratta","step":"verify","ok":true}
{"t":"2026-09-11T11:45:43.533Z","path":"/authors/sangeeta-kulkarni","step":"verify","ok":true}
{"t":"2026-09-11T11:45:43.967Z","path":"/authors/sanjay-bali","step":"verify","ok":true}
{"t":"2026-09-11T11:45:44.199Z","path":"/authors/sanjay-gangadhara","step":"verify","ok":true}
{"t":"2026-09-11T11:45:45.744Z","path":"/authors/sara-zafar-jafarzadeh","step":"verify","ok":true}
{"t":"2026-09-11T11:45:45.922Z","path":"/authors/sashi-obilisetty","step":"verify","ok":true}
{"t":"2026-09-11T11:45:49.421Z","path":"/authors/sassine-ghazi","step":"verify","ok":true}
{"t":"2026-09-11T11:45:49.828Z","path":"/authors/scott-durrant","step":"verify","ok":true}
{"t":"2026-09-11T11:45:50.811Z","path":"/authors/senthil-annamalai","step":"verify","ok":true}
{"t":"2026-09-11T11:45:50.824Z","path":"/authors/scott-knowlton","step":"verify","ok":true}
{"t":"2026-09-11T11:45:51.515Z","path":"/authors/sergio-silva","step":"verify","ok":true}
{"t":"2026-09-11T11:45:53.455Z","path":"/authors/shankar-krishnamoorthy","step":"verify","ok":true}
{"t":"2026-09-11T11:45:55.787Z","path":"/authors/shawn-carpenter","step":"verify","ok":true}
{"t":"2026-09-11T11:45:56.825Z","path":"/authors/shekhar-kapoor","step":"verify","ok":true}
{"t":"2026-09-11T11:45:56.854Z","path":"/authors/shela-aboud","step":"verify","ok":true}
{"t":"2026-09-11T11:45:57.205Z","path":"/authors/shruti-bagaria","step":"verify","ok":true}
{"t":"2026-09-11T11:45:57.897Z","path":"/authors/shruti-masaguppi","step":"verify","ok":true}
{"t":"2026-09-11T11:45:59.474Z","path":"/authors/shuaiyu-jiang","step":"verify","ok":true}
{"t":"2026-09-11T11:46:02.136Z","path":"/authors/siddartha-papineni","step":"verify","ok":true}
{"t":"2026-09-11T11:46:03.245Z","path":"/authors/soheil-modirzadeh","step":"verify","ok":true}
{"t":"2026-09-11T11:46:03.343Z","path":"/authors/simon-han","step":"verify","ok":true}
{"t":"2026-09-11T11:46:03.472Z","path":"/authors/sojan-philips","step":"verify","ok":true}
{"t":"2026-09-11T11:46:03.873Z","path":"/authors/solaiman-rahim","step":"verify","ok":true}
{"t":"2026-09-11T11:46:05.614Z","path":"/authors/soren-smidstrup","step":"verify","ok":true}
{"t":"2026-09-11T11:46:08.027Z","path":"/authors/sreenath-panganamala","step":"verify","ok":true}
{"t":"2026-09-11T11:46:09.359Z","path":"/authors/sri-ganta","step":"verify","ok":true}
{"t":"2026-09-11T11:46:09.600Z","path":"/authors/srideepti-pisipati","step":"verify","ok":true}
{"t":"2026-09-11T11:46:10.792Z","path":"/authors/sridhar-panchapakesan","step":"verify","ok":true}
{"t":"2026-09-11T11:46:11.503Z","path":"/authors/srini-krishnaswami","step":"verify","ok":true}
{"t":"2026-09-11T11:46:11.652Z","path":"/authors/srinivas-macha","step":"verify","ok":true}
{"t":"2026-09-11T11:46:14.749Z","path":"/authors/srinivas-velivala","step":"verify","ok":true}
{"t":"2026-09-11T11:46:15.876Z","path":"/authors/stefan-pruisken","step":"verify","ok":true}
{"t":"2026-09-11T11:46:15.998Z","path":"/authors/sriram-balasubramanian","step":"verify","ok":true}
{"t":"2026-09-11T11:46:17.929Z","path":"/authors/stelios-diamantidis","step":"verify","ok":true}
{"t":"2026-09-11T11:46:18.232Z","path":"/authors/stephane-maulet","step":"verify","ok":true}
{"t":"2026-09-11T11:46:20.100Z","path":"/authors/steve-pateras","step":"verify","ok":true}
{"t":"2026-09-11T11:46:21.038Z","path":"/authors/stewart-williams","step":"verify","ok":true}
{"t":"2026-09-11T11:46:21.834Z","path":"/authors/sudeep-shivalli","step":"verify","ok":true}
{"t":"2026-09-11T11:46:22.142Z","path":"/authors/sudesh-gadewar","step":"verify","ok":true}
{"t":"2026-09-11T11:46:23.889Z","path":"/authors/sudhanshu-rao","step":"verify","ok":true}
{"t":"2026-09-11T11:46:24.194Z","path":"/authors/sudipta-kundu","step":"verify","ok":true}
{"t":"2026-09-11T11:46:26.260Z","path":"/authors/sumit-vishwakarma","step":"verify","ok":true}
{"t":"2026-09-11T11:46:26.922Z","path":"/authors/surabh-suryavanshi","step":"verify","ok":true}
{"t":"2026-09-11T11:46:27.805Z","path":"/authors/suresh-venkatachalam","step":"verify","ok":true}
{"t":"2026-09-11T11:46:28.580Z","path":"/authors/sushil-sharma","step":"verify","ok":true}
{"t":"2026-09-11T11:46:29.680Z","path":"/authors/sutirtha-kabir","step":"verify","ok":true}
{"t":"2026-09-11T11:46:30.193Z","path":"/authors/swami-venkat","step":"verify","ok":true}
{"t":"2026-09-11T11:46:32.041Z","path":"/authors/sween-kang","step":"verify","ok":true}
{"t":"2026-09-11T11:46:34.179Z","path":"/authors/sylvain-bayon-de-noyer","step":"verify","ok":true}
{"t":"2026-09-11T11:46:34.950Z","path":"/authors/tao-huang","step":"verify","ok":true}
{"t":"2026-09-11T11:46:37.364Z","path":"/authors/taylor-armerding","step":"verify","ok":true}
{"t":"2026-09-11T11:46:37.520Z","path":"/authors/taruna-reddy","step":"verify","ok":true}
{"t":"2026-09-11T11:46:38.340Z","path":"/authors/ted-mido","step":"verify","ok":true}
{"t":"2026-09-11T11:46:38.393Z","path":"/authors/synopsys-editorial-staff","step":"verify","ok":true}
{"t":"2026-09-11T11:46:40.092Z","path":"/authors/teng-kiat-lee","step":"verify","ok":true}
{"t":"2026-09-11T11:46:40.773Z","path":"/authors/thomas-andersen","step":"verify","ok":true}
{"t":"2026-09-11T11:46:43.289Z","path":"/authors/tim-kogel","step":"verify","ok":true}
{"t":"2026-09-11T11:46:43.885Z","path":"/authors/todd-koelling","step":"verify","ok":true}
{"t":"2026-09-11T11:46:44.817Z","path":"/authors/tri-nguyen","step":"verify","ok":true}
{"t":"2026-09-11T11:46:45.903Z","path":"/authors/tushar-mattu","step":"verify","ok":true}
{"t":"2026-09-11T11:46:46.903Z","path":"/authors/tom-de-schutter","step":"verify","ok":true}
{"t":"2026-09-11T11:46:47.259Z","path":"/authors/twan-korthorst","step":"verify","ok":true}
{"t":"2026-09-11T11:46:49.826Z","path":"/authors/urmimala-roy","step":"verify","ok":true}
{"t":"2026-09-11T11:46:50.782Z","path":"/authors/uyen-tran","step":"verify","ok":true}
{"t":"2026-09-11T11:46:51.141Z","path":"/authors/vadhiraj-sankaranarayanan","step":"verify","ok":true}
{"t":"2026-09-11T11:46:51.901Z","path":"/authors/vaida-arcisauskaite","step":"verify","ok":true}
{"t":"2026-09-11T11:46:53.487Z","path":"/authors/varun-agrawal","step":"verify","ok":true}
{"t":"2026-09-11T11:46:53.795Z","path":"/authors/varun-shah","step":"verify","ok":true}
{"t":"2026-09-11T11:46:57.220Z","path":"/authors/venugopal-santhanam","step":"verify","ok":true}
{"t":"2026-09-11T11:46:57.376Z","path":"/authors/venkata-ravella","step":"verify","ok":true}
{"t":"2026-09-11T11:46:57.489Z","path":"/authors/venkatesh-kudumula","step":"verify","ok":true}
{"t":"2026-09-11T11:46:58.959Z","path":"/authors/verification-expert","step":"verify","ok":true}
{"t":"2026-09-11T11:46:59.429Z","path":"/authors/victor-grimblatt","step":"verify","ok":true}
{"t":"2026-09-11T11:47:01.432Z","path":"/authors/victor-moroz","step":"verify","ok":true}
{"t":"2026-09-11T11:47:02.898Z","path":"/authors/vikas-gautam","step":"verify","ok":true}
{"t":"2026-09-11T11:47:03.826Z","path":"/authors/vincent-van-der-leest","step":"verify","ok":true}
{"t":"2026-09-11T11:47:05.569Z","path":"/authors/vikram-bhatia","step":"verify","ok":true}
{"t":"2026-09-11T11:47:05.931Z","path":"/authors/viral-sharma","step":"verify","ok":true}
{"t":"2026-09-11T11:47:07.765Z","path":"/authors/vita-liao","step":"verify","ok":true}
{"t":"2026-09-11T11:47:07.849Z","path":"/authors/vip-expert","step":"verify","ok":true}
{"t":"2026-09-11T11:47:09.081Z","path":"/authors/vivek-jain","step":"verify","ok":true}
{"t":"2026-09-11T11:47:09.851Z","path":"/authors/vivek-prasad","step":"verify","ok":true}
{"t":"2026-09-11T11:47:12.258Z","path":"/authors/walter-wottreng","step":"verify","ok":true}
{"t":"2026-09-11T11:47:12.926Z","path":"/authors/wagner-nascimento","step":"verify","ok":true}
{"t":"2026-09-11T11:47:14.065Z","path":"/authors/wei-yu-ma","step":"verify","ok":true}
{"t":"2026-09-11T11:47:14.182Z","path":"/authors/will-chen","step":"verify","ok":true}
{"t":"2026-09-11T11:47:14.823Z","path":"/authors/will-felten","step":"verify","ok":true}
{"t":"2026-09-11T11:47:16.641Z","path":"/authors/william-ruby","step":"verify","ok":true}
{"t":"2026-09-11T11:47:17.841Z","path":"/authors/wim-slagter","step":"verify","ok":true}
{"t":"2026-09-11T11:47:19.100Z","path":"/authors/wolfgang-demmerle","step":"verify","ok":true}
{"t":"2026-09-11T11:47:19.906Z","path":"/authors/xi-wei-lin","step":"verify","ok":true}
{"t":"2026-09-11T11:47:20.442Z","path":"/authors/xavier-mathes","step":"verify","ok":true}
{"t":"2026-09-11T11:47:20.603Z","path":"/authors/xingang-zhao","step":"verify","ok":true}
{"t":"2026-09-11T11:47:22.724Z","path":"/authors/yann-antonioli","step":"verify","ok":true}
{"t":"2026-09-11T11:47:24.564Z","path":"/authors/yervant-zorian","step":"verify","ok":true}
{"t":"2026-09-11T11:47:25.354Z","path":"/authors/youngkwon-cho","step":"verify","ok":true}
{"t":"2026-09-11T11:47:26.368Z","path":"/authors/yuval-shay","step":"verify","ok":true}
{"t":"2026-09-11T11:47:27.124Z","path":"/authors/zongyao-wen","step":"verify","ok":true}
{"t":"2026-09-11T11:47:27.284Z","path":"/authors","step":"verify","ok":true}
{"t":"2026-09-11T11:47:28.831Z","path":"/blogs/chip-design/1-6t-ethernet-specification-ip","step":"verify","ok":true}
{"t":"2026-09-11T11:47:30.493Z","path":"/blogs/chip-design/10baset1-s-vip-automotive-socs","step":"verify","ok":true}
{"t":"2026-09-11T11:47:31.582Z","path":"/blogs/chip-design/10k-resolution-120hz-display-reality-dsc-1-2-hdmi-2-1","step":"verify","ok":true}
{"t":"2026-09-11T11:47:32.470Z","path":"/blogs/chip-design/112g-serdes-ethernet-ip-hpc-soc","step":"verify","ok":true}
{"t":"2026-09-11T11:47:32.825Z","path":"/blogs/chip-design/2021-eri-summit-and-mto-symposium","step":"verify","ok":true}
{"t":"2026-09-11T11:47:33.765Z","path":"/blogs/chip-design/2022-eda-and-chip-design-advances","step":"verify","ok":true}
{"t":"2026-09-11T11:47:34.806Z","path":"/blogs/chip-design/2022-esg-report","step":"verify","ok":true}
{"t":"2026-09-11T11:47:36.660Z","path":"/blogs/chip-design/2023-big-for-multi-die-systems","step":"verify","ok":true}
{"t":"2026-09-11T11:47:37.248Z","path":"/blogs/chip-design/2023-community-service-hours","step":"verify","ok":true}
{"t":"2026-09-11T11:47:38.340Z","path":"/blogs/chip-design/2023-electronic-design-predictions","step":"verify","ok":true}
{"t":"2026-09-11T11:47:38.819Z","path":"/blogs/chip-design/2023-esg-report","step":"verify","ok":true}
{"t":"2026-09-11T11:47:39.485Z","path":"/blogs/chip-design/2023-hpc-predictions","step":"verify","ok":true}
{"t":"2026-09-11T11:47:41.821Z","path":"/blogs/chip-design/2024-season-of-service","step":"verify","ok":true}
{"t":"2026-09-11T11:47:43.396Z","path":"/blogs/chip-design/2nm-power-efficiency-hyperscale-socs","step":"verify","ok":true}
{"t":"2026-09-11T11:47:43.551Z","path":"/blogs/chip-design/256gb-pcie-gen6-verification-ip","step":"verify","ok":true}
{"t":"2026-09-11T11:47:44.387Z","path":"/blogs/chip-design/2nm-technology-process-design-kit-imec","step":"verify","ok":true}
{"t":"2026-09-11T11:47:45.343Z","path":"/blogs/chip-design/346-chip-simulation-technology-multi-die-systems","step":"verify","ok":true}
{"t":"2026-09-11T11:47:45.672Z","path":"/blogs/chip-design/3d-chip-tape-out-socionext-success","step":"verify","ok":true}
{"t":"2026-09-11T11:47:48.018Z","path":"/blogs/chip-design/3d-ic-design-tools-enhance-productivity","step":"verify","ok":true}
{"t":"2026-09-11T11:47:49.328Z","path":"/blogs/chip-design/3dhi-chip-designs","step":"verify","ok":true}
{"t":"2026-09-11T11:47:49.422Z","path":"/blogs/chip-design/3d-pcie-6-0-phy-8-lane-test-chip","step":"verify","ok":true}
{"t":"2026-09-11T11:47:50.692Z","path":"/blogs/chip-design/3dic-design-optimize-power-performance-area","step":"verify","ok":true}
{"t":"2026-09-11T11:47:51.316Z","path":"/blogs/chip-design/3dic-packaging-design-tools-guc","step":"verify","ok":true}
{"t":"2026-09-11T11:47:52.667Z","path":"/blogs/chip-design/3dics-sparks-innovation-snug-2022","step":"verify","ok":true}
{"t":"2026-09-11T11:47:54.677Z","path":"/blogs/chip-design/3x-verification-performance-hpe-greenlake-flex-synopsys-flexeda","step":"verify","ok":true}
{"t":"2026-09-11T11:47:55.655Z","path":"/blogs/chip-design/4-ways-ualink-2-0-advances-ai-scale-up","step":"verify","ok":true}
{"t":"2026-09-11T11:47:56.132Z","path":"/blogs/chip-design/4-criteria-for-picking-best-eda-tools","step":"verify","ok":true}
{"t":"2026-09-11T11:47:56.868Z","path":"/blogs/chip-design/40g-ucie-ip","step":"verify","ok":true}
{"t":"2026-09-11T11:47:57.609Z","path":"/blogs/chip-design/5-automotive-functional-safety-insights","step":"verify","ok":true}
{"t":"2026-09-11T11:47:58.816Z","path":"/blogs/chip-design/5-challenges-to-achieve-high-level-automated-driving","step":"verify","ok":true}
{"t":"2026-09-11T11:48:00.713Z","path":"/blogs/chip-design/5-key-smart-tech-innovations","step":"verify","ok":true}
{"t":"2026-09-11T11:48:01.268Z","path":"/blogs/chip-design/5-ways-flexeda-saas-model-transforms-chip-design","step":"verify","ok":true}
{"t":"2026-09-11T11:48:02.488Z","path":"/blogs/chip-design/5g-networks-accelerate-development-smart-cities","step":"verify","ok":true}
{"t":"2026-09-11T11:48:02.525Z","path":"/blogs/chip-design/5g-rollout-and-soc-design","step":"verify","ok":true}
{"t":"2026-09-11T11:48:03.468Z","path":"/blogs/chip-design/5g-rollout-with-soc-emulation","step":"verify","ok":true}
{"t":"2026-09-11T11:48:04.656Z","path":"/blogs/chip-design/5g-soc-design-virtual-verification-with-keysight","step":"verify","ok":true}
{"t":"2026-09-11T11:48:06.404Z","path":"/blogs/chip-design/5g-vs-4g","step":"verify","ok":true}
{"t":"2026-09-11T11:48:07.544Z","path":"/blogs/chip-design/600-million-lines-code-cars-2027","step":"verify","ok":true}
{"t":"2026-09-11T11:48:08.240Z","path":"/blogs/chip-design/64g-ucie-ip-high-speed-die-to-die-connectivity","step":"verify","ok":true}
{"t":"2026-09-11T11:48:08.783Z","path":"/blogs/chip-design/7nm-european-ai-chip-innovation","step":"verify","ok":true}
{"t":"2026-09-11T11:48:09.154Z","path":"/blogs/chip-design/800g-ethernet-bandwidth-for-hyperscale-data-centers","step":"verify","ok":true}
{"t":"2026-09-11T11:48:10.600Z","path":"/blogs/chip-design/800g-ethernet-demo-ecoc-2024","step":"verify","ok":true}
{"t":"2026-09-11T11:48:12.130Z","path":"/blogs/chip-design/800g-ethernet-industry-standards","step":"verify","ok":true}
{"t":"2026-09-11T11:48:13.975Z","path":"/blogs/chip-design/8k-uhd-displays-emerging-technologies","step":"verify","ok":true}
{"t":"2026-09-11T11:48:14.601Z","path":"/blogs/chip-design/aaroh-labs-advanced-node-semiconductor-designs","step":"verify","ok":true}
{"t":"2026-09-11T11:48:14.728Z","path":"/blogs/chip-design/8k-ultra-hd-evolution","step":"verify","ok":true}
{"t":"2026-09-11T11:48:15.687Z","path":"/blogs/chip-design/accelerate-ai-silicon-systems-physical-ai","step":"verify","ok":true}
{"t":"2026-09-11T11:48:16.626Z","path":"/blogs/chip-design/accelerate-development-for-soc","step":"verify","ok":true}
{"t":"2026-09-11T11:48:18.089Z","path":"/blogs/chip-design/accelerate-soc-design-flow-with-ai-enabled-kits","step":"verify","ok":true}
{"t":"2026-09-11T11:48:19.933Z","path":"/blogs/chip-design/accelerate-soc-design-flow-with-functional-eco","step":"verify","ok":true}
{"t":"2026-09-11T11:48:21.203Z","path":"/blogs/chip-design/accelerate-vip-coverage-with-vso","step":"verify","ok":true}
{"t":"2026-09-11T11:48:21.426Z","path":"/blogs/chip-design/accelerating-accuracy-primesim-spice-gpu","step":"verify","ok":true}
{"t":"2026-09-11T11:48:21.501Z","path":"/blogs/chip-design/accelerate-soc-verification-experts","step":"verify","ok":true}
{"t":"2026-09-11T11:48:22.424Z","path":"/blogs/chip-design/accelerating-ai-enabled-vehicles-npx-ces","step":"verify","ok":true}
{"t":"2026-09-11T11:48:23.690Z","path":"/blogs/chip-design/accelerating-auto-software-and-processor-design-with-nxp","step":"verify","ok":true}
{"t":"2026-09-11T11:48:25.740Z","path":"/blogs/chip-design/accelerating-development-for-arm-based-automotive-systems","step":"verify","ok":true}
{"t":"2026-09-11T11:48:27.595Z","path":"/blogs/chip-design/accelerating-l0p-verification-in-pcie-6-designs","step":"verify","ok":true}
{"t":"2026-09-11T11:48:27.633Z","path":"/blogs/chip-design/accelerating-emib-t-packaging-synopsys-intel-foundry","step":"verify","ok":true}
{"t":"2026-09-11T11:48:27.877Z","path":"/blogs/chip-design/accelerating-product-design-silicon-to-systems","step":"verify","ok":true}
{"t":"2026-09-11T11:48:28.499Z","path":"/blogs/chip-design/accelerating-rf-designs-keysight-pathwave-ads-custom-design-platform","step":"verify","ok":true}
{"t":"2026-09-11T11:48:30.332Z","path":"/blogs/chip-design/accelerating-system-debug-in-soc-verification-flow","step":"verify","ok":true}
{"t":"2026-09-11T11:48:31.652Z","path":"/blogs/chip-design/access-memory-mapped-registers-cxl","step":"verify","ok":true}
{"t":"2026-09-11T11:48:33.813Z","path":"/blogs/chip-design/achieving-best-arm-ppa-discussion-sudhakar-jilla","step":"verify","ok":true}
{"t":"2026-09-11T11:48:33.989Z","path":"/blogs/chip-design/adaptive-scenario-compression-chip-design-closure","step":"verify","ok":true}
{"t":"2026-09-11T11:48:34.211Z","path":"/blogs/chip-design/achieving-functional-safety-high-reliability-design-synplify-tool","step":"verify","ok":true}
{"t":"2026-09-11T11:48:35.159Z","path":"/blogs/chip-design/advanced-node-challenges-primetime-interview-feroze-taraporevala","step":"verify","ok":true}
{"t":"2026-09-11T11:48:36.341Z","path":"/blogs/chip-design/advanced-node-physical-verification-ic-validator","step":"verify","ok":true}
{"t":"2026-09-11T11:48:37.865Z","path":"/blogs/chip-design/advanced-node-physical-verification-nvidia","step":"verify","ok":true}
{"t":"2026-09-11T11:48:39.699Z","path":"/blogs/chip-design/advanced-rpmb-ufs4-authentication","step":"verify","ok":true}
{"t":"2026-09-11T11:48:39.925Z","path":"/blogs/chip-design/advanced-semiconductor-manufacturing-fab-da","step":"verify","ok":true}
{"t":"2026-09-11T11:48:40.505Z","path":"/blogs/chip-design/advanced-soc-verification-enables-new-era-ai-chips","step":"verify","ok":true}
{"t":"2026-09-11T11:48:41.559Z","path":"/blogs/chip-design/advancing-automotive-with-software-defined-vehicles","step":"verify","ok":true}
{"t":"2026-09-11T11:48:42.219Z","path":"/blogs/chip-design/advancing-quantum-computing-rd","step":"verify","ok":true}
{"t":"2026-09-11T11:48:44.162Z","path":"/blogs/chip-design/aerospace-semiconductor-reliability","step":"verify","ok":true}
{"t":"2026-09-11T11:48:46.183Z","path":"/blogs/chip-design/agentic-ai-chip-design","step":"verify","ok":true}
{"t":"2026-09-11T11:48:46.204Z","path":"/blogs/chip-design/ag-chip-design-silicon-lifecycle-management","step":"verify","ok":true}
{"t":"2026-09-11T11:48:46.338Z","path":"/blogs/chip-design/agentengineer-technology-transforming-engineering-workflows","step":"verify","ok":true}
{"t":"2026-09-11T11:48:47.609Z","path":"/blogs/chip-design/ai-accelerator-data-center-intelligent-edge","step":"verify","ok":true}
{"t":"2026-09-11T11:48:48.281Z","path":"/blogs/chip-design/ai-accelerator-ip-development","step":"verify","ok":true}
{"t":"2026-09-11T11:48:50.150Z","path":"/blogs/chip-design/ai-accelerators-chip-design-eda-tools","step":"verify","ok":true}
{"t":"2026-09-11T11:48:52.036Z","path":"/blogs/chip-design/ai-accelerators-hbm5-verification-ip","step":"verify","ok":true}
{"t":"2026-09-11T11:48:52.198Z","path":"/blogs/chip-design/ai-analog-design-migration-samsung-safe-forum-2023","step":"verify","ok":true}
{"t":"2026-09-11T11:48:52.403Z","path":"/blogs/chip-design/ai-agents-in-2025","step":"verify","ok":true}
{"t":"2026-09-11T11:48:53.708Z","path":"/blogs/chip-design/ai-chip-architecture","step":"verify","ok":true}
{"t":"2026-09-11T11:48:54.528Z","path":"/blogs/chip-design/ai-chip-design-adaptive-flows","step":"verify","ok":true}
{"t":"2026-09-11T11:48:56.265Z","path":"/blogs/chip-design/ai-chip-design-breakthroughs-snug","step":"verify","ok":true}
{"t":"2026-09-11T11:48:58.204Z","path":"/blogs/chip-design/ai-chip-design-cloud-eda-tools-neureality","step":"verify","ok":true}
{"t":"2026-09-11T11:48:58.615Z","path":"/blogs/chip-design/ai-chip-design-dac-2024","step":"verify","ok":true}
{"t":"2026-09-11T11:48:58.906Z","path":"/blogs/chip-design/ai-chip-design-emulation-prototyping-tools","step":"verify","ok":true}
{"t":"2026-09-11T11:48:59.703Z","path":"/blogs/chip-design/ai-chip-design-hot-chips-2024","step":"verify","ok":true}
{"t":"2026-09-11T11:49:01.132Z","path":"/blogs/chip-design/ai-chip-design-opens-new-doors-for-chip-makers","step":"verify","ok":true}
{"t":"2026-09-11T11:49:02.974Z","path":"/blogs/chip-design/ai-chip-design-retargeting","step":"verify","ok":true}
{"t":"2026-09-11T11:49:04.443Z","path":"/blogs/chip-design/ai-chip-design-synopsys-microsoft","step":"verify","ok":true}
{"t":"2026-09-11T11:49:04.490Z","path":"/blogs/chip-design/ai-chip-design-stmicroelectronics-microsoft","step":"verify","ok":true}
{"t":"2026-09-11T11:49:05.314Z","path":"/blogs/chip-design/ai-chip-design-tools-autonomous-insights","step":"verify","ok":true}
{"t":"2026-09-11T11:49:05.790Z","path":"/blogs/chip-design/ai-chip-design-verification-qualcomm","step":"verify","ok":true}
{"t":"2026-09-11T11:49:07.221Z","path":"/blogs/chip-design/ai-chip-design-with-ibm-hybrid-cloud-architecture","step":"verify","ok":true}
{"t":"2026-09-11T11:49:08.870Z","path":"/blogs/chip-design/ai-chip-design-with-specialized-soc-ip-solutions","step":"verify","ok":true}
{"t":"2026-09-11T11:49:11.217Z","path":"/blogs/chip-design/ai-chip-pre-silicon-planning-guide","step":"verify","ok":true}
{"t":"2026-09-11T11:49:11.217Z","path":"/blogs/chip-design/ai-chip-design-workflow-automation","step":"verify","ok":true}
{"t":"2026-09-11T11:49:12.096Z","path":"/blogs/chip-design/ai-chip-silicon-success-tips","step":"verify","ok":true}
{"t":"2026-09-11T11:49:12.308Z","path":"/blogs/chip-design/ai-chip-startups-cloud-eda-tools","step":"verify","ok":true}
{"t":"2026-09-11T11:49:13.511Z","path":"/blogs/chip-design/ai-chiplet-integration-arm-synopsys","step":"verify","ok":true}
{"t":"2026-09-11T11:49:15.118Z","path":"/blogs/chip-design/ai-compute-architecture-evolution","step":"verify","ok":true}
{"t":"2026-09-11T11:49:16.956Z","path":"/blogs/chip-design/ai-driven-bug-discovery-coverage-closure-chip-design","step":"verify","ok":true}
{"t":"2026-09-11T11:49:17.055Z","path":"/blogs/chip-design/ai-driven-analog-digital-node-migration","step":"verify","ok":true}
{"t":"2026-09-11T11:49:19.004Z","path":"/blogs/chip-design/ai-driven-debug-automation-speeds-root-cause-analysis","step":"verify","ok":true}
{"t":"2026-09-11T11:49:19.427Z","path":"/blogs/chip-design/ai-eda-tools-chip-design","step":"verify","ok":true}
{"t":"2026-09-11T11:49:20.050Z","path":"/blogs/chip-design/ai-edge-devices-tsmc-n2-silicon-success","step":"verify","ok":true}
{"t":"2026-09-11T11:49:21.150Z","path":"/blogs/chip-design/ai-factories-data-center-infrastructure","step":"verify","ok":true}
{"t":"2026-09-11T11:49:23.221Z","path":"/blogs/chip-design/ai-hardware-boosts-innovation","step":"verify","ok":true}
{"t":"2026-09-11T11:49:23.322Z","path":"/blogs/chip-design/ai-hardware-design-power-challenges","step":"verify","ok":true}
{"t":"2026-09-11T11:49:25.327Z","path":"/blogs/chip-design/ai-hardware-summit-2020-recap","step":"verify","ok":true}
{"t":"2026-09-11T11:49:25.451Z","path":"/blogs/chip-design/ai-hpc-chip-test-solutions-seq-compression-streaming-fabric","step":"verify","ok":true}
{"t":"2026-09-11T11:49:26.166Z","path":"/blogs/chip-design/ai-impact-chip-design-synopsys-insights","step":"verify","ok":true}
{"t":"2026-09-11T11:49:27.191Z","path":"/blogs/chip-design/ai-impact-on-low-power-chip-design","step":"verify","ok":true}
{"t":"2026-09-11T11:49:28.934Z","path":"/blogs/chip-design/ai-infrastructure-hardware-failures-data-corruption","step":"verify","ok":true}
{"t":"2026-09-11T11:49:28.934Z","path":"/blogs/chip-design/ai-in-engineering-role-transformation","step":"verify","ok":true}
{"t":"2026-09-11T11:49:31.275Z","path":"/blogs/chip-design/ai-iot-impact-power-consumption","step":"verify","ok":true}
{"t":"2026-09-11T11:49:31.338Z","path":"/blogs/chip-design/ai-multi-die-pg-bump-ir-drop-optimization","step":"verify","ok":true}
{"t":"2026-09-11T11:49:32.619Z","path":"/blogs/chip-design/ai-predictions-2022","step":"verify","ok":true}
{"t":"2026-09-11T11:49:33.618Z","path":"/blogs/chip-design/ai-predictions-2023","step":"verify","ok":true}
{"t":"2026-09-11T11:49:34.831Z","path":"/blogs/chip-design/ai-server-architecture","step":"verify","ok":true}
{"t":"2026-09-11T11:49:34.970Z","path":"/blogs/chip-design/ai-security-silicon-level","step":"verify","ok":true}
{"t":"2026-09-11T11:49:37.550Z","path":"/blogs/chip-design/ai-soc-design-for-better-chips","step":"verify","ok":true}
{"t":"2026-09-11T11:49:37.638Z","path":"/blogs/chip-design/ai-soc-design-verification-flow","step":"verify","ok":true}
{"t":"2026-09-11T11:49:38.666Z","path":"/blogs/chip-design/ai-soc-memory-architecture","step":"verify","ok":true}
{"t":"2026-09-11T11:49:40.465Z","path":"/blogs/chip-design/ai-sovereignty-strategic-interdependence","step":"verify","ok":true}
{"t":"2026-09-11T11:49:40.568Z","path":"/blogs/chip-design/ai-tool-adoption-semiconductor-engineering","step":"verify","ok":true}
{"t":"2026-09-11T11:49:40.625Z","path":"/blogs/chip-design/ai-startup-panel-2025","step":"verify","ok":true}
{"t":"2026-09-11T11:49:43.403Z","path":"/blogs/chip-design/aiot-edge-ai-chip-design-innovation","step":"verify","ok":true}
{"t":"2026-09-11T11:49:44.075Z","path":"/blogs/chip-design/aiot-technology-applications","step":"verify","ok":true}
{"t":"2026-09-11T11:49:44.577Z","path":"/blogs/chip-design/aip-vip-technology-benefits","step":"verify","ok":true}
{"t":"2026-09-11T11:49:46.307Z","path":"/blogs/chip-design/ais-impact-on-chip-design-from-ceo-aart-de-geus","step":"verify","ok":true}
{"t":"2026-09-11T11:49:46.574Z","path":"/blogs/chip-design/alessandra-costa-qa","step":"verify","ok":true}
{"t":"2026-09-11T11:49:46.852Z","path":"/blogs/chip-design/alternative-semiconductor-materials","step":"verify","ok":true}
{"t":"2026-09-11T11:49:49.436Z","path":"/blogs/chip-design/amba-chi-c2c-system-verification-solutions","step":"verify","ok":true}
{"t":"2026-09-11T11:49:50.431Z","path":"/blogs/chip-design/amba-chi-g-verification-ip","step":"verify","ok":true}
{"t":"2026-09-11T11:49:50.950Z","path":"/blogs/chip-design/amba5-chi-d-verification-ip-success","step":"verify","ok":true}
{"t":"2026-09-11T11:49:52.399Z","path":"/blogs/chip-design/analog-circuit-design-migration","step":"verify","ok":true}
{"t":"2026-09-11T11:49:52.575Z","path":"/blogs/chip-design/ams-emulation-dale-donchin-johanness-stahl","step":"verify","ok":true}
{"t":"2026-09-11T11:49:53.222Z","path":"/blogs/chip-design/analog-design-ai-aimc-innovation","step":"verify","ok":true}
{"t":"2026-09-11T11:49:55.228Z","path":"/blogs/chip-design/analog-design-verification","step":"verify","ok":true}
{"t":"2026-09-11T11:49:57.195Z","path":"/blogs/chip-design/analog-ic-design-contest","step":"verify","ok":true}
{"t":"2026-09-11T11:49:57.195Z","path":"/blogs/chip-design/analog-ic-design-migration-ai","step":"verify","ok":true}
{"t":"2026-09-11T11:49:58.196Z","path":"/blogs/chip-design/analog-ic-design-tools-snug-panel","step":"verify","ok":true}
{"t":"2026-09-11T11:49:59.242Z","path":"/blogs/chip-design/analog-layout-synthesis-ai","step":"verify","ok":true}
{"t":"2026-09-11T11:49:59.752Z","path":"/blogs/chip-design/analyze-semiconductor-power-devices-more-accurately-with-synopsys-powerx","step":"verify","ok":true}
{"t":"2026-09-11T11:50:02.608Z","path":"/blogs/chip-design/angstrom-scale-chip-design","step":"verify","ok":true}
{"t":"2026-09-11T11:50:03.023Z","path":"/blogs/chip-design/arm-amba-ace5-axi5-test-suite","step":"verify","ok":true}
{"t":"2026-09-11T11:50:03.421Z","path":"/blogs/chip-design/arm-amba-axi5-latest-features","step":"verify","ok":true}
{"t":"2026-09-11T11:50:04.670Z","path":"/blogs/chip-design/arm-automotive-semiconductor-design","step":"verify","ok":true}
{"t":"2026-09-11T11:50:06.167Z","path":"/blogs/chip-design/arm-hardware-software-compliance","step":"verify","ok":true}
{"t":"2026-09-11T11:50:06.497Z","path":"/blogs/chip-design/arm-synopsys-collaboration-interview-deirdre-hanford","step":"verify","ok":true}
{"t":"2026-09-11T11:50:08.913Z","path":"/blogs/chip-design/arm-synopsys-integrated-chip-design-flow","step":"verify","ok":true}
{"t":"2026-09-11T11:50:09.585Z","path":"/blogs/chip-design/asic-hardware-verification-bugs","step":"verify","ok":true}
{"t":"2026-09-11T11:50:11.577Z","path":"/blogs/chip-design/atomic-scale-simulation-resistive-switching-reram","step":"verify","ok":true}
{"t":"2026-09-11T11:50:12.575Z","path":"/blogs/chip-design/auto-cybersecurity-ota-vehicle-software-updates","step":"verify","ok":true}
{"t":"2026-09-11T11:50:12.844Z","path":"/blogs/chip-design/auto-cybersecurity-vs-aftermarket-car-accessories","step":"verify","ok":true}
{"t":"2026-09-11T11:50:14.744Z","path":"/blogs/chip-design/asil-d-certification-automation","step":"verify","ok":false,"why":"about:error in delivered html"}
{"t":"2026-09-11T11:50:15.446Z","path":"/blogs/chip-design/auto-functional-safety-iso-26262-key-challenges","step":"verify","ok":true}
{"t":"2026-09-11T11:50:15.846Z","path":"/blogs/chip-design/auto-industry-predictions-2023","step":"verify","ok":true}
{"t":"2026-09-11T11:50:18.423Z","path":"/blogs/chip-design/auto-industry-trends-2022","step":"verify","ok":true}
{"t":"2026-09-11T11:50:18.492Z","path":"/blogs/chip-design/auto-soc-design-tools-safe-smart-vehicles","step":"verify","ok":true}
{"t":"2026-09-11T11:50:19.459Z","path":"/blogs/chip-design/automated-soc-performance-pcie-gen4","step":"verify","ok":true}
{"t":"2026-09-11T11:50:20.853Z","path":"/blogs/chip-design/automated-soc-performance-verification","step":"verify","ok":true}
{"t":"2026-09-11T11:50:22.362Z","path":"/blogs/chip-design/automating-testbench-creation-network-on-chip","step":"verify","ok":true}
{"t":"2026-09-11T11:50:22.492Z","path":"/blogs/chip-design/automating-synchronous-signal-distribution","step":"verify","ok":true}
{"t":"2026-09-11T11:50:24.533Z","path":"/blogs/chip-design/automating-testbench-network-chip-verification","step":"verify","ok":true}
{"t":"2026-09-11T11:50:24.624Z","path":"/blogs/chip-design/automating-the-chip-design-flow","step":"verify","ok":true}
{"t":"2026-09-11T11:50:25.728Z","path":"/blogs/chip-design/automotive-ai-vision-chip-design","step":"verify","ok":true}
{"t":"2026-09-11T11:50:27.378Z","path":"/blogs/chip-design/automotive-cybersecurity-best-practices","step":"verify","ok":true}
{"t":"2026-09-11T11:50:28.683Z","path":"/blogs/chip-design/automotive-cybersecurity-engineering-standard-iso-sae-21434","step":"verify","ok":true}
{"t":"2026-09-11T11:50:28.864Z","path":"/blogs/chip-design/automotive-cybersecurity-data-management","step":"verify","ok":true}
{"t":"2026-09-11T11:50:30.525Z","path":"/blogs/chip-design/automotive-electronics-design-efficiency","step":"verify","ok":true}
{"t":"2026-09-11T11:50:31.189Z","path":"/blogs/chip-design/automotive-cybersecurity-for-ecus-in-vehicle-networks","step":"verify","ok":true}
{"t":"2026-09-11T11:50:31.893Z","path":"/blogs/chip-design/automotive-finfet-foundation-ip","step":"verify","ok":true}
{"t":"2026-09-11T11:50:33.527Z","path":"/blogs/chip-design/automotive-industry-trends-2024","step":"verify","ok":true}
{"t":"2026-09-11T11:50:34.765Z","path":"/blogs/chip-design/automotive-innovation-trends-challenges-interview-dr-burkhard-huhnke","step":"verify","ok":true}
{"t":"2026-09-11T11:50:35.286Z","path":"/blogs/chip-design/automotive-mcu-performance-infineon","step":"verify","ok":true}
{"t":"2026-09-11T11:50:36.674Z","path":"/blogs/chip-design/automotive-soc-design-4-requirements","step":"verify","ok":true}
{"t":"2026-09-11T11:50:37.714Z","path":"/blogs/chip-design/automotive-soc-slm","step":"verify","ok":true}
{"t":"2026-09-11T11:50:38.167Z","path":"/blogs/chip-design/autonomous-driving-levels","step":"verify","ok":true}
{"t":"2026-09-11T11:50:40.306Z","path":"/blogs/chip-design/autosens-detroit-2024-automotive-ee-architectures","step":"verify","ok":true}
{"t":"2026-09-11T11:50:41.146Z","path":"/blogs/chip-design/avoid-bad-asic-design-with-virtual-prototyping","step":"verify","ok":true}
{"t":"2026-09-11T11:50:41.190Z","path":"/blogs/chip-design/avina-verma-custom-routing-technology-interview","step":"verify","ok":true}
{"t":"2026-09-11T11:50:43.188Z","path":"/blogs/chip-design/axi-k-arm-support","step":"verify","ok":true}
{"t":"2026-09-11T11:50:44.197Z","path":"/blogs/chip-design/bandwidth-latency-die-to-die-interfaces-data-centers","step":"verify","ok":true}
{"t":"2026-09-11T11:50:44.908Z","path":"/blogs/chip-design/benefits-of-adopting-cloud-technology","step":"verify","ok":true}
{"t":"2026-09-11T11:50:46.550Z","path":"/blogs/chip-design/benefits-of-redundancy-in-cloud-computing","step":"verify","ok":true}
{"t":"2026-09-11T11:50:47.156Z","path":"/blogs/chip-design/bit-error-rates-usb32","step":"verify","ok":true}
{"t":"2026-09-11T11:50:47.403Z","path":"/blogs/chip-design/benefits-of-virtualization-in-a-cloud-environment","step":"verify","ok":true}
{"t":"2026-09-11T11:50:49.486Z","path":"/blogs/chip-design/block-storage-vs-object-storage-vs-file-storage","step":"verify","ok":true}
{"t":"2026-09-11T11:50:50.631Z","path":"/blogs/chip-design/boost-debug-productivity-serial-protocols","step":"verify","ok":true}
{"t":"2026-09-11T11:50:51.255Z","path":"/blogs/chip-design/boost-networking-soc-design-cloud-emulation","step":"verify","ok":true}
{"t":"2026-09-11T11:50:52.589Z","path":"/blogs/chip-design/boosting-eco-optimization-overcoming-ppa-challenges-with-machine-learning","step":"verify","ok":true}
{"t":"2026-09-11T11:50:53.386Z","path":"/blogs/chip-design/bumblebee-moment-ai-silicon","step":"verify","ok":true}
{"t":"2026-09-11T11:50:53.567Z","path":"/blogs/chip-design/building-secure-chips-verified-cxl","step":"verify","ok":true}
{"t":"2026-09-11T11:50:55.044Z","path":"/blogs/chip-design/cache-coherent-verification-amba-chi","step":"verify","ok":true}
{"t":"2026-09-11T11:50:56.399Z","path":"/blogs/chip-design/category-3d-image-processing","step":"verify","ok":true}
{"t":"2026-09-11T11:50:59.121Z","path":"/blogs/chip-design/category-3dic-design","step":"verify","ok":true}
{"t":"2026-09-11T11:50:59.245Z","path":"/blogs/chip-design/category-5g-wireless","step":"verify","ok":true}
{"t":"2026-09-11T11:51:00.485Z","path":"/blogs/chip-design/category-5nm-and-below","step":"verify","ok":true}
{"t":"2026-09-11T11:51:02.168Z","path":"/blogs/chip-design/category-aerospace-and-government","step":"verify","ok":true}
{"t":"2026-09-11T11:51:02.333Z","path":"/blogs/chip-design/category-about-synopsys","step":"verify","ok":true}
{"t":"2026-09-11T11:51:04.873Z","path":"/blogs/chip-design/category-amsverification","step":"verify","ok":true}
{"t":"2026-09-11T11:51:04.971Z","path":"/blogs/chip-design/category-ai-and-machine-learning","step":"verify","ok":true}
{"t":"2026-09-11T11:51:05.285Z","path":"/blogs/chip-design/category-ams-simulation","step":"verify","ok":true}
{"t":"2026-09-11T11:51:06.923Z","path":"/blogs/chip-design/category-analog-design","step":"verify","ok":true}
{"t":"2026-09-11T11:51:08.253Z","path":"/blogs/chip-design/category-atomic-scale-modeling","step":"verify","ok":true}
{"t":"2026-09-11T11:51:08.575Z","path":"/blogs/chip-design/category-ar-vr","step":"verify","ok":true}
{"t":"2026-09-11T11:51:10.582Z","path":"/blogs/chip-design/category-atomistic-simulation-software","step":"verify","ok":true}
{"t":"2026-09-11T11:51:11.704Z","path":"/blogs/chip-design/category-blog","step":"verify","ok":true}
{"t":"2026-09-11T11:51:13.197Z","path":"/blogs/chip-design/category-automotive","step":"verify","ok":true}
{"t":"2026-09-11T11:51:14.267Z","path":"/blogs/chip-design/category-custom-implementation","step":"verify","ok":true}
{"t":"2026-09-11T11:51:14.530Z","path":"/blogs/chip-design/category-consumer","step":"verify","ok":true}
{"t":"2026-09-11T11:51:15.612Z","path":"/blogs/chip-design/category-cloud","step":"verify","ok":true}
{"t":"2026-09-11T11:51:18.652Z","path":"/blogs/chip-design/category-data-center","step":"verify","ok":true}
{"t":"2026-09-11T11:51:18.705Z","path":"/blogs/chip-design/category-customer-spotlight","step":"verify","ok":true}
{"t":"2026-09-11T11:51:20.506Z","path":"/blogs/chip-design/category-debug","step":"verify","ok":true}
{"t":"2026-09-11T11:51:20.890Z","path":"/blogs/chip-design/category-design-technology-co-optimization","step":"verify","ok":true}
{"t":"2026-09-11T11:51:21.880Z","path":"/blogs/chip-design/category-design","step":"verify","ok":true}
{"t":"2026-09-11T11:51:23.211Z","path":"/blogs/chip-design/category-emulation","step":"verify","ok":true}
{"t":"2026-09-11T11:51:26.683Z","path":"/blogs/chip-design/category-engineering-central","step":"verify","ok":true}
{"t":"2026-09-11T11:51:26.715Z","path":"/blogs/chip-design/category-energy-efficient-socs","step":"verify","ok":true}
{"t":"2026-09-11T11:51:27.285Z","path":"/blogs/chip-design/category-executive-voices","step":"verify","ok":true}
{"t":"2026-09-11T11:51:27.974Z","path":"/blogs/chip-design/category-formal-verification","step":"verify","ok":true}
{"t":"2026-09-11T11:51:28.427Z","path":"/blogs/chip-design/category-foundation-ip","step":"verify","ok":true}
{"t":"2026-09-11T11:51:28.706Z","path":"/blogs/chip-design/category-fpga-design","step":"verify","ok":true}
{"t":"2026-09-11T11:51:32.624Z","path":"/blogs/chip-design/category-fusion-design-platform","step":"verify","ok":true}
{"t":"2026-09-11T11:51:32.868Z","path":"/blogs/chip-design/category-fusion-technology","step":"verify","ok":true}
{"t":"2026-09-11T11:51:34.075Z","path":"/blogs/chip-design/category-ide","step":"verify","ok":true}
{"t":"2026-09-11T11:51:34.280Z","path":"/blogs/chip-design/category-insights","step":"verify","ok":true}
{"t":"2026-09-11T11:51:35.257Z","path":"/blogs/chip-design/category-hpc-data-center","step":"verify","ok":true}
{"t":"2026-09-11T11:51:35.366Z","path":"/blogs/chip-design/category-interface-ip-subsystems","step":"verify","ok":true}
{"t":"2026-09-11T11:51:39.742Z","path":"/blogs/chip-design/category-internet-of-things","step":"verify","ok":true}
{"t":"2026-09-11T11:51:39.871Z","path":"/blogs/chip-design/category-lowpower","step":"verify","ok":true}
{"t":"2026-09-11T11:51:40.663Z","path":"/blogs/chip-design/category-interface-ip","step":"verify","ok":true}
{"t":"2026-09-11T11:51:41.043Z","path":"/blogs/chip-design/category-medical","step":"verify","ok":true}
{"t":"2026-09-11T11:51:41.063Z","path":"/blogs/chip-design/category-mask-solutions","step":"verify","ok":true}
{"t":"2026-09-11T11:51:41.848Z","path":"/blogs/chip-design/category-manufacturing","step":"verify","ok":true}
{"t":"2026-09-11T11:51:46.251Z","path":"/blogs/chip-design/category-multiphysics-fusion","step":"verify","ok":true}
{"t":"2026-09-11T11:51:46.584Z","path":"/blogs/chip-design/category-memory","step":"verify","ok":true}
{"t":"2026-09-11T11:51:46.917Z","path":"/blogs/chip-design/category-photonic","step":"verify","ok":true}
{"t":"2026-09-11T11:51:47.368Z","path":"/blogs/chip-design/category-physical-implementation","step":"verify","ok":true}
{"t":"2026-09-11T11:51:47.931Z","path":"/blogs/chip-design/category-multi-die-system","step":"verify","ok":true}
{"t":"2026-09-11T11:51:48.423Z","path":"/blogs/chip-design/category-physical-verification","step":"verify","ok":true}
{"t":"2026-09-11T11:51:52.001Z","path":"/blogs/chip-design/category-platform","step":"verify","ok":true}
{"t":"2026-09-11T11:51:52.083Z","path":"/blogs/chip-design/category-prototyping","step":"verify","ok":true}
{"t":"2026-09-11T11:51:53.144Z","path":"/blogs/chip-design/category-rf-design","step":"verify","ok":true}
{"t":"2026-09-11T11:51:53.403Z","path":"/blogs/chip-design/category-risc-v","step":"verify","ok":true}
{"t":"2026-09-11T11:51:53.564Z","path":"/blogs/chip-design/category-quantum-computing","step":"verify","ok":true}
{"t":"2026-09-11T11:51:54.843Z","path":"/blogs/chip-design/category-rtl-synthesis","step":"verify","ok":true}
{"t":"2026-09-11T11:51:57.505Z","path":"/blogs/chip-design/category-signal-amp-power-integrity","step":"verify","ok":true}
{"t":"2026-09-11T11:51:58.817Z","path":"/blogs/chip-design/category-security-ip","step":"verify","ok":true}
{"t":"2026-09-11T11:52:00.699Z","path":"/blogs/chip-design/category-simpleware","step":"verify","ok":true}
{"t":"2026-09-11T11:52:00.752Z","path":"/blogs/chip-design/category-signoff","step":"verify","ok":true}
{"t":"2026-09-11T11:52:00.872Z","path":"/blogs/chip-design/category-silicon-ip","step":"verify","ok":true}
{"t":"2026-09-11T11:52:01.165Z","path":"/blogs/chip-design/category-silicon-lifecycle-management","step":"verify","ok":true}
{"t":"2026-09-11T11:52:04.254Z","path":"/blogs/chip-design/category-smart-manufacturing","step":"verify","ok":true}
{"t":"2026-09-11T11:52:04.361Z","path":"/blogs/chip-design/category-simulation","step":"verify","ok":true}
{"t":"2026-09-11T11:52:05.858Z","path":"/blogs/chip-design/category-software-integrity","step":"verify","ok":true}
{"t":"2026-09-11T11:52:06.539Z","path":"/blogs/chip-design/category-static-and-formal-verification","step":"verify","ok":true}
{"t":"2026-09-11T11:52:06.793Z","path":"/blogs/chip-design/category-soc-verification-automation","step":"verify","ok":true}
{"t":"2026-09-11T11:52:07.462Z","path":"/blogs/chip-design/category-static-verification","step":"verify","ok":true}
{"t":"2026-09-11T11:52:09.392Z","path":"/blogs/chip-design/category-synopsys-ip-technical-bulletin","step":"verify","ok":true}
{"t":"2026-09-11T11:52:09.793Z","path":"/blogs/chip-design/category-storage","step":"verify","ok":true}
{"t":"2026-09-11T11:52:11.489Z","path":"/blogs/chip-design/category-tcad","step":"verify","ok":true}
{"t":"2026-09-11T11:52:12.456Z","path":"/blogs/chip-design/category-test-automation","step":"verify","ok":true}
{"t":"2026-09-11T11:52:13.278Z","path":"/blogs/chip-design/category-test","step":"verify","ok":true}
{"t":"2026-09-11T11:52:14.935Z","path":"/blogs/chip-design/category-verification","step":"verify","ok":true}
{"t":"2026-09-11T11:52:17.289Z","path":"/blogs/chip-design/category-virtualprototyping","step":"verify","ok":true}
{"t":"2026-09-11T11:52:17.312Z","path":"/blogs/chip-design/category-verificationip","step":"verify","ok":true}
{"t":"2026-09-11T11:52:17.688Z","path":"/blogs/chip-design/ccix-pcie-ai-networking-storage","step":"verify","ok":true}
{"t":"2026-09-11T11:52:18.723Z","path":"/blogs/chip-design/celebrating-40-years-of-hspice","step":"verify","ok":true}
{"t":"2026-09-11T11:52:19.685Z","path":"/blogs/chip-design/celebrating-the-76th-anniversary-of-the-transistor","step":"verify","ok":true}
{"t":"2026-09-11T11:52:20.316Z","path":"/blogs/chip-design/celebrating-women-innovation-nvidia-gtc-2026","step":"verify","ok":true}
{"t":"2026-09-11T11:52:22.491Z","path":"/blogs/chip-design/ces-2024-software-defined-vehicles","step":"verify","ok":true}
{"t":"2026-09-11T11:52:22.949Z","path":"/blogs/chip-design/ceos-synopsys-arm-ai-opportunities-challenges","step":"verify","ok":true}
{"t":"2026-09-11T11:52:24.318Z","path":"/blogs/chip-design/chip-design-data-analytics","step":"verify","ok":true}
{"t":"2026-09-11T11:52:24.745Z","path":"/blogs/chip-design/chip-design-debug-verification-ai","step":"verify","ok":true}
{"t":"2026-09-11T11:52:25.315Z","path":"/blogs/chip-design/chip-design-latest-technology","step":"verify","ok":true}
{"t":"2026-09-11T11:52:26.068Z","path":"/blogs/chip-design/chip-design-tools-github-hardware-development","step":"verify","ok":true}
{"t":"2026-09-11T11:52:27.930Z","path":"/blogs/chip-design/chip-floorplan-design-automation","step":"verify","ok":true}
{"t":"2026-09-11T11:52:29.058Z","path":"/blogs/chip-design/chiplet-design-best-practices-multi-die","step":"verify","ok":true}
{"t":"2026-09-11T11:52:29.748Z","path":"/blogs/chip-design/chiplets-multi-die-alchip","step":"verify","ok":true}
{"t":"2026-09-11T11:52:30.695Z","path":"/blogs/chip-design/chips-act-research-development","step":"verify","ok":true}
{"t":"2026-09-11T11:52:31.272Z","path":"/blogs/chip-design/chips-and-science-act-semiconductor-industry","step":"verify","ok":true}
{"t":"2026-09-11T11:52:31.834Z","path":"/blogs/chip-design/cloud-access-security-broker","step":"verify","ok":true}
{"t":"2026-09-11T11:52:33.662Z","path":"/blogs/chip-design/cloud-adoption-framework-eda-software","step":"verify","ok":true}
{"t":"2026-09-11T11:52:34.810Z","path":"/blogs/chip-design/cloud-ai-chip-emulation","step":"verify","ok":true}
{"t":"2026-09-11T11:52:35.671Z","path":"/blogs/chip-design/cloud-architecture-patterns","step":"verify","ok":true}
{"t":"2026-09-11T11:52:37.286Z","path":"/blogs/chip-design/cloud-based-chip-design-and-verification-2022","step":"verify","ok":true}
{"t":"2026-09-11T11:52:37.811Z","path":"/blogs/chip-design/cloud-based-chip-design-innovation-snug","step":"verify","ok":true}
{"t":"2026-09-11T11:52:37.974Z","path":"/blogs/chip-design/cloud-based-chip-design-security","step":"verify","ok":true}
{"t":"2026-09-11T11:52:39.082Z","path":"/blogs/chip-design/cloud-based-eda-software-ai-accelerator-mentium","step":"verify","ok":true}
{"t":"2026-09-11T11:52:41.291Z","path":"/blogs/chip-design/cloud-based-eda-tools-explained","step":"verify","ok":true}
{"t":"2026-09-11T11:52:42.156Z","path":"/blogs/chip-design/cloud-based-ic-hardware-design-tools-enhance-chip-design","step":"verify","ok":true}
{"t":"2026-09-11T11:52:43.108Z","path":"/blogs/chip-design/cloud-based-soc-virtual-prototyping","step":"verify","ok":true}
{"t":"2026-09-11T11:52:44.096Z","path":"/blogs/chip-design/cloud-capacity-planning","step":"verify","ok":true}
{"t":"2026-09-11T11:52:44.346Z","path":"/blogs/chip-design/cloud-computing-architecture","step":"verify","ok":true}
{"t":"2026-09-11T11:52:44.864Z","path":"/blogs/chip-design/cloud-computing-deployment-models","step":"verify","ok":true}
{"t":"2026-09-11T11:52:48.569Z","path":"/blogs/chip-design/cloud-computing-features","step":"verify","ok":true}
{"t":"2026-09-11T11:52:49.040Z","path":"/blogs/chip-design/cloud-computing-facts","step":"verify","ok":true}
{"t":"2026-09-11T11:52:49.130Z","path":"/blogs/chip-design/cloud-computing-flexibility","step":"verify","ok":true}
{"t":"2026-09-11T11:52:50.058Z","path":"/blogs/chip-design/cloud-computing-infrastructure","step":"verify","ok":true}
{"t":"2026-09-11T11:52:50.549Z","path":"/blogs/chip-design/cloud-computing-overview","step":"verify","ok":true}
{"t":"2026-09-11T11:52:50.813Z","path":"/blogs/chip-design/cloud-computing-security-concerns","step":"verify","ok":true}
{"t":"2026-09-11T11:52:54.529Z","path":"/blogs/chip-design/cloud-computing-vs-traditional-it-structures","step":"verify","ok":true}
{"t":"2026-09-11T11:52:55.449Z","path":"/blogs/chip-design/cloud-consumption","step":"verify","ok":true}
{"t":"2026-09-11T11:52:55.985Z","path":"/blogs/chip-design/cloud-data-center-architecture","step":"verify","ok":true}
{"t":"2026-09-11T11:52:56.245Z","path":"/blogs/chip-design/cloud-eda-tools-enable-preconfigured-chip-design-flows","step":"verify","ok":true}
{"t":"2026-09-11T11:52:56.495Z","path":"/blogs/chip-design/cloud-eda-license-management","step":"verify","ok":true}
{"t":"2026-09-11T11:52:56.544Z","path":"/blogs/chip-design/cloud-configuration-management-tools","step":"verify","ok":true}
{"t":"2026-09-11T11:53:00.420Z","path":"/blogs/chip-design/cloud-eda-tools-fuel-semiconductor-design","step":"verify","ok":true}
{"t":"2026-09-11T11:53:01.338Z","path":"/blogs/chip-design/cloud-eda-tools-scale-soc-design-and-verification","step":"verify","ok":true}
{"t":"2026-09-11T11:53:01.570Z","path":"/blogs/chip-design/cloud-eda-tools-to-saas-model","step":"verify","ok":true}
{"t":"2026-09-11T11:53:01.601Z","path":"/blogs/chip-design/cloud-enabled-chip-design-education-concept-to-tapeout","step":"verify","ok":true}
{"t":"2026-09-11T11:53:02.050Z","path":"/blogs/chip-design/cloud-hpc-for-ai-architecture","step":"verify","ok":true}
{"t":"2026-09-11T11:53:02.727Z","path":"/blogs/chip-design/cloud-interoperability-chip-design","step":"verify","ok":true}
{"t":"2026-09-11T11:53:06.829Z","path":"/blogs/chip-design/cloud-native-benefits","step":"verify","ok":true}
{"t":"2026-09-11T11:53:07.147Z","path":"/blogs/chip-design/cloud-native-vs-cloud-agnostic","step":"verify","ok":true}
{"t":"2026-09-11T11:53:07.235Z","path":"/blogs/chip-design/cloud-native-technologies","step":"verify","ok":true}
{"t":"2026-09-11T11:53:07.564Z","path":"/blogs/chip-design/cloud-predictions-2023","step":"verify","ok":true}
{"t":"2026-09-11T11:53:07.786Z","path":"/blogs/chip-design/cloud-security-architecture","step":"verify","ok":true}
{"t":"2026-09-11T11:53:08.261Z","path":"/blogs/chip-design/cloud-security-challenges","step":"verify","ok":true}
{"t":"2026-09-11T11:53:12.597Z","path":"/blogs/chip-design/cloud-security-strategy","step":"verify","ok":true}
{"t":"2026-09-11T11:53:12.653Z","path":"/blogs/chip-design/cloud-storage-security","step":"verify","ok":true}
{"t":"2026-09-11T11:53:12.869Z","path":"/blogs/chip-design/cloud-soc-prototyping-fpga-prototyping-tools","step":"verify","ok":true}
{"t":"2026-09-11T11:53:13.251Z","path":"/blogs/chip-design/cloud-to-cloud-integration","step":"verify","ok":true}
{"t":"2026-09-11T11:53:13.313Z","path":"/blogs/chip-design/cloud-virtual-prototypes-sdvs","step":"verify","ok":true}
{"t":"2026-09-11T11:53:14.308Z","path":"/blogs/chip-design/cloud-workload-protection","step":"verify","ok":true}
{"t":"2026-09-11T11:53:18.559Z","path":"/blogs/chip-design/color-space-conversions-display","step":"verify","ok":true}
{"t":"2026-09-11T11:53:18.612Z","path":"/blogs/chip-design/comparing-cloud-on-premises-security-chip-design","step":"verify","ok":true}
{"t":"2026-09-11T11:53:18.794Z","path":"/blogs/chip-design/community-service-synopsys-for-good","step":"verify","ok":true}
{"t":"2026-09-11T11:53:18.813Z","path":"/blogs/chip-design/complete-ufs-5-0-m-phy-v6-0-ip-solution-storage","step":"verify","ok":true}
{"t":"2026-09-11T11:53:19.357Z","path":"/blogs/chip-design/compliance-load-board-verification-for-pcie-6-designs","step":"verify","ok":true}
{"t":"2026-09-11T11:53:20.360Z","path":"/blogs/chip-design/computational-lithography-chip-design-with-nvidia","step":"verify","ok":true}
{"t":"2026-09-11T11:53:24.332Z","path":"/blogs/chip-design/compute-capacity","step":"verify","ok":true}
{"t":"2026-09-11T11:53:24.403Z","path":"/blogs/chip-design/copilot-generative-ai-chip-design","step":"verify","ok":true}
{"t":"2026-09-11T11:53:24.551Z","path":"/blogs/chip-design/connected-vehicle-cybersecurity-wireless-comm","step":"verify","ok":true}
{"t":"2026-09-11T11:53:24.995Z","path":"/blogs/chip-design/continuous-integration-practices","step":"verify","ok":true}
{"t":"2026-09-11T11:53:25.731Z","path":"/blogs/chip-design/copper-ai-interconnect","step":"verify","ok":true}
{"t":"2026-09-11T11:53:26.408Z","path":"/blogs/chip-design/corporate-social-responsibility-report-2021","step":"verify","ok":true}
{"t":"2026-09-11T11:53:30.331Z","path":"/blogs/chip-design/cpo-multi-die-design","step":"verify","ok":true}
{"t":"2026-09-11T11:53:30.551Z","path":"/blogs/chip-design/coverage-models-memory-vip-solutions","step":"verify","ok":true}
{"t":"2026-09-11T11:53:30.853Z","path":"/blogs/chip-design/create-ai-accelerator-chip-18-months-neuchips","step":"verify","ok":true}
{"t":"2026-09-11T11:53:31.018Z","path":"/blogs/chip-design/cryogenic-cmos-computing-semiwise","step":"verify","ok":true}
{"t":"2026-09-11T11:53:31.726Z","path":"/blogs/chip-design/custom-compiler-design-assistants-part-2","step":"verify","ok":true}
{"t":"2026-09-11T11:53:31.909Z","path":"/blogs/chip-design/custom-compiler-design-assistants","step":"verify","ok":true}
{"t":"2026-09-11T11:53:36.231Z","path":"/blogs/chip-design/custom-compiler-layout","step":"verify","ok":true}
{"t":"2026-09-11T11:53:36.492Z","path":"/blogs/chip-design/custom-design-family-customer-testimonials","step":"verify","ok":true}
{"t":"2026-09-11T11:53:36.661Z","path":"/blogs/chip-design/custom-routing-cmos-image-sensors-co-design-flow","step":"verify","ok":true}
{"t":"2026-09-11T11:53:36.758Z","path":"/blogs/chip-design/custom-compiler-design-insights","step":"verify","ok":true}
{"t":"2026-09-11T11:53:37.858Z","path":"/blogs/chip-design/cxl-2-data-center-interconnects","step":"verify","ok":true}
{"t":"2026-09-11T11:53:37.865Z","path":"/blogs/chip-design/customizing-foundation-ip-low-voltage-design","step":"verify","ok":true}
{"t":"2026-09-11T11:53:42.782Z","path":"/blogs/chip-design/cxl-2-device-discovery-path","step":"verify","ok":true}
{"t":"2026-09-11T11:53:43.125Z","path":"/blogs/chip-design/cxl-3-1-standard","step":"verify","ok":true}
{"t":"2026-09-11T11:53:43.168Z","path":"/blogs/chip-design/cxl-3-0-verification-solution-synopsys","step":"verify","ok":true}
{"t":"2026-09-11T11:53:43.290Z","path":"/blogs/chip-design/cxl-3-protocol-standard-demo-sc24","step":"verify","ok":true}
{"t":"2026-09-11T11:53:43.722Z","path":"/blogs/chip-design/cxl-4-ip-solution-ai-memory-connectivity","step":"verify","ok":true}
{"t":"2026-09-11T11:53:44.319Z","path":"/blogs/chip-design/cxl-4-bandwidth-first-what-designers-are-solving-next","step":"verify","ok":true}
{"t":"2026-09-11T11:53:48.703Z","path":"/blogs/chip-design/cxl-design-verification-synopsys-protocol","step":"verify","ok":true}
{"t":"2026-09-11T11:53:48.824Z","path":"/blogs/chip-design/cxl-protocol-memory-pooling","step":"verify","ok":true}
{"t":"2026-09-11T11:53:48.963Z","path":"/blogs/chip-design/cxl-compliance-testevent","step":"verify","ok":true}
{"t":"2026-09-11T11:53:49.330Z","path":"/blogs/chip-design/cybersecurity-qa-cso-deirdre-hanford","step":"verify","ok":true}
{"t":"2026-09-11T11:53:49.771Z","path":"/blogs/chip-design/cxl-secured-network-traffic-specification","step":"verify","ok":true}
{"t":"2026-09-11T11:53:50.449Z","path":"/blogs/chip-design/darpa-aiss-security-deirdre-hanford","step":"verify","ok":true}
{"t":"2026-09-11T11:53:54.936Z","path":"/blogs/chip-design/data-volume-growth-and-moores-law","step":"verify","ok":true}
{"t":"2026-09-11T11:53:54.963Z","path":"/blogs/chip-design/ddr-generations-memory-density-speed","step":"verify","ok":true}
{"t":"2026-09-11T11:53:55.078Z","path":"/blogs/chip-design/datapath-validation-artificial-intelligence-mathematical-cores","step":"verify","ok":true}
{"t":"2026-09-11T11:53:55.478Z","path":"/blogs/chip-design/ddr5-technology-advancements-performance","step":"verify","ok":true}
{"t":"2026-09-11T11:53:55.612Z","path":"/blogs/chip-design/debugging-x-can-be-difficult","step":"verify","ok":true}
{"t":"2026-09-11T11:53:56.654Z","path":"/blogs/chip-design/delivering-lpddr6-read-write-eyes-10-6-gbps","step":"verify","ok":true}
{"t":"2026-09-11T11:54:00.631Z","path":"/blogs/chip-design/demanding-chip-complexity-manufacturing-requirements-call-for-data-analytics","step":"verify","ok":true}
{"t":"2026-09-11T11:54:00.725Z","path":"/blogs/chip-design/design-automation-conference-2022","step":"verify","ok":true}
{"t":"2026-09-11T11:54:01.039Z","path":"/blogs/chip-design/designing-chips-with-ai-enabled-tools","step":"verify","ok":true}
{"t":"2026-09-11T11:54:01.123Z","path":"/blogs/chip-design/designing-ai-chips-interview-thomas-andersen","step":"verify","ok":true}
{"t":"2026-09-11T11:54:01.306Z","path":"/blogs/chip-design/demystifying-pcie-pipe-serdes-architecture","step":"verify","ok":true}
{"t":"2026-09-11T11:54:03.133Z","path":"/blogs/chip-design/designing-electrostatic-discharge-protection-for-monolithic-socs-and-multi-die-systems","step":"verify","ok":true}
{"t":"2026-09-11T11:54:06.468Z","path":"/blogs/chip-design/dfi-5-enhances-ddr5-lpddr5-performance","step":"verify","ok":true}
{"t":"2026-09-11T11:54:06.551Z","path":"/blogs/chip-design/difference-between-mom-mim-mos-capacitor","step":"verify","ok":true}
{"t":"2026-09-11T11:54:06.735Z","path":"/blogs/chip-design/designing-hbm3-high-bandwidth-memory-interfaces","step":"verify","ok":true}
{"t":"2026-09-11T11:54:06.744Z","path":"/blogs/chip-design/digital-design-tech-symposium-2021","step":"verify","ok":true}
{"t":"2026-09-11T11:54:06.998Z","path":"/blogs/chip-design/die-to-die-connectivity-for-hpc","step":"verify","ok":true}
{"t":"2026-09-11T11:54:09.006Z","path":"/blogs/chip-design/digital-engineering-transforms-chips-future","step":"verify","ok":true}
{"t":"2026-09-11T11:54:12.048Z","path":"/blogs/chip-design/digital-media-internship-program","step":"verify","ok":true}
{"t":"2026-09-11T11:54:12.287Z","path":"/blogs/chip-design/digital-twins-drive-innovation-in-auto-industry","step":"verify","ok":true}
{"t":"2026-09-11T11:54:12.451Z","path":"/blogs/chip-design/digital-twins-transform-aerospace-defense","step":"verify","ok":true}
{"t":"2026-09-11T11:54:12.644Z","path":"/blogs/chip-design/digital-twins-semiconductor-industry","step":"verify","ok":true}
{"t":"2026-09-11T11:54:12.749Z","path":"/blogs/chip-design/displayport-2-features-20gbps-16k","step":"verify","ok":true}
{"t":"2026-09-11T11:54:15.012Z","path":"/blogs/chip-design/distributed-object-storage","step":"verify","ok":true}
{"t":"2026-09-11T11:54:17.962Z","path":"/blogs/chip-design/dma-enhances-computer-performance","step":"verify","ok":true}
{"t":"2026-09-11T11:54:18.518Z","path":"/blogs/chip-design/dod-microelectronics-commons-hub-eda-tools","step":"verify","ok":true}
{"t":"2026-09-11T11:54:18.824Z","path":"/blogs/chip-design/driving-the-future-renesas-r-car-gen-5-virtual-prototypes-enable-sdvs","step":"verify","ok":true}
{"t":"2026-09-11T11:54:18.864Z","path":"/blogs/chip-design/dynamic-hdr-hdmi2-for-tv-mobiles","step":"verify","ok":true}
{"t":"2026-09-11T11:54:18.874Z","path":"/blogs/chip-design/dvcon-2024-multi-die-verification-panel","step":"verify","ok":true}
{"t":"2026-09-11T11:54:20.765Z","path":"/blogs/chip-design/eda-cloud-predictions-2024","step":"verify","ok":true}
{"t":"2026-09-11T11:54:23.910Z","path":"/blogs/chip-design/eda-license-management","step":"verify","ok":true}
{"t":"2026-09-11T11:54:24.064Z","path":"/blogs/chip-design/eda-in-the-cloud-snug-2023","step":"verify","ok":true}
{"t":"2026-09-11T11:54:24.491Z","path":"/blogs/chip-design/eda-tools-dso-ai-100-tapeouts","step":"verify","ok":true}
{"t":"2026-09-11T11:54:24.654Z","path":"/blogs/chip-design/eda-tools-help-students-build-ic-design-skills","step":"verify","ok":true}
{"t":"2026-09-11T11:54:24.803Z","path":"/blogs/chip-design/eda-tools-for-aerospace-chip-designers","step":"verify","ok":true}
{"t":"2026-09-11T11:54:26.372Z","path":"/blogs/chip-design/eda-tools-ip-solutions-and-auto-compliance","step":"verify","ok":true}
{"t":"2026-09-11T11:54:29.465Z","path":"/blogs/chip-design/eda-workloads-amd-epyc-processors","step":"verify","ok":true}
{"t":"2026-09-11T11:54:29.594Z","path":"/blogs/chip-design/eda-workloads-amd-processors","step":"verify","ok":true}
{"t":"2026-09-11T11:54:29.747Z","path":"/blogs/chip-design/eda-workloads-hybrid-cloud-solution","step":"verify","ok":true}
{"t":"2026-09-11T11:54:30.124Z","path":"/blogs/chip-design/edge-ai-in-memory-compute","step":"verify","ok":true}
{"t":"2026-09-11T11:54:30.292Z","path":"/blogs/chip-design/eda-workloads","step":"verify","ok":true}
{"t":"2026-09-11T11:54:32.363Z","path":"/blogs/chip-design/edge-ai-where-artificial-intelligence-meets-the-physical-world","step":"verify","ok":true}
{"t":"2026-09-11T11:54:34.972Z","path":"/blogs/chip-design/edge-computing-architecture","step":"verify","ok":true}
{"t":"2026-09-11T11:54:35.407Z","path":"/blogs/chip-design/edge-machine-learning-apps-sima-ai-synopsys","step":"verify","ok":true}
{"t":"2026-09-11T11:54:35.751Z","path":"/blogs/chip-design/edge-computing-benefits-and-challenges","step":"verify","ok":true}
{"t":"2026-09-11T11:54:36.003Z","path":"/blogs/chip-design/edp-verification-challenges-panel-refresh","step":"verify","ok":true}
{"t":"2026-09-11T11:54:36.067Z","path":"/blogs/chip-design/efficient-interconnect-planning-synopsys-ic-compiler-ii","step":"verify","ok":true}
{"t":"2026-09-11T11:54:38.028Z","path":"/blogs/chip-design/electron-beam-lithography-multibeam","step":"verify","ok":true}
{"t":"2026-09-11T11:54:41.303Z","path":"/blogs/chip-design/electronic-design-snug-israel-2022","step":"verify","ok":true}
{"t":"2026-09-11T11:54:41.750Z","path":"/blogs/chip-design/electronics-digital-twin-automotive-innovation","step":"verify","ok":true}
{"t":"2026-09-11T11:54:42.006Z","path":"/blogs/chip-design/electronics-industry-sustainable-world","step":"verify","ok":true}
{"t":"2026-09-11T11:54:42.027Z","path":"/blogs/chip-design/electronics-digital-twin-platform","step":"verify","ok":true}
{"t":"2026-09-11T11:54:42.203Z","path":"/blogs/chip-design/electronics-digital-twin-edt","step":"verify","ok":true}
{"t":"2026-09-11T11:54:43.753Z","path":"/blogs/chip-design/emulation-helps-find-power-bugs-soc-verification","step":"verify","ok":true}
{"t":"2026-09-11T11:54:47.481Z","path":"/blogs/chip-design/enabling-electronics-digital-twins-with-nxp-s32n-processor-vdks","step":"verify","ok":true}
{"t":"2026-09-11T11:54:47.738Z","path":"/blogs/chip-design/emulation-technology-soc-power-verification","step":"verify","ok":true}
{"t":"2026-09-11T11:54:47.978Z","path":"/blogs/chip-design/enabling-superior-rtl-with-synopsys-rtl-architect-discussion-with-vineet-rashingkar","step":"verify","ok":true}
{"t":"2026-09-11T11:54:48.197Z","path":"/blogs/chip-design/energy-efficient-ai-per-watt","step":"verify","ok":true}
{"t":"2026-09-11T11:54:48.242Z","path":"/blogs/chip-design/energy-efficient-ai-accelerator-data-centers","step":"verify","ok":true}
{"t":"2026-09-11T11:54:49.549Z","path":"/blogs/chip-design/energy-efficient-compute-designs-cxl-3-0-verification-ip","step":"verify","ok":true}
{"t":"2026-09-11T11:54:53.603Z","path":"/blogs/chip-design/enhance-chip-verification-with-ai-and-machine-learning","step":"verify","ok":true}
{"t":"2026-09-11T11:54:53.899Z","path":"/blogs/chip-design/engineering-intelligent-systems-multiphysics-world","step":"verify","ok":true}
{"t":"2026-09-11T11:54:54.004Z","path":"/blogs/chip-design/enhancing-chip-design-simulation-with-artificial-intelligence","step":"verify","ok":true}
{"t":"2026-09-11T11:54:54.025Z","path":"/blogs/chip-design/ensuring-reliability-haps-physical-prototyping-systems","step":"verify","ok":true}
{"t":"2026-09-11T11:54:54.689Z","path":"/blogs/chip-design/enhancing-chip-design-with-ai","step":"verify","ok":true}
{"t":"2026-09-11T11:54:55.487Z","path":"/blogs/chip-design/enterprise-generative-ai-tools-roi","step":"verify","ok":true}
{"t":"2026-09-11T11:54:59.889Z","path":"/blogs/chip-design/esp-equivalence-checking-custom-design-interview-almitra-pradhan","step":"verify","ok":true}
{"t":"2026-09-11T11:54:59.925Z","path":"/blogs/chip-design/equivalence-checking-and-functional-eco","step":"verify","ok":true}
{"t":"2026-09-11T11:54:59.972Z","path":"/blogs/chip-design/esp-bridging-the-gap-video-series","step":"verify","ok":true}
{"t":"2026-09-11T11:55:00.110Z","path":"/blogs/chip-design/esd-electrostatic-discharge-analysis-prevention","step":"verify","ok":true}
{"t":"2026-09-11T11:55:00.174Z","path":"/blogs/chip-design/esp-technology-high-coverage-symbolic-verification","step":"verify","ok":true}
{"t":"2026-09-11T11:55:01.340Z","path":"/blogs/chip-design/essential-cloud-computing-characteristics","step":"verify","ok":true}
{"t":"2026-09-11T11:55:05.858Z","path":"/blogs/chip-design/ethernet-connectivity-for-hyperscale-data-centers","step":"verify","ok":true}
{"t":"2026-09-11T11:55:05.953Z","path":"/blogs/chip-design/esun-ethernet-ai-scale-up-networking","step":"verify","ok":true}
{"t":"2026-09-11T11:55:06.034Z","path":"/blogs/chip-design/ethernet-802-3ck-800g-terabit-speeds","step":"verify","ok":true}
{"t":"2026-09-11T11:55:06.114Z","path":"/blogs/chip-design/ethernet-1-6t-vip-and-protocol-solutions","step":"verify","ok":true}
{"t":"2026-09-11T11:55:06.441Z","path":"/blogs/chip-design/ethernet-evolution-trends-challenges-future","step":"verify","ok":true}
{"t":"2026-09-11T11:55:07.243Z","path":"/blogs/chip-design/ethernet-interoperability-simulation","step":"verify","ok":true}
{"t":"2026-09-11T11:55:11.422Z","path":"/blogs/chip-design/ethernet-tsn-synopsys-verification","step":"verify","ok":true}
{"t":"2026-09-11T11:55:11.616Z","path":"/blogs/chip-design/ethernet-tsn-automotive-avb-applications","step":"verify","ok":true}
{"t":"2026-09-11T11:55:11.687Z","path":"/blogs/chip-design/europe-semiconductor-workforce-development","step":"verify","ok":true}
{"t":"2026-09-11T11:55:11.871Z","path":"/blogs/chip-design/evolution-of-synthesis-navigating-complex-rules-in-finfet-era","step":"verify","ok":true}
{"t":"2026-09-11T11:55:12.289Z","path":"/blogs/chip-design/evolution-pvt-ip-ams-digitally-assisted-analog-daa","step":"verify","ok":true}
{"t":"2026-09-11T11:55:12.988Z","path":"/blogs/chip-design/examining-data-bus-inversions-for-lpddr-in-stateye","step":"verify","ok":true}
{"t":"2026-09-11T11:55:16.786Z","path":"/blogs/chip-design/explaining-bizarre-results-p2p-resistance-current-density-on-chip-esd-network-simulations","step":"verify","ok":true}
{"t":"2026-09-11T11:55:17.055Z","path":"/blogs/chip-design/exploring-resistance-extraction-techniques-starrc","step":"verify","ok":true}
{"t":"2026-09-11T11:55:17.142Z","path":"/blogs/chip-design/exploring-transistor-architecture-for-the-5-nm-node-and-beyond","step":"verify","ok":true}
{"t":"2026-09-11T11:55:17.505Z","path":"/blogs/chip-design/exploring-technical-features-of-starrc-merge-corners","step":"verify","ok":true}
{"t":"2026-09-11T11:55:17.994Z","path":"/blogs/chip-design/extending-mobile-soc-battery-life","step":"verify","ok":true}
{"t":"2026-09-11T11:55:18.321Z","path":"/blogs/chip-design/extraction-custom-design-advanced-nodes-interview-mo-movahed-ezazi","step":"verify","ok":true}
{"t":"2026-09-11T11:55:22.611Z","path":"/blogs/chip-design/fast-accurate-virtual-prototyping","step":"verify","ok":true}
{"t":"2026-09-11T11:55:22.739Z","path":"/blogs/chip-design/fanout-rdl-routing-design-automation","step":"verify","ok":true}
{"t":"2026-09-11T11:55:22.927Z","path":"/blogs/chip-design/faster-chip-timing-signoff-flexeda","step":"verify","ok":true}
{"t":"2026-09-11T11:55:22.928Z","path":"/blogs/chip-design/fast-soc-emulation-boost-chip-verification","step":"verify","ok":true}
{"t":"2026-09-11T11:55:23.362Z","path":"/blogs/chip-design/faster-chiplet-soc-design-with-arm-collaboration","step":"verify","ok":true}
{"t":"2026-09-11T11:55:24.248Z","path":"/blogs/chip-design/faster-prototyping-haps","step":"verify","ok":true}
{"t":"2026-09-11T11:55:27.969Z","path":"/blogs/chip-design/faster-waveform-dumping-verdi-vcs","step":"verify","ok":true}
{"t":"2026-09-11T11:55:28.371Z","path":"/blogs/chip-design/finding-hardware-bugs-faster","step":"verify","ok":true}
{"t":"2026-09-11T11:55:28.812Z","path":"/blogs/chip-design/fault-simulation-techniques-for-safety-critical-chip-designs","step":"verify","ok":true}
{"t":"2026-09-11T11:55:28.962Z","path":"/blogs/chip-design/first-mobile-phone-usb-type-c","step":"verify","ok":true}
{"t":"2026-09-11T11:55:29.264Z","path":"/blogs/chip-design/fault-simulation-techniques","step":"verify","ok":true}
{"t":"2026-09-11T11:55:30.089Z","path":"/blogs/chip-design/first-verification-ip-arm-amba","step":"verify","ok":true}
{"t":"2026-09-11T11:55:33.335Z","path":"/blogs/chip-design/first-verification-ips-arm-amba","step":"verify","ok":true}
{"t":"2026-09-11T11:55:34.254Z","path":"/blogs/chip-design/formal-verification-increases-soc-design-productivity","step":"verify","ok":true}
{"t":"2026-09-11T11:55:34.359Z","path":"/blogs/chip-design/formal-chip-design-verification-in-the-cloud","step":"verify","ok":true}
{"t":"2026-09-11T11:55:34.938Z","path":"/blogs/chip-design/fpga-prototyping-for-high-rtl-debug-productivity","step":"verify","ok":true}
{"t":"2026-09-11T11:55:34.962Z","path":"/blogs/chip-design/fpga-prototyping-powers-soc-process","step":"verify","ok":true}
{"t":"2026-09-11T11:55:36.326Z","path":"/blogs/chip-design/fpga-prototyping-scaled-out-chip-design-validation","step":"verify","ok":true}
{"t":"2026-09-11T11:55:39.416Z","path":"/blogs/chip-design/freertos-virtual-ecu-development-validation-silver","step":"verify","ok":true}
{"t":"2026-09-11T11:55:39.702Z","path":"/blogs/chip-design/fujitsu-monaka-green-data-centers","step":"verify","ok":true}
{"t":"2026-09-11T11:55:40.459Z","path":"/blogs/chip-design/functional-safety-automotive-digital-mipi-cse","step":"verify","ok":true}
{"t":"2026-09-11T11:55:40.885Z","path":"/blogs/chip-design/functional-safety-implementation-goes-mainstream","step":"verify","ok":true}
{"t":"2026-09-11T11:55:41.030Z","path":"/blogs/chip-design/fundamentals-of-cloud-computing-and-its-role-in-eda","step":"verify","ok":true}
{"t":"2026-09-11T11:55:41.587Z","path":"/blogs/chip-design/fusion-compiler-scaling-design","step":"verify","ok":true}
{"t":"2026-09-11T11:55:45.314Z","path":"/blogs/chip-design/future-gaming-displays-advancements","step":"verify","ok":true}
{"t":"2026-09-11T11:55:45.746Z","path":"/blogs/chip-design/future-mobility-arm-zena-soafee-workflows-ces","step":"verify","ok":true}
{"t":"2026-09-11T11:55:46.170Z","path":"/blogs/chip-design/future-of-ai-in-chip-design","step":"verify","ok":true}
{"t":"2026-09-11T11:55:46.463Z","path":"/blogs/chip-design/future-of-electronic-design-automation","step":"verify","ok":true}
{"t":"2026-09-11T11:55:47.075Z","path":"/blogs/chip-design/future-of-auto-sensor-fusion-data-handling","step":"verify","ok":true}
{"t":"2026-09-11T11:55:47.321Z","path":"/blogs/chip-design/future-semiconductor-industry-multi-die","step":"verify","ok":true}
{"t":"2026-09-11T11:55:51.757Z","path":"/blogs/chip-design/gddr6-ai-vr-autonomous-driving","step":"verify","ok":true}
{"t":"2026-09-11T11:55:51.829Z","path":"/blogs/chip-design/gate-all-around-complementary-fets-whats-next-transistor-scaling","step":"verify","ok":true}
{"t":"2026-09-11T11:55:52.334Z","path":"/blogs/chip-design/gate-resistance-ic-design-flow","step":"verify","ok":true}
{"t":"2026-09-11T11:55:52.654Z","path":"/blogs/chip-design/generative-ai-chip-design-panel","step":"verify","ok":true}
{"t":"2026-09-11T11:55:52.710Z","path":"/blogs/chip-design/generative-agentic-ai-chip-design","step":"verify","ok":true}
{"t":"2026-09-11T11:55:52.741Z","path":"/blogs/chip-design/generative-ai-computex-2024","step":"verify","ok":true}
{"t":"2026-09-11T11:55:57.838Z","path":"/blogs/chip-design/generative-ai-in-chip-design-2024","step":"verify","ok":true}
{"t":"2026-09-11T11:55:58.301Z","path":"/blogs/chip-design/golden-signoff-backbone-fusion-compiler-neeraj-kaul","step":"verify","ok":true}
{"t":"2026-09-11T11:55:58.505Z","path":"/blogs/chip-design/good-enough-government-work","step":"verify","ok":true}
{"t":"2026-09-11T11:55:58.591Z","path":"/blogs/chip-design/generative-ai-semiconductor-industry-eda-panel","step":"verify","ok":true}
{"t":"2026-09-11T11:55:58.647Z","path":"/blogs/chip-design/ghg-emission-reduction-goals","step":"verify","ok":true}
{"t":"2026-09-11T11:55:59.725Z","path":"/blogs/chip-design/good-activity-data-improve-your-dynamic-voltage-drop-analysis","step":"verify","ok":true}
{"t":"2026-09-11T11:56:03.989Z","path":"/blogs/chip-design/haps-prototyping-systems-use-cases-benefits","step":"verify","ok":true}
{"t":"2026-09-11T11:56:04.324Z","path":"/blogs/chip-design/gpu-acceleration-chip-design-flow","step":"verify","ok":true}
{"t":"2026-09-11T11:56:04.547Z","path":"/blogs/chip-design/hardware-root-of-trust-security","step":"verify","ok":true}
{"t":"2026-09-11T11:56:05.051Z","path":"/blogs/chip-design/hbm-performance-verification-guide","step":"verify","ok":true}
{"t":"2026-09-11T11:56:05.303Z","path":"/blogs/chip-design/hardware-security-vs-software-security","step":"verify","ok":true}
{"t":"2026-09-11T11:56:05.662Z","path":"/blogs/chip-design/hbm-signal-integrity-after-routing","step":"verify","ok":true}
{"t":"2026-09-11T11:56:10.490Z","path":"/blogs/chip-design/hdmi-hdcp2-authentication-process","step":"verify","ok":true}
{"t":"2026-09-11T11:56:10.627Z","path":"/blogs/chip-design/hbm3-next-generation-memory-standard","step":"verify","ok":true}
{"t":"2026-09-11T11:56:10.957Z","path":"/blogs/chip-design/hdmi-2-1a-sbtm-gaming-acceleration","step":"verify","ok":true}
{"t":"2026-09-11T11:56:10.957Z","path":"/blogs/chip-design/hdmi-2-1-channeling-the-genx-audio-video-experience","step":"verify","ok":true}
{"t":"2026-09-11T11:56:11.601Z","path":"/blogs/chip-design/hdmi-quick-media-switching","step":"verify","ok":true}
{"t":"2026-09-11T11:56:12.821Z","path":"/blogs/chip-design/hdmi-scrambling-higher-data-rates","step":"verify","ok":true}
{"t":"2026-09-11T11:56:16.875Z","path":"/blogs/chip-design/high-frequency-jitter-amplification-accuracy-stateye","step":"verify","ok":true}
{"t":"2026-09-11T11:56:17.049Z","path":"/blogs/chip-design/high-capacity-high-performance-flash-memory","step":"verify","ok":true}
{"t":"2026-09-11T11:56:17.214Z","path":"/blogs/chip-design/high-na-euv-computational-lithography","step":"verify","ok":true}
{"t":"2026-09-11T11:56:17.514Z","path":"/blogs/chip-design/high-bandwidth-memory-hbm-ai-future","step":"verify","ok":true}
{"t":"2026-09-11T11:56:17.588Z","path":"/blogs/chip-design/heterogeneous-clusters-and-dynamic-scaling","step":"verify","ok":true}
{"t":"2026-09-11T11:56:18.569Z","path":"/blogs/chip-design/high-performance-compute-eda-cloud","step":"verify","ok":true}
{"t":"2026-09-11T11:56:23.089Z","path":"/blogs/chip-design/high-performance-computing-2022","step":"verify","ok":true}
{"t":"2026-09-11T11:56:23.237Z","path":"/blogs/chip-design/high-performance-computing-cluster","step":"verify","ok":true}
{"t":"2026-09-11T11:56:23.251Z","path":"/blogs/chip-design/high-performance-computing-applications","step":"verify","ok":true}
{"t":"2026-09-11T11:56:23.697Z","path":"/blogs/chip-design/high-performance-simulation-predictable-capacity-uplift-cloud","step":"verify","ok":true}
{"t":"2026-09-11T11:56:24.073Z","path":"/blogs/chip-design/high-performance-computing-architecture","step":"verify","ok":true}
{"t":"2026-09-11T11:56:24.797Z","path":"/blogs/chip-design/high-performance-storage","step":"verify","ok":true}
{"t":"2026-09-11T11:56:29.425Z","path":"/blogs/chip-design/high-speed-memory-smartphones-mipi","step":"verify","ok":true}
{"t":"2026-09-11T11:56:29.813Z","path":"/blogs/chip-design/high-res-displays-hdmi-dsc","step":"verify","ok":true}
{"t":"2026-09-11T11:56:30.137Z","path":"/blogs/chip-design/how-3dic-compiler-powers-multidie-design-breakthroughs","step":"verify","ok":true}
{"t":"2026-09-11T11:56:30.166Z","path":"/blogs/chip-design/how-ai-changed-chip-design-eda-tools","step":"verify","ok":true}
{"t":"2026-09-11T11:56:30.222Z","path":"/blogs/chip-design/how-asu-researcher-became-chip-designer","step":"verify","ok":true}
{"t":"2026-09-11T11:56:31.040Z","path":"/blogs/chip-design/how-ai-changes-chip-design-flow","step":"verify","ok":true}
{"t":"2026-09-11T11:56:35.865Z","path":"/blogs/chip-design/how-cameras-use-ai-neural-network-image-processing","step":"verify","ok":true}
{"t":"2026-09-11T11:56:36.073Z","path":"/blogs/chip-design/how-eda-forms-basis-for-designing-secure-systems","step":"verify","ok":true}
{"t":"2026-09-11T11:56:36.188Z","path":"/blogs/chip-design/how-prototyping-increases-interoperability-success","step":"verify","ok":true}
{"t":"2026-09-11T11:56:36.311Z","path":"/blogs/chip-design/how-dtco-advances-chip-design-process","step":"verify","ok":true}
{"t":"2026-09-11T11:56:37.560Z","path":"/blogs/chip-design/how-certify-supercomputer","step":"verify","ok":true}
{"t":"2026-09-11T11:56:38.297Z","path":"/blogs/chip-design/how-secure-ddr-interfaces-protect-dram-from-memory-attacks","step":"verify","ok":true}
{"t":"2026-09-11T11:56:42.258Z","path":"/blogs/chip-design/how-socs-are-designed-for-ai-applications","step":"verify","ok":true}
{"t":"2026-09-11T11:56:42.290Z","path":"/blogs/chip-design/how-synopsys-and-quintauris-accelerate-the-path-to-production","step":"verify","ok":true}
{"t":"2026-09-11T11:56:42.623Z","path":"/blogs/chip-design/how-to-design-socs-for-the-sysmoore-era","step":"verify","ok":true}
{"t":"2026-09-11T11:56:43.303Z","path":"/blogs/chip-design/how-to-build-chips-functional-safety-applications","step":"verify","ok":true}
{"t":"2026-09-11T11:56:44.366Z","path":"/blogs/chip-design/how-to-maximize-pcie-6-with-end-to-end-design-solutions","step":"verify","ok":true}
{"t":"2026-09-11T11:56:45.434Z","path":"/blogs/chip-design/how-to-integrate-usb4-in-soc-design","step":"verify","ok":true}
{"t":"2026-09-11T11:56:49.804Z","path":"/blogs/chip-design/hpc-and-cloud-predictions-2021","step":"verify","ok":true}
{"t":"2026-09-11T11:56:49.845Z","path":"/blogs/chip-design/how-to-secure-auto-ota-updates","step":"verify","ok":true}
{"t":"2026-09-11T11:56:49.873Z","path":"/blogs/chip-design/hpc-data-center-power-consumption","step":"verify","ok":true}
{"t":"2026-09-11T11:56:49.960Z","path":"/blogs/chip-design/hpc-applications-drive-chiplet-demand","step":"verify","ok":true}
{"t":"2026-09-11T11:56:50.990Z","path":"/blogs/chip-design/hpc-multi-die-chip-design-2025","step":"verify","ok":true}
{"t":"2026-09-11T11:56:52.130Z","path":"/blogs/chip-design/hpe-hpc-chip-design-tools","step":"verify","ok":true}
{"t":"2026-09-11T11:56:55.959Z","path":"/blogs/chip-design/hybrid-cloud-integration","step":"verify","ok":true}
{"t":"2026-09-11T11:56:56.670Z","path":"/blogs/chip-design/hybrid-cloud-architecture-benefits-and-challenges","step":"verify","ok":true}
{"t":"2026-09-11T11:56:57.138Z","path":"/blogs/chip-design/hybrid-prototyping-solution","step":"verify","ok":true}
{"t":"2026-09-11T11:56:57.414Z","path":"/blogs/chip-design/hyper-convergent-chip-design-tools-power-soc","step":"verify","ok":true}
{"t":"2026-09-11T11:56:57.903Z","path":"/blogs/chip-design/hybrid-cloud-chip-design-agility-efficiency","step":"verify","ok":true}
{"t":"2026-09-11T11:56:59.206Z","path":"/blogs/chip-design/hyper-convergent-chip-designs-news-and-trends","step":"verify","ok":true}
{"t":"2026-09-11T11:57:02.508Z","path":"/blogs/chip-design/hyper-convergent-chip-designs","step":"verify","ok":true}
{"t":"2026-09-11T11:57:02.951Z","path":"/blogs/chip-design/hyperscale-data-center-security-cloud-computing","step":"verify","ok":true}
{"t":"2026-09-11T11:57:03.773Z","path":"/blogs/chip-design/ibm-research-ai-hardware-center","step":"verify","ok":true}
{"t":"2026-09-11T11:57:04.064Z","path":"/blogs/chip-design/i3c-vip-hdr-multi-lane-verification","step":"verify","ok":true}
{"t":"2026-09-11T11:57:04.977Z","path":"/blogs/chip-design/ic-design-engineer-training-vietnam","step":"verify","ok":true}
{"t":"2026-09-11T11:57:05.274Z","path":"/blogs/chip-design/hyperscale-data-centers-224g-serdes-ethernet","step":"verify","ok":true}
{"t":"2026-09-11T11:57:08.645Z","path":"/blogs/chip-design/ic-design-tools-enable-ic-hyperconvergence","step":"verify","ok":true}
{"t":"2026-09-11T11:57:10.344Z","path":"/blogs/chip-design/ieee-standards-functional-safety","step":"verify","ok":true}
{"t":"2026-09-11T11:57:10.734Z","path":"/blogs/chip-design/ic-design-reliability-analysis-primesim-continuum","step":"verify","ok":true}
{"t":"2026-09-11T11:57:10.902Z","path":"/blogs/chip-design/ieee-8023-launches-study-group-400gbps-per-lane-ethernet-ai-networks","step":"verify","ok":true}
{"t":"2026-09-11T11:57:10.948Z","path":"/blogs/chip-design/impare-chip-design-verification-cloud","step":"verify","ok":true}
{"t":"2026-09-11T11:57:11.350Z","path":"/blogs/chip-design/improve-ai-chip-power-efficiency","step":"verify","ok":true}
{"t":"2026-09-11T11:57:14.638Z","path":"/blogs/chip-design/improved-power-system-optimization-soc-designs","step":"verify","ok":true}
{"t":"2026-09-11T11:57:16.033Z","path":"/blogs/chip-design/improving-analog-layout-efficiency-with-reusable-user-defined-device","step":"verify","ok":true}
{"t":"2026-09-11T11:57:16.292Z","path":"/blogs/chip-design/improving-design-robustness-primeshield-discussion-li-ding","step":"verify","ok":true}
{"t":"2026-09-11T11:57:16.770Z","path":"/blogs/chip-design/improving-quality-of-results-with-design-compiler-nxt","step":"verify","ok":true}
{"t":"2026-09-11T11:57:18.010Z","path":"/blogs/chip-design/improving-results-quickly-with-singular-rtl-to-gdsii-product","step":"verify","ok":true}
{"t":"2026-09-11T11:57:19.263Z","path":"/blogs/chip-design/improving-robustness-design-variability","step":"verify","ok":true}
{"t":"2026-09-11T11:57:20.671Z","path":"/blogs/chip-design/improving-semiconductor-yield-with-test-data-analytics","step":"verify","ok":true}
{"t":"2026-09-11T11:57:22.004Z","path":"/blogs/chip-design/industry-1stcxl-verification-ip-transforming-aihpc-systems","step":"verify","ok":true}
{"t":"2026-09-11T11:57:22.256Z","path":"/blogs/chip-design/industry-first-verification-ip-arm-amb-dtih","step":"verify","ok":true}
{"t":"2026-09-11T11:57:22.740Z","path":"/blogs/chip-design/india-semiconductor-industry-influence","step":"verify","ok":true}
{"t":"2026-09-11T11:57:24.359Z","path":"/blogs/chip-design/industry-first-verification-ip-arm-amba-axi-l-simplifies-soc","step":"verify","ok":true}
{"t":"2026-09-11T11:57:25.324Z","path":"/blogs/chip-design/industry-first-vip-for-arm-amba-dti-g","step":"verify","ok":true}
{"t":"2026-09-11T11:57:26.918Z","path":"/blogs/chip-design/industry-first-vip-for-display-port-automotive-extensions","step":"verify","ok":true}
{"t":"2026-09-11T11:57:28.003Z","path":"/blogs/chip-design/industry-first-vip-for-pcie-7-0","step":"verify","ok":true}
{"t":"2026-09-11T11:57:28.363Z","path":"/blogs/chip-design/innovation-enablers-synopsys-story","step":"verify","ok":true}
{"t":"2026-09-11T11:57:28.986Z","path":"/blogs/chip-design/innovations-formality-equivalence-checking-interview-todd-buzan","step":"verify","ok":true}
{"t":"2026-09-11T11:57:30.011Z","path":"/blogs/chip-design/innovations-in-ic-validator-physical-signoff","step":"verify","ok":true}
{"t":"2026-09-11T11:57:31.285Z","path":"/blogs/chip-design/integrated-design-ai-chip-software","step":"verify","ok":true}
{"t":"2026-09-11T11:57:32.955Z","path":"/blogs/chip-design/intel-ucie-chiplet-test","step":"verify","ok":true}
{"t":"2026-09-11T11:57:33.761Z","path":"/blogs/chip-design/interactive-debugging-reducing-simulation-debug-tat","step":"verify","ok":true}
{"t":"2026-09-11T11:57:35.041Z","path":"/blogs/chip-design/interconnect-ip-scalable-compute-clusters","step":"verify","ok":true}
{"t":"2026-09-11T11:57:35.740Z","path":"/blogs/chip-design/interface-ip-3d-multi-die","step":"verify","ok":true}
{"t":"2026-09-11T11:57:37.252Z","path":"/blogs/chip-design/interface-protocol-validation-zebu-solutions","step":"verify","ok":true}
{"t":"2026-09-11T11:57:37.544Z","path":"/blogs/chip-design/international-day-of-women-in-science-2022","step":"verify","ok":true}
{"t":"2026-09-11T11:57:38.926Z","path":"/blogs/chip-design/introducing-fusion-compiler-synthesis-place-and-route-solution","step":"verify","ok":true}
{"t":"2026-09-11T11:57:39.290Z","path":"/blogs/chip-design/introducing-zebu-200-haps-200","step":"verify","ok":true}
{"t":"2026-09-11T11:57:41.428Z","path":"/blogs/chip-design/introduction-cxl-device-types","step":"verify","ok":true}
{"t":"2026-09-11T11:57:42.729Z","path":"/blogs/chip-design/introduction-to-analog-fault-simulation-using-synopsys-custom-design-platform","step":"verify","ok":true}
{"t":"2026-09-11T11:57:43.500Z","path":"/blogs/chip-design/iot-applications-with-low-power-design-techniques","step":"verify","ok":true}
{"t":"2026-09-11T11:57:44.432Z","path":"/blogs/chip-design/iot-design-the-future-is-smart-and-connected","step":"verify","ok":true}
{"t":"2026-09-11T11:57:45.364Z","path":"/blogs/chip-design/iot-device-security-isim","step":"verify","ok":true}
{"t":"2026-09-11T11:57:46.446Z","path":"/blogs/chip-design/iot-security-challenges-solutions","step":"verify","ok":true}
{"t":"2026-09-11T11:57:46.990Z","path":"/blogs/chip-design/ir-eco-is-it-possible-to-fix-voltage-drop-violations-without-destroying-your-chip-timing","step":"verify","ok":true}
{"t":"2026-09-11T11:57:48.457Z","path":"/blogs/chip-design/is-your-voltage-drop-flow-obsolete","step":"verify","ok":true}
{"t":"2026-09-11T11:57:49.423Z","path":"/blogs/chip-design/jedec-ddr5-sdram-vip-hpc","step":"verify","ok":true}
{"t":"2026-09-11T11:57:49.932Z","path":"/blogs/chip-design/jedec-lpddr4-standard-publication","step":"verify","ok":true}
{"t":"2026-09-11T11:57:51.408Z","path":"/blogs/chip-design/journey-of-coverage-closure","step":"verify","ok":true}
{"t":"2026-09-11T11:57:52.500Z","path":"/blogs/chip-design/jumpstart-chip-design-digital-instance-cloud","step":"verify","ok":true}
{"t":"2026-09-11T11:57:53.991Z","path":"/blogs/chip-design/kioxia-innovates-soc-design-eda-ai-technologies","step":"verify","ok":true}
{"t":"2026-09-11T11:57:54.731Z","path":"/blogs/chip-design/kioxia-leads-the-way-in-optimizing-simulation-verification","step":"verify","ok":true}
{"t":"2026-09-11T11:57:55.600Z","path":"/blogs/chip-design/latest-arm-amba-ace5-lite-updates","step":"verify","ok":true}
{"t":"2026-09-11T11:57:56.525Z","path":"/blogs/chip-design/latin-america-semiconductor-workforce-development","step":"verify","ok":true}
{"t":"2026-09-11T11:57:58.176Z","path":"/blogs/chip-design/leverage-the-pcie-6-0-1-design","step":"verify","ok":true}
{"t":"2026-09-11T11:57:58.920Z","path":"/blogs/chip-design/leveraging-static-linting-tools","step":"verify","ok":true}
{"t":"2026-09-11T11:58:00.118Z","path":"/blogs/chip-design/library-characterization-eda-cloud","step":"verify","ok":true}
{"t":"2026-09-11T11:58:00.530Z","path":"/blogs/chip-design/library-characterization-for-advanced-process-designs","step":"verify","ok":true}
{"t":"2026-09-11T11:58:01.380Z","path":"/blogs/chip-design/library-characterization-tool-advanced-node-soc-design","step":"verify","ok":true}
{"t":"2026-09-11T11:58:03.587Z","path":"/blogs/chip-design/linting-techniques-automotive-aerospace-chip-design","step":"verify","ok":true}
{"t":"2026-09-11T11:58:04.697Z","path":"/blogs/chip-design/linting-tools-machine-learning","step":"verify","ok":true}
{"t":"2026-09-11T11:58:05.573Z","path":"/blogs/chip-design/low-power-chip-design-verification-tool","step":"verify","ok":true}
{"t":"2026-09-11T11:58:06.259Z","path":"/blogs/chip-design/low-power-chip-design-verification","step":"verify","ok":true}
{"t":"2026-09-11T11:58:07.262Z","path":"/blogs/chip-design/low-power-design-and-smart-iot-edge","step":"verify","ok":true}
{"t":"2026-09-11T11:58:08.409Z","path":"/blogs/chip-design/low-power-qa-with-dr-renu-mehra","step":"verify","ok":true}
{"t":"2026-09-11T11:58:09.902Z","path":"/blogs/chip-design/low-power-soc-design-hpc-data-center","step":"verify","ok":true}
{"t":"2026-09-11T11:58:11.680Z","path":"/blogs/chip-design/low-power-soc-design-verification","step":"verify","ok":true}
{"t":"2026-09-11T11:58:12.112Z","path":"/blogs/chip-design/lowering-analog-design-costs-with-strategic-approach","step":"verify","ok":true}
{"t":"2026-09-11T11:58:12.704Z","path":"/blogs/chip-design/lpddr3-vs-ddr3l-differences","step":"verify","ok":true}
{"t":"2026-09-11T11:58:14.351Z","path":"/blogs/chip-design/lpddr5-ip-vip-solution-ddr5-leadership","step":"verify","ok":true}
{"t":"2026-09-11T11:58:14.660Z","path":"/blogs/chip-design/lpddr5-enhancements-iot-ai-image-processing","step":"verify","ok":true}
{"t":"2026-09-11T11:58:15.529Z","path":"/blogs/chip-design/lpddr5-power-performance-ai-iot","step":"verify","ok":true}
{"t":"2026-09-11T11:58:17.593Z","path":"/blogs/chip-design/lpddr5x-future-mobile-memory","step":"verify","ok":true}
{"t":"2026-09-11T11:58:18.649Z","path":"/blogs/chip-design/lpddr5x-specification-memory-design","step":"verify","ok":true}
{"t":"2026-09-11T11:58:19.671Z","path":"/blogs/chip-design/lpddr6-verification-ip-ai-automotive-hpc-mobile-socs","step":"verify","ok":true}
{"t":"2026-09-11T11:58:20.904Z","path":"/blogs/chip-design/lpddr6-vs-lpddr5x-lpddr5-differences","step":"verify","ok":true}
{"t":"2026-09-11T11:58:20.940Z","path":"/blogs/chip-design/lvs-checking-process","step":"verify","ok":true}
{"t":"2026-09-11T11:58:21.939Z","path":"/blogs/chip-design/machine-learned-force-fields-atomistic-simulation","step":"verify","ok":true}
{"t":"2026-09-11T11:58:23.454Z","path":"/blogs/chip-design/machine-learning-chip-design-flow","step":"verify","ok":true}
{"t":"2026-09-11T11:58:25.149Z","path":"/blogs/chip-design/macsec-ip-iso-pas-8800-automotive","step":"verify","ok":true}
{"t":"2026-09-11T11:58:25.666Z","path":"/blogs/chip-design/managing-1000-thermal-states-mobile-soc","step":"verify","ok":true}
{"t":"2026-09-11T11:58:27.189Z","path":"/blogs/chip-design/managing-nvme-verification-complexity","step":"verify","ok":true}
{"t":"2026-09-11T11:58:27.913Z","path":"/blogs/chip-design/managing-initial-state-formal-verification","step":"verify","ok":true}
{"t":"2026-09-11T11:58:28.479Z","path":"/blogs/chip-design/mastering-ddr-phy-interoperability-dfi","step":"verify","ok":true}
{"t":"2026-09-11T11:58:29.519Z","path":"/blogs/chip-design/mastering-uvm-axi-vip-usage","step":"verify","ok":true}
{"t":"2026-09-11T11:58:31.556Z","path":"/blogs/chip-design/mastering-uvm-register-model-simplification","step":"verify","ok":true}
{"t":"2026-09-11T11:58:32.166Z","path":"/blogs/chip-design/maximizing-mobile-performance-lpddr4-ram","step":"verify","ok":true}
{"t":"2026-09-11T11:58:33.970Z","path":"/blogs/chip-design/memory-chip-design-tools-and-challenges","step":"verify","ok":true}
{"t":"2026-09-11T11:58:34.045Z","path":"/blogs/chip-design/meeting-ethernet-bandwidth-demand-1-6t-ethernet","step":"verify","ok":true}
{"t":"2026-09-11T11:58:35.256Z","path":"/blogs/chip-design/memory-design-with-machine-learning","step":"verify","ok":true}
{"t":"2026-09-11T11:58:35.365Z","path":"/blogs/chip-design/memory-design-techniques-silicon-reliability","step":"verify","ok":true}
{"t":"2026-09-11T11:58:37.289Z","path":"/blogs/chip-design/minimizing-late-stage-functional-ecos-interview-todd-buzan","step":"verify","ok":true}
{"t":"2026-09-11T11:58:38.814Z","path":"/blogs/chip-design/mipi-csi2-v21-automotive-drones-iot","step":"verify","ok":true}
{"t":"2026-09-11T11:58:40.335Z","path":"/blogs/chip-design/mipi-m-phy-protocol-sergio-silva-qa","step":"verify","ok":true}
{"t":"2026-09-11T11:58:40.632Z","path":"/blogs/chip-design/mipi-csi2-v30-5g-imaging-solution","step":"verify","ok":true}
{"t":"2026-09-11T11:58:42.208Z","path":"/blogs/chip-design/ml-regression-failure-analysis","step":"verify","ok":true}
{"t":"2026-09-11T11:58:43.353Z","path":"/blogs/chip-design/misra-autosar-future-connected-car","step":"verify","ok":true}
{"t":"2026-09-11T11:58:44.352Z","path":"/blogs/chip-design/multi-chip-module-packaging-types","step":"verify","ok":true}
{"t":"2026-09-11T11:58:51.669Z","path":"/blogs/chip-design/multi-cloud-infrastructure","step":"verify","ok":true}
{"t":"2026-09-11T11:58:51.997Z","path":"/blogs/chip-design/multi-die-automotive-chip-designs","step":"verify","ok":true}
{"t":"2026-09-11T11:58:52.154Z","path":"/blogs/chip-design/multi-cloud-security","step":"verify","ok":true}
{"t":"2026-09-11T11:58:52.160Z","path":"/blogs/chip-design/multi-cloud-storage","step":"verify","ok":true}
{"t":"2026-09-11T11:58:53.166Z","path":"/blogs/chip-design/multi-die-chip-design-samsung-foundry","step":"verify","ok":true}
{"t":"2026-09-11T11:58:53.471Z","path":"/blogs/chip-design/multi-cloud-strategy","step":"verify","ok":true}
{"t":"2026-09-11T11:58:57.771Z","path":"/blogs/chip-design/multi-die-chip-design-synopsys-samsung","step":"verify","ok":true}
{"t":"2026-09-11T11:58:58.536Z","path":"/blogs/chip-design/multi-die-chip-design-tsmc","step":"verify","ok":true}
{"t":"2026-09-11T11:58:58.954Z","path":"/blogs/chip-design/multi-die-design-challenges-industry-insights-chiplet-summit","step":"verify","ok":true}
{"t":"2026-09-11T11:58:58.973Z","path":"/blogs/chip-design/multi-die-design-comparison-monolithic-pcb","step":"verify","ok":true}
{"t":"2026-09-11T11:58:59.814Z","path":"/blogs/chip-design/multi-die-health-reliability-advances","step":"verify","ok":true}
{"t":"2026-09-11T11:58:59.862Z","path":"/blogs/chip-design/multi-die-design-stco-ai","step":"verify","ok":true}
{"t":"2026-09-11T11:59:04.946Z","path":"/blogs/chip-design/multi-die-multiphysics-co-design","step":"verify","ok":true}
{"t":"2026-09-11T11:59:05.720Z","path":"/blogs/chip-design/multi-die-systems-panel","step":"verify","ok":true}
{"t":"2026-09-11T11:59:06.393Z","path":"/blogs/chip-design/multi-die-systems-changing-semiconductor-design","step":"verify","ok":true}
{"t":"2026-09-11T11:59:06.858Z","path":"/blogs/chip-design/multi-die-systems-chip-verification","step":"verify","ok":true}
{"t":"2026-09-11T11:59:06.882Z","path":"/blogs/chip-design/multi-die-systems-report-mit-technology-review","step":"verify","ok":true}
{"t":"2026-09-11T11:59:06.893Z","path":"/blogs/chip-design/multi-die-systems-semiconductor-companies","step":"verify","ok":true}
{"t":"2026-09-11T11:59:12.091Z","path":"/blogs/chip-design/multi-die-systems-silicon-lifecycle-management","step":"verify","ok":true}
{"t":"2026-09-11T11:59:13.133Z","path":"/blogs/chip-design/multi-domain-voltage-control-verification-avsbus-2-vip","step":"verify","ok":true}
{"t":"2026-09-11T11:59:13.179Z","path":"/blogs/chip-design/multiphysics-chip-design-challenges","step":"verify","ok":true}
{"t":"2026-09-11T11:59:13.764Z","path":"/blogs/chip-design/multi-physics-effects-multi-die-systems","step":"verify","ok":true}
{"t":"2026-09-11T11:59:14.081Z","path":"/blogs/chip-design/mutli-die-systems-2024","step":"verify","ok":true}
{"t":"2026-09-11T11:59:14.085Z","path":"/blogs/chip-design/multiphysics-fusion-chip-design","step":"verify","ok":true}
{"t":"2026-09-11T11:59:18.745Z","path":"/blogs/chip-design/nand-flash-memory-system-verification","step":"verify","ok":true}
{"t":"2026-09-11T11:59:20.265Z","path":"/blogs/chip-design/navigating-transition-mil-to-vhil-virtualizer-studio","step":"verify","ok":true}
{"t":"2026-09-11T11:59:20.463Z","path":"/blogs/chip-design/nas-vs-san","step":"verify","ok":true}
{"t":"2026-09-11T11:59:20.866Z","path":"/blogs/chip-design/new-generation-lpddr-advancements","step":"verify","ok":true}
{"t":"2026-09-11T11:59:21.491Z","path":"/blogs/chip-design/new-synopsys-hq","step":"verify","ok":true}
{"t":"2026-09-11T11:59:21.519Z","path":"/blogs/chip-design/neuromorphic-computing-physical-ai-edge","step":"verify","ok":true}
{"t":"2026-09-11T11:59:26.287Z","path":"/blogs/chip-design/new-world-of-tech-innovation","step":"verify","ok":true}
{"t":"2026-09-11T11:59:26.718Z","path":"/blogs/chip-design/next-decade-chip-startups-insights-opportunities","step":"verify","ok":true}
{"t":"2026-09-11T11:59:27.231Z","path":"/blogs/chip-design/next-evolution-synopsys-digital-toolset-fusion-compiler-design-compiler-nxt","step":"verify","ok":true}
{"t":"2026-09-11T11:59:27.370Z","path":"/blogs/chip-design/next-era-chip-design-and-machine-learning","step":"verify","ok":true}
{"t":"2026-09-11T11:59:28.265Z","path":"/blogs/chip-design/next-gen-memory-tech-for-graphics-networking-hpc","step":"verify","ok":true}
{"t":"2026-09-11T11:59:28.794Z","path":"/blogs/chip-design/nhtsa-auto-cybersecurity-best-practices","step":"verify","ok":true}
{"t":"2026-09-11T11:59:33.524Z","path":"/blogs/chip-design/nvidia-gpu-circuit-simulation","step":"verify","ok":true}
{"t":"2026-09-11T11:59:33.779Z","path":"/blogs/chip-design/on-premise-cloud","step":"verify","ok":true}
{"t":"2026-09-11T11:59:33.958Z","path":"/blogs/chip-design/nvdimms-blending-memory-storage","step":"verify","ok":true}
{"t":"2026-09-11T11:59:34.015Z","path":"/blogs/chip-design/official-pcie-5-speed-chart","step":"verify","ok":true}
{"t":"2026-09-11T11:59:35.092Z","path":"/blogs/chip-design/on-premise-vs-cloud-pros-and-cons","step":"verify","ok":true}
{"t":"2026-09-11T11:59:35.352Z","path":"/blogs/chip-design/on-the-fly-code-review-chip-design-process","step":"verify","ok":true}
{"t":"2026-09-11T11:59:40.075Z","path":"/blogs/chip-design/one-on-one-with-aveek-sarkar","step":"verify","ok":true}
{"t":"2026-09-11T11:59:40.441Z","path":"/blogs/chip-design/optimize-ucie-verification-synopsys-vip","step":"verify","ok":true}
{"t":"2026-09-11T11:59:40.585Z","path":"/blogs/chip-design/optical-interconnects-enable-data-center-disaggregation","step":"verify","ok":true}
{"t":"2026-09-11T11:59:40.731Z","path":"/blogs/chip-design/optical-soc-design-tool-lightelligence","step":"verify","ok":true}
{"t":"2026-09-11T11:59:42.303Z","path":"/blogs/chip-design/optimizing-hbm2e-runtime-performance","step":"verify","ok":true}
{"t":"2026-09-11T11:59:42.763Z","path":"/blogs/chip-design/optimizing-pcie-pipe-power-management","step":"verify","ok":true}
{"t":"2026-09-11T11:59:47.135Z","path":"/blogs/chip-design/optimizing-rtl-design-flow-real-time-ppa-analysis","step":"verify","ok":true}
{"t":"2026-09-11T11:59:47.658Z","path":"/blogs/chip-design/overcoming-analog-circuit-design-challenges-at-advanced-semiconductor-nodes","step":"verify","ok":true}
{"t":"2026-09-11T11:59:47.939Z","path":"/blogs/chip-design/ota-updates-automotive-apps","step":"verify","ok":true}
{"t":"2026-09-11T11:59:47.944Z","path":"/blogs/chip-design/optimizing-your-hardware-ip-verification-in-the-cloud","step":"verify","ok":true}
{"t":"2026-09-11T11:59:49.424Z","path":"/blogs/chip-design/overview-synopsys-virtual-prototyping-services","step":"verify","ok":true}
{"t":"2026-09-11T11:59:49.446Z","path":"/blogs/chip-design/overview-haps-prototyping-software","step":"verify","ok":true}
{"t":"2026-09-11T11:59:54.331Z","path":"/blogs/chip-design/pci-express-6-high-bandwidth-interconnect","step":"verify","ok":true}
{"t":"2026-09-11T11:59:54.498Z","path":"/blogs/chip-design/parasitic-extraction-high-speed-chip-design","step":"verify","ok":true}
{"t":"2026-09-11T11:59:54.625Z","path":"/blogs/chip-design/pcie-5-0-verification-synopsys-vip","step":"verify","ok":true}
{"t":"2026-09-11T11:59:54.852Z","path":"/blogs/chip-design/pci-express-sriov-virtualization","step":"verify","ok":true}
{"t":"2026-09-11T11:59:56.289Z","path":"/blogs/chip-design/pcie-5-demos-ip-vip-ai","step":"verify","ok":true}
{"t":"2026-09-11T11:59:56.694Z","path":"/blogs/chip-design/pcie-5-applications-and-importance-of-silicon-proven-ip","step":"verify","ok":true}
{"t":"2026-09-11T12:00:01.342Z","path":"/blogs/chip-design/pcie-6-specification-speed-keysight","step":"verify","ok":true}
{"t":"2026-09-11T12:00:01.457Z","path":"/blogs/chip-design/pcie-5-ip-solutions-pass-compliance-testing","step":"verify","ok":true}
{"t":"2026-09-11T12:00:02.251Z","path":"/blogs/chip-design/pcie-6-verifaction-fec-crc","step":"verify","ok":true}
{"t":"2026-09-11T12:00:02.395Z","path":"/blogs/chip-design/pcie-6-high-performance-computing-solutions","step":"verify","ok":true}
{"t":"2026-09-11T12:00:03.330Z","path":"/blogs/chip-design/pcie-6x-compliance-testing-gold-system","step":"verify","ok":true}
{"t":"2026-09-11T12:00:03.697Z","path":"/blogs/chip-design/pcie-6x-112gbps-ethernet-linear-optics","step":"verify","ok":true}
{"t":"2026-09-11T12:00:08.795Z","path":"/blogs/chip-design/pcie-7-bandwidth-ai-chips","step":"verify","ok":true}
{"t":"2026-09-11T12:00:08.814Z","path":"/blogs/chip-design/pcie-8-0-verification-ip-ai-hpc-automotive","step":"verify","ok":true}
{"t":"2026-09-11T12:00:09.800Z","path":"/blogs/chip-design/pcie-ai-accelerator-chip-design","step":"verify","ok":true}
{"t":"2026-09-11T12:00:09.995Z","path":"/blogs/chip-design/pcie-bifurcation-basic-guide","step":"verify","ok":true}
{"t":"2026-09-11T12:00:10.600Z","path":"/blogs/chip-design/pcie-challenges-software-hardware-system","step":"verify","ok":true}
{"t":"2026-09-11T12:00:15.970Z","path":"/blogs/chip-design/pcie-gen1-speed-basics","step":"verify","ok":true}
{"t":"2026-09-11T12:00:16.322Z","path":"/blogs/chip-design/pcie-ptm-spring-ahead","step":"verify","ok":true}
{"t":"2026-09-11T12:00:16.789Z","path":"/blogs/chip-design/pervasive-intelligence-snug-2024","step":"verify","ok":true}
{"t":"2026-09-11T12:00:17.192Z","path":"/blogs/chip-design/photonic-integrated-circuits-ai-chatbot","step":"verify","ok":true}
{"t":"2026-09-11T12:00:17.261Z","path":"/blogs/chip-design/phalanx-greek-warfare-verification","step":"verify","ok":true}
{"t":"2026-09-11T12:00:17.611Z","path":"/blogs/chip-design/pcie-over-fiber-optics-pcie-7","step":"verify","ok":true}
{"t":"2026-09-11T12:00:22.939Z","path":"/blogs/chip-design/photonic-integrated-circuits-augmented-reality","step":"verify","ok":true}
{"t":"2026-09-11T12:00:23.257Z","path":"/blogs/chip-design/photonic-integrated-circuits-multi-die-systems","step":"verify","ok":true}
{"t":"2026-09-11T12:00:24.292Z","path":"/blogs/chip-design/photonic-saas-ic-design","step":"verify","ok":true}
{"t":"2026-09-11T12:00:24.491Z","path":"/blogs/chip-design/photonics-rf-fiber-jigesh-patel","step":"verify","ok":true}
{"t":"2026-09-11T12:00:24.659Z","path":"/blogs/chip-design/physical-ai-physics-simulation","step":"verify","ok":true}
{"t":"2026-09-11T12:00:25.158Z","path":"/blogs/chip-design/physical-ai-silicon-software-robots","step":"verify","ok":true}
{"t":"2026-09-11T12:00:29.390Z","path":"/blogs/chip-design/physical-ai-system-level-engineering","step":"verify","ok":true}
{"t":"2026-09-11T12:00:30.464Z","path":"/blogs/chip-design/physical-chip-design-verification-aws-cloud","step":"verify","ok":true}
{"t":"2026-09-11T12:00:31.155Z","path":"/blogs/chip-design/physics-chip-design-constraint","step":"verify","ok":true}
{"t":"2026-09-11T12:00:31.326Z","path":"/blogs/chip-design/piketec-acquisition-digital-twins","step":"verify","ok":true}
{"t":"2026-09-11T12:00:32.018Z","path":"/blogs/chip-design/pitch-fest-semiconductor-innovation","step":"verify","ok":true}
{"t":"2026-09-11T12:00:36.131Z","path":"/blogs/chip-design/pipe-5-1-1-pcie-usb-sata","step":"verify","ok":true}
{"t":"2026-09-11T12:00:37.737Z","path":"/blogs/chip-design/post-quantum-cryptography-algorithms-security","step":"verify","ok":true}
{"t":"2026-09-11T12:00:37.843Z","path":"/blogs/chip-design/point-of-care-3d-printing-software","step":"verify","ok":true}
{"t":"2026-09-11T12:00:38.789Z","path":"/blogs/chip-design/post-quantum-cryptography-in-soc-design","step":"verify","ok":true}
{"t":"2026-09-11T12:00:39.310Z","path":"/blogs/chip-design/power-hdmi-arc-technology","step":"verify","ok":true}
{"t":"2026-09-11T12:00:39.615Z","path":"/blogs/chip-design/power-aware-cdc-with-stmicroelectronics","step":"verify","ok":true}
{"t":"2026-09-11T12:00:44.094Z","path":"/blogs/chip-design/power-integrity-challenges-semiconductor-design","step":"verify","ok":true}
{"t":"2026-09-11T12:00:45.434Z","path":"/blogs/chip-design/power-semiconductor-devices","step":"verify","ok":true}
{"t":"2026-09-11T12:00:46.010Z","path":"/blogs/chip-design/power-semiconductor-device-design","step":"verify","ok":true}
{"t":"2026-09-11T12:00:46.355Z","path":"/blogs/chip-design/practical-power-management","step":"verify","ok":true}
{"t":"2026-09-11T12:00:46.610Z","path":"/blogs/chip-design/pre-silicon-design-robustness-analysis-discussion-li-ding","step":"verify","ok":true}
{"t":"2026-09-11T12:00:47.159Z","path":"/blogs/chip-design/powering-ai-chip-design-process-with-ai","step":"verify","ok":true}
{"t":"2026-09-11T12:00:51.367Z","path":"/blogs/chip-design/predicting-silicon-behavior-test-wafers","step":"verify","ok":true}
{"t":"2026-09-11T12:00:52.766Z","path":"/blogs/chip-design/predictive-rtl-design-closure-rtl-architect","step":"verify","ok":true}
{"t":"2026-09-11T12:00:53.027Z","path":"/blogs/chip-design/predictions-2021-auto-industry","step":"verify","ok":true}
{"t":"2026-09-11T12:00:53.596Z","path":"/blogs/chip-design/preeti-sharma-automotive-soc-design","step":"verify","ok":true}
{"t":"2026-09-11T12:00:54.370Z","path":"/blogs/chip-design/preventing-data-loss-high-speed-devices","step":"verify","ok":true}
{"t":"2026-09-11T12:00:54.912Z","path":"/blogs/chip-design/primelib-nextgen-library-characterization-discussion-moninder-bansal","step":"verify","ok":true}
{"t":"2026-09-11T12:00:59.708Z","path":"/blogs/chip-design/primeshield-design-robustness-analysis-eco-overview","step":"verify","ok":true}
{"t":"2026-09-11T12:01:00.183Z","path":"/blogs/chip-design/primesim-continuum-transforming-soc-design-insights-hany-elhak","step":"verify","ok":true}
{"t":"2026-09-11T12:01:00.404Z","path":"/blogs/chip-design/primesim-continuum-ic-hyperconvergence","step":"verify","ok":true}
{"t":"2026-09-11T12:01:00.488Z","path":"/blogs/chip-design/primesim-continuum-advancing-hyperconvergent-ic-design","step":"verify","ok":true}
{"t":"2026-09-11T12:01:01.452Z","path":"/blogs/chip-design/primetime-technologies-digital-design","step":"verify","ok":true}
{"t":"2026-09-11T12:01:02.197Z","path":"/blogs/chip-design/private-cloud-vs-public-cloud","step":"verify","ok":true}
{"t":"2026-09-11T12:01:07.278Z","path":"/blogs/chip-design/protocol-verification-for-soc-designs","step":"verify","ok":true}
{"t":"2026-09-11T12:01:07.518Z","path":"/blogs/chip-design/process-design-kits-intel-foundry","step":"verify","ok":true}
{"t":"2026-09-11T12:01:07.568Z","path":"/blogs/chip-design/protect-advanced-chip-designs","step":"verify","ok":true}
{"t":"2026-09-11T12:01:08.273Z","path":"/blogs/chip-design/prototyping-building-blocks-design","step":"verify","ok":true}
{"t":"2026-09-11T12:01:09.022Z","path":"/blogs/chip-design/prototyping-for-electric-car-design","step":"verify","ok":true}
{"t":"2026-09-11T12:01:09.512Z","path":"/blogs/chip-design/prototyping-for-chip-verification","step":"verify","ok":true}
{"t":"2026-09-11T12:01:14.258Z","path":"/blogs/chip-design/prototyping-tools-accelerate-software-development","step":"verify","ok":true}
{"t":"2026-09-11T12:01:15.160Z","path":"/blogs/chip-design/python-gui-builder-eda-tools","step":"verify","ok":true}
{"t":"2026-09-11T12:01:15.170Z","path":"/blogs/chip-design/qa-with-barbara-donaldson","step":"verify","ok":true}
{"t":"2026-09-11T12:01:15.256Z","path":"/blogs/chip-design/qa-with-erika-varga-mcenroe","step":"verify","ok":true}
{"t":"2026-09-11T12:01:16.277Z","path":"/blogs/chip-design/qa-with-latha-venkatachari","step":"verify","ok":true}
{"t":"2026-09-11T12:01:16.565Z","path":"/blogs/chip-design/qa-with-luca-amaru","step":"verify","ok":true}
{"t":"2026-09-11T12:01:22.035Z","path":"/blogs/chip-design/qa-with-mariya-braylovska","step":"verify","ok":true}
{"t":"2026-09-11T12:01:22.273Z","path":"/blogs/chip-design/radhika-shankar-qa","step":"verify","ok":true}
{"t":"2026-09-11T12:01:22.752Z","path":"/blogs/chip-design/quantum-cryptography-vs-post-quantum-cryptography","step":"verify","ok":true}
{"t":"2026-09-11T12:01:22.769Z","path":"/blogs/chip-design/quantum-computing-transforming-technology-science","step":"verify","ok":true}
{"t":"2026-09-11T12:01:23.548Z","path":"/blogs/chip-design/radiation-tolerant-ken-oneill","step":"verify","ok":true}
{"t":"2026-09-11T12:01:23.853Z","path":"/blogs/chip-design/rapid-elasticity-in-cloud-computing-on-demand-scaling-for-business","step":"verify","ok":true}
{"t":"2026-09-11T12:01:29.246Z","path":"/blogs/chip-design/rapid-silicon-validation-ml-edge-chips-memory","step":"verify","ok":true}
{"t":"2026-09-11T12:01:29.430Z","path":"/blogs/chip-design/re-engineering-engineering-with-ai-innovation","step":"verify","ok":true}
{"t":"2026-09-11T12:01:29.914Z","path":"/blogs/chip-design/recap-2022-design-automation-conference","step":"verify","ok":true}
{"t":"2026-09-11T12:01:30.173Z","path":"/blogs/chip-design/reduce-integration-risks-high-speed-pcie-5-0-compliant-synopsys-ip","step":"verify","ok":true}
{"t":"2026-09-11T12:01:30.334Z","path":"/blogs/chip-design/redefining-test-expectations-with-synopsys-testmax-an-interview-with-amit-sanghani","step":"verify","ok":true}
{"t":"2026-09-11T12:01:30.835Z","path":"/blogs/chip-design/reduce-memory-model-debug-time","step":"verify","ok":true}
{"t":"2026-09-11T12:01:36.373Z","path":"/blogs/chip-design/reduce-pcie-5-0-link-time","step":"verify","ok":true}
{"t":"2026-09-11T12:01:36.612Z","path":"/blogs/chip-design/reduce-risk-and-time-to-market-for-ddr6-designs","step":"verify","ok":true}
{"t":"2026-09-11T12:01:36.668Z","path":"/blogs/chip-design/reduced-blanking-high-res-displays","step":"verify","ok":true}
{"t":"2026-09-11T12:01:36.957Z","path":"/blogs/chip-design/reducing-energy-consumption-sustainable-chip-design","step":"verify","ok":true}
{"t":"2026-09-11T12:01:37.225Z","path":"/blogs/chip-design/reducing-metal-semiconductor-contact-resistance-quantumatk","step":"verify","ok":true}
{"t":"2026-09-11T12:01:37.880Z","path":"/blogs/chip-design/reflecting-stem-career-pathways","step":"verify","ok":true}
{"t":"2026-09-11T12:01:43.549Z","path":"/blogs/chip-design/renesas-electronics-innovation-multi-power-supply-design-verification","step":"verify","ok":true}
{"t":"2026-09-11T12:01:43.903Z","path":"/blogs/chip-design/reinforcement-learning-dac-2023","step":"verify","ok":true}
{"t":"2026-09-11T12:01:43.949Z","path":"/blogs/chip-design/resiliency-in-cloud-computing","step":"verify","ok":true}
{"t":"2026-09-11T12:01:44.210Z","path":"/blogs/chip-design/restart-career-after-break-riya-returnship","step":"verify","ok":true}
{"t":"2026-09-11T12:01:44.428Z","path":"/blogs/chip-design/returnships-create-new-opportunities","step":"verify","ok":true}
{"t":"2026-09-11T12:01:45.100Z","path":"/blogs/chip-design/revolutionizing-asic-flows-with-early-stage-in-design-rail-analysis","step":"verify","ok":true}
{"t":"2026-09-11T12:01:51.069Z","path":"/blogs/chip-design/rf-digital-twin-of-the-moon","step":"verify","ok":true}
{"t":"2026-09-11T12:01:51.124Z","path":"/blogs/chip-design/rfic-design-flow-corehw","step":"verify","ok":true}
{"t":"2026-09-11T12:01:51.249Z","path":"/blogs/chip-design/risc-v-core-ip-sifive","step":"verify","ok":true}
{"t":"2026-09-11T12:01:51.284Z","path":"/blogs/chip-design/risc-v-processor-posit-arithmetic-calligo","step":"verify","ok":true}
{"t":"2026-09-11T12:01:51.579Z","path":"/blogs/chip-design/risc-v-accelerator-cloud-eda-tetramem","step":"verify","ok":true}
{"t":"2026-09-11T12:01:52.030Z","path":"/blogs/chip-design/risc-v-verification-cloud","step":"verify","ok":true}
{"t":"2026-09-11T12:01:57.903Z","path":"/blogs/chip-design/rise-automotive-cybersecurity","step":"verify","ok":true}
{"t":"2026-09-11T12:01:57.996Z","path":"/blogs/chip-design/ron-duncan-qa-stem-education-roadtrip-nation","step":"verify","ok":true}
{"t":"2026-09-11T12:01:58.313Z","path":"/blogs/chip-design/rise-popularity-hdmi-2-1","step":"verify","ok":true}
{"t":"2026-09-11T12:01:58.400Z","path":"/blogs/chip-design/rram-mram-non-volatile-memory","step":"verify","ok":true}
{"t":"2026-09-11T12:01:58.681Z","path":"/blogs/chip-design/rsoft-device-tools","step":"verify","ok":true}
{"t":"2026-09-11T12:01:58.681Z","path":"/blogs/chip-design/rtl-architect-breakthrough-technology","step":"verify","ok":true}
{"t":"2026-09-11T12:02:04.686Z","path":"/blogs/chip-design/rtl-architect-verdi-integration","step":"verify","ok":true}
{"t":"2026-09-11T12:02:05.076Z","path":"/blogs/chip-design/rtl-debug-fpga-prototyping-challenges","step":"verify","ok":true}
{"t":"2026-09-11T12:02:05.242Z","path":"/blogs/chip-design/rtl-architect-vineet-rashingkar","step":"verify","ok":true}
{"t":"2026-09-11T12:02:05.269Z","path":"/blogs/chip-design/rtl-vs-functional-signoff-differences","step":"verify","ok":true}
{"t":"2026-09-11T12:02:05.425Z","path":"/blogs/chip-design/running-x-prop-with-low-power-simulation","step":"verify","ok":true}
{"t":"2026-09-11T12:02:05.830Z","path":"/blogs/chip-design/saas-cloud-eda-tools","step":"verify","ok":true}
{"t":"2026-09-11T12:02:11.499Z","path":"/blogs/chip-design/saber-for-robust-design-reliable-performance","step":"verify","ok":true}
{"t":"2026-09-11T12:02:11.819Z","path":"/blogs/chip-design/samsung-ddr4-3ds-tsv-memory","step":"verify","ok":true}
{"t":"2026-09-11T12:02:11.835Z","path":"/blogs/chip-design/safety-aware-multi-die-ml-architectures-ai-vehicles","step":"verify","ok":true}
{"t":"2026-09-11T12:02:11.934Z","path":"/blogs/chip-design/safeguarding-automotive-sensors-for-safety","step":"verify","ok":true}
{"t":"2026-09-11T12:02:11.995Z","path":"/blogs/chip-design/sassine-ghazi-named-new-synopsys-ceo","step":"verify","ok":true}
{"t":"2026-09-11T12:02:13.221Z","path":"/blogs/chip-design/saving-power-electronic-displays","step":"verify","ok":true}
{"t":"2026-09-11T12:02:18.729Z","path":"/blogs/chip-design/securing-chip-supply-chain-for-aerospace-defense","step":"verify","ok":true}
{"t":"2026-09-11T12:02:18.806Z","path":"/blogs/chip-design/scalability-in-cloud-computing","step":"verify","ok":true}
{"t":"2026-09-11T12:02:18.914Z","path":"/blogs/chip-design/securing-memory-paths-synopsys-scalable-ime","step":"verify","ok":true}
{"t":"2026-09-11T12:02:18.916Z","path":"/blogs/chip-design/secure-chipset-design-in-darpa","step":"verify","ok":true}
{"t":"2026-09-11T12:02:18.988Z","path":"/blogs/chip-design/scalable-performance-for-soc-design","step":"verify","ok":true}
{"t":"2026-09-11T12:02:19.881Z","path":"/blogs/chip-design/securing-network-traffic-macsec-ethernet","step":"verify","ok":true}
{"t":"2026-09-11T12:02:25.550Z","path":"/blogs/chip-design/securing-physical-ai-systems","step":"verify","ok":true}
{"t":"2026-09-11T12:02:25.740Z","path":"/blogs/chip-design/semiconductor-engineering-certification-synopsys-purple","step":"verify","ok":true}
{"t":"2026-09-11T12:02:25.817Z","path":"/blogs/chip-design/semiconductor-design-goes-saas-snug","step":"verify","ok":true}
{"t":"2026-09-11T12:02:25.829Z","path":"/blogs/chip-design/semiconductor-engineering-talent-shortage-solutions","step":"verify","ok":true}
{"t":"2026-09-11T12:02:25.925Z","path":"/blogs/chip-design/semiconductor-engineering-degree-programs-purdue","step":"verify","ok":true}
{"t":"2026-09-11T12:02:26.871Z","path":"/blogs/chip-design/semiconductor-industry-trends-2023","step":"verify","ok":true}
{"t":"2026-09-11T12:02:32.069Z","path":"/blogs/chip-design/semiconductor-talent-shortage-qa","step":"verify","ok":true}
{"t":"2026-09-11T12:02:32.120Z","path":"/blogs/chip-design/semiconductor-ip-companies-offer-asic-like-services","step":"verify","ok":true}
{"t":"2026-09-11T12:02:32.333Z","path":"/blogs/chip-design/semiconductor-ip-development-qa-jumana-muwafi","step":"verify","ok":true}
{"t":"2026-09-11T12:02:32.590Z","path":"/blogs/chip-design/semiconductor-ip-tsmc-n3e","step":"verify","ok":true}
{"t":"2026-09-11T12:02:33.621Z","path":"/blogs/chip-design/semiconductor-training-workforce-development-program","step":"verify","ok":true}
{"t":"2026-09-11T12:02:33.928Z","path":"/blogs/chip-design/semiconductor-workforce-development-programs","step":"verify","ok":true}
{"t":"2026-09-11T12:02:38.727Z","path":"/blogs/chip-design/semiconductor-yield-analysis-machine-learning","step":"verify","ok":true}
{"t":"2026-09-11T12:02:38.843Z","path":"/blogs/chip-design/shift-left-sdv-embedded-validation-virtual-ecus","step":"verify","ok":true}
{"t":"2026-09-11T12:02:38.987Z","path":"/blogs/chip-design/shelagh-glaser-cfo-qa-women-in-tech","step":"verify","ok":true}
{"t":"2026-09-11T12:02:39.393Z","path":"/blogs/chip-design/semiconductors-chip-design-global-innovation","step":"verify","ok":true}
{"t":"2026-09-11T12:02:41.041Z","path":"/blogs/chip-design/shifting-left-with-ansys-john-lee-jacob-avidan-interview","step":"verify","ok":true}
{"t":"2026-09-11T12:02:41.671Z","path":"/blogs/chip-design/shifting-security-left-for-defense-applications","step":"verify","ok":true}
{"t":"2026-09-11T12:02:45.922Z","path":"/blogs/chip-design/silent-data-corruption-sdc-challenges","step":"verify","ok":true}
{"t":"2026-09-11T12:02:46.213Z","path":"/blogs/chip-design/silicon-frontline-technology-acquisition","step":"verify","ok":true}
{"t":"2026-09-11T12:02:46.352Z","path":"/blogs/chip-design/silicon-design-and-chip-performance-with-concertio","step":"verify","ok":true}
{"t":"2026-09-11T12:02:46.588Z","path":"/blogs/chip-design/silicon-lifecycle-management-smarter-chip-design","step":"verify","ok":true}
{"t":"2026-09-11T12:02:47.993Z","path":"/blogs/chip-design/silicon-lifecycle-management","step":"verify","ok":true}
{"t":"2026-09-11T12:02:48.375Z","path":"/blogs/chip-design/silicon-photonics-data-center-interconnect-design","step":"verify","ok":true}
{"t":"2026-09-11T12:02:53.134Z","path":"/blogs/chip-design/silicon-proven-ip-for-soc-design-in-hpc","step":"verify","ok":true}
{"t":"2026-09-11T12:02:53.318Z","path":"/blogs/chip-design/silicon-remastering-addressing-chip-supply-shortage","step":"verify","ok":true}
{"t":"2026-09-11T12:02:53.513Z","path":"/blogs/chip-design/silicon-photonics-multi-die-systems-aerospace-government","step":"verify","ok":true}
{"t":"2026-09-11T12:02:53.530Z","path":"/blogs/chip-design/silicon-software-automotive-value-chain","step":"verify","ok":true}
{"t":"2026-09-11T12:02:55.441Z","path":"/blogs/chip-design/silicon-testing-with-high-speed-functional-interfaces","step":"verify","ok":true}
{"t":"2026-09-11T12:02:55.446Z","path":"/blogs/chip-design/sima-ai-bug-free-physical-ai-silicon","step":"verify","ok":true}
{"t":"2026-09-11T12:03:00.373Z","path":"/blogs/chip-design/slm-data-center-reliability","step":"verify","ok":true}
{"t":"2026-09-11T12:03:00.496Z","path":"/blogs/chip-design/simplify-entertainment-hdmi-earc","step":"verify","ok":true}
{"t":"2026-09-11T12:03:01.134Z","path":"/blogs/chip-design/simulation-quantum-computing-research-development","step":"verify","ok":true}
{"t":"2026-09-11T12:03:01.219Z","path":"/blogs/chip-design/simulation-solutions-structural-integrity-chip-packages","step":"verify","ok":true}
{"t":"2026-09-11T12:03:02.240Z","path":"/blogs/chip-design/smart-semiconductor-manufacturing-technology","step":"verify","ok":true}
{"t":"2026-09-11T12:03:02.303Z","path":"/blogs/chip-design/smart-monitors-improve-arm-socs-performance","step":"verify","ok":true}
{"t":"2026-09-11T12:03:07.139Z","path":"/blogs/chip-design/smarter-sensors-for-self-driving","step":"verify","ok":true}
{"t":"2026-09-11T12:03:07.427Z","path":"/blogs/chip-design/snug-silicon-valley-2022","step":"verify","ok":true}
{"t":"2026-09-11T12:03:07.557Z","path":"/blogs/chip-design/snug-gets-of-wisdom-synopsys-memory-solutions","step":"verify","ok":true}
{"t":"2026-09-11T12:03:08.213Z","path":"/blogs/chip-design/snug-silicon-valley-2023-keynote","step":"verify","ok":true}
{"t":"2026-09-11T12:03:08.499Z","path":"/blogs/chip-design/snug-silicon-valley-2023","step":"verify","ok":true}
{"t":"2026-09-11T12:03:08.833Z","path":"/blogs/chip-design/snug-silicon-valley-2024","step":"verify","ok":true}
{"t":"2026-09-11T12:03:14.108Z","path":"/blogs/chip-design/snug-silicon-valley-2025","step":"verify","ok":true}
{"t":"2026-09-11T12:03:14.111Z","path":"/blogs/chip-design/soafee-enables-next-gen-connected-vehicles","step":"verify","ok":true}
{"t":"2026-09-11T12:03:14.319Z","path":"/blogs/chip-design/soc-design-services-hpc-data-center","step":"verify","ok":true}
{"t":"2026-09-11T12:03:14.855Z","path":"/blogs/chip-design/soc-design-verification-renesas","step":"verify","ok":true}
{"t":"2026-09-11T12:03:15.590Z","path":"/blogs/chip-design/soc-interfaces-security-enhance-data-protection","step":"verify","ok":true}
{"t":"2026-09-11T12:03:19.015Z","path":"/blogs/chip-design/soc-hbm2e-capacity-speed-benefits","step":"verify","ok":false,"why":"about:error in delivered html"}
{"t":"2026-09-11T12:03:20.811Z","path":"/blogs/chip-design/soc-physical-verification-tool-achronix","step":"verify","ok":true}
{"t":"2026-09-11T12:03:21.033Z","path":"/blogs/chip-design/soc-ip-powers-hpc-applications","step":"verify","ok":true}
{"t":"2026-09-11T12:03:21.111Z","path":"/blogs/chip-design/soc-verification-kit-out-of-the-box-verification-solution","step":"verify","ok":true}
{"t":"2026-09-11T12:03:21.755Z","path":"/blogs/chip-design/socs-take-us-smart-to-smarter","step":"verify","ok":true}
{"t":"2026-09-11T12:03:22.466Z","path":"/blogs/chip-design/software-bring-up-multi-die-systems","step":"verify","ok":true}
{"t":"2026-09-11T12:03:25.844Z","path":"/blogs/chip-design/software-defined-automotive-development","step":"verify","ok":true}
{"t":"2026-09-11T12:03:27.337Z","path":"/blogs/chip-design/software-defined-data-centers-sc24","step":"verify","ok":true}
{"t":"2026-09-11T12:03:27.854Z","path":"/blogs/chip-design/software-defined-hardware-assisted-verification","step":"verify","ok":true}
{"t":"2026-09-11T12:03:28.050Z","path":"/blogs/chip-design/software-defined-vehicle-ecu-architectures","step":"verify","ok":true}
{"t":"2026-09-11T12:03:28.340Z","path":"/blogs/chip-design/software-defined-vehicles-aws","step":"verify","ok":true}
{"t":"2026-09-11T12:03:29.509Z","path":"/blogs/chip-design/software-defined-vehicles-blackberry-aws","step":"verify","ok":true}
{"t":"2026-09-11T12:03:32.307Z","path":"/blogs/chip-design/software-defined-vehicles-changes-auto-design","step":"verify","ok":true}
{"t":"2026-09-11T12:03:34.297Z","path":"/blogs/chip-design/software-defined-vehicles-synopsys-arm","step":"verify","ok":true}
{"t":"2026-09-11T12:03:34.617Z","path":"/blogs/chip-design/software-drives-product-design-innovation","step":"verify","ok":true}
{"t":"2026-09-11T12:03:34.642Z","path":"/blogs/chip-design/software-enabled-full-chip-power-signoff-soc-verification","step":"verify","ok":true}
{"t":"2026-09-11T12:03:35.510Z","path":"/blogs/chip-design/software-modeling-kpi-prototyping","step":"verify","ok":true}
{"t":"2026-09-11T12:03:36.291Z","path":"/blogs/chip-design/software-security-quality-joe-jarzombek","step":"verify","ok":true}
{"t":"2026-09-11T12:03:38.267Z","path":"/blogs/chip-design/south-korean-startup-rebellions-redefines-energy-efficient-ai-computing","step":"verify","ok":true}
{"t":"2026-09-11T12:03:41.196Z","path":"/blogs/chip-design/southeast-asia-semiconductor-workforce-development","step":"verify","ok":true}
{"t":"2026-09-11T12:03:41.834Z","path":"/blogs/chip-design/space-exploration-engineering-silicon-systems","step":"verify","ok":true}
{"t":"2026-09-11T12:03:42.097Z","path":"/blogs/chip-design/sram-margin-analysis-workflow","step":"verify","ok":true}
{"t":"2026-09-11T12:03:42.151Z","path":"/blogs/chip-design/speed-up-simulation-coverage-closure","step":"verify","ok":true}
{"t":"2026-09-11T12:03:43.079Z","path":"/blogs/chip-design/sram-puf-chip-security","step":"verify","ok":true}
{"t":"2026-09-11T12:03:45.289Z","path":"/blogs/chip-design/starrc-advanced-features-custom-soc-design","step":"verify","ok":true}
{"t":"2026-09-11T12:03:48.471Z","path":"/blogs/chip-design/starrc-standalone-netlist-reducer","step":"verify","ok":true}
{"t":"2026-09-11T12:03:48.585Z","path":"/blogs/chip-design/starrc-vmf-ic-validator-amf-positioning","step":"verify","ok":true}
{"t":"2026-09-11T12:03:48.971Z","path":"/blogs/chip-design/starrc-density-corner-value-proposition","step":"verify","ok":true}
{"t":"2026-09-11T12:03:49.237Z","path":"/blogs/chip-design/startup-vc-connect-ai-silicon","step":"verify","ok":true}
{"t":"2026-09-11T12:03:50.552Z","path":"/blogs/chip-design/stem-education-with-eda-tools","step":"verify","ok":true}
{"t":"2026-09-11T12:03:52.363Z","path":"/blogs/chip-design/strategic-role-of-glitch-detection-ip-in-modern-socs","step":"verify","ok":true}
{"t":"2026-09-11T12:03:55.006Z","path":"/blogs/chip-design/streamlining-camera-security-validation-framework-using-synopsys-mipi-cse-v20-vip","step":"verify","ok":true}
{"t":"2026-09-11T12:03:55.664Z","path":"/blogs/chip-design/streamline-photonic-icd-with-pdks","step":"verify","ok":true}
{"t":"2026-09-11T12:03:56.330Z","path":"/blogs/chip-design/summer-2021-internship-interdisciplinary-learning","step":"verify","ok":true}
{"t":"2026-09-11T12:03:56.635Z","path":"/blogs/chip-design/summer-tech-internship-program","step":"verify","ok":true}
{"t":"2026-09-11T12:03:57.480Z","path":"/blogs/chip-design/superconducting-iarpa-jamil-kawa","step":"verify","ok":true}
{"t":"2026-09-11T12:03:59.513Z","path":"/blogs/chip-design/sustainability-efforts-grow-azure-sky-wind-farm","step":"verify","ok":true}
{"t":"2026-09-11T12:04:01.156Z","path":"/blogs/chip-design/swap-marc-swinnen-kenneth-larsen","step":"verify","ok":true}
{"t":"2026-09-11T12:04:02.193Z","path":"/blogs/chip-design/symmetric-layouts-showing-mismatches-spice-simulations","step":"verify","ok":true}
{"t":"2026-09-11T12:04:03.321Z","path":"/blogs/chip-design/synopsys-ai-copilots-chip-design","step":"verify","ok":true}
{"t":"2026-09-11T12:04:04.177Z","path":"/blogs/chip-design/synopsys-ai-eda-tools","step":"verify","ok":true}
{"t":"2026-09-11T12:04:04.661Z","path":"/blogs/chip-design/synopsys-and-fishtail-design-automation","step":"verify","ok":true}
{"t":"2026-09-11T12:04:06.080Z","path":"/blogs/chip-design/synopsys-ansys-engineering-innovation","step":"verify","ok":true}
{"t":"2026-09-11T12:04:07.968Z","path":"/blogs/chip-design/synopsys-arm-aim-to-reduce-silicon-design-cycles","step":"verify","ok":true}
{"t":"2026-09-11T12:04:09.234Z","path":"/blogs/chip-design/synopsys-asem-pcda-advance-malaysia-semiconductor-design","step":"verify","ok":true}
{"t":"2026-09-11T12:04:10.936Z","path":"/blogs/chip-design/synopsys-ceo-sassine-ghazi-future","step":"verify","ok":true}
{"t":"2026-09-11T12:04:11.294Z","path":"/blogs/chip-design/synopsys-cloud-ic-verification-drc","step":"verify","ok":true}
{"t":"2026-09-11T12:04:11.343Z","path":"/blogs/chip-design/synopsys-converge-2026-silicon-systems-conference","step":"verify","ok":true}
{"t":"2026-09-11T12:04:13.263Z","path":"/blogs/chip-design/synopsys-joins-ifs-usmag-alliance","step":"verify","ok":true}
{"t":"2026-09-11T12:04:14.666Z","path":"/blogs/chip-design/synopsys-learning-center-training-accessible-easier","step":"verify","ok":true}
{"t":"2026-09-11T12:04:16.393Z","path":"/blogs/chip-design/synopsys-learning-center","step":"verify","ok":true}
{"t":"2026-09-11T12:04:17.341Z","path":"/blogs/chip-design/synopsys-li-auto-case-study","step":"verify","ok":true}
{"t":"2026-09-11T12:04:17.646Z","path":"/blogs/chip-design/synopsys-tapes-out-slm-pvt-monitor-ip-on-tsmc-n5-n3e1","step":"verify","ok":true}
{"t":"2026-09-11T12:04:17.921Z","path":"/blogs/chip-design/synopsys-pcie-leadership-recognized","step":"verify","ok":true}
{"t":"2026-09-11T12:04:19.935Z","path":"/blogs/chip-design/synopsys-vc-formal-sig-event-2023","step":"verify","ok":true}
{"t":"2026-09-11T12:04:20.622Z","path":"/blogs/chip-design/synopsys-vcs-vip-cloud-simulation","step":"verify","ok":true}
{"t":"2026-09-11T12:04:23.592Z","path":"/blogs/chip-design/system-architecture-design-tools","step":"verify","ok":true}
{"t":"2026-09-11T12:04:24.122Z","path":"/blogs/chip-design/system-interoperability-in-hyperscale-data-centers","step":"verify","ok":true}
{"t":"2026-09-11T12:04:24.140Z","path":"/blogs/chip-design/tachyum-prodigy-hpc-processor-hyperscale-data-centers","step":"verify","ok":true}
{"t":"2026-09-11T12:04:24.870Z","path":"/blogs/chip-design/tackling-tech-talent-shortage-with-stem","step":"verify","ok":true}
{"t":"2026-09-11T12:04:26.616Z","path":"/blogs/chip-design/tcad-semiconductor-industry-iit-bombay","step":"verify","ok":true}
{"t":"2026-09-11T12:04:26.957Z","path":"/blogs/chip-design/tcad-simulations-design-reliable-space-based-chips","step":"verify","ok":true}
{"t":"2026-09-11T12:04:30.554Z","path":"/blogs/chip-design/technology-beyond-3nm-interview-jacob-avidan-shankar-krishnamoorthy","step":"verify","ok":true}
{"t":"2026-09-11T12:04:30.650Z","path":"/blogs/chip-design/tech-internships-summer-2023","step":"verify","ok":true}
{"t":"2026-09-11T12:04:30.793Z","path":"/blogs/chip-design/tda5-socs-vdk-ai-autonomous-driving-ces","step":"verify","ok":true}
{"t":"2026-09-11T12:04:31.526Z","path":"/blogs/chip-design/testmax-test-all-the-limits","step":"verify","ok":true}
{"t":"2026-09-11T12:04:33.537Z","path":"/blogs/chip-design/thermal-management-solutions-multi-die-systems","step":"verify","ok":true}
{"t":"2026-09-11T12:04:33.913Z","path":"/blogs/chip-design/three-ai-chip-startups-cloud-eda-tools","step":"verify","ok":true}
{"t":"2026-09-11T12:04:37.305Z","path":"/blogs/chip-design/tilelink-verification-ip-riscv-socs","step":"verify","ok":true}
{"t":"2026-09-11T12:04:37.428Z","path":"/blogs/chip-design/timing-constraints-signoff-flow","step":"verify","ok":true}
{"t":"2026-09-11T12:04:37.959Z","path":"/blogs/chip-design/timing-aware-multiphysics-eco-design-closure","step":"verify","ok":true}
{"t":"2026-09-11T12:04:38.097Z","path":"/blogs/chip-design/tools-accelerate-memory-chip-design","step":"verify","ok":true}
{"t":"2026-09-11T12:04:39.987Z","path":"/blogs/chip-design/top-cloud-architecture-design-principles-important-for-eda","step":"verify","ok":true}
{"t":"2026-09-11T12:04:40.747Z","path":"/blogs/chip-design/top-medical-device-design-priorities-chip-design","step":"verify","ok":true}
{"t":"2026-09-11T12:04:44.133Z","path":"/blogs/chip-design/tsmc-awards-semiconductor-design-innovation","step":"verify","ok":true}
{"t":"2026-09-11T12:04:44.319Z","path":"/blogs/chip-design/tsmc-partner-of-the-year-2024","step":"verify","ok":true}
{"t":"2026-09-11T12:04:44.773Z","path":"/blogs/chip-design/toshiba-enhances-memory-bist-synopsys-testmax","step":"verify","ok":true}
{"t":"2026-09-11T12:04:45.902Z","path":"/blogs/chip-design/tsmc-multi-die-systems-ucie-phy-ip-n3e","step":"verify","ok":true}
{"t":"2026-09-11T12:04:46.307Z","path":"/blogs/chip-design/turbocharging-ai-how-hardware-assisted-verification-fuels-the-revolution","step":"verify","ok":true}
{"t":"2026-09-11T12:04:47.532Z","path":"/blogs/chip-design/types-of-cloud-security-tools","step":"verify","ok":true}
{"t":"2026-09-11T12:04:50.631Z","path":"/blogs/chip-design/uasp-faster-usb-mass-storage","step":"verify","ok":true}
{"t":"2026-09-11T12:04:50.855Z","path":"/blogs/chip-design/ucie-1-0-protocol-verification-guide","step":"verify","ok":true}
{"t":"2026-09-11T12:04:51.231Z","path":"/blogs/chip-design/ucie-2-0-setting-the-tone-for-chiplet-interoperability","step":"verify","ok":true}
{"t":"2026-09-11T12:04:53.518Z","path":"/blogs/chip-design/ucie-changes-soc-design","step":"verify","ok":true}
{"t":"2026-09-11T12:04:54.114Z","path":"/blogs/chip-design/ucie-performance-40g-multi-die-systems","step":"verify","ok":true}
{"t":"2026-09-11T12:04:54.746Z","path":"/blogs/chip-design/ucie-3-0-chiplet-ip-solutions","step":"verify","ok":true}
{"t":"2026-09-11T12:04:57.277Z","path":"/blogs/chip-design/ucie-protocol-multi-die-chip","step":"verify","ok":true}
{"t":"2026-09-11T12:04:57.638Z","path":"/blogs/chip-design/ucie-standard-multi-die-systems","step":"verify","ok":true}
{"t":"2026-09-11T12:04:57.723Z","path":"/blogs/chip-design/ufs-4-0-specification-flash-storage","step":"verify","ok":true}
{"t":"2026-09-11T12:04:59.919Z","path":"/blogs/chip-design/ufs-5-0-verification-mobile-automotive-ai-storage","step":"verify","ok":true}
{"t":"2026-09-11T12:05:00.894Z","path":"/blogs/chip-design/ultra-ethernet-consortium","step":"verify","ok":true}
{"t":"2026-09-11T12:05:01.773Z","path":"/blogs/chip-design/ultra-ethernet-ualink-ai-infrastructure","step":"verify","ok":true}
{"t":"2026-09-11T12:05:03.711Z","path":"/blogs/chip-design/understanding-cloud-computing-for-eda-workloads","step":"verify","ok":true}
{"t":"2026-09-11T12:05:04.066Z","path":"/blogs/chip-design/understanding-display-color-space","step":"verify","ok":true}
{"t":"2026-09-11T12:05:04.852Z","path":"/blogs/chip-design/understanding-amba-axi-exclusive-access","step":"verify","ok":true}
{"t":"2026-09-11T12:05:06.542Z","path":"/blogs/chip-design/understanding-haps-prototyping-systems-accessories","step":"verify","ok":true}
{"t":"2026-09-11T12:05:07.425Z","path":"/blogs/chip-design/understanding-iso-26262-semiconductors","step":"verify","ok":true}
{"t":"2026-09-11T12:05:07.969Z","path":"/blogs/chip-design/understanding-new-tilelink-standard","step":"verify","ok":true}
{"t":"2026-09-11T12:05:10.499Z","path":"/blogs/chip-design/understanding-row-hammer-attacks","step":"verify","ok":true}
{"t":"2026-09-11T12:05:10.750Z","path":"/blogs/chip-design/understanding-pcie-spread-spectrum-clocking","step":"verify","ok":true}
{"t":"2026-09-11T12:05:11.258Z","path":"/blogs/chip-design/unified-coverage-planning-analysis","step":"verify","ok":true}
{"t":"2026-09-11T12:05:13.032Z","path":"/blogs/chip-design/unified-emulation-prototyping-system","step":"verify","ok":true}
{"t":"2026-09-11T12:05:14.432Z","path":"/blogs/chip-design/unified-power-format-low-power-ic-design","step":"verify","ok":true}
{"t":"2026-09-11T12:05:14.595Z","path":"/blogs/chip-design/unraveling-cxl-technology-overview","step":"verify","ok":true}
{"t":"2026-09-11T12:05:17.052Z","path":"/blogs/chip-design/upstream-downstream-ports-guide","step":"verify","ok":true}
{"t":"2026-09-11T12:05:17.116Z","path":"/blogs/chip-design/upgrading-3d-ic-packaging-for-faster-ai-inference-with-psm","step":"verify","ok":true}
{"t":"2026-09-11T12:05:18.474Z","path":"/blogs/chip-design/usb-80gbps-specification-and-protocol","step":"verify","ok":true}
{"t":"2026-09-11T12:05:19.126Z","path":"/blogs/chip-design/usb-audio-device-class3","step":"verify","ok":true}
{"t":"2026-09-11T12:05:20.102Z","path":"/blogs/chip-design/usb-dual-role-advantages","step":"verify","ok":true}
{"t":"2026-09-11T12:05:20.996Z","path":"/blogs/chip-design/usb-role-in-iot","step":"verify","ok":true}
{"t":"2026-09-11T12:05:23.019Z","path":"/blogs/chip-design/usb-type-c-alternate-mode-universality","step":"verify","ok":true}
{"t":"2026-09-11T12:05:23.446Z","path":"/blogs/chip-design/usb-type-c-trends-worldwide","step":"verify","ok":true}
{"t":"2026-09-11T12:05:24.424Z","path":"/blogs/chip-design/usb-type-c-verification-challenges","step":"verify","ok":true}
{"t":"2026-09-11T12:05:25.244Z","path":"/blogs/chip-design/usb3-2-cable-length-water-delivery","step":"verify","ok":true}
{"t":"2026-09-11T12:05:26.448Z","path":"/blogs/chip-design/usb3-2-power-delivery-charging","step":"verify","ok":true}
{"t":"2026-09-11T12:05:27.096Z","path":"/blogs/chip-design/usb3-2-primer","step":"verify","ok":true}
{"t":"2026-09-11T12:05:29.057Z","path":"/blogs/chip-design/usb4-device-ip-edge-ai","step":"verify","ok":true}
{"t":"2026-09-11T12:05:29.715Z","path":"/blogs/chip-design/usb4-high-performance-combined-data","step":"verify","ok":true}
{"t":"2026-09-11T12:05:31.153Z","path":"/blogs/chip-design/usb4-specification-advancements-future-devices","step":"verify","ok":true}
{"t":"2026-09-11T12:05:31.298Z","path":"/blogs/chip-design/use-cases-benefits-synopsys-virtual-prototyping","step":"verify","ok":true}
{"t":"2026-09-11T12:05:33.010Z","path":"/blogs/chip-design/uvc-device-video-streaming","step":"verify","ok":true}
{"t":"2026-09-11T12:05:33.423Z","path":"/blogs/chip-design/using-ai-to-debug-more-quickly-and-accurately","step":"verify","ok":true}
{"t":"2026-09-11T12:05:36.093Z","path":"/blogs/chip-design/validation-of-autosar-classic-ecus-running-rust-swcs-a-safer-path-to-automotive-software","step":"verify","ok":true}
{"t":"2026-09-11T12:05:36.361Z","path":"/blogs/chip-design/verdi-waveform-utilities","step":"verify","ok":true}
{"t":"2026-09-11T12:05:37.359Z","path":"/blogs/chip-design/verification-challenges-in-the-cloud","step":"verify","ok":true}
{"t":"2026-09-11T12:05:37.592Z","path":"/blogs/chip-design/verification-in-ai-era-scaling-software-driven-hardware-assisted-verification","step":"verify","ok":true}
{"t":"2026-09-11T12:05:39.295Z","path":"/blogs/chip-design/verification-of-ual-uec-protocols-for-scalable-hpc-ai-networks-using-synopsys-vip","step":"verify","ok":true}
{"t":"2026-09-11T12:05:40.250Z","path":"/blogs/chip-design/verification-validation-differences","step":"verify","ok":true}
{"t":"2026-09-11T12:05:43.000Z","path":"/blogs/chip-design/verification-viewpoints-a-new-blog-series","step":"verify","ok":true}
{"t":"2026-09-11T12:05:43.109Z","path":"/blogs/chip-design/verification-viewpoints-shift-left-sanity-testing","step":"verify","ok":true}
{"t":"2026-09-11T12:05:44.038Z","path":"/blogs/chip-design/verifying-complex-datapath-designs-with-hector","step":"verify","ok":true}
{"t":"2026-09-11T12:05:44.395Z","path":"/blogs/chip-design/verifying-cxl3-1-designs-with-synopsys-verification-ip","step":"verify","ok":true}
{"t":"2026-09-11T12:05:45.844Z","path":"/blogs/chip-design/verifying-nvme-2-1-designs-for-ai-hpc-workloads","step":"verify","ok":true}
{"t":"2026-09-11T12:05:46.975Z","path":"/blogs/chip-design/verifying-systems-with-primesim-continuum","step":"verify","ok":true}
{"t":"2026-09-11T12:05:50.035Z","path":"/blogs/chip-design/vip-amba-cxs-early-success","step":"verify","ok":true}
{"t":"2026-09-11T12:05:51.678Z","path":"/blogs/chip-design/virtual-prototyping-shifts-software-soc-design-left","step":"verify","ok":true}
{"t":"2026-09-11T12:05:51.872Z","path":"/blogs/chip-design/virtual-electronic-control-unit-prototyping-tools","step":"verify","ok":true}
{"t":"2026-09-11T12:05:52.814Z","path":"/blogs/chip-design/virtual-prototyping-tools-multi-die-system-architecture-design","step":"verify","ok":true}
{"t":"2026-09-11T12:05:54.387Z","path":"/blogs/chip-design/virtual-sensors-system-design","step":"verify","ok":true}
{"t":"2026-09-11T12:05:54.598Z","path":"/blogs/chip-design/virtual-prototyping-pre-silicon-verification","step":"verify","ok":true}
{"t":"2026-09-11T12:05:56.455Z","path":"/blogs/chip-design/virtualizer-native-execution-arm","step":"verify","ok":true}
{"t":"2026-09-11T12:05:58.233Z","path":"/blogs/chip-design/visualizing-cross-die-paths-multi-die-designs","step":"verify","ok":true}
{"t":"2026-09-11T12:05:58.655Z","path":"/blogs/chip-design/virtualizing-posix-style-ecus-deterministic-sil-simulation","step":"verify","ok":true}
{"t":"2026-09-11T12:05:59.588Z","path":"/blogs/chip-design/volvo-cars-automotive-digital-twin","step":"verify","ok":true}
{"t":"2026-09-11T12:06:00.929Z","path":"/blogs/chip-design/vso-ai-nvidia","step":"verify","ok":true}
{"t":"2026-09-11T12:06:01.567Z","path":"/blogs/chip-design/weikai-sun-interview-synopsys-custom-design-platform","step":"verify","ok":true}
{"t":"2026-09-11T12:06:03.011Z","path":"/blogs/chip-design/what-are-co-packaged-optics","step":"verify","ok":true}
{"t":"2026-09-11T12:06:04.580Z","path":"/blogs/chip-design/what-are-counterfeit-chips","step":"verify","ok":true}
{"t":"2026-09-11T12:06:05.094Z","path":"/blogs/chip-design/what-are-gate-all-around-gaa-transistors","step":"verify","ok":true}
{"t":"2026-09-11T12:06:06.267Z","path":"/blogs/chip-design/what-are-multi-die-systems","step":"verify","ok":true}
{"t":"2026-09-11T12:06:08.528Z","path":"/blogs/chip-design/what-does-cloud-native-mean","step":"verify","ok":true}
{"t":"2026-09-11T12:06:08.642Z","path":"/blogs/chip-design/what-is-a-cloud-data-center","step":"verify","ok":true}
{"t":"2026-09-11T12:06:09.814Z","path":"/blogs/chip-design/what-is-a-smartnic","step":"verify","ok":true}
{"t":"2026-09-11T12:06:11.384Z","path":"/blogs/chip-design/what-is-ams-verification","step":"verify","ok":true}
{"t":"2026-09-11T12:06:11.623Z","path":"/blogs/chip-design/what-is-bring-your-own-cloud","step":"verify","ok":true}
{"t":"2026-09-11T12:06:12.920Z","path":"/blogs/chip-design/what-is-clock-domain-crossing","step":"verify","ok":true}
{"t":"2026-09-11T12:06:14.916Z","path":"/blogs/chip-design/what-is-cloud-native-architecture","step":"verify","ok":true}
{"t":"2026-09-11T12:06:15.059Z","path":"/blogs/chip-design/what-is-cloud-migration","step":"verify","ok":true}
{"t":"2026-09-11T12:06:15.850Z","path":"/blogs/chip-design/what-is-cloud-security-framework","step":"verify","ok":true}
{"t":"2026-09-11T12:06:17.575Z","path":"/blogs/chip-design/what-is-code-linting","step":"verify","ok":true}
{"t":"2026-09-11T12:06:18.101Z","path":"/blogs/chip-design/what-is-compute-express-link-3","step":"verify","ok":true}
{"t":"2026-09-11T12:06:18.986Z","path":"/blogs/chip-design/what-is-cryo-cmos-ip","step":"verify","ok":true}
{"t":"2026-09-11T12:06:20.720Z","path":"/blogs/chip-design/what-is-distributed-cloud-computing","step":"verify","ok":true}
{"t":"2026-09-11T12:06:21.043Z","path":"/blogs/chip-design/what-is-democratized-design","step":"verify","ok":true}
{"t":"2026-09-11T12:06:21.745Z","path":"/blogs/chip-design/what-is-edge-computing","step":"verify","ok":true}
{"t":"2026-09-11T12:06:23.450Z","path":"/blogs/chip-design/what-is-elasticity-in-cloud-computing","step":"verify","ok":true}
{"t":"2026-09-11T12:06:24.256Z","path":"/blogs/chip-design/what-is-emram","step":"verify","ok":true}
{"t":"2026-09-11T12:06:24.917Z","path":"/blogs/chip-design/what-is-flexeda","step":"verify","ok":true}
{"t":"2026-09-11T12:06:26.623Z","path":"/blogs/chip-design/what-is-hardware-assisted-verification-hav","step":"verify","ok":true}
{"t":"2026-09-11T12:06:26.975Z","path":"/blogs/chip-design/what-is-local-layout-effect-chip-design","step":"verify","ok":true}
{"t":"2026-09-11T12:06:27.856Z","path":"/blogs/chip-design/what-is-macsec-protocol","step":"verify","ok":true}
{"t":"2026-09-11T12:06:29.863Z","path":"/blogs/chip-design/what-is-mobile-industry-processor-interface-protocol","step":"verify","ok":true}
{"t":"2026-09-11T12:06:30.668Z","path":"/blogs/chip-design/what-is-multi-cloud-architecture","step":"verify","ok":true}
{"t":"2026-09-11T12:06:30.992Z","path":"/blogs/chip-design/what-is-multi-die-chip-design","step":"verify","ok":true}
{"t":"2026-09-11T12:06:32.984Z","path":"/blogs/chip-design/what-is-nfs-shared-storage","step":"verify","ok":true}
{"t":"2026-09-11T12:06:33.429Z","path":"/blogs/chip-design/what-is-object-storage","step":"verify","ok":true}
{"t":"2026-09-11T12:06:33.849Z","path":"/blogs/chip-design/what-is-persistent-storage","step":"verify","ok":true}
{"t":"2026-09-11T12:06:36.393Z","path":"/blogs/chip-design/what-is-photonics","step":"verify","ok":true}
{"t":"2026-09-11T12:06:37.274Z","path":"/blogs/chip-design/what-is-power-optimization","step":"verify","ok":true}
{"t":"2026-09-11T12:06:37.361Z","path":"/blogs/chip-design/what-is-quantum-computing","step":"verify","ok":true}
{"t":"2026-09-11T12:06:39.170Z","path":"/blogs/chip-design/what-is-reset-domain-crossing","step":"verify","ok":true}
{"t":"2026-09-11T12:06:39.963Z","path":"/blogs/chip-design/what-is-shared-cloud-storage","step":"verify","ok":true}
{"t":"2026-09-11T12:06:40.402Z","path":"/blogs/chip-design/what-is-silent-data-corruption-sdc","step":"verify","ok":true}
{"t":"2026-09-11T12:06:42.939Z","path":"/blogs/chip-design/what-is-silicon-lifecycle-management-slm","step":"verify","ok":true}
{"t":"2026-09-11T12:06:43.747Z","path":"/blogs/chip-design/what-is-tdisp-pcie-io-virtualization","step":"verify","ok":true}
{"t":"2026-09-11T12:06:44.278Z","path":"/blogs/chip-design/what-is-usb4-v2-specification","step":"verify","ok":true}
{"t":"2026-09-11T12:06:45.321Z","path":"/blogs/chip-design/what-is-very-short-reach-vsr-connectivity","step":"verify","ok":true}
{"t":"2026-09-11T12:06:47.050Z","path":"/blogs/chip-design/when-ai-gets-a-body-physical-ai","step":"verify","ok":true}
{"t":"2026-09-11T12:06:47.686Z","path":"/blogs/chip-design/whats-new-in-pcie-6","step":"verify","ok":true}
{"t":"2026-09-11T12:06:49.275Z","path":"/blogs/chip-design/when-functional-chip-design-verification-truly-finished","step":"verify","ok":true}
{"t":"2026-09-11T12:06:50.122Z","path":"/blogs/chip-design/where-does-innovation-come-from","step":"verify","ok":true}
{"t":"2026-09-11T12:06:50.275Z","path":"/blogs/chip-design/why-adaptability-is-key-to-faster-prototyping","step":"verify","ok":true}
{"t":"2026-09-11T12:06:51.778Z","path":"/blogs/chip-design/why-ai-hardware-demands-the-highest-verifiable-qor","step":"verify","ok":true}
{"t":"2026-09-11T12:06:53.249Z","path":"/blogs/chip-design/why-dtco-is-key-to-memory-design-techniques","step":"verify","ok":true}
{"t":"2026-09-11T12:06:53.603Z","path":"/blogs/chip-design/why-ras-matters-in-hpc","step":"verify","ok":true}
{"t":"2026-09-11T12:06:55.579Z","path":"/blogs/chip-design/will-ai-chip-design-tools-take-your-job","step":"verify","ok":true}
{"t":"2026-09-11T12:06:56.953Z","path":"/blogs/chip-design/wish-conference-2021-qa-priyanka-joshi","step":"verify","ok":true}
{"t":"2026-09-11T12:06:57.091Z","path":"/blogs/chip-design/women-in-stem-qa-lisa-mcilwain","step":"verify","ok":true}
{"t":"2026-09-11T12:06:57.663Z","path":"/blogs/chip-design/women-in-tech-engineering-scholarship","step":"verify","ok":true}
{"t":"2026-09-11T12:06:58.955Z","path":"/blogs/chip-design/worlds-first-hbm4-ip-test-chip-ai-hpc-validation","step":"verify","ok":true}
{"t":"2026-09-11T12:06:59.782Z","path":"/blogs/chip-design/ywca-tribute-to-women-awards-honors-synopsys","step":"verify","ok":true}
{"t":"2026-09-11T12:07:01.998Z","path":"/blogs/chip-design/zebu-cloud-saas-flow","step":"verify","ok":true}
{"t":"2026-09-11T12:07:02.869Z","path":"/blogs/chip-design/zebu-use-cases-tackling-soc-verification-tasks","step":"verify","ok":true}
{"t":"2026-09-11T12:07:03.091Z","path":"/blogs/chip-design/zebu-innovation-advancing-emulation-technology-complex-soc-verification","step":"verify","ok":true}
{"t":"2026-09-11T12:07:04.153Z","path":"/blogs/chip-design/zephyr-rtos-silicon-lifecycle-management","step":"verify","ok":true}
{"t":"2026-09-11T12:07:05.304Z","path":"/blogs/chip-design","step":"verify","ok":true}
{"t":"2026-09-11T12:07:06.217Z","path":"/blogs","step":"verify","ok":true}
{"t":"2026-09-11T12:07:07.339Z","path":"/careers/benefits/fair-credit-reporting-act","step":"verify","ok":true}
{"t":"2026-09-11T12:07:08.476Z","path":"/careers/benefits/france-gender-equality-index","step":"verify","ok":true}
{"t":"2026-09-11T12:07:08.987Z","path":"/careers/benefits/ireland-gender-pay-results","step":"verify","ok":true}
{"t":"2026-09-11T12:07:10.338Z","path":"/careers/benefits/uk-gender-pay-results","step":"verify","ok":true}
{"t":"2026-09-11T12:07:11.319Z","path":"/careers/benefits","step":"verify","ok":true}
{"t":"2026-09-11T12:07:11.894Z","path":"/careers/global/asia-pacific/china","step":"verify","ok":true}
{"t":"2026-09-11T12:07:13.612Z","path":"/careers/global/asia-pacific/korea","step":"verify","ok":true}
{"t":"2026-09-11T12:07:14.564Z","path":"/careers/global/asia-pacific/taiwan","step":"verify","ok":true}
{"t":"2026-09-11T12:07:15.914Z","path":"/careers/global/asia-pacific","step":"verify","ok":true}
{"t":"2026-09-11T12:07:15.966Z","path":"/careers/global/europe-and-middle-east/armenia-careers/armenia-benefits","step":"verify","ok":true}
{"t":"2026-09-11T12:07:17.110Z","path":"/careers/global/europe-and-middle-east/armenia-careers/employment-opportunities","step":"verify","ok":true}
{"t":"2026-09-11T12:07:17.593Z","path":"/careers/global/europe-and-middle-east/armenia-careers","step":"verify","ok":true}
{"t":"2026-09-11T12:07:19.523Z","path":"/careers/global/europe-and-middle-east/israel","step":"verify","ok":true}
{"t":"2026-09-11T12:07:20.579Z","path":"/careers/global/europe-and-middle-east/portugal/microelectronics-academy","step":"verify","ok":true}
{"t":"2026-09-11T12:07:21.817Z","path":"/careers/global/europe-and-middle-east/portugal/microelectronics-agenda","step":"verify","ok":true}
{"t":"2026-09-11T12:07:22.860Z","path":"/careers/global/europe-and-middle-east/portugal","step":"verify","ok":true}
{"t":"2026-09-11T12:07:23.131Z","path":"/careers/global/south-asia/bangalore","step":"verify","ok":true}
{"t":"2026-09-11T12:07:23.387Z","path":"/careers/global/europe-and-middle-east","step":"verify","ok":true}
{"t":"2026-09-11T12:07:24.811Z","path":"/careers/global/south-asia/hyderabad","step":"verify","ok":true}
{"t":"2026-09-11T12:07:26.670Z","path":"/careers/global/south-asia/india","step":"verify","ok":true}
{"t":"2026-09-11T12:07:27.914Z","path":"/careers/global/south-asia/mumbai","step":"verify","ok":true}
{"t":"2026-09-11T12:07:28.646Z","path":"/careers/global/south-asia","step":"verify","ok":false,"why":"about:error in delivered html"}
{"t":"2026-09-11T12:07:29.372Z","path":"/careers/global/south-asia/ncr","step":"verify","ok":true}
{"t":"2026-09-11T12:07:29.408Z","path":"/careers/global","step":"verify","ok":true}
{"t":"2026-09-11T12:07:30.094Z","path":"/careers/internships","step":"verify","ok":true}
{"t":"2026-09-11T12:07:32.806Z","path":"/careers/right-to-work","step":"verify","ok":true}
{"t":"2026-09-11T12:07:34.036Z","path":"/cloud/analog-saas/cloud-based-analog-design-flow","step":"verify","ok":true}
{"t":"2026-09-11T12:07:34.212Z","path":"/careers/verify-your-recruitment","step":"verify","ok":true}
{"t":"2026-09-11T12:07:34.999Z","path":"/cloud/analog-saas","step":"verify","ok":false,"why":"about:error in delivered html"}
{"t":"2026-09-11T12:07:35.667Z","path":"/cloud/astera-labs","step":"verify","ok":true}
{"t":"2026-09-11T12:07:36.172Z","path":"/cloud/cisco-success","step":"verify","ok":true}
{"t":"2026-09-11T12:07:39.644Z","path":"/cloud/contact-us","step":"verify","ok":true}
{"t":"2026-09-11T12:07:40.761Z","path":"/cloud/design-in-the-cloud","step":"verify","ok":true}
{"t":"2026-09-11T12:07:40.877Z","path":"/cloud/digital-saas/cloud-based-digital-design-flow","step":"verify","ok":true}
{"t":"2026-09-11T12:07:41.651Z","path":"/cloud/effectphotonics-success","step":"verify","ok":true}
{"t":"2026-09-11T12:07:42.898Z","path":"/cloud/free-trial","step":"verify","ok":true}
{"t":"2026-09-11T12:07:43.592Z","path":"/cloud/digital-saas","step":"verify","ok":false,"why":"about:error in delivered html"}
{"t":"2026-09-11T12:07:45.532Z","path":"/cloud/hcltech-success","step":"verify","ok":true}
{"t":"2026-09-11T12:07:46.472Z","path":"/cloud/latest-release","step":"verify","ok":true}
{"t":"2026-09-11T12:07:46.664Z","path":"/cloud/made-in-the-cloud","step":"verify","ok":true}
{"t":"2026-09-11T12:07:48.414Z","path":"/cloud/mentium-success","step":"verify","ok":true}
{"t":"2026-09-11T12:07:49.026Z","path":"/cloud/news","step":"verify","ok":true}
{"t":"2026-09-11T12:07:49.200Z","path":"/cloud/news/byoc-on-google-cloud","step":"verify","ok":true}
{"t":"2026-09-11T12:07:51.206Z","path":"/cloud/openlink/api","step":"verify","ok":true}
{"t":"2026-09-11T12:07:52.145Z","path":"/cloud/openlink/contact-us","step":"verify","ok":true}
{"t":"2026-09-11T12:07:53.072Z","path":"/cloud/openlink","step":"verify","ok":true}
{"t":"2026-09-11T12:07:54.849Z","path":"/cloud/resources","step":"verify","ok":true}
{"t":"2026-09-11T12:07:55.494Z","path":"/cloud/platform","step":"verify","ok":true}
{"t":"2026-09-11T12:07:55.745Z","path":"/cloud/photonic-saas","step":"verify","ok":true}
{"t":"2026-09-11T12:07:56.564Z","path":"/cloud/risc-v","step":"verify","ok":true}
{"t":"2026-09-11T12:07:58.170Z","path":"/cloud/startup-program","step":"verify","ok":true}
{"t":"2026-09-11T12:07:59.252Z","path":"/cloud/technical-session","step":"verify","ok":true}
{"t":"2026-09-11T12:08:01.114Z","path":"/cloud/user-survey","step":"verify","ok":true}
{"t":"2026-09-11T12:08:01.456Z","path":"/cloud/tetramem-success","step":"verify","ok":true}
{"t":"2026-09-11T12:08:01.904Z","path":"/cloud/transforming-chip-design-on-cloud","step":"verify","ok":true}
{"t":"2026-09-11T12:08:02.192Z","path":"/cloud/verification-saas/cloud-based-verification-design-flow","step":"verify","ok":true}
{"t":"2026-09-11T12:08:04.071Z","path":"/cloud/verification-saas","step":"verify","ok":true}
{"t":"2026-09-11T12:08:05.520Z","path":"/cloud","step":"verify","ok":true}
{"t":"2026-09-11T12:08:06.731Z","path":"/community/interoperability-programs/tap-in","step":"verify","ok":true}
{"t":"2026-09-11T12:08:06.910Z","path":"/community/interoperability-programs","step":"verify","ok":true}
{"t":"2026-09-11T12:08:07.620Z","path":"/community/resources/videos/snug-keynotes","step":"verify","ok":true}
{"t":"2026-09-11T12:08:08.088Z","path":"/community/resources/videos/snug-silicon-videos","step":"verify","ok":true}
{"t":"2026-09-11T12:08:10.342Z","path":"/community/resources/videos/sponsors","step":"verify","ok":true}
{"t":"2026-09-11T12:08:11.149Z","path":"/community/resources/videos","step":"verify","ok":true}
{"t":"2026-09-11T12:08:11.900Z","path":"/community/resources","step":"verify","ok":false,"why":"about:error in delivered html"}
{"t":"2026-09-11T12:08:12.979Z","path":"/community/snug/snug-china/2018-proceedings","step":"verify","ok":true}
{"t":"2026-09-11T12:08:13.301Z","path":"/community/snug/snug-china/2019-proceedings","step":"verify","ok":true}
{"t":"2026-09-11T12:08:13.763Z","path":"/community/snug/snug-china/2021-proceedings","step":"verify","ok":true}
{"t":"2026-09-11T12:08:15.898Z","path":"/community/snug/snug-china/location-proceedings-2022","step":"verify","ok":true}
{"t":"2026-09-11T12:08:17.034Z","path":"/community/snug/snug-china/location-proceedings-2023","step":"verify","ok":true}
{"t":"2026-09-11T12:08:18.718Z","path":"/community/snug/snug-china","step":"verify","ok":true}
{"t":"2026-09-11T12:08:19.046Z","path":"/community/snug/snug-europe/authors-kit","step":"verify","ok":true}
{"t":"2026-09-11T12:08:19.220Z","path":"/community/snug/snug-europe/location-proceedings-2018","step":"verify","ok":true}
{"t":"2026-09-11T12:08:19.583Z","path":"/community/snug/snug-europe/call-for-content","step":"verify","ok":true}
{"t":"2026-09-11T12:08:22.100Z","path":"/community/snug/snug-europe/location-proceedings-2019","step":"verify","ok":true}
{"t":"2026-09-11T12:08:23.752Z","path":"/community/snug/snug-europe/location-proceedings-2020","step":"verify","ok":true}
{"t":"2026-09-11T12:08:24.575Z","path":"/community/snug/snug-europe/location-proceedings-2025","step":"verify","ok":true}
{"t":"2026-09-11T12:08:24.641Z","path":"/community/snug/snug-europe/location-proceedings-2022","step":"verify","ok":true}
{"t":"2026-09-11T12:08:25.219Z","path":"/community/snug/snug-europe/location-proceedings-2024","step":"verify","ok":true}
{"t":"2026-09-11T12:08:26.486Z","path":"/community/snug/snug-europe","step":"verify","ok":true}
{"t":"2026-09-11T12:08:27.406Z","path":"/community/snug/snug-india/2025-keynote","step":"verify","ok":true}
{"t":"2026-09-11T12:08:29.385Z","path":"/community/snug/snug-india/2026-keynote","step":"verify","ok":true}
{"t":"2026-09-11T12:08:29.923Z","path":"/community/snug/snug-india/authors-kit","step":"verify","ok":true}
{"t":"2026-09-11T12:08:31.094Z","path":"/community/snug/snug-india/location-proceedings-2018","step":"verify","ok":true}
{"t":"2026-09-11T12:08:31.210Z","path":"/community/snug/snug-india/call-for-content","step":"verify","ok":true}
{"t":"2026-09-11T12:08:31.691Z","path":"/community/snug/snug-india/location-proceedings-2019","step":"verify","ok":true}
{"t":"2026-09-11T12:08:32.690Z","path":"/community/snug/snug-india/location-proceedings-2020","step":"verify","ok":true}
{"t":"2026-09-11T12:08:35.468Z","path":"/community/snug/snug-india/location-proceedings-2023","step":"verify","ok":true}
{"t":"2026-09-11T12:08:35.819Z","path":"/community/snug/snug-india/location-proceedings-2022","step":"verify","ok":true}
{"t":"2026-09-11T12:08:36.441Z","path":"/community/snug/snug-india/location-proceedings-2025","step":"verify","ok":true}
{"t":"2026-09-11T12:08:36.456Z","path":"/community/snug/snug-india/location-proceedings-2024","step":"verify","ok":true}
{"t":"2026-09-11T12:08:37.864Z","path":"/community/snug/snug-india/location-proceedings-2026","step":"verify","ok":true}
{"t":"2026-09-11T12:08:38.579Z","path":"/community/snug/snug-india/location-proceedings-ncr-2019","step":"verify","ok":true}
{"t":"2026-09-11T12:08:41.939Z","path":"/community/snug/snug-india/reg-test-cvent","step":"verify","ok":true}
{"t":"2026-09-11T12:08:42.399Z","path":"/community/snug/snug-india","step":"verify","ok":true}
{"t":"2026-09-11T12:08:43.073Z","path":"/community/snug/snug-israel/call-for-content","step":"verify","ok":true}
{"t":"2026-09-11T12:08:43.271Z","path":"/community/snug/snug-israel/authors-kit","step":"verify","ok":true}
{"t":"2026-09-11T12:08:43.412Z","path":"/community/snug/snug-israel/location-proceedings-2017","step":"verify","ok":true}
{"t":"2026-09-11T12:08:44.060Z","path":"/community/snug/snug-israel/location-proceedings-2019","step":"verify","ok":true}
{"t":"2026-09-11T12:08:48.017Z","path":"/community/snug/snug-israel/location-proceedings-2022","step":"verify","ok":true}
{"t":"2026-09-11T12:08:48.504Z","path":"/community/snug/snug-israel/location-proceedings-2024","step":"verify","ok":true}
{"t":"2026-09-11T12:08:49.235Z","path":"/community/snug/snug-korea/authors-kit","step":"verify","ok":true}
{"t":"2026-09-11T12:08:49.408Z","path":"/community/snug/snug-israel","step":"verify","ok":true}
{"t":"2026-09-11T12:08:49.642Z","path":"/community/snug/snug-korea/call-for-content","step":"verify","ok":true}
{"t":"2026-09-11T12:08:49.777Z","path":"/community/snug/snug-korea/location-proceedings-2024","step":"verify","ok":true}
{"t":"2026-09-11T12:08:53.390Z","path":"/community/snug/snug-korea/location-proceedings-2025","step":"verify","ok":true}
{"t":"2026-09-11T12:08:54.651Z","path":"/community/snug/snug-news/keynote-day-1","step":"verify","ok":true}
{"t":"2026-09-11T12:08:54.783Z","path":"/community/snug/snug-news/2025-keynote","step":"verify","ok":true}
{"t":"2026-09-11T12:08:54.859Z","path":"/community/snug/snug-news/keynote-day-2","step":"verify","ok":true}
{"t":"2026-09-11T12:08:56.420Z","path":"/community/snug/snug-korea","step":"verify","ok":true}
{"t":"2026-09-11T12:08:56.790Z","path":"/community/snug/snug-news/snug-news-2024","step":"verify","ok":true}
{"t":"2026-09-11T12:09:00.569Z","path":"/community/snug/snug-penang/call-for-papers","step":"verify","ok":true}
{"t":"2026-09-11T12:09:00.715Z","path":"/community/snug/snug-penang/authors-kit","step":"verify","ok":true}
{"t":"2026-09-11T12:09:01.144Z","path":"/community/snug/snug-penang/location-proceedings-2017","step":"verify","ok":true}
{"t":"2026-09-11T12:09:02.379Z","path":"/community/snug/snug-penang/location-proceedings-2019","step":"verify","ok":true}
{"t":"2026-09-11T12:09:02.595Z","path":"/community/snug/snug-penang/location-proceedings-2018","step":"verify","ok":true}
{"t":"2026-09-11T12:09:04.134Z","path":"/community/snug/snug-news","step":"verify","ok":true}
{"t":"2026-09-11T12:09:05.997Z","path":"/community/snug/snug-penang/location-proceedings-2023","step":"verify","ok":true}
{"t":"2026-09-11T12:09:07.303Z","path":"/community/snug/snug-proceedings","step":"verify","ok":true}
{"t":"2026-09-11T12:09:07.382Z","path":"/community/snug/snug-penang","step":"verify","ok":true}
{"t":"2026-09-11T12:09:07.868Z","path":"/community/snug/snug-roadshow-austin/location-proceedings-2025","step":"verify","ok":true}
{"t":"2026-09-11T12:09:09.322Z","path":"/community/snug/snug-roadshow-austin","step":"verify","ok":true}
{"t":"2026-09-11T12:09:10.399Z","path":"/community/snug/snug-silicon-bylaws","step":"verify","ok":true}
{"t":"2026-09-11T12:09:13.035Z","path":"/community/snug/snug-silicon-valley/authors-kit","step":"verify","ok":true}
{"t":"2026-09-11T12:09:13.238Z","path":"/community/snug/snug-silicon-valley/2020-on-demand","step":"verify","ok":true}
{"t":"2026-09-11T12:09:13.728Z","path":"/community/snug/snug-silicon-valley/location-proceedings-2017","step":"verify","ok":true}
{"t":"2026-09-11T12:09:13.755Z","path":"/community/snug/snug-silicon-valley/location-proceedings-2018","step":"verify","ok":true}
{"t":"2026-09-11T12:09:15.079Z","path":"/community/snug/snug-silicon-valley/location-proceedings-2019","step":"verify","ok":true}
{"t":"2026-09-11T12:09:15.742Z","path":"/community/snug/snug-silicon-valley/location-proceedings-2022","step":"verify","ok":true}
{"t":"2026-09-11T12:09:18.360Z","path":"/community/snug/snug-silicon-valley/location-proceedings-2023","step":"verify","ok":true}
{"t":"2026-09-11T12:09:19.342Z","path":"/community/snug/snug-silicon-valley/location-proceedings-2025","step":"verify","ok":true}
{"t":"2026-09-11T12:09:19.475Z","path":"/community/snug/snug-silicon-valley/location-proceedings-2026","step":"verify","ok":true}
{"t":"2026-09-11T12:09:19.948Z","path":"/community/snug/snug-silicon-valley/location-proceedings-2024","step":"verify","ok":true}
{"t":"2026-09-11T12:09:20.801Z","path":"/community/snug/snug-silicon-valley","step":"verify","ok":true}
{"t":"2026-09-11T12:09:21.331Z","path":"/community/snug/snug-singapore/authors-kit","step":"verify","ok":true}
{"t":"2026-09-11T12:09:24.110Z","path":"/community/snug/snug-singapore/call-for-content","step":"verify","ok":true}
{"t":"2026-09-11T12:09:24.790Z","path":"/community/snug/snug-singapore/location-proceedings-2017","step":"verify","ok":true}
{"t":"2026-09-11T12:09:24.961Z","path":"/community/snug/snug-singapore/location-proceedings-2018","step":"verify","ok":true}
{"t":"2026-09-11T12:09:25.230Z","path":"/community/snug/snug-singapore/location-proceedings-2019","step":"verify","ok":true}
{"t":"2026-09-11T12:09:26.621Z","path":"/community/snug/snug-singapore/location-proceedings-2023","step":"verify","ok":true}
{"t":"2026-09-11T12:09:26.790Z","path":"/community/snug/snug-singapore/location-proceedings-2022","step":"verify","ok":true}
{"t":"2026-09-11T12:09:29.919Z","path":"/community/snug/snug-singapore/location-proceedings-2024","step":"verify","ok":true}
{"t":"2026-09-11T12:09:29.958Z","path":"/community/snug/snug-singapore/location-proceedings-2025","step":"verify","ok":true}
{"t":"2026-09-11T12:09:30.385Z","path":"/community/snug/snug-taiwan/authors-kit","step":"verify","ok":true}
{"t":"2026-09-11T12:09:31.473Z","path":"/community/snug/snug-singapore","step":"verify","ok":true}
{"t":"2026-09-11T12:09:32.608Z","path":"/community/snug/snug-taiwan/location-proceedings-2018","step":"verify","ok":true}
{"t":"2026-09-11T12:09:32.715Z","path":"/community/snug/snug-taiwan/call-for-content","step":"verify","ok":true}
{"t":"2026-09-11T12:09:35.496Z","path":"/community/snug/snug-taiwan/location-proceedings-2019","step":"verify","ok":true}
{"t":"2026-09-11T12:09:35.618Z","path":"/community/snug/snug-taiwan/location-proceedings-2020","step":"verify","ok":true}
{"t":"2026-09-11T12:09:36.572Z","path":"/community/snug/snug-taiwan/location-proceedings-2021","step":"verify","ok":true}
{"t":"2026-09-11T12:09:36.924Z","path":"/community/snug/snug-taiwan/location-proceedings-2022","step":"verify","ok":true}
{"t":"2026-09-11T12:09:38.192Z","path":"/community/snug/snug-taiwan/location-proceedings-2023","step":"verify","ok":true}
{"t":"2026-09-11T12:09:38.366Z","path":"/community/snug/snug-taiwan/location-proceedings-2024","step":"verify","ok":true}
{"t":"2026-09-11T12:09:40.617Z","path":"/community/snug/snug-taiwan/location-proceedings-2025","step":"verify","ok":true}
{"t":"2026-09-11T12:09:40.988Z","path":"/community/snug/snug-taiwan/location-proceedings-2026","step":"verify","ok":true}
{"t":"2026-09-11T12:09:42.888Z","path":"/community/snug/snug-taiwan","step":"verify","ok":true}
{"t":"2026-09-11T12:09:43.079Z","path":"/community/snug/snug-vietnam/authors-kit","step":"verify","ok":true}
{"t":"2026-09-11T12:09:43.679Z","path":"/community/snug/snug-vietnam/location-proceedings-2025","step":"verify","ok":true}
{"t":"2026-09-11T12:09:44.711Z","path":"/community/snug/snug-vietnam/call-for-content","step":"verify","ok":true}
{"t":"2026-09-11T12:09:46.552Z","path":"/community/snug","step":"verify","ok":true}
{"t":"2026-09-11T12:09:46.567Z","path":"/community/snug/snug-vietnam","step":"verify","ok":true}
{"t":"2026-09-11T12:09:48.523Z","path":"/community","step":"verify","ok":true}
{"t":"2026-09-11T12:09:48.880Z","path":"/company/acquisitions","step":"verify","ok":true}
{"t":"2026-09-11T12:09:50.363Z","path":"/company/contact-synopsys/office-locations/armenia/about-us/management-team","step":"verify","ok":true}
{"t":"2026-09-11T12:09:50.742Z","path":"/company/contact-synopsys/office-locations/armenia/about-us/about-synopsys-armenia","step":"verify","ok":true}
{"t":"2026-09-11T12:09:52.212Z","path":"/company/contact-synopsys/office-locations/armenia/about-us","step":"verify","ok":true}
{"t":"2026-09-11T12:09:52.514Z","path":"/company/contact-synopsys/office-locations/armenia/community-involvement","step":"verify","ok":true}
{"t":"2026-09-11T12:09:54.255Z","path":"/company/contact-synopsys/office-locations/armenia/educational-programs/cooperation-with-universities","step":"verify","ok":true}
{"t":"2026-09-11T12:09:54.845Z","path":"/company/contact-synopsys/office-locations/armenia/educational-programs/ai-multimedia-course","step":"verify","ok":true}
{"t":"2026-09-11T12:09:56.285Z","path":"/company/contact-synopsys/office-locations/armenia/educational-programs/high-school-program-step","step":"verify","ok":true}
{"t":"2026-09-11T12:09:56.292Z","path":"/company/contact-synopsys/office-locations/armenia/educational-programs/training-and-internships","step":"verify","ok":true}
{"t":"2026-09-11T12:09:58.177Z","path":"/company/contact-synopsys/office-locations/armenia/research-development","step":"verify","ok":false,"why":"about:error in delivered html"}
{"t":"2026-09-11T12:09:58.365Z","path":"/company/contact-synopsys/office-locations/armenia/educational-programs","step":"verify","ok":true}
{"t":"2026-09-11T12:09:59.108Z","path":"/company/contact-synopsys/office-locations/armenia/stem-initiatives","step":"preview","status":409,"text":"error from content-bus"}
{"t":"2026-09-11T12:09:59.578Z","path":"/company/contact-synopsys/office-locations/armenia/stem-initiatives/international-microelectronics-olympiad","step":"verify","ok":true}
{"t":"2026-09-11T12:10:00.150Z","path":"/company/contact-synopsys/office-locations/armenia/stem-initiatives/state-educational-award-in-it-sphere","step":"verify","ok":true}
{"t":"2026-09-11T12:10:01.879Z","path":"/company/contact-synopsys/office-locations/armenia","step":"verify","ok":true}
{"t":"2026-09-11T12:10:03.868Z","path":"/company/contact-synopsys/office-locations/europe-middle-east/europe-middle-east-highlights","step":"verify","ok":true}
{"t":"2026-09-11T12:10:04.919Z","path":"/company/contact-synopsys/office-locations/europe-middle-east","step":"verify","ok":true}
{"t":"2026-09-11T12:10:05.171Z","path":"/company/contact-synopsys/office-locations/india/educational-program/student-design-contest","step":"verify","ok":true}
{"t":"2026-09-11T12:10:05.832Z","path":"/company/contact-synopsys/office-locations/india/about-synopsys-india","step":"verify","ok":true}
{"t":"2026-09-11T12:10:06.015Z","path":"/company/contact-synopsys/office-locations/india/educational-program","step":"verify","ok":true}
{"t":"2026-09-11T12:10:06.928Z","path":"/company/contact-synopsys/office-locations/india","step":"verify","ok":true}
{"t":"2026-09-11T12:10:09.361Z","path":"/company/contact-synopsys/office-locations/korea","step":"verify","ok":true}
{"t":"2026-09-11T12:10:11.056Z","path":"/company/contact-synopsys/office-locations/south-asia","step":"verify","ok":true}
{"t":"2026-09-11T12:10:11.206Z","path":"/company/contact-synopsys/office-locations/taiwan","step":"verify","ok":true}
{"t":"2026-09-11T12:10:11.749Z","path":"/company/contact-synopsys/office-locations","step":"verify","ok":true}
{"t":"2026-09-11T12:10:12.130Z","path":"/company/contact-synopsys","step":"verify","ok":true}
{"t":"2026-09-11T12:10:12.201Z","path":"/company/contact-us","step":"verify","ok":true}
{"t":"2026-09-11T12:10:14.838Z","path":"/company/corporate-governance-ethics/audit-committee","step":"verify","ok":true}
{"t":"2026-09-11T12:10:16.519Z","path":"/company/corporate-governance-ethics/board-committees","step":"verify","ok":true}
{"t":"2026-09-11T12:10:17.595Z","path":"/company/corporate-governance-ethics/governance-committee","step":"verify","ok":true}
{"t":"2026-09-11T12:10:17.705Z","path":"/company/corporate-governance-ethics/compensation-committee","step":"verify","ok":true}
{"t":"2026-09-11T12:10:18.058Z","path":"/company/corporate-governance-ethics/code-of-ethics","step":"verify","ok":true}
{"t":"2026-09-11T12:10:18.528Z","path":"/company/corporate-governance-ethics/board-of-directors","step":"verify","ok":true}
{"t":"2026-09-11T12:10:20.269Z","path":"/company/corporate-governance-ethics/governance-guidelines","step":"verify","ok":true}
{"t":"2026-09-11T12:10:21.720Z","path":"/company/corporate-governance-ethics/government-affairs","step":"verify","ok":true}
{"t":"2026-09-11T12:10:22.879Z","path":"/company/executive-briefing-center/ebc-hotels","step":"verify","ok":true}
{"t":"2026-09-11T12:10:23.554Z","path":"/company/executive-briefing-center/ebc-map","step":"verify","ok":true}
{"t":"2026-09-11T12:10:23.813Z","path":"/company/corporate-governance-ethics","step":"verify","ok":true}
{"t":"2026-09-11T12:10:24.275Z","path":"/company/executive-briefing-center","step":"verify","ok":true}
{"t":"2026-09-11T12:10:25.949Z","path":"/company/legal/contractor-nda","step":"verify","ok":true}
{"t":"2026-09-11T12:10:27.022Z","path":"/company/legal/copyright","step":"verify","ok":true}
{"t":"2026-09-11T12:10:28.977Z","path":"/company/legal/employment-candidate-privacy-notice","step":"verify","ok":true}
{"t":"2026-09-11T12:10:29.283Z","path":"/company/legal/info-security","step":"verify","ok":true}
{"t":"2026-09-11T12:10:29.522Z","path":"/company/legal/dpa-supplement","step":"verify","ok":true}
{"t":"2026-09-11T12:10:30.538Z","path":"/company/legal/logos-usage","step":"verify","ok":true}
{"t":"2026-09-11T12:10:31.353Z","path":"/company/legal/privacy-inquiry","step":"verify","ok":true}
{"t":"2026-09-11T12:10:32.961Z","path":"/company/legal/privacy-policy","step":"verify","ok":true}
{"t":"2026-09-11T12:10:34.276Z","path":"/company/legal/purchase-order-tc","step":"verify","ok":true}
{"t":"2026-09-11T12:10:35.867Z","path":"/company/legal/simpleware-medical-regulatory-information","step":"verify","ok":true}
{"t":"2026-09-11T12:10:36.306Z","path":"/company/legal/security-commitments","step":"verify","ok":true}
{"t":"2026-09-11T12:10:36.606Z","path":"/company/legal/trademarks-brands","step":"verify","ok":true}
{"t":"2026-09-11T12:10:36.716Z","path":"/company/legal/vulnerability-disclosure-policy/advisories","step":"verify","ok":true}
{"t":"2026-09-11T12:10:38.423Z","path":"/company/legal/vulnerability-disclosure-policy","step":"verify","ok":true}
{"t":"2026-09-11T12:10:39.847Z","path":"/company/legal","step":"verify","ok":true}
{"t":"2026-09-11T12:10:41.899Z","path":"/company/management-team/alessandra-costa-bio","step":"verify","ok":true}
{"t":"2026-09-11T12:10:42.020Z","path":"/company/management-team/ann-minooka-bio","step":"verify","ok":true}
{"t":"2026-09-11T12:10:42.731Z","path":"/company/management-team/antonio-varas-bio","step":"verify","ok":true}
{"t":"2026-09-11T12:10:43.001Z","path":"/company/management-team/buvna-ayyagari-bio","step":"verify","ok":true}
{"t":"2026-09-11T12:10:43.713Z","path":"/company/management-team/charlie-matar-bio","step":"verify","ok":true}
{"t":"2026-09-11T12:10:46.327Z","path":"/company/management-team/janet-lee-bio","step":"verify","ok":true}
{"t":"2026-09-11T12:10:47.236Z","path":"/company/management-team/mike-ellow-bio","step":"verify","ok":true}
{"t":"2026-09-11T12:10:47.254Z","path":"/company/management-team/jill-larsen-bio","step":"verify","ok":true}
{"t":"2026-09-11T12:10:48.169Z","path":"/company/management-team/prith-banerjee-bio","step":"verify","ok":true}
{"t":"2026-09-11T12:10:49.104Z","path":"/company/management-team/raja-tabet-bio","step":"verify","ok":true}
{"t":"2026-09-11T12:10:50.283Z","path":"/company/management-team/ravi-subramanian-bio","step":"verify","ok":true}
{"t":"2026-09-11T12:10:51.788Z","path":"/company/management-team/sassine-ghazi-bio","step":"verify","ok":true}
{"t":"2026-09-11T12:10:52.320Z","path":"/company/management-team/shankar-krishnamoorthy-bio","step":"verify","ok":true}
{"t":"2026-09-11T12:10:53.133Z","path":"/company/management-team/shelagh-glaser-bio","step":"verify","ok":true}
{"t":"2026-09-11T12:10:54.347Z","path":"/company/management-team","step":"verify","ok":true}
{"t":"2026-09-11T12:10:54.671Z","path":"/company/resources/newsletters","step":"verify","ok":true}
{"t":"2026-09-11T12:10:55.962Z","path":"/company/resources/synopsys-press/better-software-faster","step":"verify","ok":true}
{"t":"2026-09-11T12:10:57.775Z","path":"/company/resources/synopsys-press/fpga-based-prototyping-methodology-manual","step":"verify","ok":true}
{"t":"2026-09-11T12:10:58.400Z","path":"/company/resources/synopsys-press/low-power-methodology-manual-download","step":"verify","ok":false,"why":"about:error in delivered html"}
{"t":"2026-09-11T12:10:59.718Z","path":"/company/resources/synopsys-press/the-ten-commandments-for-effective-standards","step":"verify","ok":true}
{"t":"2026-09-11T12:11:00.065Z","path":"/company/resources/synopsys-press/verification-methodology-manual-for-systemverilog","step":"verify","ok":true}
{"t":"2026-09-11T12:11:01.299Z","path":"/company/resources/synopsys-press/vmm-low-power","step":"verify","ok":true}
{"t":"2026-09-11T12:11:02.630Z","path":"/company/resources/synopsys-press","step":"verify","ok":false,"why":"about:error in delivered html"}
{"t":"2026-09-11T12:11:03.474Z","path":"/company/responsible-business/environment/environmental-policy","step":"verify","ok":true}
{"t":"2026-09-11T12:11:03.575Z","path":"/company/resources","step":"verify","ok":true}
{"t":"2026-09-11T12:11:05.779Z","path":"/company/responsible-business/governance/cybersecurity-privacy","step":"verify","ok":true}
{"t":"2026-09-11T12:11:06.897Z","path":"/company/responsible-business/governance/safety-physical-security-business-continuity","step":"verify","ok":true}
{"t":"2026-09-11T12:11:06.960Z","path":"/company/responsible-business/environment","step":"verify","ok":true}
{"t":"2026-09-11T12:11:08.599Z","path":"/company/responsible-business/governance","step":"verify","ok":true}
{"t":"2026-09-11T12:11:08.967Z","path":"/company/responsible-business/governance/supply-chain","step":"verify","ok":true}
{"t":"2026-09-11T12:11:09.626Z","path":"/company/responsible-business/reporting","step":"verify","ok":true}
{"t":"2026-09-11T12:11:12.063Z","path":"/company/responsible-business/social/social-impact","step":"verify","ok":true}
{"t":"2026-09-11T12:11:12.317Z","path":"/company/responsible-business/social","step":"verify","ok":true}
{"t":"2026-09-11T12:11:12.923Z","path":"/company/responsible-business","step":"verify","ok":true}
{"t":"2026-09-11T12:11:13.924Z","path":"/company","step":"verify","ok":true}
{"t":"2026-09-11T12:11:14.645Z","path":"/contact-sales","step":"verify","ok":true}
{"t":"2026-09-11T12:11:18.223Z","path":"/converge/livestream-2026","step":"verify","ok":true}
{"t":"2026-09-11T12:11:18.331Z","path":"/converge/executive-forum-2025","step":"verify","ok":true}
{"t":"2026-09-11T12:11:19.049Z","path":"/converge/call-for-content","step":"verify","ok":true}
{"t":"2026-09-11T12:11:19.741Z","path":"/demo/ldw-sms","step":"verify","ok":true}
{"t":"2026-09-11T12:11:20.380Z","path":"/converge","step":"verify","ok":true}
{"t":"2026-09-11T12:11:21.907Z","path":"/converge/newsroom","step":"verify","ok":true}
{"t":"2026-09-11T12:11:23.351Z","path":"/demo/ldw-vc-spyglass-lint","step":"verify","ok":true}
{"t":"2026-09-11T12:11:24.079Z","path":"/demo","step":"verify","ok":true}
{"t":"2026-09-11T12:11:24.699Z","path":"/designware-ip/contact-us","step":"verify","ok":true}
{"t":"2026-09-11T12:11:25.757Z","path":"/designware-ip/interface-ip/ccix-controller","step":"verify","ok":true}
{"t":"2026-09-11T12:11:25.991Z","path":"/designware-ip/interface-ip/ccix","step":"verify","ok":true}
{"t":"2026-09-11T12:11:27.712Z","path":"/designware-ip/interface-ip/consumer8g","step":"verify","ok":true}
{"t":"2026-09-11T12:11:29.438Z","path":"/designware-ip/interface-ip/cxl/cxl-controller","step":"verify","ok":true}
{"t":"2026-09-11T12:11:29.937Z","path":"/designware-ip/interface-ip/cxl","step":"verify","ok":true}
{"t":"2026-09-11T12:11:31.058Z","path":"/designware-ip/interface-ip/ddr/ddr-enhanced-universal-ctls","step":"verify","ok":true}
{"t":"2026-09-11T12:11:31.557Z","path":"/designware-ip/interface-ip/ddr/ddr-gen2-multiphy","step":"verify","ok":true}
{"t":"2026-09-11T12:11:32.143Z","path":"/designware-ip/interface-ip/ddr/ddr-multiphy","step":"verify","ok":true}
{"t":"2026-09-11T12:11:33.485Z","path":"/designware-ip/interface-ip/ddr/ddr-universal-ctls","step":"verify","ok":true}
{"t":"2026-09-11T12:11:34.867Z","path":"/designware-ip/interface-ip/ddr/ddr-universal-umctl","step":"verify","ok":true}
{"t":"2026-09-11T12:11:35.852Z","path":"/designware-ip/interface-ip/ddr/ddr-universal-umctl2","step":"verify","ok":true}
{"t":"2026-09-11T12:11:36.705Z","path":"/designware-ip/interface-ip/ddr/ddr-universal-upctl","step":"verify","ok":true}
{"t":"2026-09-11T12:11:37.719Z","path":"/designware-ip/interface-ip/ddr/ddr-universal-upctl2","step":"verify","ok":true}
{"t":"2026-09-11T12:11:38.079Z","path":"/designware-ip/interface-ip/ddr/ddr2-lite-mem","step":"verify","ok":true}
{"t":"2026-09-11T12:11:39.450Z","path":"/designware-ip/interface-ip/ddr/ddr2-lite-pctl","step":"verify","ok":true}
{"t":"2026-09-11T12:11:40.852Z","path":"/designware-ip/interface-ip/ddr/ddr2-mem","step":"verify","ok":true}
{"t":"2026-09-11T12:11:41.499Z","path":"/designware-ip/interface-ip/ddr/ddr3-pctl","step":"verify","ok":true}
{"t":"2026-09-11T12:11:42.689Z","path":"/designware-ip/interface-ip/ddr/ddr3-phy","step":"verify","ok":true}
{"t":"2026-09-11T12:11:43.926Z","path":"/designware-ip/interface-ip/ddr/ddr4-multiphy","step":"verify","ok":true}
{"t":"2026-09-11T12:11:44.642Z","path":"/designware-ip/interface-ip/ddr/ddr43-phy","step":"verify","ok":true}
{"t":"2026-09-11T12:11:45.689Z","path":"/designware-ip/interface-ip/ddr/ddr5-mrdimm-controller","step":"verify","ok":true}
{"t":"2026-09-11T12:11:46.962Z","path":"/designware-ip/interface-ip/ddr/ddr54-phy","step":"verify","ok":true}
{"t":"2026-09-11T12:11:47.197Z","path":"/designware-ip/interface-ip/ddr/ddr54-controller","step":"verify","ok":true}
{"t":"2026-09-11T12:11:48.635Z","path":"/designware-ip/interface-ip/ddr/lpddr4-multiphy","step":"verify","ok":true}
{"t":"2026-09-11T12:11:49.453Z","path":"/designware-ip/interface-ip/ddr/lpddr54-controller","step":"verify","ok":true}
{"t":"2026-09-11T12:11:50.580Z","path":"/designware-ip/interface-ip/ddr/lpddr54-phy","step":"verify","ok":true}
{"t":"2026-09-11T12:11:51.567Z","path":"/designware-ip/interface-ip/ddr/lpddr5x54x-controller","step":"verify","ok":true}
{"t":"2026-09-11T12:11:52.725Z","path":"/designware-ip/interface-ip/ddr/lpddr5x54x-phy","step":"verify","ok":true}
{"t":"2026-09-11T12:11:52.942Z","path":"/designware-ip/interface-ip/ddr/lpddr65x5-controller","step":"verify","ok":true}
{"t":"2026-09-11T12:11:54.012Z","path":"/designware-ip/interface-ip/ddr/lpddr65x5-phy","step":"verify","ok":true}
{"t":"2026-09-11T12:11:55.037Z","path":"/designware-ip/interface-ip/ddr/mrdimm-phy","step":"verify","ok":true}
{"t":"2026-09-11T12:11:56.760Z","path":"/designware-ip/interface-ip/ddr","step":"verify","ok":true}
{"t":"2026-09-11T12:11:57.486Z","path":"/designware-ip/interface-ip/ddr5-lpddr5","step":"verify","ok":true}
{"t":"2026-09-11T12:11:58.497Z","path":"/designware-ip/interface-ip/die-to-die/ucie-phy-ip","step":"verify","ok":true}
{"t":"2026-09-11T12:11:58.764Z","path":"/designware-ip/interface-ip/die-to-die/ucie-controller-ip","step":"verify","ok":true}
{"t":"2026-09-11T12:12:00.552Z","path":"/designware-ip/interface-ip/die-to-die/ucie","step":"verify","ok":true}
{"t":"2026-09-11T12:12:00.685Z","path":"/designware-ip/interface-ip/die-to-die/usr-xsr-phy","step":"verify","ok":true}
{"t":"2026-09-11T12:12:02.805Z","path":"/designware-ip/interface-ip/die-to-die-controller","step":"verify","ok":true}
{"t":"2026-09-11T12:12:03.773Z","path":"/designware-ip/interface-ip/die-to-die","step":"verify","ok":true}
{"t":"2026-09-11T12:12:04.173Z","path":"/designware-ip/interface-ip/displayport/dptx-ip","step":"verify","ok":true}
{"t":"2026-09-11T12:12:04.380Z","path":"/designware-ip/interface-ip/displayport","step":"verify","ok":true}
{"t":"2026-09-11T12:12:06.963Z","path":"/designware-ip/interface-ip/ethernet/1-6t-ethernet-ip","step":"verify","ok":true}
{"t":"2026-09-11T12:12:07.032Z","path":"/designware-ip/interface-ip/ethernet/1-6t-ethernet-cs","step":"verify","ok":true}
{"t":"2026-09-11T12:12:08.923Z","path":"/designware-ip/interface-ip/ethernet/1-6t-ethernet-mac-ip","step":"verify","ok":true}
{"t":"2026-09-11T12:12:09.716Z","path":"/designware-ip/interface-ip/ethernet/1-6t-ethernet-pcs-ip","step":"verify","ok":true}
{"t":"2026-09-11T12:12:09.974Z","path":"/designware-ip/interface-ip/ethernet/1-6t-ultra-ethernet-cs","step":"verify","ok":true}
{"t":"2026-09-11T12:12:11.085Z","path":"/designware-ip/interface-ip/ethernet/100g-200g-400g-800g-ethernet-mac-ip","step":"verify","ok":true}
{"t":"2026-09-11T12:12:12.724Z","path":"/designware-ip/interface-ip/ethernet/100g-ethernet-pcs","step":"verify","ok":true}
{"t":"2026-09-11T12:12:13.024Z","path":"/designware-ip/interface-ip/ethernet/100g-ethernet-mac-tsn","step":"verify","ok":true}
{"t":"2026-09-11T12:12:14.710Z","path":"/designware-ip/interface-ip/ethernet/112g-ethernet-phy","step":"verify","ok":true}
{"t":"2026-09-11T12:12:15.520Z","path":"/designware-ip/interface-ip/ethernet/200g-400g-ethernet-pcs-ip","step":"verify","ok":true}
{"t":"2026-09-11T12:12:15.668Z","path":"/designware-ip/interface-ip/ethernet/200g-400g-800g-ethernet-mac-ip","step":"verify","ok":true}
{"t":"2026-09-11T12:12:17.615Z","path":"/designware-ip/interface-ip/ethernet/224g-ethernet-phy-ip","step":"verify","ok":true}
{"t":"2026-09-11T12:12:18.280Z","path":"/designware-ip/interface-ip/ethernet/224g-ethernet-phy","step":"verify","ok":true}
{"t":"2026-09-11T12:12:18.945Z","path":"/designware-ip/interface-ip/ethernet/25g-ethernet-mac-ip","step":"verify","ok":true}
{"t":"2026-09-11T12:12:20.426Z","path":"/designware-ip/interface-ip/ethernet/56g-ethernet-phy","step":"verify","ok":true}
{"t":"2026-09-11T12:12:21.227Z","path":"/designware-ip/interface-ip/ethernet/800g-ethernet-pcs-ip","step":"verify","ok":true}
{"t":"2026-09-11T12:12:22.939Z","path":"/designware-ip/interface-ip/ethernet/ether-200g-400g-800g-mac-pcs","step":"verify","ok":true}
{"t":"2026-09-11T12:12:23.480Z","path":"/designware-ip/interface-ip/ethernet/enterprise-ether-pcs","step":"verify","ok":true}
{"t":"2026-09-11T12:12:23.742Z","path":"/designware-ip/interface-ip/ethernet/ether-enterprise-mac","step":"verify","ok":true}
{"t":"2026-09-11T12:12:25.707Z","path":"/designware-ip/interface-ip/ethernet/ether-mac10-100-1000-unive","step":"verify","ok":true}
{"t":"2026-09-11T12:12:26.129Z","path":"/designware-ip/interface-ip/ethernet/ether-mac10-100-universal","step":"verify","ok":true}
{"t":"2026-09-11T12:12:26.849Z","path":"/designware-ip/interface-ip/ethernet/ether-pcs","step":"verify","ok":true}
{"t":"2026-09-11T12:12:28.780Z","path":"/designware-ip/interface-ip/ethernet/ether-pcs40","step":"verify","ok":true}
{"t":"2026-09-11T12:12:28.781Z","path":"/designware-ip/interface-ip/ethernet/ether-qos","step":"verify","ok":true}
{"t":"2026-09-11T12:12:29.414Z","path":"/designware-ip/interface-ip/ethernet/ether-xgmac","step":"verify","ok":true}
{"t":"2026-09-11T12:12:30.963Z","path":"/designware-ip/interface-ip/ethernet/ethernet-scale-up-networking-esun/esun-solution","step":"verify","ok":true}
{"t":"2026-09-11T12:12:31.768Z","path":"/designware-ip/interface-ip/ethernet/ethernet-scale-up-networking-esun","step":"verify","ok":true}
{"t":"2026-09-11T12:12:33.311Z","path":"/designware-ip/interface-ip/ethernet/ultra-ethernet","step":"verify","ok":true}
{"t":"2026-09-11T12:12:34.508Z","path":"/designware-ip/interface-ip/hbm/hbm2","step":"verify","ok":true}
{"t":"2026-09-11T12:12:35.227Z","path":"/designware-ip/interface-ip/hbm/hbm3-controller","step":"verify","ok":true}
{"t":"2026-09-11T12:12:35.946Z","path":"/designware-ip/interface-ip/ethernet","step":"verify","ok":true}
{"t":"2026-09-11T12:12:36.605Z","path":"/designware-ip/interface-ip/hbm/hbm3-phy","step":"verify","ok":true}
{"t":"2026-09-11T12:12:37.119Z","path":"/designware-ip/interface-ip/hbm/hbm4-controller","step":"verify","ok":true}
{"t":"2026-09-11T12:12:38.812Z","path":"/designware-ip/interface-ip/hbm/hbm4-phy","step":"verify","ok":true}
{"t":"2026-09-11T12:12:39.625Z","path":"/designware-ip/interface-ip/hbm","step":"verify","ok":true}
{"t":"2026-09-11T12:12:40.946Z","path":"/designware-ip/interface-ip/hdmi/hdmi-13-csds-rx","step":"verify","ok":true}
{"t":"2026-09-11T12:12:42.089Z","path":"/designware-ip/interface-ip/hdmi/hdmi-13-csds-tx","step":"verify","ok":true}
{"t":"2026-09-11T12:12:42.723Z","path":"/designware-ip/interface-ip/hdmi/hdmi-14-csds-rx","step":"verify","ok":true}
{"t":"2026-09-11T12:12:43.006Z","path":"/designware-ip/interface-ip/hdmi/hdmi-14-csds-tx","step":"verify","ok":true}
{"t":"2026-09-11T12:12:44.395Z","path":"/designware-ip/interface-ip/hdmi/hdmi-20-csds-rx","step":"verify","ok":true}
{"t":"2026-09-11T12:12:45.454Z","path":"/designware-ip/interface-ip/hdmi/hdmi-20-csds-tx","step":"verify","ok":true}
{"t":"2026-09-11T12:12:47.124Z","path":"/designware-ip/interface-ip/hdmi/hdmi-21-rx","step":"verify","ok":true}
{"t":"2026-09-11T12:12:48.108Z","path":"/designware-ip/interface-ip/hdmi/hdmi-csds-rx","step":"verify","ok":true}
{"t":"2026-09-11T12:12:48.226Z","path":"/designware-ip/interface-ip/hdmi/hdmi-21-tx","step":"verify","ok":true}
{"t":"2026-09-11T12:12:49.144Z","path":"/designware-ip/interface-ip/hdmi/hdmi-csds-tx","step":"verify","ok":true}
{"t":"2026-09-11T12:12:49.970Z","path":"/designware-ip/interface-ip/hdmi","step":"verify","ok":true}
{"t":"2026-09-11T12:12:51.306Z","path":"/designware-ip/interface-ip/mipi/mipi-c-phy-d-phy","step":"verify","ok":true}
{"t":"2026-09-11T12:12:52.579Z","path":"/designware-ip/interface-ip/mipi/mipi-csi2","step":"verify","ok":true}
{"t":"2026-09-11T12:12:54.023Z","path":"/designware-ip/interface-ip/mipi/mipi-d-phy","step":"verify","ok":true}
{"t":"2026-09-11T12:12:54.273Z","path":"/designware-ip/interface-ip/mipi/mipi-dsi","step":"verify","ok":true}
{"t":"2026-09-11T12:12:55.089Z","path":"/designware-ip/interface-ip/mipi/mipi-i3c","step":"verify","ok":true}
{"t":"2026-09-11T12:12:55.690Z","path":"/designware-ip/interface-ip/mipi/mipi-m-phy","step":"verify","ok":true}
{"t":"2026-09-11T12:12:56.653Z","path":"/designware-ip/interface-ip/mipi/mipi-unipro","step":"verify","ok":true}
{"t":"2026-09-11T12:12:58.497Z","path":"/designware-ip/interface-ip/mipi","step":"verify","ok":true}
{"t":"2026-09-11T12:13:00.064Z","path":"/designware-ip/interface-ip/mobile-storage/sd-emmc-host-controller","step":"verify","ok":true}
{"t":"2026-09-11T12:13:00.259Z","path":"/designware-ip/interface-ip/mobile-storage/sd-emmc-phy","step":"verify","ok":true}
{"t":"2026-09-11T12:13:00.296Z","path":"/designware-ip/interface-ip/mobile-storage","step":"verify","ok":true}
{"t":"2026-09-11T12:13:01.373Z","path":"/designware-ip/interface-ip/multi-protocol-10g-phy","step":"verify","ok":true}
{"t":"2026-09-11T12:13:02.092Z","path":"/designware-ip/interface-ip/multi-protocol-112g-phy","step":"verify","ok":true}
{"t":"2026-09-11T12:13:04.200Z","path":"/designware-ip/interface-ip/multi-protocol-16g-phy","step":"verify","ok":true}
{"t":"2026-09-11T12:13:05.493Z","path":"/designware-ip/interface-ip/multi-protocol-25g-phy","step":"verify","ok":true}
{"t":"2026-09-11T12:13:05.629Z","path":"/designware-ip/interface-ip/multi-protocol-32g-phy","step":"verify","ok":true}
{"t":"2026-09-11T12:13:05.711Z","path":"/designware-ip/interface-ip/multi-protocol-6g-phy","step":"verify","ok":true}
{"t":"2026-09-11T12:13:07.734Z","path":"/designware-ip/interface-ip/pci-express/pci-express-4","step":"verify","ok":true}
{"t":"2026-09-11T12:13:08.196Z","path":"/designware-ip/interface-ip/n3e","step":"verify","ok":true}
{"t":"2026-09-11T12:13:09.352Z","path":"/designware-ip/interface-ip/pci-express/pci-express-5","step":"verify","ok":true}
{"t":"2026-09-11T12:13:11.271Z","path":"/designware-ip/interface-ip/pci-express/pci-express-6","step":"verify","ok":true}
{"t":"2026-09-11T12:13:11.635Z","path":"/designware-ip/interface-ip/pci-express/pci-express-ahb","step":"verify","ok":true}
{"t":"2026-09-11T12:13:11.852Z","path":"/designware-ip/interface-ip/pci-express/pci-express-7","step":"verify","ok":true}
{"t":"2026-09-11T12:13:13.203Z","path":"/designware-ip/interface-ip/pci-express/pci-express-axi","step":"verify","ok":true}
{"t":"2026-09-11T12:13:14.021Z","path":"/designware-ip/interface-ip/pci-express/pci-express-controllers","step":"verify","ok":true}
{"t":"2026-09-11T12:13:15.059Z","path":"/designware-ip/interface-ip/pci-express/pci-express-multi-port-sw","step":"verify","ok":true}
{"t":"2026-09-11T12:13:16.694Z","path":"/designware-ip/interface-ip/pci-express/pci-express-sriov","step":"verify","ok":true}
{"t":"2026-09-11T12:13:17.030Z","path":"/designware-ip/interface-ip/pci-express/pcie-express-eep","step":"verify","ok":true}
{"t":"2026-09-11T12:13:17.517Z","path":"/designware-ip/interface-ip/pci-express/pcie-phy","step":"verify","ok":true}
{"t":"2026-09-11T12:13:18.488Z","path":"/designware-ip/interface-ip/pci-express/pcie2-phy","step":"verify","ok":true}
{"t":"2026-09-11T12:13:19.872Z","path":"/designware-ip/interface-ip/pci-express/pcie3-phy","step":"verify","ok":true}
{"t":"2026-09-11T12:13:20.589Z","path":"/designware-ip/interface-ip/pci-express/pcie4-phy","step":"verify","ok":true}
{"t":"2026-09-11T12:13:22.153Z","path":"/designware-ip/interface-ip/pci-express/pcie5-phy","step":"verify","ok":true}
{"t":"2026-09-11T12:13:22.563Z","path":"/designware-ip/interface-ip/pci-express/pcie6-controller","step":"verify","ok":true}
{"t":"2026-09-11T12:13:23.196Z","path":"/designware-ip/interface-ip/pci-express/pcie6-phy","step":"verify","ok":true}
{"t":"2026-09-11T12:13:24.683Z","path":"/designware-ip/interface-ip/pci-express/pcie7-controller","step":"verify","ok":true}
{"t":"2026-09-11T12:13:25.930Z","path":"/designware-ip/interface-ip/pci-express/pcie7-phy","step":"verify","ok":true}
{"t":"2026-09-11T12:13:26.269Z","path":"/designware-ip/interface-ip/pci-express","step":"verify","ok":true}
{"t":"2026-09-11T12:13:28.147Z","path":"/designware-ip/interface-ip/secure-interfaces","step":"verify","ok":true}
{"t":"2026-09-11T12:13:28.161Z","path":"/designware-ip/interface-ip/secure-interfaces/secure-interfaces-portfolio","step":"verify","ok":true}
{"t":"2026-09-11T12:13:28.166Z","path":"/designware-ip/interface-ip/serdes-phy-ip","step":"verify","ok":true}
{"t":"2026-09-11T12:13:30.828Z","path":"/designware-ip/interface-ip/ualink","step":"verify","ok":true}
{"t":"2026-09-11T12:13:31.526Z","path":"/designware-ip/interface-ip/ufs","step":"verify","ok":true}
{"t":"2026-09-11T12:13:31.690Z","path":"/designware-ip/interface-ip/ultra-accelerator-link-cs","step":"verify","ok":true}
{"t":"2026-09-11T12:13:33.689Z","path":"/designware-ip/interface-ip/usb/eusb2-phy","step":"verify","ok":true}
{"t":"2026-09-11T12:13:33.695Z","path":"/designware-ip/interface-ip/usb/usb-1-1-device","step":"verify","ok":true}
{"t":"2026-09-11T12:13:34.311Z","path":"/designware-ip/interface-ip/usb/eusb2-repeater","step":"verify","ok":true}
{"t":"2026-09-11T12:13:36.522Z","path":"/designware-ip/interface-ip/usb/usb-1-1-hub","step":"verify","ok":true}
{"t":"2026-09-11T12:13:36.737Z","path":"/designware-ip/interface-ip/usb/usb-2-0-device","step":"verify","ok":true}
{"t":"2026-09-11T12:13:37.406Z","path":"/designware-ip/interface-ip/usb/usb-2-0-digital-controllers","step":"verify","ok":true}
{"t":"2026-09-11T12:13:39.204Z","path":"/designware-ip/interface-ip/usb/usb-2-0-eusb2","step":"verify","ok":true}
{"t":"2026-09-11T12:13:39.652Z","path":"/designware-ip/interface-ip/usb/usb-2-0-host-controller","step":"verify","ok":true}
{"t":"2026-09-11T12:13:40.168Z","path":"/designware-ip/interface-ip/usb/usb-2-0-hs-otg","step":"verify","ok":true}
{"t":"2026-09-11T12:13:42.562Z","path":"/designware-ip/interface-ip/usb/usb-3-0-controllers","step":"verify","ok":true}
{"t":"2026-09-11T12:13:42.989Z","path":"/designware-ip/interface-ip/usb/usb-2-0-phy","step":"verify","ok":true}
{"t":"2026-09-11T12:13:43.290Z","path":"/designware-ip/interface-ip/usb/usb-3-0-device-controllers","step":"verify","ok":true}
{"t":"2026-09-11T12:13:45.715Z","path":"/designware-ip/interface-ip/usb/usb-3-0-drd","step":"verify","ok":true}
{"t":"2026-09-11T12:13:46.067Z","path":"/designware-ip/interface-ip/usb/usb-3-0-phy","step":"verify","ok":true}
{"t":"2026-09-11T12:13:46.187Z","path":"/designware-ip/interface-ip/usb/usb-3-0-host-controller","step":"verify","ok":true}
{"t":"2026-09-11T12:13:48.033Z","path":"/designware-ip/interface-ip/usb/usb-3-0","step":"verify","ok":true}
{"t":"2026-09-11T12:13:48.612Z","path":"/designware-ip/interface-ip/usb/usb-3-1-controllers","step":"verify","ok":true}
{"t":"2026-09-11T12:13:49.409Z","path":"/designware-ip/interface-ip/usb/usb-3-1-device-controller","step":"verify","ok":true}
{"t":"2026-09-11T12:13:50.888Z","path":"/designware-ip/interface-ip/usb/usb-3-1-gen2","step":"verify","ok":true}
{"t":"2026-09-11T12:13:51.494Z","path":"/designware-ip/interface-ip/usb/usb-3-2-controllers","step":"verify","ok":true}
{"t":"2026-09-11T12:13:51.857Z","path":"/designware-ip/interface-ip/usb/usb-3-1-phy","step":"verify","ok":true}
{"t":"2026-09-11T12:13:53.403Z","path":"/designware-ip/interface-ip/usb/usb-3-2-phy","step":"verify","ok":true}
{"t":"2026-09-11T12:13:53.728Z","path":"/designware-ip/interface-ip/usb/usb-3-2","step":"verify","ok":true}
{"t":"2026-09-11T12:13:54.608Z","path":"/designware-ip/interface-ip/usb/usb-3","step":"verify","ok":true}
{"t":"2026-09-11T12:13:56.319Z","path":"/designware-ip/interface-ip/usb/usb-c-30-controllers","step":"verify","ok":true}
{"t":"2026-09-11T12:13:56.722Z","path":"/designware-ip/interface-ip/usb/usb-c-31-controllers","step":"verify","ok":true}
{"t":"2026-09-11T12:13:57.966Z","path":"/designware-ip/interface-ip/usb/usb-c-31-displayport","step":"verify","ok":true}
{"t":"2026-09-11T12:13:59.408Z","path":"/designware-ip/interface-ip/usb/usb-c-31-dp-14-ss","step":"verify","ok":true}
{"t":"2026-09-11T12:13:59.519Z","path":"/designware-ip/interface-ip/usb/usb-c-31-dp-14","step":"verify","ok":true}
{"t":"2026-09-11T12:13:59.987Z","path":"/designware-ip/interface-ip/usb/usb-c-32-dp-14","step":"verify","ok":true}
{"t":"2026-09-11T12:14:01.760Z","path":"/designware-ip/interface-ip/usb/usb-lpm-hsic","step":"verify","ok":true}
{"t":"2026-09-11T12:14:01.953Z","path":"/designware-ip/interface-ip/usb/usb-type-c","step":"verify","ok":true}
{"t":"2026-09-11T12:14:04.592Z","path":"/designware-ip/interface-ip/usb/usb-university-series","step":"verify","ok":true}
{"t":"2026-09-11T12:14:05.086Z","path":"/designware-ip/interface-ip/usb/usb2-nanophy","step":"verify","ok":true}
{"t":"2026-09-11T12:14:05.258Z","path":"/designware-ip/interface-ip/usb/usb2-femtophy","step":"verify","ok":true}
{"t":"2026-09-11T12:14:05.333Z","path":"/designware-ip/interface-ip/usb/usb2-picophy","step":"verify","ok":true}
{"t":"2026-09-11T12:14:07.726Z","path":"/designware-ip/interface-ip/usb/usb2-type-c-iot","step":"verify","ok":true}
{"t":"2026-09-11T12:14:07.734Z","path":"/designware-ip/interface-ip/usb/usb3-femtophy","step":"verify","ok":true}
{"t":"2026-09-11T12:14:09.967Z","path":"/designware-ip/interface-ip/usb/usb4-controller-router","step":"verify","ok":true}
{"t":"2026-09-11T12:14:10.633Z","path":"/designware-ip/interface-ip/usb/usb4-phy","step":"verify","ok":true}
{"t":"2026-09-11T12:14:10.816Z","path":"/designware-ip/interface-ip/usb/usb4","step":"verify","ok":true}
{"t":"2026-09-11T12:14:12.229Z","path":"/designware-ip/interface-ip/usb","step":"verify","ok":true}
{"t":"2026-09-11T12:14:13.132Z","path":"/designware-ip/interface-ip/vesa-dsc","step":"verify","ok":true}
{"t":"2026-09-11T12:14:13.433Z","path":"/designware-ip/interface-ip/vesa-dsc/vesa-dsc-encoder-decoder","step":"verify","ok":true}
{"t":"2026-09-11T12:14:15.429Z","path":"/designware-ip/interface-ip/xaui-phy","step":"verify","ok":true}
{"t":"2026-09-11T12:14:16.398Z","path":"/designware-ip/interface-ip","step":"verify","ok":true}
{"t":"2026-09-11T12:14:16.670Z","path":"/designware-ip/ip-accelerated/ip-hardening","step":"verify","ok":true}
{"t":"2026-09-11T12:14:18.597Z","path":"/designware-ip/ip-accelerated/silicon-bring-up","step":"verify","ok":true}
{"t":"2026-09-11T12:14:19.240Z","path":"/designware-ip/ip-accelerated/soc-architecture","step":"verify","ok":true}
{"t":"2026-09-11T12:14:19.295Z","path":"/designware-ip/ip-accelerated","step":"verify","ok":true}
{"t":"2026-09-11T12:14:21.375Z","path":"/designware-ip/ip-market-segments/automotive/adas","step":"verify","ok":true}
{"t":"2026-09-11T12:14:22.342Z","path":"/designware-ip/ip-market-segments/automotive/gateways","step":"verify","ok":true}
{"t":"2026-09-11T12:14:22.354Z","path":"/designware-ip/ip-market-segments/automotive/functional-safety","step":"verify","ok":true}
{"t":"2026-09-11T12:14:25.146Z","path":"/designware-ip/ip-market-segments/automotive/infotainment","step":"verify","ok":true}
{"t":"2026-09-11T12:14:25.245Z","path":"/designware-ip/ip-market-segments/automotive","step":"verify","ok":true}
{"t":"2026-09-11T12:14:25.837Z","path":"/designware-ip/ip-market-segments/edge-ai","step":"verify","ok":true}
{"t":"2026-09-11T12:14:27.148Z","path":"/designware-ip/ip-market-segments/hpc","step":"verify","ok":true}
{"t":"2026-09-11T12:14:27.539Z","path":"/designware-ip/ip-market-segments","step":"verify","ok":true}
{"t":"2026-09-11T12:14:29.049Z","path":"/designware-ip/ip-oem-partners","step":"verify","ok":true}
{"t":"2026-09-11T12:14:30.376Z","path":"/designware-ip/ip-reuse-tool/core-assembler","step":"verify","ok":true}
{"t":"2026-09-11T12:14:30.835Z","path":"/designware-ip/ip-reuse-tool/core-builder","step":"verify","ok":true}
{"t":"2026-09-11T12:14:31.655Z","path":"/designware-ip/ip-reuse-tool/core-consultant","step":"verify","ok":true}
{"t":"2026-09-11T12:14:32.288Z","path":"/designware-ip/ip-reuse-tool","step":"verify","ok":true}
{"t":"2026-09-11T12:14:32.766Z","path":"/designware-ip/ip-subsystems","step":"verify","ok":true}
{"t":"2026-09-11T12:14:35.033Z","path":"/designware-ip/memories-logic-libraries/3dio","step":"verify","ok":true}
{"t":"2026-09-11T12:14:36.303Z","path":"/designware-ip/memories-logic-libraries/duet-package","step":"verify","ok":true}
{"t":"2026-09-11T12:14:36.843Z","path":"/designware-ip/memories-logic-libraries/eco-kits","step":"verify","ok":true}
{"t":"2026-09-11T12:14:37.927Z","path":"/designware-ip/memories-logic-libraries/emram-rram-ip","step":"verify","ok":true}
{"t":"2026-09-11T12:14:38.247Z","path":"/designware-ip/memories-logic-libraries/gpio","step":"verify","ok":true}
{"t":"2026-09-11T12:14:38.459Z","path":"/designware-ip/memories-logic-libraries/high-speed-test-io","step":"verify","ok":true}
{"t":"2026-09-11T12:14:41.396Z","path":"/designware-ip/memories-logic-libraries/hpc-design-kit","step":"verify","ok":true}
{"t":"2026-09-11T12:14:42.567Z","path":"/designware-ip/memories-logic-libraries/io-library-ip","step":"verify","ok":true}
{"t":"2026-09-11T12:14:43.324Z","path":"/designware-ip/memories-logic-libraries/logic-libraries","step":"verify","ok":true}
{"t":"2026-09-11T12:14:43.738Z","path":"/designware-ip/memories-logic-libraries/multi-port-memory","step":"verify","ok":true}
{"t":"2026-09-11T12:14:44.616Z","path":"/designware-ip/memories-logic-libraries/non-volatile-memory/medium-density","step":"verify","ok":true}
{"t":"2026-09-11T12:14:45.064Z","path":"/designware-ip/memories-logic-libraries/non-volatile-memory/ftp-trim","step":"verify","ok":true}
{"t":"2026-09-11T12:14:47.110Z","path":"/designware-ip/memories-logic-libraries/non-volatile-memory/mtp-eeprom","step":"verify","ok":true}
{"t":"2026-09-11T12:14:47.687Z","path":"/designware-ip/memories-logic-libraries/non-volatile-memory/mtp-rfid","step":"verify","ok":true}
{"t":"2026-09-11T12:14:49.570Z","path":"/designware-ip/memories-logic-libraries/non-volatile-memory/otp-slp-c","step":"verify","ok":true}
{"t":"2026-09-11T12:14:49.873Z","path":"/designware-ip/memories-logic-libraries/non-volatile-memory/otp-xbc","step":"verify","ok":true}
{"t":"2026-09-11T12:14:50.547Z","path":"/designware-ip/memories-logic-libraries/non-volatile-memory/otp-xhc","step":"verify","ok":true}
{"t":"2026-09-11T12:14:50.694Z","path":"/designware-ip/memories-logic-libraries/non-volatile-memory/otp-xsc","step":"verify","ok":true}
{"t":"2026-09-11T12:14:53.310Z","path":"/designware-ip/memories-logic-libraries/non-volatile-memory/otp","step":"verify","ok":true}
{"t":"2026-09-11T12:14:53.521Z","path":"/designware-ip/memories-logic-libraries/non-volatile-memory","step":"verify","ok":true}
{"t":"2026-09-11T12:14:55.867Z","path":"/designware-ip/memories-logic-libraries/power-optimization-kit","step":"verify","ok":true}
{"t":"2026-09-11T12:14:56.222Z","path":"/designware-ip/memories-logic-libraries/secure-storage-otp-ip","step":"verify","ok":true}
{"t":"2026-09-11T12:14:56.491Z","path":"/designware-ip/memories-logic-libraries/specialty-io","step":"verify","ok":true}
{"t":"2026-09-11T12:14:56.953Z","path":"/designware-ip/memories-logic-libraries/sram-memory-compilers","step":"verify","ok":true}
{"t":"2026-09-11T12:14:58.896Z","path":"/designware-ip/memories-logic-libraries/tcam-memory-compilers","step":"verify","ok":true}
{"t":"2026-09-11T12:14:59.290Z","path":"/designware-ip/memories-logic-libraries/standard-cell","step":"verify","ok":true}
{"t":"2026-09-11T12:15:02.122Z","path":"/designware-ip/memories-logic-libraries/ull-logic","step":"verify","ok":true}
{"t":"2026-09-11T12:15:02.376Z","path":"/designware-ip/processor-solutions","step":"verify","ok":true}
{"t":"2026-09-11T12:15:02.534Z","path":"/designware-ip/memories-logic-libraries","step":"verify","ok":true}
{"t":"2026-09-11T12:15:03.437Z","path":"/designware-ip/security-ip/contact-us","step":"verify","ok":true}
{"t":"2026-09-11T12:15:04.563Z","path":"/designware-ip/security-ip/cryptography-ip/public-key-accelerators/agile-pqc-pka","step":"verify","ok":true}
{"t":"2026-09-11T12:15:05.037Z","path":"/designware-ip/security-ip/cryptography-ip/public-key-accelerators/security-public-key-accelerator","step":"verify","ok":true}
{"t":"2026-09-11T12:15:07.845Z","path":"/designware-ip/security-ip/cryptography-ip/puf/aerospace-defense","step":"verify","ok":true}
{"t":"2026-09-11T12:15:08.332Z","path":"/designware-ip/security-ip/cryptography-ip/public-key-accelerators","step":"verify","ok":true}
{"t":"2026-09-11T12:15:08.875Z","path":"/designware-ip/security-ip/cryptography-ip/puf/automotive-security","step":"verify","ok":true}
{"t":"2026-09-11T12:15:09.998Z","path":"/designware-ip/security-ip/cryptography-ip/puf/chiplet-security","step":"verify","ok":true}
{"t":"2026-09-11T12:15:10.440Z","path":"/designware-ip/security-ip/cryptography-ip/puf/device-to-host-authentication","step":"verify","ok":true}
{"t":"2026-09-11T12:15:11.153Z","path":"/designware-ip/security-ip/cryptography-ip/puf/edge-cloud-iot-security","step":"verify","ok":true}
{"t":"2026-09-11T12:15:14.235Z","path":"/designware-ip/security-ip/cryptography-ip/puf/firmware-ip-protection","step":"verify","ok":true}
{"t":"2026-09-11T12:15:14.333Z","path":"/designware-ip/security-ip/cryptography-ip/puf/embedded-microcontrollers","step":"verify","ok":true}
{"t":"2026-09-11T12:15:15.734Z","path":"/designware-ip/security-ip/cryptography-ip/puf/ip-software","step":"verify","ok":true}
{"t":"2026-09-11T12:15:15.761Z","path":"/designware-ip/security-ip/cryptography-ip/puf/industrial-iot","step":"verify","ok":true}
{"t":"2026-09-11T12:15:16.962Z","path":"/designware-ip/security-ip/cryptography-ip/puf/key-vault","step":"verify","ok":true}
{"t":"2026-09-11T12:15:17.155Z","path":"/designware-ip/security-ip/cryptography-ip/puf/just-in-time-key-management","step":"verify","ok":true}
{"t":"2026-09-11T12:15:19.982Z","path":"/designware-ip/security-ip/cryptography-ip/puf/security-puf-fpga-a","step":"verify","ok":true}
{"t":"2026-09-11T12:15:21.525Z","path":"/designware-ip/security-ip/cryptography-ip/puf/medical","step":"verify","ok":true}
{"t":"2026-09-11T12:15:21.933Z","path":"/designware-ip/security-ip/cryptography-ip/puf/security-puf-ip","step":"verify","ok":true}
{"t":"2026-09-11T12:15:21.962Z","path":"/designware-ip/security-ip/cryptography-ip/puf/security-puf-fpga-x","step":"verify","ok":true}
{"t":"2026-09-11T12:15:23.725Z","path":"/designware-ip/security-ip/cryptography-ip/puf/soft-skus","step":"verify","ok":true}
{"t":"2026-09-11T12:15:23.730Z","path":"/designware-ip/security-ip/cryptography-ip/puf/sensor-ics","step":"verify","ok":true}
{"t":"2026-09-11T12:15:25.875Z","path":"/designware-ip/security-ip/cryptography-ip/puf","step":"verify","ok":true}
{"t":"2026-09-11T12:15:27.347Z","path":"/designware-ip/security-ip/cryptography-ip/random-number-generators/trng-nist","step":"verify","ok":true}
{"t":"2026-09-11T12:15:27.463Z","path":"/designware-ip/security-ip/cryptography-ip/random-number-generators","step":"verify","ok":true}
{"t":"2026-09-11T12:15:28.317Z","path":"/designware-ip/security-ip/cryptography-ip/random-number-generators/trng","step":"verify","ok":true}
{"t":"2026-09-11T12:15:29.418Z","path":"/designware-ip/security-ip/cryptography-ip/secure-boot-sdk","step":"verify","ok":true}
{"t":"2026-09-11T12:15:29.819Z","path":"/designware-ip/security-ip/cryptography-ip/security-crypto-software-library","step":"verify","ok":true}
{"t":"2026-09-11T12:15:32.044Z","path":"/designware-ip/security-ip/cryptography-ip/symmetric-cryptographic-engines/security-aes-gcm-ctr","step":"verify","ok":true}
{"t":"2026-09-11T12:15:33.361Z","path":"/designware-ip/security-ip/cryptography-ip/symmetric-cryptographic-engines/security-aes-xts","step":"verify","ok":true}
{"t":"2026-09-11T12:15:33.722Z","path":"/designware-ip/security-ip/cryptography-ip/symmetric-cryptographic-engines/ultra-aes-gcm-ctr","step":"verify","ok":true}
{"t":"2026-09-11T12:15:34.314Z","path":"/designware-ip/security-ip/cryptography-ip/symmetric-cryptographic-engines/ultra-high-perf-aes-xts-ecb","step":"verify","ok":true}
{"t":"2026-09-11T12:15:34.629Z","path":"/designware-ip/security-ip/cryptography-ip/symmetric-cryptographic-engines","step":"verify","ok":true}
{"t":"2026-09-11T12:15:36.063Z","path":"/designware-ip/security-ip/cryptography-ip","step":"verify","ok":true}
{"t":"2026-09-11T12:15:37.992Z","path":"/designware-ip/security-ip/interface-security-modules/automotive-macsec-1g-25g","step":"verify","ok":true}
{"t":"2026-09-11T12:15:38.592Z","path":"/designware-ip/security-ip/interface-security-modules/content-protection-ip","step":"verify","ok":true}
{"t":"2026-09-11T12:15:39.621Z","path":"/designware-ip/security-ip/interface-security-modules/hpc-macsec-up-to-1-6t","step":"verify","ok":true}
{"t":"2026-09-11T12:15:39.948Z","path":"/designware-ip/security-ip/interface-security-modules/mipi-cse2-security-module","step":"verify","ok":true}
{"t":"2026-09-11T12:15:40.797Z","path":"/designware-ip/security-ip/interface-security-modules/security-cxl2-ide","step":"verify","ok":true}
{"t":"2026-09-11T12:15:41.888Z","path":"/designware-ip/security-ip/interface-security-modules/security-cxl3-ide","step":"verify","ok":true}
{"t":"2026-09-11T12:15:44.727Z","path":"/designware-ip/security-ip/interface-security-modules/security-ddr-ime","step":"verify","ok":true}
{"t":"2026-09-11T12:15:45.074Z","path":"/designware-ip/security-ip/interface-security-modules/security-cxl4-ide","step":"verify","ok":true}
{"t":"2026-09-11T12:15:45.623Z","path":"/designware-ip/security-ip/interface-security-modules/security-ethernet-macsec","step":"verify","ok":true}
{"t":"2026-09-11T12:15:45.668Z","path":"/designware-ip/security-ip/interface-security-modules/security-hdcp-esm-dp","step":"verify","ok":true}
{"t":"2026-09-11T12:15:46.519Z","path":"/designware-ip/security-ip/interface-security-modules/security-hdcp-esm-multiport","step":"verify","ok":true}
{"t":"2026-09-11T12:15:47.443Z","path":"/designware-ip/security-ip/interface-security-modules/security-hdcp-esm","step":"verify","ok":true}
{"t":"2026-09-11T12:15:50.439Z","path":"/designware-ip/security-ip/interface-security-modules/security-pcie5-ide","step":"verify","ok":true}
{"t":"2026-09-11T12:15:50.848Z","path":"/designware-ip/security-ip/interface-security-modules/security-pcie6-ide","step":"verify","ok":true}
{"t":"2026-09-11T12:15:51.743Z","path":"/designware-ip/security-ip/interface-security-modules/ualinksec-200","step":"verify","ok":true}
{"t":"2026-09-11T12:15:52.034Z","path":"/designware-ip/security-ip/interface-security-modules/security-pcie7-ide","step":"verify","ok":true}
{"t":"2026-09-11T12:15:53.154Z","path":"/designware-ip/security-ip/interface-security-modules","step":"verify","ok":true}
{"t":"2026-09-11T12:15:54.351Z","path":"/designware-ip/security-ip/root-of-trust/troot-fx-hw-secure-module","step":"verify","ok":true}
{"t":"2026-09-11T12:15:56.406Z","path":"/designware-ip/security-ip/root-of-trust/troot-hsm-automotive","step":"verify","ok":true}
{"t":"2026-09-11T12:15:57.650Z","path":"/designware-ip/security-ip/root-of-trust/troot-hsm-isim","step":"verify","ok":true}
{"t":"2026-09-11T12:15:58.616Z","path":"/designware-ip/security-ip/root-of-trust","step":"verify","ok":true}
{"t":"2026-09-11T12:15:58.910Z","path":"/designware-ip/security-ip/root-of-trust/troot-hw-secure-module","step":"verify","ok":true}
{"t":"2026-09-11T12:15:59.191Z","path":"/designware-ip/security-ip/security-protocol-accelerators/multipurpose-spacc","step":"verify","ok":true}
{"t":"2026-09-11T12:16:00.373Z","path":"/designware-ip/security-ip/security-protocol-accelerators/security-protocol-accelerator-sm3-sm4","step":"verify","ok":true}
{"t":"2026-09-11T12:16:02.761Z","path":"/designware-ip/security-ip/security-protocol-accelerators","step":"verify","ok":true}
{"t":"2026-09-11T12:16:04.226Z","path":"/designware-ip/security-ip/security-truphone-report","step":"verify","ok":true}
{"t":"2026-09-11T12:16:04.915Z","path":"/designware-ip/soc-infrastructure-ip/amba/amba-ahb-dma","step":"verify","ok":true}
{"t":"2026-09-11T12:16:05.041Z","path":"/designware-ip/security-ip","step":"verify","ok":true}
{"t":"2026-09-11T12:16:05.400Z","path":"/designware-ip/soc-infrastructure-ip/amba/amba-apb-advanced","step":"verify","ok":true}
{"t":"2026-09-11T12:16:06.620Z","path":"/designware-ip/soc-infrastructure-ip/amba/amba-apb-general","step":"verify","ok":true}
{"t":"2026-09-11T12:16:08.945Z","path":"/designware-ip/soc-infrastructure-ip/amba/amba-axi-dma","step":"verify","ok":true}
{"t":"2026-09-11T12:16:10.534Z","path":"/designware-ip/soc-infrastructure-ip/amba/amba-i2c-smbus","step":"verify","ok":true}
{"t":"2026-09-11T12:16:10.798Z","path":"/designware-ip/soc-infrastructure-ip/amba/amba-fabric","step":"verify","ok":true}
{"t":"2026-09-11T12:16:11.057Z","path":"/designware-ip/soc-infrastructure-ip/amba/amba-ssi","step":"verify","ok":true}
{"t":"2026-09-11T12:16:11.995Z","path":"/designware-ip/soc-infrastructure-ip/amba/amba-uart","step":"verify","ok":true}
{"t":"2026-09-11T12:16:12.632Z","path":"/designware-ip/soc-infrastructure-ip/amba/avsbus-controller","step":"verify","ok":true}
{"t":"2026-09-11T12:16:15.766Z","path":"/designware-ip/soc-infrastructure-ip/amba/dw-amba-hybrid","step":"verify","ok":true}
{"t":"2026-09-11T12:16:16.409Z","path":"/designware-ip/soc-infrastructure-ip/amba/espi-controller","step":"verify","ok":true}
{"t":"2026-09-11T12:16:16.838Z","path":"/designware-ip/soc-infrastructure-ip/amba/general-purpose-timer","step":"verify","ok":true}
{"t":"2026-09-11T12:16:17.099Z","path":"/designware-ip/soc-infrastructure-ip/amba/gpio","step":"verify","ok":true}
{"t":"2026-09-11T12:16:18.080Z","path":"/designware-ip/soc-infrastructure-ip/amba/i2c","step":"verify","ok":true}
{"t":"2026-09-11T12:16:18.535Z","path":"/designware-ip/soc-infrastructure-ip/amba/i2s-controller-ip","step":"verify","ok":true}
{"t":"2026-09-11T12:16:21.885Z","path":"/designware-ip/soc-infrastructure-ip/amba/i2s-tdm-audio-controller","step":"verify","ok":true}
{"t":"2026-09-11T12:16:22.137Z","path":"/designware-ip/soc-infrastructure-ip/amba/spi","step":"verify","ok":true}
{"t":"2026-09-11T12:16:22.629Z","path":"/designware-ip/soc-infrastructure-ip/amba/uart","step":"verify","ok":true}
{"t":"2026-09-11T12:16:23.366Z","path":"/designware-ip/soc-infrastructure-ip/amba/watchdog-timer","step":"verify","ok":true}
{"t":"2026-09-11T12:16:24.755Z","path":"/designware-ip/soc-infrastructure-ip/clock-delay-monitor","step":"verify","ok":true}
{"t":"2026-09-11T12:16:24.790Z","path":"/designware-ip/soc-infrastructure-ip/amba","step":"verify","ok":true}
{"t":"2026-09-11T12:16:27.731Z","path":"/designware-ip/soc-infrastructure-ip/designware-library/microcontrollers","step":"verify","ok":true}
{"t":"2026-09-11T12:16:28.500Z","path":"/designware-ip/soc-infrastructure-ip/designware-library","step":"verify","ok":true}
{"t":"2026-09-11T12:16:28.740Z","path":"/designware-ip/soc-infrastructure-ip/foundation-cores","step":"verify","ok":true}
{"t":"2026-09-11T12:16:29.802Z","path":"/designware-ip/soc-infrastructure-ip","step":"verify","ok":true}
{"t":"2026-09-11T12:16:30.461Z","path":"/designware-ip/star-hierarchical-test","step":"verify","ok":true}
{"t":"2026-09-11T12:16:31.385Z","path":"/designware-ip/technical-bulletin/dwtb-archives","step":"verify","ok":true}
{"t":"2026-09-11T12:16:34.225Z","path":"/designware-ip/videos/ddr","step":"verify","ok":true}
{"t":"2026-09-11T12:16:34.448Z","path":"/designware-ip/videos/die-to-die","step":"verify","ok":true}
{"t":"2026-09-11T12:16:36.217Z","path":"/designware-ip/videos/embedded-memories-logic-libraries","step":"verify","ok":true}
{"t":"2026-09-11T12:16:36.409Z","path":"/designware-ip/videos/ethernet","step":"verify","ok":true}
{"t":"2026-09-11T12:16:36.505Z","path":"/designware-ip/technical-bulletin","step":"verify","ok":true}
{"t":"2026-09-11T12:16:37.107Z","path":"/designware-ip/videos/hdmi","step":"verify","ok":true}
{"t":"2026-09-11T12:16:39.907Z","path":"/designware-ip/videos/ip-subsystems","step":"verify","ok":true}
{"t":"2026-09-11T12:16:40.368Z","path":"/designware-ip/videos/mipi","step":"verify","ok":true}
{"t":"2026-09-11T12:16:42.501Z","path":"/designware-ip/videos/security-ip","step":"verify","ok":true}
{"t":"2026-09-11T12:16:42.777Z","path":"/designware-ip/videos/nvm","step":"verify","ok":true}
{"t":"2026-09-11T12:16:43.080Z","path":"/designware-ip/videos/pci-express","step":"verify","ok":true}
{"t":"2026-09-11T12:16:43.865Z","path":"/designware-ip/videos/usb-videos","step":"verify","ok":true}
{"t":"2026-09-11T12:16:46.984Z","path":"/designware-ip","step":"verify","ok":true}
{"t":"2026-09-11T12:16:47.017Z","path":"/designware-ip/videos","step":"verify","ok":true}
{"t":"2026-09-11T12:16:48.560Z","path":"/dw/doc/ds/c/dwc-100g-ethernet-mac-tsn-ds-pdf","step":"verify","ok":true}
{"t":"2026-09-11T12:16:49.172Z","path":"/dw/doc/ds/c/dwc-hdmi13-tx-phy-225gbps-tsmc-65gp25-pdf","step":"verify","ok":true}
{"t":"2026-09-11T12:16:49.423Z","path":"/dw/buildingblock","step":"verify","ok":true}
{"t":"2026-09-11T12:16:50.018Z","path":"/dw/doc/ds/c/dwc-sata-phy-pdf","step":"verify","ok":true}
{"t":"2026-09-11T12:16:52.577Z","path":"/dw/doc/ds/c/sensor-subsystem-ds-pdf","step":"verify","ok":true}
{"t":"2026-09-11T12:16:52.664Z","path":"/dw/doc/ds/c/uart-pdf","step":"verify","ok":true}
{"t":"2026-09-11T12:16:54.884Z","path":"/dw/doc/ds/cc/arc-hs4x-pdf","step":"verify","ok":true}
{"t":"2026-09-11T12:16:54.910Z","path":"/dw/doc/ds/cc/arc-hs-enhanced-security-package-pdf","step":"verify","ok":true}
{"t":"2026-09-11T12:16:55.219Z","path":"/dw/doc/ds/cc/asip-designer-ds-pdf","step":"verify","ok":true}
{"t":"2026-09-11T12:16:55.997Z","path":"/dw/doc/ds/cc/dw-processor-solutions-pdf","step":"verify","ok":true}
{"t":"2026-09-11T12:16:58.261Z","path":"/dw/doc/ds/es/in-chip-pvt-monitor-sensor-pdf","step":"verify","ok":true}
{"t":"2026-09-11T12:16:58.494Z","path":"/dw/doc/ds/es/embed-test-repair-ecc-pdf","step":"verify","ok":true}
{"t":"2026-09-11T12:17:00.561Z","path":"/dw/doc/ds/i/dw8051-pdf","step":"verify","ok":true}
{"t":"2026-09-11T12:17:00.950Z","path":"/dw/doc/ds/i/dw-6811-pdf","step":"verify","ok":true}
{"t":"2026-09-11T12:17:01.636Z","path":"/dw/doc/ds/o/automotive-brochure-pdf","step":"verify","ok":true}
{"t":"2026-09-11T12:17:03.794Z","path":"/dw/doc/ds/o/coretools-ds-pdf","step":"verify","ok":true}
{"t":"2026-09-11T12:17:04.014Z","path":"/dw/doc/ds/o/cloud-computing-brochure-cn-pdf","step":"verify","ok":true}
{"t":"2026-09-11T12:17:04.123Z","path":"/dw/doc/ds/o/data-center-brochure-pdf","step":"verify","ok":true}
{"t":"2026-09-11T12:17:06.180Z","path":"/dw/doc/ds/o/ip-accelerated-brochure-pdf","step":"verify","ok":true}
{"t":"2026-09-11T12:17:07.080Z","path":"/dw/doc/ds/o/ip-prototyping-kit-usb2-hs-otg-pdf","step":"verify","ok":true}
{"t":"2026-09-11T12:17:08.016Z","path":"/dw/doc/ds/o/ip-prototyping-kit-usb3-1-host-device-pdf","step":"verify","ok":true}
{"t":"2026-09-11T12:17:09.587Z","path":"/dw/doc/ss/achronix-speedster7t-ss-pdf","step":"verify","ok":true}
{"t":"2026-09-11T12:17:09.658Z","path":"/dw/doc/ss/abilis-ss-pdf","step":"verify","ok":true}
{"t":"2026-09-11T12:17:09.707Z","path":"/dw/doc/ds/o/ip-prototyping-kits-ds-pdf","step":"verify","ok":true}
{"t":"2026-09-11T12:17:11.827Z","path":"/dw/doc/ss/amd-ss-cn-pdf","step":"verify","ok":true}
{"t":"2026-09-11T12:17:12.249Z","path":"/dw/doc/ss/arbe-imaging-radar-ss-pdf","step":"verify","ok":true}
{"t":"2026-09-11T12:17:13.650Z","path":"/dw/doc/ss/asip-riken-success-story-china-pdf","step":"verify","ok":true}
{"t":"2026-09-11T12:17:15.107Z","path":"/dw/doc/ss/ewbm-security-success-story-pdf","step":"verify","ok":true}
{"t":"2026-09-11T12:17:15.273Z","path":"/dw/doc/ss/guc-light-ss-cn-pdf","step":"verify","ok":true}
{"t":"2026-09-11T12:17:15.383Z","path":"/dw/doc/ss/inuitive-usb-ddr-mipi-foundationip-ss-pdf","step":"verify","ok":true}
{"t":"2026-09-11T12:17:17.217Z","path":"/dw/doc/ss/kyocera-usb-pcie-ether-amba-jan2015-ss-pdf","step":"verify","ok":true}
{"t":"2026-09-11T12:17:17.427Z","path":"/dw/doc/ss/megachips-security-success-story-china-pdf","step":"verify","ok":true}
{"t":"2026-09-11T12:17:19.431Z","path":"/dw/doc/ss/megachips-security-success-story-pdf","step":"verify","ok":true}
{"t":"2026-09-11T12:17:20.632Z","path":"/dw/doc/ss/movidius-ss-pdf","step":"verify","ok":true}
{"t":"2026-09-11T12:17:20.845Z","path":"/dw/doc/ss/novatek-mipi-fip-ss-pdf","step":"verify","ok":true}
{"t":"2026-09-11T12:17:21.213Z","path":"/dw/doc/ss/orbbec-ss-ch-pdf","step":"verify","ok":true}
{"t":"2026-09-11T12:17:22.570Z","path":"/dw/doc/ss/siglead-ss-pdf","step":"verify","ok":true}
{"t":"2026-09-11T12:17:23.467Z","path":"/dw/doc/ss/starblaze-ss-cn-pdf","step":"verify","ok":true}
{"t":"2026-09-11T12:17:24.912Z","path":"/dw/doc/ss/starblaze-ss-pdf","step":"verify","ok":true}
{"t":"2026-09-11T12:17:26.129Z","path":"/dw/doc/ss/xconn-ss-pdf","step":"verify","ok":true}
{"t":"2026-09-11T12:17:26.597Z","path":"/dw/doc/wp/amba-hybrid-wp-pdf","step":"verify","ok":true}
{"t":"2026-09-11T12:17:26.736Z","path":"/dw/doc/wp/arc-low-power-machine-learning-for-iot-cn-pdf","step":"verify","ok":true}
{"t":"2026-09-11T12:17:27.956Z","path":"/dw/doc/wp/arc-low-power-machine-learning-for-iot-pdf","step":"verify","ok":true}
{"t":"2026-09-11T12:17:29.125Z","path":"/dw/doc/wp/arc-software-test-library-pdf","step":"verify","ok":true}
{"t":"2026-09-11T12:17:30.386Z","path":"/dw/doc/wp/calibrate-and-configure-your-power-management-ic-with-nvm-ip-wp-sch-pdf","step":"verify","ok":true}
{"t":"2026-09-11T12:17:32.176Z","path":"/dw/doc/wp/evolution-of-data-center-networking-technology-ip-and-beyond-wp-pdf","step":"verify","ok":true}
{"t":"2026-09-11T12:17:32.311Z","path":"/dw/doc/wp/dataconverters-ip-for-automotive-socs-white-paper-pdf","step":"verify","ok":true}
{"t":"2026-09-11T12:17:32.371Z","path":"/dw/doc/wp/designing-computational-imaging-systems-wp-pdf","step":"verify","ok":true}
{"t":"2026-09-11T12:17:34.338Z","path":"/dw/doc/wp/how-new-storage-technologies-enhance-hpc-systems-pdf","step":"verify","ok":true}
{"t":"2026-09-11T12:17:34.529Z","path":"/dw/doc/wp/how-the-doubling-of-interconnect-bandwidth-with-pcie-6-0-impacts-ip-electrical-validation-wp-pdf","step":"verify","ok":true}
{"t":"2026-09-11T12:17:35.695Z","path":"/dw/doc/wp/integrating-fs-and-qms-arc-pdf","step":"verify","ok":true}
{"t":"2026-09-11T12:17:37.617Z","path":"/dw/doc/wp/neuromorphic-computing-emerging-memories-artificial-intelligence-socs-pdf","step":"verify","ok":true}
{"t":"2026-09-11T12:17:37.628Z","path":"/dw/doc/wp/tortuga-build-secure-processor-systems-faster-pdf","step":"verify","ok":true}
{"t":"2026-09-11T12:17:39.277Z","path":"/dw/emllselector/io","step":"verify","ok":true}
{"t":"2026-09-11T12:17:40.549Z","path":"/dw/emllselector/university","step":"verify","ok":true}
{"t":"2026-09-11T12:17:41.659Z","path":"/dw/emllselector","step":"verify","ok":true}
{"t":"2026-09-11T12:17:41.740Z","path":"/dw/ipdir/dw-8b10b-dec","step":"verify","ok":true}
{"t":"2026-09-11T12:17:43.768Z","path":"/dw/ipdir/dw-8b10b-enc","step":"verify","ok":true}
{"t":"2026-09-11T12:17:43.983Z","path":"/dw/ipdir/dw-8b10b-unbal","step":"verify","ok":true}
{"t":"2026-09-11T12:17:45.618Z","path":"/dw/ipdir/dw-addsub-dx","step":"verify","ok":true}
{"t":"2026-09-11T12:17:46.397Z","path":"/dw/ipdir/dw-ahb-dmac","step":"verify","ok":true}
{"t":"2026-09-11T12:17:47.578Z","path":"/dw/ipdir/dw-ahb-eh2h","step":"verify","ok":true}
{"t":"2026-09-11T12:17:47.663Z","path":"/dw/ipdir/dw-ahb-h2h","step":"verify","ok":true}
{"t":"2026-09-11T12:17:49.293Z","path":"/dw/ipdir/dw-ahb-icm","step":"verify","ok":true}
{"t":"2026-09-11T12:17:49.734Z","path":"/dw/ipdir/dw-ahb-ictl-dw-apb-ictl","step":"verify","ok":true}
{"t":"2026-09-11T12:17:51.559Z","path":"/dw/ipdir/dw-ahb","step":"verify","ok":true}
{"t":"2026-09-11T12:17:52.034Z","path":"/dw/ipdir/dw-apb-gpio","step":"verify","ok":true}
{"t":"2026-09-11T12:17:53.639Z","path":"/dw/ipdir/dw-apb-rap","step":"verify","ok":true}
{"t":"2026-09-11T12:17:53.997Z","path":"/dw/ipdir/dw-apb-i2s","step":"verify","ok":true}
{"t":"2026-09-11T12:17:55.159Z","path":"/dw/ipdir/dw-apb-rtc","step":"verify","ok":true}
{"t":"2026-09-11T12:17:55.909Z","path":"/dw/ipdir/dw-apb-ssi","step":"verify","ok":true}
{"t":"2026-09-11T12:17:57.562Z","path":"/dw/ipdir/dw-apb-timers","step":"verify","ok":true}
{"t":"2026-09-11T12:17:57.567Z","path":"/dw/ipdir/dw-apb-wdt","step":"verify","ok":true}
{"t":"2026-09-11T12:17:59.213Z","path":"/dw/ipdir/dw-apb","step":"verify","ok":true}
{"t":"2026-09-11T12:18:00.152Z","path":"/dw/ipdir/dw-arb-2t","step":"verify","ok":true}
{"t":"2026-09-11T12:18:00.543Z","path":"/dw/ipdir/dw-arb-dp","step":"verify","ok":true}
{"t":"2026-09-11T12:18:01.280Z","path":"/dw/ipdir/dw-arb-fcfs","step":"verify","ok":true}
{"t":"2026-09-11T12:18:03.453Z","path":"/dw/ipdir/dw-arb-rr","step":"verify","ok":true}
{"t":"2026-09-11T12:18:03.635Z","path":"/dw/ipdir/dw-arb-sp","step":"verify","ok":true}
{"t":"2026-09-11T12:18:05.301Z","path":"/dw/ipdir/dw-asymdata-inbuf","step":"verify","ok":true}
{"t":"2026-09-11T12:18:06.095Z","path":"/dw/ipdir/dw-asymdata-outbuf","step":"verify","ok":true}
{"t":"2026-09-11T12:18:06.890Z","path":"/dw/ipdir/dw-asymfifo-s1-df","step":"verify","ok":true}
{"t":"2026-09-11T12:18:06.998Z","path":"/dw/ipdir/dw-asymfifo-s1-sf","step":"verify","ok":true}
{"t":"2026-09-11T12:18:09.275Z","path":"/dw/ipdir/dw-asymfifo-s2-sf","step":"verify","ok":true}
{"t":"2026-09-11T12:18:09.338Z","path":"/dw/ipdir/dw-asymfifoctl-2c-df","step":"verify","ok":true}
{"t":"2026-09-11T12:18:11.303Z","path":"/dw/ipdir/dw-asymfifoctl-s1-df","step":"verify","ok":true}
{"t":"2026-09-11T12:18:12.562Z","path":"/dw/ipdir/dw-asymfifoctl-s1-sf","step":"verify","ok":true}
{"t":"2026-09-11T12:18:12.630Z","path":"/dw/ipdir/dw-asymfifoctl-s2-sf","step":"verify","ok":true}
{"t":"2026-09-11T12:18:12.793Z","path":"/dw/ipdir/dw-axi-a2x","step":"verify","ok":true}
{"t":"2026-09-11T12:18:14.770Z","path":"/dw/ipdir/dw-axi-gm","step":"verify","ok":true}
{"t":"2026-09-11T12:18:15.075Z","path":"/dw/ipdir/dw-axi-dmac","step":"verify","ok":true}
{"t":"2026-09-11T12:18:16.832Z","path":"/dw/ipdir/dw-axi-gs","step":"verify","ok":true}
{"t":"2026-09-11T12:18:18.060Z","path":"/dw/ipdir/dw-axi-hmx","step":"verify","ok":true}
{"t":"2026-09-11T12:18:18.216Z","path":"/dw/ipdir/dw-axi-rs","step":"verify","ok":true}
{"t":"2026-09-11T12:18:18.496Z","path":"/dw/ipdir/dw-axi-x2h","step":"verify","ok":true}
{"t":"2026-09-11T12:18:20.265Z","path":"/dw/ipdir/dw-axi-x2p","step":"verify","ok":true}
{"t":"2026-09-11T12:18:20.451Z","path":"/dw/ipdir/dw-axi-x2x","step":"verify","ok":true}
{"t":"2026-09-11T12:18:22.771Z","path":"/dw/ipdir/dw-axi","step":"verify","ok":true}
{"t":"2026-09-11T12:18:23.321Z","path":"/dw/ipdir/dw-bc-1","step":"verify","ok":true}
{"t":"2026-09-11T12:18:23.643Z","path":"/dw/ipdir/dw-bc-10","step":"verify","ok":true}
{"t":"2026-09-11T12:18:23.680Z","path":"/dw/ipdir/dw-bc-2","step":"verify","ok":true}
{"t":"2026-09-11T12:18:25.404Z","path":"/dw/ipdir/dw-bc-4","step":"verify","ok":true}
{"t":"2026-09-11T12:18:25.417Z","path":"/dw/ipdir/dw-bc-3","step":"verify","ok":true}
{"t":"2026-09-11T12:18:28.317Z","path":"/dw/ipdir/dw-bc-5","step":"verify","ok":true}
{"t":"2026-09-11T12:18:28.718Z","path":"/dw/ipdir/dw-bc-8","step":"verify","ok":true}
{"t":"2026-09-11T12:18:29.062Z","path":"/dw/ipdir/dw-bc-7","step":"verify","ok":true}
{"t":"2026-09-11T12:18:29.382Z","path":"/dw/ipdir/dw-bc-9","step":"verify","ok":true}
{"t":"2026-09-11T12:18:30.578Z","path":"/dw/ipdir/dw-cmp-dx","step":"verify","ok":true}
{"t":"2026-09-11T12:18:30.800Z","path":"/dw/ipdir/dw-bin2gray","step":"verify","ok":true}
{"t":"2026-09-11T12:18:34.000Z","path":"/dw/ipdir/dw-crc-p","step":"verify","ok":true}
{"t":"2026-09-11T12:18:34.209Z","path":"/dw/ipdir/dw-cntr-gray","step":"verify","ok":true}
{"t":"2026-09-11T12:18:34.366Z","path":"/dw/ipdir/dw-crc-s","step":"verify","ok":true}
{"t":"2026-09-11T12:18:35.264Z","path":"/dw/ipdir/dw-data-qsync-hl","step":"verify","ok":true}
{"t":"2026-09-11T12:18:35.673Z","path":"/dw/ipdir/dw-data-qsync-lh","step":"verify","ok":true}
{"t":"2026-09-11T12:18:36.083Z","path":"/dw/ipdir/dw-data-sync-1c","step":"verify","ok":true}
{"t":"2026-09-11T12:18:39.460Z","path":"/dw/ipdir/dw-data-sync","step":"verify","ok":true}
{"t":"2026-09-11T12:18:39.708Z","path":"/dw/ipdir/dw-data-sync-na","step":"verify","ok":true}
{"t":"2026-09-11T12:18:39.805Z","path":"/dw/ipdir/dw-dct-2d","step":"verify","ok":true}
{"t":"2026-09-11T12:18:41.372Z","path":"/dw/ipdir/dw-decode-en","step":"verify","ok":true}
{"t":"2026-09-11T12:18:41.520Z","path":"/dw/ipdir/dw-div-pipe","step":"verify","ok":true}
{"t":"2026-09-11T12:18:41.919Z","path":"/dw/ipdir/dw-div-sat","step":"verify","ok":true}
{"t":"2026-09-11T12:18:45.809Z","path":"/dw/ipdir/dw-dpll-sd","step":"verify","ok":true}
{"t":"2026-09-11T12:18:46.900Z","path":"/dw/ipdir/dw-div-seq","step":"verify","ok":true}
{"t":"2026-09-11T12:18:47.133Z","path":"/dw/ipdir/dw-div","step":"verify","ok":true}
{"t":"2026-09-11T12:18:47.431Z","path":"/dw/ipdir/dw-exp2","step":"verify","ok":true}
{"t":"2026-09-11T12:18:47.546Z","path":"/dw/ipdir/dw-ecc","step":"verify","ok":true}
{"t":"2026-09-11T12:18:48.290Z","path":"/dw/ipdir/dw-fifo-2c-df","step":"verify","ok":true}
{"t":"2026-09-11T12:18:51.818Z","path":"/dw/ipdir/dw-fifo-s1-df","step":"verify","ok":true}
{"t":"2026-09-11T12:18:52.763Z","path":"/dw/ipdir/dw-fifo-s1-sf","step":"verify","ok":true}
{"t":"2026-09-11T12:18:53.278Z","path":"/dw/ipdir/dw-fifo-s2-sf","step":"verify","ok":true}
{"t":"2026-09-11T12:18:53.406Z","path":"/dw/ipdir/dw-fifoctl-2c-df","step":"verify","ok":true}
{"t":"2026-09-11T12:18:53.513Z","path":"/dw/ipdir/dw-fifoctl-s1-df","step":"verify","ok":true}
{"t":"2026-09-11T12:18:54.530Z","path":"/dw/ipdir/dw-fifoctl-s1-sf","step":"verify","ok":true}
{"t":"2026-09-11T12:18:57.252Z","path":"/dw/ipdir/dw-fifoctl-s2-sf","step":"verify","ok":true}
{"t":"2026-09-11T12:18:58.973Z","path":"/dw/ipdir/dw-fir-seq","step":"verify","ok":true}
{"t":"2026-09-11T12:18:59.061Z","path":"/dw/ipdir/dw-fp-add-dg","step":"verify","ok":true}
{"t":"2026-09-11T12:18:59.133Z","path":"/dw/ipdir/dw-fir","step":"verify","ok":true}
{"t":"2026-09-11T12:18:59.525Z","path":"/dw/ipdir/dw-fp-add","step":"verify","ok":true}
{"t":"2026-09-11T12:19:00.187Z","path":"/dw/ipdir/dw-fp-addsub-dg","step":"verify","ok":true}
{"t":"2026-09-11T12:19:03.242Z","path":"/dw/ipdir/dw-fp-addsub","step":"verify","ok":true}
{"t":"2026-09-11T12:19:04.322Z","path":"/dw/ipdir/dw-fp-cmp-dg","step":"verify","ok":true}
{"t":"2026-09-11T12:19:04.564Z","path":"/dw/ipdir/dw-fp-cmp","step":"verify","ok":true}
{"t":"2026-09-11T12:19:04.713Z","path":"/dw/ipdir/dw-fp-div-dg","step":"verify","ok":true}
{"t":"2026-09-11T12:19:05.863Z","path":"/dw/ipdir/dw-fp-div-seq","step":"verify","ok":true}
{"t":"2026-09-11T12:19:06.392Z","path":"/dw/ipdir/dw-fp-div","step":"verify","ok":true}
{"t":"2026-09-11T12:19:08.993Z","path":"/dw/ipdir/dw-fp-dp2","step":"verify","ok":true}
{"t":"2026-09-11T12:19:10.381Z","path":"/dw/ipdir/dw-fp-dp3","step":"verify","ok":true}
{"t":"2026-09-11T12:19:10.791Z","path":"/dw/ipdir/dw-fp-exp","step":"verify","ok":true}
{"t":"2026-09-11T12:19:11.200Z","path":"/dw/ipdir/dw-fp-dp4","step":"verify","ok":true}
{"t":"2026-09-11T12:19:11.951Z","path":"/dw/ipdir/dw-fp-exp2","step":"verify","ok":true}
{"t":"2026-09-11T12:19:12.375Z","path":"/dw/ipdir/dw-fp-flt2i","step":"verify","ok":true}
{"t":"2026-09-11T12:19:14.917Z","path":"/dw/ipdir/dw-fp-i2flt","step":"verify","ok":true}
{"t":"2026-09-11T12:19:16.267Z","path":"/dw/ipdir/dw-fp-invsqrt","step":"verify","ok":true}
{"t":"2026-09-11T12:19:16.728Z","path":"/dw/ipdir/dw-fp-ln","step":"verify","ok":true}
{"t":"2026-09-11T12:19:17.352Z","path":"/dw/ipdir/dw-fp-log2","step":"verify","ok":true}
{"t":"2026-09-11T12:19:17.479Z","path":"/dw/ipdir/dw-fp-mac-dg","step":"verify","ok":true}
{"t":"2026-09-11T12:19:18.023Z","path":"/dw/ipdir/dw-fp-mac","step":"verify","ok":true}
{"t":"2026-09-11T12:19:20.395Z","path":"/dw/ipdir/dw-fp-mult-dg","step":"verify","ok":true}
{"t":"2026-09-11T12:19:22.194Z","path":"/dw/ipdir/dw-fp-mult","step":"verify","ok":true}
{"t":"2026-09-11T12:19:22.982Z","path":"/dw/ipdir/dw-fp-recip-dg","step":"verify","ok":true}
{"t":"2026-09-11T12:19:23.046Z","path":"/dw/ipdir/dw-fp-recip","step":"verify","ok":true}
{"t":"2026-09-11T12:19:23.371Z","path":"/dw/ipdir/dw-fp-sqrt","step":"verify","ok":true}
{"t":"2026-09-11T12:19:23.509Z","path":"/dw/ipdir/dw-fp-sincos","step":"verify","ok":true}
{"t":"2026-09-11T12:19:25.997Z","path":"/dw/ipdir/dw-fp-square","step":"verify","ok":true}
{"t":"2026-09-11T12:19:28.177Z","path":"/dw/ipdir/dw-fp-sub-dg","step":"verify","ok":true}
{"t":"2026-09-11T12:19:28.540Z","path":"/dw/ipdir/dw-fp-sub","step":"verify","ok":true}
{"t":"2026-09-11T12:19:29.018Z","path":"/dw/ipdir/dw-fp-sum4","step":"verify","ok":true}
{"t":"2026-09-11T12:19:29.127Z","path":"/dw/ipdir/dw-fp-sum3-dg","step":"verify","ok":true}
{"t":"2026-09-11T12:19:29.252Z","path":"/dw/ipdir/dw-fp-sum3","step":"verify","ok":true}
{"t":"2026-09-11T12:19:31.559Z","path":"/dw/ipdir/dw-gray-sync","step":"verify","ok":true}
{"t":"2026-09-11T12:19:34.479Z","path":"/dw/ipdir/dw-iir-dc","step":"verify","ok":true}
{"t":"2026-09-11T12:19:34.722Z","path":"/dw/ipdir/dw-gray2bin","step":"verify","ok":true}
{"t":"2026-09-11T12:19:34.763Z","path":"/dw/ipdir/dw-inc-gray","step":"verify","ok":true}
{"t":"2026-09-11T12:19:35.061Z","path":"/dw/ipdir/dw-iir-sc","step":"verify","ok":true}
{"t":"2026-09-11T12:19:35.463Z","path":"/dw/ipdir/dw-inv-sqrt","step":"verify","ok":true}
{"t":"2026-09-11T12:19:37.651Z","path":"/dw/ipdir/dw-lbsh","step":"verify","ok":true}
{"t":"2026-09-11T12:19:40.394Z","path":"/dw/ipdir/dw-lod","step":"verify","ok":true}
{"t":"2026-09-11T12:19:40.468Z","path":"/dw/ipdir/dw-log2","step":"verify","ok":true}
{"t":"2026-09-11T12:19:40.800Z","path":"/dw/ipdir/dw-ln","step":"verify","ok":true}
{"t":"2026-09-11T12:19:41.089Z","path":"/dw/ipdir/dw-lp-cntr-up-df","step":"verify","ok":true}
{"t":"2026-09-11T12:19:41.516Z","path":"/dw/ipdir/dw-lp-cntr-updn-df","step":"verify","ok":true}
{"t":"2026-09-11T12:19:43.979Z","path":"/dw/ipdir/dw-lp-fifo-1c-df","step":"verify","ok":true}
{"t":"2026-09-11T12:19:46.187Z","path":"/dw/ipdir/dw-lp-fp-multifunc-dg","step":"verify","ok":true}
{"t":"2026-09-11T12:19:46.685Z","path":"/dw/ipdir/dw-lp-fifoctl-1c-df","step":"verify","ok":true}
{"t":"2026-09-11T12:19:46.991Z","path":"/dw/ipdir/dw-lp-fp-multifunc","step":"verify","ok":true}
{"t":"2026-09-11T12:19:47.185Z","path":"/dw/ipdir/dw-lp-multifunc-dg","step":"verify","ok":true}
{"t":"2026-09-11T12:19:47.437Z","path":"/dw/ipdir/dw-lp-multifunc","step":"verify","ok":true}
{"t":"2026-09-11T12:19:49.621Z","path":"/dw/ipdir/dw-lp-pipe-mgr","step":"verify","ok":true}
{"t":"2026-09-11T12:19:52.154Z","path":"/dw/ipdir/dw-lp-piped-div","step":"verify","ok":true}
{"t":"2026-09-11T12:19:52.568Z","path":"/dw/ipdir/dw-lp-piped-ecc","step":"verify","ok":true}
{"t":"2026-09-11T12:19:52.935Z","path":"/dw/ipdir/dw-lp-piped-fp-add","step":"verify","ok":true}
{"t":"2026-09-11T12:19:53.232Z","path":"/dw/ipdir/dw-lp-piped-fp-mult","step":"verify","ok":true}
{"t":"2026-09-11T12:19:53.445Z","path":"/dw/ipdir/dw-lp-piped-fp-div","step":"verify","ok":true}
{"t":"2026-09-11T12:19:55.761Z","path":"/dw/ipdir/dw-lp-piped-fp-recip","step":"verify","ok":true}
{"t":"2026-09-11T12:19:58.229Z","path":"/dw/ipdir/dw-lp-piped-fp-sum3","step":"verify","ok":true}
{"t":"2026-09-11T12:19:58.507Z","path":"/dw/ipdir/dw-lp-piped-mult","step":"verify","ok":true}
{"t":"2026-09-11T12:19:58.664Z","path":"/dw/ipdir/dw-lp-piped-prod-sum","step":"verify","ok":true}
{"t":"2026-09-11T12:19:58.732Z","path":"/dw/ipdir/dw-lp-piped-sqrt","step":"verify","ok":true}
{"t":"2026-09-11T12:19:59.229Z","path":"/dw/ipdir/dw-lsd","step":"verify","ok":true}
{"t":"2026-09-11T12:20:01.830Z","path":"/dw/ipdir/dw-lza","step":"verify","ok":true}
{"t":"2026-09-11T12:20:04.566Z","path":"/dw/ipdir/dw-lzd","step":"verify","ok":true}
{"t":"2026-09-11T12:20:04.743Z","path":"/dw/ipdir/dw-minmax","step":"verify","ok":true}
{"t":"2026-09-11T12:20:04.804Z","path":"/dw/ipdir/dw-mult-pipe","step":"verify","ok":true}
{"t":"2026-09-11T12:20:04.903Z","path":"/dw/ipdir/dw-mult-dx","step":"verify","ok":true}
{"t":"2026-09-11T12:20:05.616Z","path":"/dw/ipdir/dw-mult-seq","step":"verify","ok":true}
{"t":"2026-09-11T12:20:07.540Z","path":"/dw/ipdir/dw-norm-rnd","step":"verify","ok":true}
{"t":"2026-09-11T12:20:10.543Z","path":"/dw/ipdir/dw-pl-reg","step":"verify","ok":true}
{"t":"2026-09-11T12:20:10.688Z","path":"/dw/ipdir/dw-norm","step":"verify","ok":true}
{"t":"2026-09-11T12:20:10.738Z","path":"/dw/ipdir/dw-pricod","step":"verify","ok":true}
{"t":"2026-09-11T12:20:11.248Z","path":"/dw/ipdir/dw-piped-mac","step":"verify","ok":true}
{"t":"2026-09-11T12:20:11.457Z","path":"/dw/ipdir/dw-prod-sum-pipe","step":"verify","ok":true}
{"t":"2026-09-11T12:20:13.388Z","path":"/dw/ipdir/dw-pulse-sync","step":"verify","ok":true}
{"t":"2026-09-11T12:20:16.465Z","path":"/dw/ipdir/dw-ram-2r-2w-s-dff","step":"verify","ok":true}
{"t":"2026-09-11T12:20:16.955Z","path":"/dw/ipdir/dw-ram-2r-w-a-dff","step":"verify","ok":true}
{"t":"2026-09-11T12:20:17.011Z","path":"/dw/ipdir/dw-pulseack-sync","step":"verify","ok":true}
{"t":"2026-09-11T12:20:17.235Z","path":"/dw/ipdir/dw-ram-2r-w-a-lat","step":"verify","ok":true}
{"t":"2026-09-11T12:20:17.598Z","path":"/dw/ipdir/dw-ram-2r-w-s-dff","step":"verify","ok":true}
{"t":"2026-09-11T12:20:19.636Z","path":"/dw/ipdir/dw-ram-2r-w-s-lat","step":"verify","ok":true}
{"t":"2026-09-11T12:20:22.437Z","path":"/dw/ipdir/dw-ram-r-w-2c-dff","step":"verify","ok":true}
{"t":"2026-09-11T12:20:22.889Z","path":"/dw/ipdir/dw-ram-r-w-a-lat","step":"verify","ok":true}
{"t":"2026-09-11T12:20:22.994Z","path":"/dw/ipdir/dw-ram-r-w-s-dff","step":"verify","ok":true}
{"t":"2026-09-11T12:20:23.320Z","path":"/dw/ipdir/dw-ram-r-w-a-dff","step":"verify","ok":true}
{"t":"2026-09-11T12:20:23.569Z","path":"/dw/ipdir/dw-ram-r-w-s-lat","step":"verify","ok":true}
{"t":"2026-09-11T12:20:25.297Z","path":"/dw/ipdir/dw-ram-rw-a-dff","step":"verify","ok":true}
{"t":"2026-09-11T12:20:28.522Z","path":"/dw/ipdir/dw-ram-rw-a-lat","step":"verify","ok":true}
{"t":"2026-09-11T12:20:28.795Z","path":"/dw/ipdir/dw-ram-rw-s-lat","step":"verify","ok":true}
{"t":"2026-09-11T12:20:28.834Z","path":"/dw/ipdir/dw-ram-rw-s-dff","step":"verify","ok":true}
{"t":"2026-09-11T12:20:29.158Z","path":"/dw/ipdir/dw-rash","step":"verify","ok":true}
{"t":"2026-09-11T12:20:29.734Z","path":"/dw/ipdir/dw-rbsh","step":"verify","ok":true}
{"t":"2026-09-11T12:20:31.258Z","path":"/dw/ipdir/dw-reset-sync","step":"verify","ok":true}
{"t":"2026-09-11T12:20:34.627Z","path":"/dw/ipdir/dw-sincos","step":"verify","ok":true}
{"t":"2026-09-11T12:20:34.711Z","path":"/dw/ipdir/dw-shifter","step":"verify","ok":true}
{"t":"2026-09-11T12:20:34.800Z","path":"/dw/ipdir/dw-sla","step":"verify","ok":true}
{"t":"2026-09-11T12:20:35.163Z","path":"/dw/ipdir/dw-sqrt-pipe","step":"verify","ok":true}
{"t":"2026-09-11T12:20:36.196Z","path":"/dw/ipdir/dw-sqrt-seq","step":"verify","ok":true}
{"t":"2026-09-11T12:20:37.641Z","path":"/dw/ipdir/dw-sqrt","step":"verify","ok":true}
{"t":"2026-09-11T12:20:40.604Z","path":"/dw/ipdir/dw-squarep","step":"verify","ok":true}
{"t":"2026-09-11T12:20:40.909Z","path":"/dw/ipdir/dw-square","step":"verify","ok":true}
{"t":"2026-09-11T12:20:41.198Z","path":"/dw/ipdir/dw-sra","step":"verify","ok":true}
{"t":"2026-09-11T12:20:41.413Z","path":"/dw/ipdir/dw-stack","step":"verify","ok":true}
{"t":"2026-09-11T12:20:42.331Z","path":"/dw/ipdir/dw-stackctl","step":"verify","ok":true}
{"t":"2026-09-11T12:20:43.496Z","path":"/dw/ipdir/dw-stream-sync","step":"verify","ok":true}
{"t":"2026-09-11T12:20:46.835Z","path":"/dw/ipdir/dw-sync","step":"verify","ok":true}
{"t":"2026-09-11T12:20:47.131Z","path":"/dw/ipdir/dw-tap","step":"verify","ok":true}
{"t":"2026-09-11T12:20:47.579Z","path":"/dw/ipdir/dw-tap-uc","step":"verify","ok":true}
{"t":"2026-09-11T12:20:47.939Z","path":"/dw/ipdir/dw-thermdec","step":"verify","ok":true}
{"t":"2026-09-11T12:20:48.637Z","path":"/dw/ipdir/dw01-absval","step":"verify","ok":true}
{"t":"2026-09-11T12:20:49.600Z","path":"/dw/ipdir/dw01-add","step":"verify","ok":true}
{"t":"2026-09-11T12:20:52.252Z","path":"/dw/ipdir/dw01-addsub","step":"verify","ok":true}
{"t":"2026-09-11T12:20:53.524Z","path":"/dw/ipdir/dw01-binenc","step":"verify","ok":true}
{"t":"2026-09-11T12:20:53.612Z","path":"/dw/ipdir/dw01-ash","step":"verify","ok":true}
{"t":"2026-09-11T12:20:53.770Z","path":"/dw/ipdir/dw01-bsh","step":"verify","ok":true}
{"t":"2026-09-11T12:20:54.875Z","path":"/dw/ipdir/dw01-cmp2","step":"verify","ok":true}
{"t":"2026-09-11T12:20:55.213Z","path":"/dw/ipdir/dw01-cmp6","step":"verify","ok":true}
{"t":"2026-09-11T12:20:58.408Z","path":"/dw/ipdir/dw01-csa","step":"verify","ok":true}
{"t":"2026-09-11T12:20:59.922Z","path":"/dw/ipdir/dw01-dec","step":"verify","ok":true}
{"t":"2026-09-11T12:21:00.072Z","path":"/dw/ipdir/dw01-decode","step":"verify","ok":true}
{"t":"2026-09-11T12:21:00.425Z","path":"/dw/ipdir/dw01-incdec","step":"verify","ok":true}
{"t":"2026-09-11T12:21:00.557Z","path":"/dw/ipdir/dw01-inc","step":"verify","ok":true}
{"t":"2026-09-11T12:21:01.122Z","path":"/dw/ipdir/dw01-mux-any","step":"verify","ok":true}
{"t":"2026-09-11T12:21:03.953Z","path":"/dw/ipdir/dw01-prienc","step":"verify","ok":true}
{"t":"2026-09-11T12:21:05.854Z","path":"/dw/ipdir/dw01-satrnd","step":"verify","ok":true}
{"t":"2026-09-11T12:21:06.562Z","path":"/dw/ipdir/dw02-mac","step":"verify","ok":true}
{"t":"2026-09-11T12:21:06.655Z","path":"/dw/ipdir/dw01-sub","step":"verify","ok":true}
{"t":"2026-09-11T12:21:06.880Z","path":"/dw/ipdir/dw02-mult-2-stage","step":"verify","ok":true}
{"t":"2026-09-11T12:21:07.296Z","path":"/dw/ipdir/dw02-mult-3-stage","step":"verify","ok":true}
{"t":"2026-09-11T12:21:09.564Z","path":"/dw/ipdir/dw02-mult-4-stage","step":"verify","ok":true}
{"t":"2026-09-11T12:21:11.473Z","path":"/dw/ipdir/dw02-mult-5-stage","step":"verify","ok":true}
{"t":"2026-09-11T12:21:12.544Z","path":"/dw/ipdir/dw02-mult-6-stage","step":"verify","ok":true}
{"t":"2026-09-11T12:21:12.811Z","path":"/dw/ipdir/dw02-mult","step":"verify","ok":true}
{"t":"2026-09-11T12:21:12.828Z","path":"/dw/ipdir/dw02-multp","step":"verify","ok":true}
{"t":"2026-09-11T12:21:12.905Z","path":"/dw/ipdir/dw02-prod-sum","step":"verify","ok":true}
{"t":"2026-09-11T12:21:15.070Z","path":"/dw/ipdir/dw02-prod-sum1","step":"verify","ok":true}
{"t":"2026-09-11T12:21:18.028Z","path":"/dw/ipdir/dw02-sum","step":"verify","ok":true}
{"t":"2026-09-11T12:21:18.279Z","path":"/dw/ipdir/dw02-tree","step":"verify","ok":true}
{"t":"2026-09-11T12:21:18.690Z","path":"/dw/ipdir/dw03-bictr-dcnto","step":"verify","ok":true}
{"t":"2026-09-11T12:21:19.097Z","path":"/dw/ipdir/dw03-bictr-scnto","step":"verify","ok":true}
{"t":"2026-09-11T12:21:19.337Z","path":"/dw/ipdir/dw03-bictr-decode","step":"verify","ok":true}
{"t":"2026-09-11T12:21:20.746Z","path":"/dw/ipdir/dw03-lfsr-dcnto","step":"verify","ok":true}
{"t":"2026-09-11T12:21:23.808Z","path":"/dw/ipdir/dw03-lfsr-scnto","step":"verify","ok":true}
{"t":"2026-09-11T12:21:24.018Z","path":"/dw/ipdir/dw03-lfsr-load","step":"verify","ok":true}
{"t":"2026-09-11T12:21:24.472Z","path":"/dw/ipdir/dw03-pipe-reg","step":"verify","ok":true}
{"t":"2026-09-11T12:21:24.799Z","path":"/dw/ipdir/dw03-lfsr-updn","step":"verify","ok":true}
{"t":"2026-09-11T12:21:25.454Z","path":"/dw/ipdir/dw03-reg-s-pl","step":"verify","ok":true}
{"t":"2026-09-11T12:21:26.674Z","path":"/dw/ipdir/dw03-shftreg","step":"verify","ok":true}
{"t":"2026-09-11T12:21:29.322Z","path":"/dw/ipdir/dw03-updn-ctr","step":"verify","ok":true}
{"t":"2026-09-11T12:21:30.090Z","path":"/dw/ipdir/dw04-par-gen","step":"verify","ok":true}
{"t":"2026-09-11T12:21:30.819Z","path":"/dw/ipdir/dw04-shad-reg","step":"verify","ok":true}
{"t":"2026-09-11T12:21:30.846Z","path":"/dw/ipdir/dwf-dp-absval","step":"verify","ok":true}
{"t":"2026-09-11T12:21:31.077Z","path":"/dw/ipdir/dwf-dp-blend","step":"verify","ok":true}
{"t":"2026-09-11T12:21:32.466Z","path":"/dw/ipdir/dwf-dp-count-ones","step":"verify","ok":true}
{"t":"2026-09-11T12:21:35.195Z","path":"/dw/ipdir/dwf-dp-mult-comb-ovfldet","step":"verify","ok":true}
{"t":"2026-09-11T12:21:35.830Z","path":"/dw/ipdir/dwf-dp-mult-comb-sat","step":"verify","ok":true}
{"t":"2026-09-11T12:21:36.428Z","path":"/dw/ipdir/dwf-dp-mult-ovfldet","step":"verify","ok":true}
{"t":"2026-09-11T12:21:36.859Z","path":"/dw/ipdir/dwf-dp-mult-comb","step":"verify","ok":true}
{"t":"2026-09-11T12:21:37.174Z","path":"/dw/ipdir/dwf-dp-mult-sat","step":"verify","ok":true}
{"t":"2026-09-11T12:21:38.078Z","path":"/dw/ipdir/dwf-dp-rnd","step":"verify","ok":true}
{"t":"2026-09-11T12:21:40.715Z","path":"/dw/ipdir/dwf-dp-rndsat","step":"verify","ok":true}
{"t":"2026-09-11T12:21:41.889Z","path":"/dw/ipdir/dwf-dp-sign-select","step":"verify","ok":true}
{"t":"2026-09-11T12:21:42.005Z","path":"/dw/ipdir/dwf-dp-sat","step":"verify","ok":true}
{"t":"2026-09-11T12:21:42.536Z","path":"/dw/ipdir/dwf-dp-simd-add","step":"verify","ok":true}
{"t":"2026-09-11T12:21:43.058Z","path":"/dw/ipdir/dwf-dp-simd-addc","step":"verify","ok":true}
{"t":"2026-09-11T12:21:43.827Z","path":"/dw/ipdir/dwf-dp-simd-mult","step":"verify","ok":true}
{"t":"2026-09-11T12:21:46.438Z","path":"/dw/ipdir/dwf-dp-sub-abs","step":"verify","ok":true}
{"t":"2026-09-11T12:21:48.214Z","path":"/events/ai-infra-summit","step":"verify","ok":true}
{"t":"2026-09-11T12:21:48.375Z","path":"/events/ams-sig/proceedings-2026","step":"verify","ok":true}
{"t":"2026-09-11T12:21:48.486Z","path":"/dw/nvmipselector","step":"verify","ok":true}
{"t":"2026-09-11T12:21:48.740Z","path":"/events/ces/register","step":"verify","ok":true}
{"t":"2026-09-11T12:21:50.655Z","path":"/events/ces","step":"verify","ok":true}
{"t":"2026-09-11T12:21:54.234Z","path":"/events/israel-technology-symposium","step":"verify","ok":true}
{"t":"2026-09-11T12:21:54.427Z","path":"/events/dvcon-us","step":"verify","ok":true}
{"t":"2026-09-11T12:21:54.980Z","path":"/events/isscc","step":"verify","ok":true}
{"t":"2026-09-11T12:21:56.220Z","path":"/events/embedded-world","step":"verify","ok":true}
{"t":"2026-09-11T12:21:56.247Z","path":"/events/dac-2026","step":"verify","ok":true}
{"t":"2026-09-11T12:21:59.982Z","path":"/events/memory-users-conference","step":"verify","ok":true}
{"t":"2026-09-11T12:22:00.345Z","path":"/events/ofc","step":"verify","ok":true}
{"t":"2026-09-11T12:22:00.770Z","path":"/events/nvidia-gtc","step":"verify","ok":true}
{"t":"2026-09-11T12:22:01.098Z","path":"/events/pci-sig-devcon","step":"verify","ok":true}
{"t":"2026-09-11T12:22:02.218Z","path":"/events/spie-advanced-lithography-patterning","step":"verify","ok":true}
{"t":"2026-09-11T12:22:02.549Z","path":"/events/spie-advanced-lithography-patterning/spie-papers","step":"verify","ok":true}
{"t":"2026-09-11T12:22:06.617Z","path":"/events/srts2022","step":"verify","ok":true}
{"t":"2026-09-11T12:22:06.842Z","path":"/events/tech-symposium-central-europe","step":"verify","ok":true}
{"t":"2026-09-11T12:22:07.463Z","path":"/events/tcad-virtual-asia-seminar","step":"verify","ok":true}
{"t":"2026-09-11T12:22:08.103Z","path":"/events/uk-tech-symposium","step":"verify","ok":true}
{"t":"2026-09-11T12:22:08.489Z","path":"/events/tsmc-oip-ecosystem-forum","step":"verify","ok":true}
{"t":"2026-09-11T12:22:08.808Z","path":"/events/tsmc-symposium","step":"verify","ok":true}
{"t":"2026-09-11T12:22:12.404Z","path":"/events/virtual-prototyping-day-2025/virtual-prototyping-day-form","step":"verify","ok":true}
{"t":"2026-09-11T12:22:13.694Z","path":"/events/virtual-mask-solutions-seminar-2025","step":"verify","ok":true}
{"t":"2026-09-11T12:22:14.169Z","path":"/events/virtual-prototyping-day","step":"verify","ok":true}
{"t":"2026-09-11T12:22:14.451Z","path":"/events/virtual-prototyping-day-2025","step":"verify","ok":true}
{"t":"2026-09-11T12:22:14.609Z","path":"/events","step":"verify","ok":true}
{"t":"2026-09-11T12:22:14.966Z","path":"/footer","step":"verify","ok":true}
{"t":"2026-09-11T12:22:18.603Z","path":"/glossary/what-are-atomistic-simulations","step":"verify","ok":true}
{"t":"2026-09-11T12:22:20.465Z","path":"/glossary/what-are-chiplets","step":"verify","ok":true}
{"t":"2026-09-11T12:22:20.719Z","path":"/glossary/what-are-machine-learned-force-fields","step":"verify","ok":true}
{"t":"2026-09-11T12:22:20.884Z","path":"/glossary/what-are-pvt-sensors","step":"verify","ok":true}
{"t":"2026-09-11T12:22:21.912Z","path":"/glossary/what-is-3dic","step":"verify","ok":true}
{"t":"2026-09-11T12:22:21.969Z","path":"/glossary/what-are-s-parameters","step":"verify","ok":true}
{"t":"2026-09-11T12:22:26.101Z","path":"/glossary/what-is-a-data-center","step":"verify","ok":true}
{"t":"2026-09-11T12:22:27.404Z","path":"/glossary/what-is-a-finfet","step":"verify","ok":true}
{"t":"2026-09-11T12:22:27.840Z","path":"/glossary/what-is-a-microchip","step":"verify","ok":true}
{"t":"2026-09-11T12:22:28.241Z","path":"/glossary/what-is-a-digital-twin","step":"verify","ok":true}
{"t":"2026-09-11T12:22:28.927Z","path":"/glossary/what-is-a-physical-unclonable-function","step":"verify","ok":true}
{"t":"2026-09-11T12:22:29.265Z","path":"/glossary/what-is-a-photonic-integrated-circuit","step":"verify","ok":true}
{"t":"2026-09-11T12:22:32.425Z","path":"/glossary/what-is-a-process-design-kit","step":"verify","ok":true}
{"t":"2026-09-11T12:22:34.213Z","path":"/glossary/what-is-adas","step":"verify","ok":true}
{"t":"2026-09-11T12:22:34.776Z","path":"/glossary/what-is-ai-chip-design","step":"verify","ok":true}
{"t":"2026-09-11T12:22:34.972Z","path":"/glossary/what-is-advanced-semiconductor-packaging","step":"verify","ok":true}
{"t":"2026-09-11T12:22:35.304Z","path":"/glossary/what-is-ai-driven-chip-design","step":"verify","ok":true}
{"t":"2026-09-11T12:22:36.437Z","path":"/glossary/what-is-an-ai-accelerator","step":"verify","ok":true}
{"t":"2026-09-11T12:22:39.243Z","path":"/glossary/what-is-an-electronics-digital-twin","step":"verify","ok":true}
{"t":"2026-09-11T12:22:41.194Z","path":"/glossary/what-is-an-rlc-circuit","step":"verify","ok":true}
{"t":"2026-09-11T12:22:41.845Z","path":"/glossary/what-is-asic-design","step":"verify","ok":true}
{"t":"2026-09-11T12:22:42.408Z","path":"/glossary/what-is-asil","step":"verify","ok":true}
{"t":"2026-09-11T12:22:43.416Z","path":"/glossary/what-is-analog-design","step":"verify","ok":true}
{"t":"2026-09-11T12:22:43.866Z","path":"/glossary/what-is-automatic-test-equipment","step":"verify","ok":true}
{"t":"2026-09-11T12:22:45.557Z","path":"/glossary/what-is-automotive-hardware-functional-safety","step":"verify","ok":true}
{"t":"2026-09-11T12:22:47.618Z","path":"/glossary/what-is-automotive-virtualization","step":"verify","ok":true}
{"t":"2026-09-11T12:22:48.219Z","path":"/glossary/what-is-autonomous-car","step":"verify","ok":true}
{"t":"2026-09-11T12:22:49.438Z","path":"/glossary/what-is-big-data-analytics","step":"verify","ok":true}
{"t":"2026-09-11T12:22:49.951Z","path":"/glossary/what-is-circuit-simulation","step":"verify","ok":true}
{"t":"2026-09-11T12:22:50.505Z","path":"/glossary/what-is-butterfly-puf","step":"verify","ok":true}
{"t":"2026-09-11T12:22:51.835Z","path":"/glossary/what-is-common-data-model","step":"verify","ok":true}
{"t":"2026-09-11T12:22:53.734Z","path":"/glossary/what-is-custom-ic","step":"verify","ok":true}
{"t":"2026-09-11T12:22:54.431Z","path":"/glossary/what-is-density-functional-theory","step":"verify","ok":true}
{"t":"2026-09-11T12:22:55.609Z","path":"/glossary/what-is-design-for-test","step":"verify","ok":true}
{"t":"2026-09-11T12:22:55.940Z","path":"/glossary/what-is-design-planning","step":"verify","ok":true}
{"t":"2026-09-11T12:22:57.019Z","path":"/glossary/what-is-design-rule-checking","step":"verify","ok":true}
{"t":"2026-09-11T12:22:58.120Z","path":"/glossary/what-is-design-space-optimization","step":"verify","ok":true}
{"t":"2026-09-11T12:23:00.805Z","path":"/glossary/what-is-die-to-die-interface","step":"verify","ok":true}
{"t":"2026-09-11T12:23:00.851Z","path":"/glossary/what-is-eda-agentic-ai","step":"verify","ok":true}
{"t":"2026-09-11T12:23:02.650Z","path":"/glossary/what-is-edge-ai","step":"verify","ok":true}
{"t":"2026-09-11T12:23:02.945Z","path":"/glossary/what-is-electromagnetic-coupling","step":"verify","ok":true}
{"t":"2026-09-11T12:23:03.566Z","path":"/glossary/what-is-electromigration","step":"verify","ok":true}
{"t":"2026-09-11T12:23:05.445Z","path":"/glossary/what-is-electronic-design-automation","step":"verify","ok":true}
{"t":"2026-09-11T12:23:07.489Z","path":"/glossary/what-is-equivalence-checking","step":"verify","ok":true}
{"t":"2026-09-11T12:23:07.615Z","path":"/glossary/what-is-fault-detection","step":"verify","ok":true}
{"t":"2026-09-11T12:23:09.139Z","path":"/glossary/what-is-functional-eco","step":"verify","ok":true}
{"t":"2026-09-11T12:23:09.242Z","path":"/glossary/what-is-field-programmable-gate-array","step":"verify","ok":true}
{"t":"2026-09-11T12:23:09.780Z","path":"/glossary/what-is-functional-verification","step":"verify","ok":true}
{"t":"2026-09-11T12:23:11.624Z","path":"/glossary/what-is-glitch-power","step":"verify","ok":true}
{"t":"2026-09-11T12:23:13.677Z","path":"/glossary/what-is-hav-emulation","step":"verify","ok":true}
{"t":"2026-09-11T12:23:14.456Z","path":"/glossary/what-is-hav-prototyping","step":"verify","ok":true}
{"t":"2026-09-11T12:23:15.822Z","path":"/glossary/what-is-hyper-convergent-design-flow","step":"verify","ok":true}
{"t":"2026-09-11T12:23:16.193Z","path":"/glossary/what-is-high-bandwitdth-memory-3","step":"verify","ok":true}
{"t":"2026-09-11T12:23:16.573Z","path":"/glossary/what-is-ic-design","step":"verify","ok":true}
{"t":"2026-09-11T12:23:17.628Z","path":"/glossary/what-is-ide","step":"verify","ok":true}
{"t":"2026-09-11T12:23:20.480Z","path":"/glossary/what-is-integrated-circuit","step":"verify","ok":true}
{"t":"2026-09-11T12:23:20.575Z","path":"/glossary/what-is-iso-26262","step":"verify","ok":true}
{"t":"2026-09-11T12:23:21.677Z","path":"/glossary/what-is-layout-versus-schematic-checking","step":"verify","ok":true}
{"t":"2026-09-11T12:23:22.812Z","path":"/glossary/what-is-library-characterization","step":"verify","ok":true}
{"t":"2026-09-11T12:23:24.142Z","path":"/glossary/what-is-lithography","step":"verify","ok":true}
{"t":"2026-09-11T12:23:24.149Z","path":"/glossary/what-is-logic-design","step":"verify","ok":true}
{"t":"2026-09-11T12:23:26.999Z","path":"/glossary/what-is-misra","step":"verify","ok":true}
{"t":"2026-09-11T12:23:27.196Z","path":"/glossary/what-is-low-power-design","step":"verify","ok":true}
{"t":"2026-09-11T12:23:28.792Z","path":"/glossary/what-is-mixed-signal-integrated-circuit","step":"verify","ok":true}
{"t":"2026-09-11T12:23:29.451Z","path":"/glossary/what-is-model-based-design","step":"verify","ok":true}
{"t":"2026-09-11T12:23:30.681Z","path":"/glossary/what-is-moores-law","step":"verify","ok":true}
{"t":"2026-09-11T12:23:32.220Z","path":"/glossary/what-is-nodal-analysis","step":"verify","ok":true}
{"t":"2026-09-11T12:23:33.148Z","path":"/glossary/what-is-parasitic-extraction","step":"verify","ok":true}
{"t":"2026-09-11T12:23:34.411Z","path":"/glossary/what-is-pci-express","step":"verify","ok":true}
{"t":"2026-09-11T12:23:35.207Z","path":"/glossary/what-is-physical-ai","step":"verify","ok":true}
{"t":"2026-09-11T12:23:35.468Z","path":"/glossary/what-is-physical-design","step":"verify","ok":true}
{"t":"2026-09-11T12:23:36.449Z","path":"/glossary/what-is-physical-synthesis","step":"verify","ok":true}
{"t":"2026-09-11T12:23:38.646Z","path":"/glossary/what-is-place-and-route","step":"verify","ok":true}
{"t":"2026-09-11T12:23:39.445Z","path":"/glossary/what-is-post-quantum-cryptography","step":"verify","ok":true}
{"t":"2026-09-11T12:23:40.623Z","path":"/glossary/what-is-power-optimization","step":"verify","ok":true}
{"t":"2026-09-11T12:23:41.592Z","path":"/glossary/what-is-programmable-electrical-rules-checking","step":"verify","ok":true}
{"t":"2026-09-11T12:23:41.750Z","path":"/glossary/what-is-power-performance-area-ppa","step":"verify","ok":true}
{"t":"2026-09-11T12:23:42.705Z","path":"/glossary/what-is-register-transfer-level-design","step":"verify","ok":true}
{"t":"2026-09-11T12:23:44.937Z","path":"/glossary/what-is-reinforcement-learning","step":"verify","ok":true}
{"t":"2026-09-11T12:23:45.234Z","path":"/glossary/what-is-rf-circuit-design","step":"verify","ok":true}
{"t":"2026-09-11T12:23:46.916Z","path":"/glossary/what-is-risc-v","step":"verify","ok":true}
{"t":"2026-09-11T12:23:47.790Z","path":"/glossary/what-is-robustness-analysis","step":"verify","ok":true}
{"t":"2026-09-11T12:23:48.200Z","path":"/glossary/what-is-root-of-trust","step":"verify","ok":true}
{"t":"2026-09-11T12:23:48.885Z","path":"/glossary/what-is-serdes","step":"verify","ok":true}
{"t":"2026-09-11T12:23:51.132Z","path":"/glossary/what-is-silicon-lifecycle-management","step":"verify","ok":true}
{"t":"2026-09-11T12:23:51.269Z","path":"/glossary/what-is-silicon-die","step":"verify","ok":true}
{"t":"2026-09-11T12:23:52.804Z","path":"/glossary/what-is-simulation","step":"verify","ok":true}
{"t":"2026-09-11T12:23:53.937Z","path":"/glossary/what-is-smartscaling","step":"verify","ok":true}
{"t":"2026-09-11T12:23:54.168Z","path":"/glossary/what-is-sram-puf","step":"verify","ok":true}
{"t":"2026-09-11T12:23:54.918Z","path":"/glossary/what-is-static-timing-analysis","step":"verify","ok":true}
{"t":"2026-09-11T12:23:57.131Z","path":"/glossary/what-is-system-on-a-chip","step":"verify","ok":true}
{"t":"2026-09-11T12:23:57.279Z","path":"/glossary/what-is-synthesis","step":"verify","ok":true}
{"t":"2026-09-11T12:23:59.771Z","path":"/glossary/what-is-triple-shift-left","step":"verify","ok":true}
{"t":"2026-09-11T12:24:00.366Z","path":"/glossary/what-is-ucie","step":"verify","ok":true}
{"t":"2026-09-11T12:24:00.942Z","path":"/glossary/what-is-usb4","step":"verify","ok":true}
{"t":"2026-09-11T12:24:01.263Z","path":"/glossary/what-is-universal-flash-storage","step":"verify","ok":true}
{"t":"2026-09-11T12:24:03.249Z","path":"/glossary/what-is-verification","step":"verify","ok":true}
{"t":"2026-09-11T12:24:04.374Z","path":"/glossary/what-is-vehicle-electrification","step":"verify","ok":true}
{"t":"2026-09-11T12:24:05.843Z","path":"/glossary/what-is-virtual-prototyping","step":"verify","ok":true}
{"t":"2026-09-11T12:24:06.705Z","path":"/glossary/what-is-voltage-drop","step":"verify","ok":true}
{"t":"2026-09-11T12:24:07.621Z","path":"/glossary","step":"verify","ok":true}
{"t":"2026-09-11T12:24:07.624Z","path":"/glossary/what-is-wiring-harness","step":"verify","ok":true}
{"t":"2026-09-11T12:24:09.806Z","path":"/implementation-and-signoff/3dic-design","step":"verify","ok":true}
{"t":"2026-09-11T12:24:10.766Z","path":"/implementation-and-signoff/ams-simulation/paragonx","step":"verify","ok":true}
{"t":"2026-09-11T12:24:12.955Z","path":"/implementation-and-signoff/ams-simulation/primesim-custom-fault","step":"verify","ok":true}
{"t":"2026-09-11T12:24:13.771Z","path":"/implementation-and-signoff/ams-simulation/powerx","step":"verify","ok":true}
{"t":"2026-09-11T12:24:14.055Z","path":"/implementation-and-signoff/ams-simulation/primesim-design-robustness","step":"verify","ok":true}
{"t":"2026-09-11T12:24:15.077Z","path":"/implementation-and-signoff/ams-simulation/primesim-hspice/primesim-hspice-tips-tricks","step":"verify","ok":true}
{"t":"2026-09-11T12:24:15.900Z","path":"/implementation-and-signoff/ams-simulation/primesim-hspice","step":"verify","ok":true}
{"t":"2026-09-11T12:24:16.723Z","path":"/implementation-and-signoff/ams-simulation/primesim-pro","step":"verify","ok":true}
{"t":"2026-09-11T12:24:19.088Z","path":"/implementation-and-signoff/ams-simulation/primesim-reliability-analysis","step":"verify","ok":true}
{"t":"2026-09-11T12:24:19.876Z","path":"/implementation-and-signoff/ams-simulation/primesim-spice","step":"verify","ok":true}
{"t":"2026-09-11T12:24:20.240Z","path":"/implementation-and-signoff/ams-simulation/primesim-xa","step":"verify","ok":true}
{"t":"2026-09-11T12:24:21.673Z","path":"/implementation-and-signoff/ams-simulation/primewave","step":"verify","ok":true}
{"t":"2026-09-11T12:24:22.610Z","path":"/implementation-and-signoff/ams-simulation/primex","step":"verify","ok":true}
{"t":"2026-09-11T12:24:23.099Z","path":"/implementation-and-signoff/ams-simulation/snug-gets-wisdom","step":"verify","ok":true}
{"t":"2026-09-11T12:24:25.526Z","path":"/implementation-and-signoff/ams-simulation/velocerf","step":"verify","ok":true}
{"t":"2026-09-11T12:24:26.383Z","path":"/implementation-and-signoff/ams-simulation","step":"verify","ok":true}
{"t":"2026-09-11T12:24:26.511Z","path":"/implementation-and-signoff/custom-design-platform/award-frost-sullivan","step":"verify","ok":true}
{"t":"2026-09-11T12:24:28.202Z","path":"/implementation-and-signoff/custom-design-platform/laker-custom-design","step":"verify","ok":true}
{"t":"2026-09-11T12:24:28.520Z","path":"/implementation-and-signoff/custom-design-platform/custom-compiler","step":"verify","ok":true}
{"t":"2026-09-11T12:24:29.132Z","path":"/implementation-and-signoff/custom-design-platform/laker-flat-panel","step":"verify","ok":true}
{"t":"2026-09-11T12:24:32.048Z","path":"/implementation-and-signoff/custom-design-platform/multiphysics-ams","step":"verify","ok":true}
{"t":"2026-09-11T12:24:33.267Z","path":"/implementation-and-signoff/custom-design-platform","step":"verify","ok":true}
{"t":"2026-09-11T12:24:33.870Z","path":"/implementation-and-signoff/custom-design-platform/video-whitepapers","step":"verify","ok":true}
{"t":"2026-09-11T12:24:34.476Z","path":"/implementation-and-signoff/fpga-based-design/synplify","step":"verify","ok":true}
{"t":"2026-09-11T12:24:34.912Z","path":"/implementation-and-signoff/fpga-based-design","step":"verify","ok":true}
{"t":"2026-09-11T12:24:35.877Z","path":"/implementation-and-signoff/fusion-design-platform","step":"verify","ok":true}
{"t":"2026-09-11T12:24:38.651Z","path":"/implementation-and-signoff/fusion-technology","step":"verify","ok":true}
{"t":"2026-09-11T12:24:40.158Z","path":"/implementation-and-signoff/lynxnxt-automation-system/flow","step":"verify","ok":true}
{"t":"2026-09-11T12:24:40.721Z","path":"/implementation-and-signoff/physical-implementation/fusion-compiler/variable-voltage-optimization-technique","step":"verify","ok":true}
{"t":"2026-09-11T12:24:41.236Z","path":"/implementation-and-signoff/lynxnxt-automation-system/runtime-manager","step":"verify","ok":true}
{"t":"2026-09-11T12:24:41.524Z","path":"/implementation-and-signoff/lynxnxt-automation-system","step":"verify","ok":true}
{"t":"2026-09-11T12:24:42.673Z","path":"/implementation-and-signoff/physical-implementation/fusion-compiler/videos","step":"verify","ok":true}
{"t":"2026-09-11T12:24:45.043Z","path":"/implementation-and-signoff/physical-implementation/fusion-compiler","step":"verify","ok":true}
{"t":"2026-09-11T12:24:46.450Z","path":"/implementation-and-signoff/physical-implementation/redhawk-analysis","step":"verify","ok":true}
{"t":"2026-09-11T12:24:46.806Z","path":"/implementation-and-signoff/physical-implementation/ic-compiler","step":"verify","ok":true}
{"t":"2026-09-11T12:24:47.207Z","path":"/implementation-and-signoff/physical-implementation","step":"verify","ok":true}
{"t":"2026-09-11T12:24:47.339Z","path":"/implementation-and-signoff/physical-verification/demo-video","step":"verify","ok":true}
{"t":"2026-09-11T12:24:49.946Z","path":"/implementation-and-signoff/physical-verification/icv-cloud","step":"verify","ok":true}
{"t":"2026-09-11T12:24:52.113Z","path":"/implementation-and-signoff/resources/datasheets","step":"verify","ok":true}
{"t":"2026-09-11T12:24:52.200Z","path":"/implementation-and-signoff/physical-verification/icv-workbench","step":"verify","ok":true}
{"t":"2026-09-11T12:24:52.560Z","path":"/implementation-and-signoff/physical-verification","step":"verify","ok":true}
{"t":"2026-09-11T12:24:52.839Z","path":"/implementation-and-signoff/resources/videos/esperanto-custom-compiler","step":"verify","ok":true}
{"t":"2026-09-11T12:24:53.427Z","path":"/implementation-and-signoff/resources/videos/formality-broadcom-experience","step":"verify","ok":true}
{"t":"2026-09-11T12:24:57.176Z","path":"/implementation-and-signoff/resources/videos/qsk-video-whitepaper","step":"verify","ok":true}
{"t":"2026-09-11T12:24:57.652Z","path":"/implementation-and-signoff/resources/videos/rtla-verdi-demo-full","step":"verify","ok":true}
{"t":"2026-09-11T12:24:58.603Z","path":"/implementation-and-signoff/resources/videos/simulation-environment","step":"verify","ok":true}
{"t":"2026-09-11T12:24:58.726Z","path":"/implementation-and-signoff/resources/videos/smarter-signoff-video","step":"verify","ok":true}
{"t":"2026-09-11T12:24:58.734Z","path":"/implementation-and-signoff/resources/videos/seagate-custom-compiler","step":"verify","ok":true}
{"t":"2026-09-11T12:25:00.460Z","path":"/implementation-and-signoff/resources/videos/srts2022","step":"verify","ok":true}
{"t":"2026-09-11T12:25:03.024Z","path":"/implementation-and-signoff/resources/videos/synopsys-custom-compiler","step":"verify","ok":true}
{"t":"2026-09-11T12:25:03.061Z","path":"/implementation-and-signoff/resources/videos","step":"verify","ok":true}
{"t":"2026-09-11T12:25:04.075Z","path":"/implementation-and-signoff/resources/whitepapers","step":"verify","ok":true}
{"t":"2026-09-11T12:25:04.845Z","path":"/implementation-and-signoff/resources/webinars","step":"verify","ok":true}
{"t":"2026-09-11T12:25:05.083Z","path":"/implementation-and-signoff/resources","step":"verify","ok":true}
{"t":"2026-09-11T12:25:06.863Z","path":"/implementation-and-signoff/rtl-synthesis-test/dc-explorer","step":"verify","ok":true}
{"t":"2026-09-11T12:25:08.692Z","path":"/implementation-and-signoff/rtl-synthesis-test/design-compiler-graphical","step":"verify","ok":true}
{"t":"2026-09-11T12:25:09.867Z","path":"/implementation-and-signoff/rtl-synthesis-test/design-compiler-nxt","step":"verify","ok":true}
{"t":"2026-09-11T12:25:10.467Z","path":"/implementation-and-signoff/rtl-synthesis-test/design-compiler","step":"verify","ok":true}
{"t":"2026-09-11T12:25:11.416Z","path":"/implementation-and-signoff/rtl-synthesis-test/gensys","step":"verify","ok":true}
{"t":"2026-09-11T12:25:11.634Z","path":"/implementation-and-signoff/rtl-synthesis-test/power-compiler","step":"verify","ok":true}
{"t":"2026-09-11T12:25:13.360Z","path":"/implementation-and-signoff/rtl-synthesis-test/rtl-architect","step":"verify","ok":true}
{"t":"2026-09-11T12:25:15.595Z","path":"/implementation-and-signoff/rtl-synthesis-test","step":"verify","ok":true}
{"t":"2026-09-11T12:25:16.514Z","path":"/implementation-and-signoff/signoff/electrical-layout-verification","step":"verify","ok":true}
{"t":"2026-09-11T12:25:17.288Z","path":"/implementation-and-signoff/signal-and-power-integrity","step":"verify","ok":true}
{"t":"2026-09-11T12:25:17.594Z","path":"/implementation-and-signoff/signoff/esp","step":"verify","ok":true}
{"t":"2026-09-11T12:25:18.986Z","path":"/implementation-and-signoff/signoff/exalto","step":"verify","ok":true}
{"t":"2026-09-11T12:25:19.647Z","path":"/implementation-and-signoff/signoff/formality-eco","step":"verify","ok":true}
{"t":"2026-09-11T12:25:22.214Z","path":"/implementation-and-signoff/signoff/formality-equivalence-checking","step":"verify","ok":true}
{"t":"2026-09-11T12:25:22.503Z","path":"/implementation-and-signoff/signoff/nanotime","step":"verify","ok":true}
{"t":"2026-09-11T12:25:23.910Z","path":"/implementation-and-signoff/signoff/power-device-workbench","step":"verify","ok":true}
{"t":"2026-09-11T12:25:24.077Z","path":"/implementation-and-signoff/signoff/pathfinder-sc","step":"verify","ok":true}
{"t":"2026-09-11T12:25:25.463Z","path":"/implementation-and-signoff/signoff/primeclock","step":"verify","ok":true}
{"t":"2026-09-11T12:25:27.221Z","path":"/implementation-and-signoff/signoff/primeclosure","step":"verify","ok":true}
{"t":"2026-09-11T12:25:28.329Z","path":"/implementation-and-signoff/signoff/primelib","step":"verify","ok":true}
{"t":"2026-09-11T12:25:28.480Z","path":"/implementation-and-signoff/signoff/primeesd","step":"verify","ok":true}
{"t":"2026-09-11T12:25:30.345Z","path":"/implementation-and-signoff/signoff/primepower","step":"verify","ok":true}
{"t":"2026-09-11T12:25:30.697Z","path":"/implementation-and-signoff/signoff/primeshield/primeshield-videos","step":"verify","ok":true}
{"t":"2026-09-11T12:25:31.613Z","path":"/implementation-and-signoff/signoff/primeshield","step":"verify","ok":true}
{"t":"2026-09-11T12:25:33.565Z","path":"/implementation-and-signoff/signoff/primetime/tool-demos","step":"verify","ok":true}
{"t":"2026-09-11T12:25:35.055Z","path":"/implementation-and-signoff/signoff/quickcap-nx","step":"verify","ok":true}
{"t":"2026-09-11T12:25:35.949Z","path":"/implementation-and-signoff/signoff/primetime","step":"verify","ok":true}
{"t":"2026-09-11T12:25:36.737Z","path":"/implementation-and-signoff/signoff/raptorqu","step":"verify","ok":true}
{"t":"2026-09-11T12:25:38.374Z","path":"/implementation-and-signoff/signoff/redhawk-sc-electrothermal","step":"verify","ok":true}
{"t":"2026-09-11T12:25:38.617Z","path":"/implementation-and-signoff/signoff/redhawk-sc-security","step":"verify","ok":true}
{"t":"2026-09-11T12:25:40.450Z","path":"/implementation-and-signoff/signoff/redhawk-sc","step":"verify","ok":true}
{"t":"2026-09-11T12:25:42.003Z","path":"/implementation-and-signoff/signoff/siliconsmart","step":"verify","ok":true}
{"t":"2026-09-11T12:25:42.545Z","path":"/implementation-and-signoff/signoff/starrc","step":"verify","ok":true}
{"t":"2026-09-11T12:25:43.707Z","path":"/implementation-and-signoff/signoff/totem","step":"verify","ok":true}
{"t":"2026-09-11T12:25:44.878Z","path":"/implementation-and-signoff/test-automation/synopsys-ip-sms/sms-silicon-browser","step":"verify","ok":true}
{"t":"2026-09-11T12:25:45.452Z","path":"/implementation-and-signoff/signoff","step":"verify","ok":true}
{"t":"2026-09-11T12:25:47.014Z","path":"/implementation-and-signoff/test-automation/synopsys-ip-sms/sms-yield-accelerator","step":"verify","ok":true}
{"t":"2026-09-11T12:25:48.397Z","path":"/implementation-and-signoff/test-automation/synopsys-ip-sms","step":"verify","ok":true}
{"t":"2026-09-11T12:25:48.670Z","path":"/implementation-and-signoff/test-automation/testmax-advisor","step":"verify","ok":true}
{"t":"2026-09-11T12:25:49.943Z","path":"/implementation-and-signoff/test-automation/testmax-ale","step":"verify","ok":true}
{"t":"2026-09-11T12:25:50.698Z","path":"/implementation-and-signoff/test-automation/testmax-atpg","step":"verify","ok":true}
{"t":"2026-09-11T12:25:51.506Z","path":"/implementation-and-signoff/test-automation/testmax-dft/testmax-access","step":"verify","ok":true}
{"t":"2026-09-11T12:25:53.059Z","path":"/implementation-and-signoff/test-automation/testmax-dft","step":"verify","ok":true}
{"t":"2026-09-11T12:25:53.990Z","path":"/implementation-and-signoff/test-automation/testmax-diagnosis","step":"verify","ok":true}
{"t":"2026-09-11T12:25:54.231Z","path":"/implementation-and-signoff/test-automation/testmax-manager","step":"verify","ok":true}
{"t":"2026-09-11T12:25:55.650Z","path":"/implementation-and-signoff/test-automation/testmax-vtran","step":"verify","ok":true}
{"t":"2026-09-11T12:25:56.562Z","path":"/implementation-and-signoff/test-automation/testmax-xlbist","step":"verify","ok":true}
{"t":"2026-09-11T12:25:58.070Z","path":"/implementation-and-signoff/test-automation","step":"verify","ok":true}
{"t":"2026-09-11T12:25:59.959Z","path":"/implementation-and-signoff","step":"verify","ok":true}
{"t":"2026-09-11T12:26:00.296Z","path":"/index","step":"verify","ok":true}
{"t":"2026-09-11T12:26:01.512Z","path":"/ja-jp","step":"verify","ok":true}
{"t":"2026-09-11T12:26:01.738Z","path":"/llms-txt","step":"verify","ok":true}
{"t":"2026-09-11T12:26:02.917Z","path":"/ko-kr","step":"verify","ok":true}
{"t":"2026-09-11T12:26:03.576Z","path":"/manufacturing/augmented-reality-wp","step":"verify","ok":true}
{"t":"2026-09-11T12:26:06.646Z","path":"/manufacturing/manufacturing-analytics","step":"verify","ok":true}
{"t":"2026-09-11T12:26:06.898Z","path":"/manufacturing/manufacturing-analytics/sysnav","step":"verify","ok":true}
{"t":"2026-09-11T12:26:08.190Z","path":"/manufacturing/mask-solutions/mdp","step":"verify","ok":true}
{"t":"2026-09-11T12:26:08.591Z","path":"/manufacturing/mask-solutions/proteus","step":"verify","ok":true}
{"t":"2026-09-11T12:26:09.949Z","path":"/manufacturing/mask-solutions/s-litho","step":"verify","ok":true}
{"t":"2026-09-11T12:26:10.086Z","path":"/manufacturing/mask-solutions/s-metro","step":"verify","ok":true}
{"t":"2026-09-11T12:26:13.390Z","path":"/manufacturing/mask-solutions","step":"verify","ok":true}
{"t":"2026-09-11T12:26:13.690Z","path":"/manufacturing/mask-solutions/silicon-workbench","step":"verify","ok":true}
{"t":"2026-09-11T12:26:15.085Z","path":"/manufacturing/quantumatk/atomistic-simulation-products/machine-learned-force-fields","step":"verify","ok":true}
{"t":"2026-09-11T12:26:15.354Z","path":"/manufacturing/quantumatk/atomistic-simulation-products","step":"verify","ok":true}
{"t":"2026-09-11T12:26:16.035Z","path":"/manufacturing/quantumatk/contact-us/about-us/customer-testimonials","step":"verify","ok":true}
{"t":"2026-09-11T12:26:16.398Z","path":"/manufacturing/quantumatk/contact-us/about-us","step":"verify","ok":true}
{"t":"2026-09-11T12:26:19.805Z","path":"/manufacturing/quantumatk/contact-us/contact-sales","step":"verify","ok":true}
{"t":"2026-09-11T12:26:20.951Z","path":"/manufacturing/quantumatk/contact-us","step":"verify","ok":true}
{"t":"2026-09-11T12:26:21.801Z","path":"/manufacturing/quantumatk/feature-list","step":"verify","ok":true}
{"t":"2026-09-11T12:26:22.105Z","path":"/manufacturing/quantumatk/materials-modeling/applications","step":"verify","ok":true}
{"t":"2026-09-11T12:26:22.234Z","path":"/manufacturing/quantumatk/datasheets","step":"verify","ok":true}
{"t":"2026-09-11T12:26:23.348Z","path":"/manufacturing/quantumatk/materials-modeling/battery-simulation","step":"verify","ok":true}
{"t":"2026-09-11T12:26:27.274Z","path":"/manufacturing/quantumatk/materials-modeling/polymer-simulation","step":"verify","ok":true}
{"t":"2026-09-11T12:26:27.656Z","path":"/manufacturing/quantumatk/materials-modeling","step":"verify","ok":true}
{"t":"2026-09-11T12:26:28.519Z","path":"/manufacturing/quantumatk/release-notes","step":"verify","ok":true}
{"t":"2026-09-11T12:26:28.989Z","path":"/manufacturing/quantumatk/semiconductor-modeling","step":"verify","ok":true}
{"t":"2026-09-11T12:26:29.166Z","path":"/manufacturing/quantumatk/on-demand-webinars","step":"verify","ok":true}
{"t":"2026-09-11T12:26:30.520Z","path":"/manufacturing/quantumatk/videos","step":"verify","ok":true}
{"t":"2026-09-11T12:26:34.046Z","path":"/manufacturing/resources/datasheets","step":"verify","ok":true}
{"t":"2026-09-11T12:26:34.269Z","path":"/manufacturing/quantumatk","step":"verify","ok":true}
{"t":"2026-09-11T12:26:34.623Z","path":"/manufacturing/resources","step":"verify","ok":false,"why":"about:error in delivered html"}
{"t":"2026-09-11T12:26:35.263Z","path":"/manufacturing/tcad/calibration-and-services","step":"verify","ok":true}
{"t":"2026-09-11T12:26:35.301Z","path":"/manufacturing/tcad/device-simulation/sentaurus-device","step":"verify","ok":true}
{"t":"2026-09-11T12:26:36.114Z","path":"/manufacturing/tcad/device-simulation/taurus-medici","step":"verify","ok":true}
{"t":"2026-09-11T12:26:40.341Z","path":"/manufacturing/tcad/device-simulation","step":"verify","ok":true}
{"t":"2026-09-11T12:26:40.748Z","path":"/manufacturing/tcad/dtco","step":"verify","ok":true}
{"t":"2026-09-11T12:26:41.030Z","path":"/manufacturing/tcad/interconnect-simulation/raphael","step":"verify","ok":true}
{"t":"2026-09-11T12:26:41.225Z","path":"/manufacturing/tcad/framework","step":"verify","ok":true}
{"t":"2026-09-11T12:26:41.566Z","path":"/manufacturing/tcad/extraction-continuum","step":"verify","ok":true}
{"t":"2026-09-11T12:26:42.990Z","path":"/manufacturing/tcad/interconnect-simulation/sentaurus-interconnect","step":"verify","ok":true}
{"t":"2026-09-11T12:26:46.815Z","path":"/manufacturing/tcad/interconnect-simulation","step":"verify","ok":true}
{"t":"2026-09-11T12:26:46.905Z","path":"/manufacturing/tcad/process-simulation/sentaurus-process","step":"verify","ok":true}
{"t":"2026-09-11T12:26:47.043Z","path":"/manufacturing/tcad/process-emulation","step":"verify","ok":true}
{"t":"2026-09-11T12:26:47.050Z","path":"/manufacturing/tcad/process-simulation/sentaurus-topography","step":"verify","ok":true}
{"t":"2026-09-11T12:26:47.431Z","path":"/manufacturing/tcad/process-simulation/taurus-tsuprem-4","step":"verify","ok":true}
{"t":"2026-09-11T12:26:49.488Z","path":"/manufacturing/tcad/process-simulation","step":"verify","ok":true}
{"t":"2026-09-11T12:26:52.368Z","path":"/manufacturing/tcad/structure-editor","step":"verify","ok":true}
{"t":"2026-09-11T12:26:53.517Z","path":"/manufacturing/tcad","step":"verify","ok":true}
{"t":"2026-09-11T12:26:53.580Z","path":"/nav","step":"verify","ok":true}
{"t":"2026-09-11T12:26:53.818Z","path":"/newsroom","step":"verify","ok":true}
{"t":"2026-09-11T12:26:54.162Z","path":"/manufacturing","step":"verify","ok":true}
{"t":"2026-09-11T12:26:56.174Z","path":"/optical-solutions","step":"verify","ok":true}
{"t":"2026-09-11T12:26:59.841Z","path":"/partners/arm","step":"verify","ok":true}
{"t":"2026-09-11T12:26:59.872Z","path":"/partners/globalfoundries","step":"verify","ok":true}
{"t":"2026-09-11T12:27:00.235Z","path":"/partners/bluespec","step":"verify","ok":true}
{"t":"2026-09-11T12:27:00.901Z","path":"/partners/intel-foundry-services","step":"verify","ok":true}
{"t":"2026-09-11T12:27:01.211Z","path":"/partners/imagination","step":"verify","ok":true}
{"t":"2026-09-11T12:27:02.277Z","path":"/partners/nvidia","step":"verify","ok":true}
{"t":"2026-09-11T12:27:07.109Z","path":"/partners/sifive","step":"verify","ok":true}
{"t":"2026-09-11T12:27:07.208Z","path":"/partners/tower-semiconductor","step":"verify","ok":true}
{"t":"2026-09-11T12:27:07.303Z","path":"/partners/samsung","step":"verify","ok":true}
{"t":"2026-09-11T12:27:08.133Z","path":"/partners/tsmc","step":"verify","ok":true}
{"t":"2026-09-11T12:27:08.435Z","path":"/partners/umc","step":"verify","ok":true}
{"t":"2026-09-11T12:27:08.977Z","path":"/partners","step":"verify","ok":true}
{"t":"2026-09-11T12:27:13.184Z","path":"/photonic-solutions/optocompiler/optodesigner/design-rule-checking-module","step":"verify","ok":true}
{"t":"2026-09-11T12:27:13.358Z","path":"/photonic-solutions/optocompiler/optodesigner/advanced-connectors-module","step":"verify","ok":true}
{"t":"2026-09-11T12:27:13.439Z","path":"/photonic-solutions/optocompiler/optodesigner/autorouting","step":"verify","ok":true}
{"t":"2026-09-11T12:27:14.011Z","path":"/photonic-solutions/optocompiler/optodesigner/lattice-filter-design-module","step":"verify","ok":true}
{"t":"2026-09-11T12:27:14.332Z","path":"/photonic-solutions/optocompiler/optodesigner","step":"verify","ok":true}
{"t":"2026-09-11T12:27:15.974Z","path":"/photonic-solutions/optocompiler/optsim-photonic-ic","step":"verify","ok":false,"why":"about:error in delivered html"}
{"t":"2026-09-11T12:27:18.792Z","path":"/photonic-solutions/optocompiler/process-design-kits","step":"verify","ok":true}
{"t":"2026-09-11T12:27:19.692Z","path":"/photonic-solutions/optocompiler","step":"verify","ok":true}
{"t":"2026-09-11T12:27:19.929Z","path":"/photonic-solutions/optsim/aerospace-defense","step":"verify","ok":true}
{"t":"2026-09-11T12:27:20.537Z","path":"/photonic-solutions/optsim/multi-mode-network","step":"verify","ok":true}
{"t":"2026-09-11T12:27:20.663Z","path":"/photonic-solutions/optsim/sensing","step":"verify","ok":false,"why":"about:error in delivered html"}
{"t":"2026-09-11T12:27:22.811Z","path":"/photonic-solutions/optsim/single-mode-network","step":"verify","ok":true}
{"t":"2026-09-11T12:27:24.660Z","path":"/photonic-solutions/optsim","step":"verify","ok":true}
{"t":"2026-09-11T12:27:25.697Z","path":"/photonic-solutions/product-applications/advanced-modulation-formats/optsim-csrz-modulation","step":"verify","ok":true}
{"t":"2026-09-11T12:27:26.883Z","path":"/photonic-solutions/product-applications/advanced-modulation-formats/optsim-dqpsk-modulation","step":"verify","ok":true}
{"t":"2026-09-11T12:27:27.057Z","path":"/photonic-solutions/product-applications/advanced-modulation-formats/optsim-study-of-duobinary-transmitter","step":"verify","ok":true}
{"t":"2026-09-11T12:27:27.134Z","path":"/photonic-solutions/product-applications/advanced-modulation-formats/partial-dpsk","step":"verify","ok":true}
{"t":"2026-09-11T12:27:28.395Z","path":"/photonic-solutions/product-applications/advanced-modulation-formats","step":"verify","ok":false,"why":"about:error in delivered html"}
{"t":"2026-09-11T12:27:31.065Z","path":"/photonic-solutions/product-applications/automotive/swept-frequency-automotive-light-detection-lidar","step":"verify","ok":true}
{"t":"2026-09-11T12:27:31.595Z","path":"/photonic-solutions/product-applications/automotive","step":"verify","ok":true}
{"t":"2026-09-11T12:27:33.480Z","path":"/photonic-solutions/product-applications/coherent-fiber-optic/32gb-channel-coherent-wdm-systems","step":"verify","ok":true}
{"t":"2026-09-11T12:27:33.491Z","path":"/photonic-solutions/product-applications/coherent-fiber-optic/matlab-dsp-algorithm-ber-counting","step":"verify","ok":true}
{"t":"2026-09-11T12:27:33.582Z","path":"/photonic-solutions/product-applications/coherent-fiber-optic/bell-curve-analysis-coherent-wdm-systems","step":"verify","ok":true}
{"t":"2026-09-11T12:27:34.471Z","path":"/photonic-solutions/product-applications/coherent-fiber-optic/mode-division-multiplexing-silicon-photonic-network","step":"verify","ok":true}
{"t":"2026-09-11T12:27:36.824Z","path":"/photonic-solutions/product-applications/coherent-fiber-optic/nyquist-wdm-pm-16qam","step":"verify","ok":true}
{"t":"2026-09-11T12:27:37.611Z","path":"/photonic-solutions/product-applications/coherent-fiber-optic/pm-qpsk","step":"verify","ok":true}
{"t":"2026-09-11T12:27:39.495Z","path":"/photonic-solutions/product-applications/coherent-fiber-optic/polarization-switched-qpsk","step":"verify","ok":true}
{"t":"2026-09-11T12:27:39.743Z","path":"/photonic-solutions/product-applications/fiber-sensors/fbg-based-temperature-sensor","step":"verify","ok":true}
{"t":"2026-09-11T12:27:39.920Z","path":"/photonic-solutions/product-applications/coherent-fiber-optic","step":"verify","ok":false,"why":"about:error in delivered html"}
{"t":"2026-09-11T12:27:40.975Z","path":"/photonic-solutions/product-applications/fiber-sensors/interferometric-fiber-optic-gyroscope","step":"verify","ok":true}
{"t":"2026-09-11T12:27:42.514Z","path":"/photonic-solutions/product-applications/fiber-sensors","step":"verify","ok":true}
{"t":"2026-09-11T12:27:43.462Z","path":"/photonic-solutions/product-applications/free-space-optics/nrz-dpsk-transmission","step":"verify","ok":true}
{"t":"2026-09-11T12:27:45.118Z","path":"/photonic-solutions/product-applications/free-space-optics","step":"verify","ok":true}
{"t":"2026-09-11T12:27:46.277Z","path":"/photonic-solutions/product-applications/multimode-fiber-optic/electronic-dispersion-compensation","step":"verify","ok":true}
{"t":"2026-09-11T12:27:46.690Z","path":"/photonic-solutions/product-applications/multimode-fiber-optic/25g-base-sr","step":"verify","ok":true}
{"t":"2026-09-11T12:27:48.008Z","path":"/photonic-solutions/product-applications/multimode-fiber-optic/modeling-multimode-modesys","step":"verify","ok":true}
{"t":"2026-09-11T12:27:49.552Z","path":"/photonic-solutions/product-applications/multimode-fiber-optic/modesys-differential-mode-delay","step":"verify","ok":true}
{"t":"2026-09-11T12:27:49.976Z","path":"/photonic-solutions/product-applications/multimode-fiber-optic/modesys-encircled-flux-simulation","step":"verify","ok":true}
{"t":"2026-09-11T12:27:51.691Z","path":"/photonic-solutions/product-applications/multimode-fiber-optic/modesys-gigabit-ethernet-link-design","step":"verify","ok":true}
{"t":"2026-09-11T12:27:52.789Z","path":"/photonic-solutions/product-applications/multimode-fiber-optic/modesys-refractive-index-profile-distortions","step":"verify","ok":true}
{"t":"2026-09-11T12:27:53.431Z","path":"/photonic-solutions/product-applications/multimode-fiber-optic/pam-4-transmission-over-core-plastic-optical-fiber","step":"verify","ok":true}
{"t":"2026-09-11T12:27:54.075Z","path":"/photonic-solutions/product-applications/multimode-fiber-optic/pam4-pulse-amplitude-modulation","step":"verify","ok":true}
{"t":"2026-09-11T12:27:56.064Z","path":"/photonic-solutions/product-applications/optical-amplifiers/edfa-gain-modulation","step":"verify","ok":true}
{"t":"2026-09-11T12:27:56.395Z","path":"/photonic-solutions/product-applications/optical-amplifiers/optsim-cladding-pumped-edfa","step":"verify","ok":true}
{"t":"2026-09-11T12:27:57.775Z","path":"/photonic-solutions/product-applications/optical-amplifiers/optsim-design-40channel","step":"verify","ok":true}
{"t":"2026-09-11T12:27:59.185Z","path":"/photonic-solutions/product-applications/optical-amplifiers/ropa","step":"verify","ok":true}
{"t":"2026-09-11T12:27:59.693Z","path":"/photonic-solutions/product-applications/optical-amplifiers/optsim-er-yb-based-master-oscillator","step":"verify","ok":true}
{"t":"2026-09-11T12:28:00.103Z","path":"/photonic-solutions/product-applications/optical-amplifiers","step":"verify","ok":false,"why":"about:error in delivered html"}
{"t":"2026-09-11T12:28:02.453Z","path":"/photonic-solutions/product-applications/optical-networks/optsim-dwdm-ring","step":"verify","ok":true}
{"t":"2026-09-11T12:28:03.278Z","path":"/photonic-solutions/product-applications/optical-networks/optsim-optical-code-division-multiple-access","step":"verify","ok":true}
{"t":"2026-09-11T12:28:04.446Z","path":"/photonic-solutions/product-applications/optical-networks/optsim-tdm-link-demultiplexing","step":"verify","ok":true}
{"t":"2026-09-11T12:28:05.169Z","path":"/photonic-solutions/product-applications/optical-networks/osnr-measurement","step":"verify","ok":true}
{"t":"2026-09-11T12:28:05.987Z","path":"/photonic-solutions/product-applications/optical-networks","step":"verify","ok":false,"why":"about:error in delivered html"}
{"t":"2026-09-11T12:28:07.709Z","path":"/photonic-solutions/product-applications/other-applications/adc-dac-enhancing-resolution-of-conversions","step":"verify","ok":true}
{"t":"2026-09-11T12:28:09.304Z","path":"/photonic-solutions/product-applications/other-applications/deterministic-random-jitter","step":"verify","ok":true}
{"t":"2026-09-11T12:28:09.986Z","path":"/photonic-solutions/product-applications/other-applications/measurement-total-jitter","step":"verify","ok":true}
{"t":"2026-09-11T12:28:10.446Z","path":"/photonic-solutions/product-applications/other-applications","step":"verify","ok":true}
{"t":"2026-09-11T12:28:12.216Z","path":"/photonic-solutions/product-applications/performance-estimation/3d-plot-optical-pulse","step":"verify","ok":true}
{"t":"2026-09-11T12:28:13.854Z","path":"/photonic-solutions/product-applications/performance-estimation/optsim-receiver-sensitivity","step":"verify","ok":true}
{"t":"2026-09-11T12:28:14.480Z","path":"/photonic-solutions/product-applications/performance-estimation/optsim-monte-carlo-analysis","step":"verify","ok":true}
{"t":"2026-09-11T12:28:15.772Z","path":"/photonic-solutions/product-applications/performance-estimation","step":"verify","ok":false,"why":"about:error in delivered html"}
{"t":"2026-09-11T12:28:16.835Z","path":"/photonic-solutions/product-applications/photonic-integrated-circuits/aim-photonics-qpsk-transmitter","step":"verify","ok":true}
{"t":"2026-09-11T12:28:17.511Z","path":"/photonic-solutions/product-applications/photonic-integrated-circuits/aim-photonics-4x4-benes-switch","step":"verify","ok":true}
{"t":"2026-09-11T12:28:18.803Z","path":"/photonic-solutions/product-applications/photonic-integrated-circuits/arbitrary-curves-feature","step":"verify","ok":true}
{"t":"2026-09-11T12:28:20.618Z","path":"/photonic-solutions/product-applications/photonic-integrated-circuits/asymmetric-widening","step":"verify","ok":true}
{"t":"2026-09-11T12:28:20.945Z","path":"/photonic-solutions/product-applications/photonic-integrated-circuits/bidirectional-interface","step":"verify","ok":true}
{"t":"2026-09-11T12:28:22.877Z","path":"/photonic-solutions/product-applications/photonic-integrated-circuits/dxf-transfer-function","step":"verify","ok":true}
{"t":"2026-09-11T12:28:22.922Z","path":"/photonic-solutions/product-applications/photonic-integrated-circuits/custom-pdks-ring-resonator","step":"verify","ok":true}
{"t":"2026-09-11T12:28:23.777Z","path":"/photonic-solutions/product-applications/photonic-integrated-circuits/estimating-impact-wtw-rtr","step":"verify","ok":true}
{"t":"2026-09-11T12:28:25.521Z","path":"/photonic-solutions/product-applications/photonic-integrated-circuits/foundry-process-tw-mzm","step":"verify","ok":true}
{"t":"2026-09-11T12:28:26.914Z","path":"/photonic-solutions/product-applications/photonic-integrated-circuits/linear-time-invariant","step":"verify","ok":true}
{"t":"2026-09-11T12:28:27.576Z","path":"/photonic-solutions/product-applications/photonic-integrated-circuits/mach-zehnder-modulator","step":"verify","ok":true}
{"t":"2026-09-11T12:28:28.865Z","path":"/photonic-solutions/product-applications/photonic-integrated-circuits/measurement-modulator-chirp-factor-fiber-dispersion","step":"verify","ok":true}
{"t":"2026-09-11T12:28:29.103Z","path":"/photonic-solutions/product-applications/photonic-integrated-circuits/modeling-crow","step":"verify","ok":true}
{"t":"2026-09-11T12:28:30.837Z","path":"/photonic-solutions/product-applications/photonic-integrated-circuits/modeling-custom-pic-elements","step":"verify","ok":true}
{"t":"2026-09-11T12:28:31.369Z","path":"/photonic-solutions/product-applications/photonic-integrated-circuits/mzi-simulation-pdaflow-interface-lionix-components","step":"verify","ok":true}
{"t":"2026-09-11T12:28:32.792Z","path":"/photonic-solutions/product-applications/photonic-integrated-circuits/optsim-circuit-multipath-interference","step":"verify","ok":true}
{"t":"2026-09-11T12:28:34.031Z","path":"/photonic-solutions/product-applications/photonic-integrated-circuits/optsim-circuit-ring-modulator-pic","step":"verify","ok":true}
{"t":"2026-09-11T12:28:34.499Z","path":"/photonic-solutions/product-applications/photonic-integrated-circuits/optsim-circuit-silicon-photonic-ring","step":"verify","ok":true}
{"t":"2026-09-11T12:28:35.174Z","path":"/photonic-solutions/product-applications/photonic-integrated-circuits/phase-aware-routing","step":"verify","ok":true}
{"t":"2026-09-11T12:28:37.691Z","path":"/photonic-solutions/product-applications/photonic-integrated-circuits/pic-transparent-components","step":"verify","ok":true}
{"t":"2026-09-11T12:28:38.132Z","path":"/photonic-solutions/product-applications/photonic-integrated-circuits/phase-shifter-device-circuit","step":"verify","ok":true}
{"t":"2026-09-11T12:28:39.878Z","path":"/photonic-solutions/product-applications/photonic-integrated-circuits/polarization-in-photonic-integrated-circuit","step":"verify","ok":true}
{"t":"2026-09-11T12:28:40.114Z","path":"/photonic-solutions/product-applications/photonic-integrated-circuits/sagnac-effect","step":"verify","ok":true}
{"t":"2026-09-11T12:28:40.555Z","path":"/photonic-solutions/product-applications/photonic-integrated-circuits/qpsk-transceiver-pic","step":"verify","ok":true}
{"t":"2026-09-11T12:28:41.560Z","path":"/photonic-solutions/product-applications/photonic-integrated-circuits/sensor-pic","step":"verify","ok":true}
{"t":"2026-09-11T12:28:44.047Z","path":"/photonic-solutions/product-applications/photonic-integrated-circuits/silicon-ring-modulator","step":"verify","ok":true}
{"t":"2026-09-11T12:28:44.525Z","path":"/photonic-solutions/product-applications/photonic-integrated-circuits/simulation-aim-photonics","step":"verify","ok":true}
{"t":"2026-09-11T12:28:46.189Z","path":"/photonic-solutions/product-applications/photonic-integrated-circuits/single-multi-ring-resonators","step":"verify","ok":true}
{"t":"2026-09-11T12:28:46.268Z","path":"/photonic-solutions/product-applications/photonic-integrated-circuits/thermal-tuning","step":"verify","ok":true}
{"t":"2026-09-11T12:28:46.418Z","path":"/photonic-solutions/product-applications/photonic-integrated-circuits/tw-mzm-optical-isolator","step":"verify","ok":true}
{"t":"2026-09-11T12:28:48.189Z","path":"/photonic-solutions/product-applications/photonic-integrated-circuits","step":"verify","ok":false,"why":"about:error in delivered html"}
{"t":"2026-09-11T12:28:50.580Z","path":"/photonic-solutions/product-applications/pon-catv-rof/ask-modulated-rf-subcarrier-fiber-optic-transmission","step":"verify","ok":true}
{"t":"2026-09-11T12:28:51.478Z","path":"/photonic-solutions/product-applications/pon-catv-rof/bdc-based-burstmode-receiver","step":"verify","ok":true}
{"t":"2026-09-11T12:28:52.219Z","path":"/photonic-solutions/product-applications/pon-catv-rof/optsim-analog-catv-examples","step":"verify","ok":true}
{"t":"2026-09-11T12:28:52.480Z","path":"/photonic-solutions/product-applications/pon-catv-rof/fsk-modulated-rf-subcarrier-fiber-optic-transmission","step":"verify","ok":true}
{"t":"2026-09-11T12:28:52.636Z","path":"/photonic-solutions/product-applications/pon-catv-rof/estimating-noise-figure-of-rf-over-fiber-link","step":"verify","ok":true}
{"t":"2026-09-11T12:28:54.280Z","path":"/photonic-solutions/product-applications/pon-catv-rof/optsim-bidirectional-modeling","step":"verify","ok":true}
{"t":"2026-09-11T12:28:57.042Z","path":"/photonic-solutions/product-applications/pon-catv-rof/optsim-ftth-system-gepon-access-architecture","step":"verify","ok":true}
{"t":"2026-09-11T12:28:58.157Z","path":"/photonic-solutions/product-applications/pon-catv-rof/rf-dual-parallel-mzm","step":"verify","ok":true}
{"t":"2026-09-11T12:28:58.417Z","path":"/photonic-solutions/product-applications/pon-catv-rof","step":"verify","ok":false,"why":"about:error in delivered html"}
{"t":"2026-09-11T12:28:58.754Z","path":"/photonic-solutions/product-applications/tof-lidar/time-of-flight-lidar","step":"verify","ok":true}
{"t":"2026-09-11T12:28:59.171Z","path":"/photonic-solutions/product-applications/solar-energy-photovoltaics/optsim-circuit-optical-notch-filter","step":"verify","ok":true}
{"t":"2026-09-11T12:29:00.212Z","path":"/photonic-solutions/product-applications/tof-lidar","step":"verify","ok":true}
{"t":"2026-09-11T12:29:03.181Z","path":"/photonic-solutions/product-applications/transmission-impairments-fiber/dispersion-managed-soliton","step":"verify","ok":true}
{"t":"2026-09-11T12:29:04.610Z","path":"/photonic-solutions/product-applications/transmission-impairments-fiber/optsim-effective-loss-stimulated-brillouin-scattering","step":"verify","ok":true}
{"t":"2026-09-11T12:29:04.923Z","path":"/photonic-solutions/product-applications/transmission-impairments-fiber/optsim-dispersion-compensation","step":"verify","ok":true}
{"t":"2026-09-11T12:29:05.779Z","path":"/photonic-solutions/product-applications/transmission-impairments-fiber/optsim-fiber-nonlinearity","step":"verify","ok":true}
{"t":"2026-09-11T12:29:05.867Z","path":"/photonic-solutions/product-applications/transmission-impairments-fiber/pmd-in-highbit-rate-systems","step":"verify","ok":true}
{"t":"2026-09-11T12:29:06.277Z","path":"/photonic-solutions/product-applications/transmission-impairments-fiber","step":"verify","ok":false,"why":"about:error in delivered html"}
{"t":"2026-09-11T12:29:09.677Z","path":"/photonic-solutions/product-applications/waveguide-sensors/optsim-methane-gas-sensor","step":"verify","ok":true}
{"t":"2026-09-11T12:29:11.061Z","path":"/photonic-solutions/product-applications/waveguide-sensors","step":"verify","ok":true}
{"t":"2026-09-11T12:29:11.613Z","path":"/photonic-solutions/support","step":"verify","ok":true}
{"t":"2026-09-11T12:29:11.844Z","path":"/photonic-solutions/resources","step":"verify","ok":true}
{"t":"2026-09-11T12:29:12.344Z","path":"/products","step":"verify","ok":true}
{"t":"2026-09-11T12:29:12.911Z","path":"/photonic-solutions","step":"verify","ok":true}
{"t":"2026-09-11T12:29:15.881Z","path":"/resources/1-6t-ethernet-mac-ip-datasheet","step":"verify","ok":true}
{"t":"2026-09-11T12:29:17.867Z","path":"/resources/1-8v-1-5v-1-2v-gpio-ip-for-gf-12lp-datasheet","step":"verify","ok":true}
{"t":"2026-09-11T12:29:18.093Z","path":"/resources/1-6t-ethernet-pcs-ip-datasheet","step":"verify","ok":true}
{"t":"2026-09-11T12:29:18.798Z","path":"/resources/10g-ethernet-xgmac-datasheet","step":"verify","ok":true}
{"t":"2026-09-11T12:29:19.062Z","path":"/resources/100g-ethernet-pcs-ip-datasheet","step":"verify","ok":true}
{"t":"2026-09-11T12:29:22.085Z","path":"/resources/112g-ethernet-phy-ip-datasheet","step":"verify","ok":true}
{"t":"2026-09-11T12:29:23.127Z","path":"/resources/100g-200g-400g-800g-ethernet-mac-ip-datasheet","step":"verify","ok":true}
{"t":"2026-09-11T12:29:24.379Z","path":"/resources/200g-400g-800g-ethernet-mac-ip-datasheet","step":"verify","ok":true}
{"t":"2026-09-11T12:29:24.600Z","path":"/resources/112g-ethernet-phy-ip-for-very-short-reach-datasheet","step":"verify","ok":true}
{"t":"2026-09-11T12:29:25.407Z","path":"/resources/200g-400g-and-800g-ethernet-mac-and-pcs-ip-datasheet","step":"verify","ok":true}
{"t":"2026-09-11T12:29:25.706Z","path":"/resources/200g-and-400g-ethernet-pcs-ip-datasheet","step":"verify","ok":true}
{"t":"2026-09-11T12:29:27.988Z","path":"/resources/224g-ethernet-phy-ip-datasheet","step":"verify","ok":true}
{"t":"2026-09-11T12:29:30.035Z","path":"/resources/224g-phy-ai-networks","step":"verify","ok":true}
{"t":"2026-09-11T12:29:30.769Z","path":"/resources/3-3v-1-8v-gpio-ip-for-gf-12lp-datasheet","step":"verify","ok":true}
{"t":"2026-09-11T12:29:31.054Z","path":"/resources/25g-ethernet-mac-ip-datasheet","step":"verify","ok":true}
{"t":"2026-09-11T12:29:31.492Z","path":"/resources/3-3v-1-8v-lvds-rx-io-ip-for-gf-12lp-datasheet","step":"verify","ok":true}
{"t":"2026-09-11T12:29:31.581Z","path":"/resources/3-3v-1-8v-i2c-io-ip-with-5v-fail-safe-for-gf-12lp-datasheet","step":"verify","ok":true}
{"t":"2026-09-11T12:29:34.825Z","path":"/resources/3dicc-brochure","step":"verify","ok":true}
{"t":"2026-09-11T12:29:37.079Z","path":"/resources/3dio-ip-solution-datasheet","step":"verify","ok":true}
{"t":"2026-09-11T12:29:37.285Z","path":"/resources/56g-ethernet-phy-ip-datasheet","step":"verify","ok":true}
{"t":"2026-09-11T12:29:37.379Z","path":"/resources/800g-ethernet-pcs-ip-datasheet","step":"verify","ok":true}
{"t":"2026-09-11T12:29:37.737Z","path":"/resources/accelerate-cloud-based-automotive-design-evaluation-early-software-development-electronics-digital-twin","step":"verify","ok":true}
{"t":"2026-09-11T12:29:38.356Z","path":"/resources/accelerate-sdv-development-electronics-digital-twin-platform","step":"verify","ok":true}
{"t":"2026-09-11T12:29:41.492Z","path":"/resources/accelerating-adoption-multi-die-systems","step":"verify","ok":true}
{"t":"2026-09-11T12:29:42.910Z","path":"/resources/achieving-consistent-rtl-power-accuracy","step":"verify","ok":true}
{"t":"2026-09-11T12:29:43.222Z","path":"/resources/achieving-your-low-power-goals-with-synopsys-ultra-low-leakage-io-white-paper","step":"verify","ok":true}
{"t":"2026-09-11T12:29:43.339Z","path":"/resources/advanced-packaging-multi-die","step":"verify","ok":true}
{"t":"2026-09-11T12:29:43.988Z","path":"/resources/advancing-android-soc-virtual-prototypes-virtualizer-native-execution","step":"verify","ok":true}
{"t":"2026-09-11T12:29:44.722Z","path":"/resources/agile-pqc-public-key-accelerators-datasheet","step":"verify","ok":true}
{"t":"2026-09-11T12:29:47.414Z","path":"/resources/ai-chip-security-sdev-slm","step":"verify","ok":true}
{"t":"2026-09-11T12:29:49.122Z","path":"/resources/ai-chip-silicon-design-advanced-packaging","step":"verify","ok":true}
{"t":"2026-09-11T12:29:49.269Z","path":"/resources/ai-powered-eda-chip-design-solutions","step":"verify","ok":true}
{"t":"2026-09-11T12:29:49.623Z","path":"/resources/ai-powered-eda-tsoai-ds","step":"verify","ok":true}
{"t":"2026-09-11T12:29:50.321Z","path":"/resources/amba-advanced-i2c-smbus-controller-and-target-device-ip-datasheet","step":"verify","ok":true}
{"t":"2026-09-11T12:29:51.370Z","path":"/resources/automated-method-soc-designs","step":"verify","ok":true}
{"t":"2026-09-11T12:29:54.482Z","path":"/resources/automotive-fact-sheet","step":"verify","ok":true}
{"t":"2026-09-11T12:29:55.099Z","path":"/resources/bluesplec-riscv-wp","step":"verify","ok":true}
{"t":"2026-09-11T12:29:55.917Z","path":"/resources/building-an-ai-chip-pre-silicon-planning-guide","step":"verify","ok":true}
{"t":"2026-09-11T12:29:56.117Z","path":"/resources/avsbus-controller-ip-datasheet","step":"verify","ok":true}
{"t":"2026-09-11T12:29:56.525Z","path":"/resources/bump-tsv-planning-multi-die","step":"verify","ok":true}
{"t":"2026-09-11T12:29:57.579Z","path":"/resources/calibrate-and-configure-your-power-management-ic-with-nvm-ip-white-paper","step":"verify","ok":true}
{"t":"2026-09-11T12:30:01.142Z","path":"/resources/ccix-controller-ip-datasheet","step":"verify","ok":true}
{"t":"2026-09-11T12:30:01.761Z","path":"/resources/ccix-ip-complete-solution-datasheet","step":"verify","ok":true}
{"t":"2026-09-11T12:30:01.883Z","path":"/resources/chip-design-space-applications","step":"verify","ok":true}
{"t":"2026-09-11T12:30:02.322Z","path":"/resources/co-packaged-optics-and-the-evolution-of-switch-optical-interconnects-in-data-centers-white-paper","step":"verify","ok":true}
{"t":"2026-09-11T12:30:03.606Z","path":"/resources/co-packaged-optics-for-multi-die-designs","step":"verify","ok":true}
{"t":"2026-09-11T12:30:04.452Z","path":"/resources/complete-1-6t-ethernet-ip-solution-datasheet","step":"verify","ok":true}
{"t":"2026-09-11T12:30:08.212Z","path":"/resources/complete-1-6t-ultra-ethernet-ip-solution-datasheet","step":"verify","ok":true}
{"t":"2026-09-11T12:30:08.318Z","path":"/resources/compute-express-link-cxl-controller-ip-datasheet","step":"verify","ok":true}
{"t":"2026-09-11T12:30:08.429Z","path":"/resources/confirmation-measures-iso26262-functional-safety","step":"verify","ok":true}
{"t":"2026-09-11T12:30:09.128Z","path":"/resources/complete-ualink-ip-solution-datasheet","step":"verify","ok":true}
{"t":"2026-09-11T12:30:09.915Z","path":"/resources/consumer-8g-phy-ip-datasheet","step":"verify","ok":true}
{"t":"2026-09-11T12:30:10.807Z","path":"/resources/controller-ip-for-pci-express-6-0-datasheet","step":"verify","ok":true}
{"t":"2026-09-11T12:30:14.016Z","path":"/resources/cryptographic-security-evolution","step":"verify","ok":true}
{"t":"2026-09-11T12:30:14.669Z","path":"/resources/controller-ip-for-pci-express-7-0-datasheet","step":"verify","ok":true}
{"t":"2026-09-11T12:30:14.807Z","path":"/resources/cryptography-software-library-datasheet","step":"verify","ok":true}
{"t":"2026-09-11T12:30:15.004Z","path":"/resources/cybersecurity-soc-21434-best-practices","step":"verify","ok":true}
{"t":"2026-09-11T12:30:15.869Z","path":"/resources/ddr-complete-solution-datasheet","step":"verify","ok":true}
{"t":"2026-09-11T12:30:17.399Z","path":"/resources/ddr3-2-phy-ip-datasheet","step":"verify","ok":true}
{"t":"2026-09-11T12:30:20.263Z","path":"/resources/ddr4-multiphy-ip-datasheet","step":"verify","ok":true}
{"t":"2026-09-11T12:30:20.543Z","path":"/resources/ddr4-3-phy-ip-datasheet","step":"verify","ok":true}
{"t":"2026-09-11T12:30:20.870Z","path":"/resources/ddr5-4-controller-ip-datasheet","step":"verify","ok":true}
{"t":"2026-09-11T12:30:21.671Z","path":"/resources/ddr5-4-phy-ip-datasheet","step":"verify","ok":true}
{"t":"2026-09-11T12:30:22.734Z","path":"/resources/ddr5-mrdimm-controller-ip-datasheet","step":"verify","ok":true}
{"t":"2026-09-11T12:30:23.484Z","path":"/resources/ddr5-mrdimm-phy-ip-datasheet","step":"verify","ok":true}
{"t":"2026-09-11T12:30:26.337Z","path":"/resources/deep-low-voltage-transistor-foundation-ip","step":"verify","ok":true}
{"t":"2026-09-11T12:30:26.871Z","path":"/resources/designing-for-448g","step":"verify","ok":true}
{"t":"2026-09-11T12:30:27.057Z","path":"/resources/design-da","step":"verify","ok":true}
{"t":"2026-09-11T12:30:28.251Z","path":"/resources/designing-ras-slm","step":"verify","ok":true}
{"t":"2026-09-11T12:30:28.584Z","path":"/resources/developing-high-reliability-reprogrammable-nvm-ip-for-automotive-applications-white-paper","step":"verify","ok":true}
{"t":"2026-09-11T12:30:29.544Z","path":"/resources/die-to-die-controller-ip-datasheet","step":"verify","ok":true}
{"t":"2026-09-11T12:30:32.617Z","path":"/resources/displayport-tx-ip-complete-solution-datasheet","step":"verify","ok":true}
{"t":"2026-09-11T12:30:33.007Z","path":"/resources/dual-mode-controller-ip-for-pci-express-1-1-5-0-datasheet","step":"verify","ok":true}
{"t":"2026-09-11T12:30:33.349Z","path":"/resources/edge-ai-low-voltage-ip","step":"verify","ok":true}
{"t":"2026-09-11T12:30:34.727Z","path":"/resources/efficient-multi-die-implementation-ip-integration","step":"verify","ok":true}
{"t":"2026-09-11T12:30:35.015Z","path":"/resources/efficient-data-transfer-with-high-speed-serial-flash-interface-ip-white-paper","step":"verify","ok":true}
{"t":"2026-09-11T12:30:36.003Z","path":"/resources/embedded-endpoint-controller-ip-for-pci-express-1-1-5-0-datasheet","step":"verify","ok":true}
{"t":"2026-09-11T12:30:39.192Z","path":"/resources/enabling-the-448g-era","step":"verify","ok":true}
{"t":"2026-09-11T12:30:39.328Z","path":"/resources/endpoint-controller-ip-for-pci-express-1-1-5-0-datasheet","step":"verify","ok":true}
{"t":"2026-09-11T12:30:39.442Z","path":"/resources/enhanced-serial-peripheral-interface-controller-ip-datasheet","step":"verify","ok":true}
{"t":"2026-09-11T12:30:41.281Z","path":"/resources/enhanced-universal-ddr-memory-and-protocol-controller-ip-datasheet","step":"verify","ok":true}
{"t":"2026-09-11T12:30:41.795Z","path":"/resources/enhanced-universal-ddr-memory-controller-ip-datasheet","step":"verify","ok":true}
{"t":"2026-09-11T12:30:42.179Z","path":"/resources/enterprise-ethernet-mac-controller-ip-datasheet","step":"verify","ok":true}
{"t":"2026-09-11T12:30:45.380Z","path":"/resources/enterprise-ethernet-pcs-controller-ip-datasheet","step":"verify","ok":true}
{"t":"2026-09-11T12:30:45.500Z","path":"/resources/esun-ip-solution-datasheet","step":"verify","ok":true}
{"t":"2026-09-11T12:30:45.558Z","path":"/resources/esd-co-design-for-224g-and-112g-serdes-in-finfet-technologies-white-paper","step":"verify","ok":true}
{"t":"2026-09-11T12:30:47.452Z","path":"/resources/ethernet-mac-10-100-1000-universal-datasheet","step":"verify","ok":true}
{"t":"2026-09-11T12:30:47.634Z","path":"/resources/ethernet-mac-10-100-universal-ip-datasheet","step":"verify","ok":true}
{"t":"2026-09-11T12:30:48.465Z","path":"/resources/ethernet-pcs-datasheet","step":"verify","ok":true}
{"t":"2026-09-11T12:30:51.920Z","path":"/resources/exalto","step":"verify","ok":true}
{"t":"2026-09-11T12:30:52.073Z","path":"/resources/ethernet-quality-of-service-controller-ip-datasheet","step":"verify","ok":true}
{"t":"2026-09-11T12:30:52.544Z","path":"/resources/eusb2-ip-solution-datasheet","step":"verify","ok":true}
{"t":"2026-09-11T12:30:53.936Z","path":"/resources/flexible-key-sram-puf","step":"verify","ok":true}
{"t":"2026-09-11T12:30:54.074Z","path":"/resources/faster-bug-discovery-coverage-closure-vso-ai","step":"verify","ok":true}
{"t":"2026-09-11T12:30:54.288Z","path":"/resources/flexible-usb4-based-interface-ip-solution-for-ai-at-the-edge-white-paper","step":"verify","ok":true}
{"t":"2026-09-11T12:30:59.162Z","path":"/resources/foundation-cores-datasheet","step":"verify","ok":true}
{"t":"2026-09-11T12:30:59.162Z","path":"/resources/foundation-ip-energy-efficient-soc","step":"verify","ok":true}
{"t":"2026-09-11T12:30:59.819Z","path":"/resources/foundation-ip-for-db-hitek-180nm-datasheet","step":"verify","ok":true}
{"t":"2026-09-11T12:31:00.150Z","path":"/resources/foundation-ip-for-gf-22fdx-plus-datasheet","step":"verify","ok":true}
{"t":"2026-09-11T12:31:00.741Z","path":"/resources/foundation-ip-for-gf-40lp-datasheet","step":"verify","ok":true}
{"t":"2026-09-11T12:31:00.945Z","path":"/resources/foundation-ip-for-gf-22fdx-datasheet","step":"verify","ok":true}
{"t":"2026-09-11T12:31:05.674Z","path":"/resources/foundation-ip-for-gf-55lpe-datasheet","step":"verify","ok":true}
{"t":"2026-09-11T12:31:07.002Z","path":"/resources/foundation-ip-for-intel-16-datasheet","step":"verify","ok":true}
{"t":"2026-09-11T12:31:07.109Z","path":"/resources/foundation-ip-for-huali-40lp-datasheet","step":"verify","ok":true}
{"t":"2026-09-11T12:31:07.548Z","path":"/resources/foundation-ip-for-intel-18a-datasheet","step":"verify","ok":true}
{"t":"2026-09-11T12:31:07.612Z","path":"/resources/foundation-ip-for-samsung-8lpu-datasheet","step":"verify","ok":true}
{"t":"2026-09-11T12:31:08.193Z","path":"/resources/foundation-ip-for-huali-55lp-datasheet","step":"verify","ok":true}
{"t":"2026-09-11T12:31:12.771Z","path":"/resources/foundation-ip-for-smic-40ll-datasheet","step":"verify","ok":true}
{"t":"2026-09-11T12:31:13.629Z","path":"/resources/foundation-ip-for-smic-65ll-datasheet","step":"verify","ok":true}
{"t":"2026-09-11T12:31:13.876Z","path":"/resources/foundation-ip-for-tsmc-22ull-datasheet","step":"verify","ok":true}
{"t":"2026-09-11T12:31:14.108Z","path":"/resources/foundation-ip-for-tsmc-16ff-plus-datasheet","step":"verify","ok":true}
{"t":"2026-09-11T12:31:14.335Z","path":"/resources/foundation-ip-for-tsmc-16ffc-datasheet","step":"verify","ok":true}
{"t":"2026-09-11T12:31:14.734Z","path":"/resources/foundation-ip-for-tsmc-28hp-datasheet","step":"verify","ok":true}
{"t":"2026-09-11T12:31:19.651Z","path":"/resources/foundation-ip-for-tsmc-28hpc-plus-datasheet","step":"verify","ok":true}
{"t":"2026-09-11T12:31:19.827Z","path":"/resources/foundation-ip-for-tsmc-28hpc-datasheet","step":"verify","ok":true}
{"t":"2026-09-11T12:31:20.322Z","path":"/resources/foundation-ip-for-tsmc-28hpm-datasheet","step":"verify","ok":true}
{"t":"2026-09-11T12:31:20.405Z","path":"/resources/foundation-ip-for-tsmc-40lp-datasheet","step":"verify","ok":true}
{"t":"2026-09-11T12:31:20.715Z","path":"/resources/foundation-ip-for-tsmc-65lp-datasheet","step":"verify","ok":true}
{"t":"2026-09-11T12:31:21.364Z","path":"/resources/foundation-ip-for-tsmc-n3p-datasheet","step":"verify","ok":true}
{"t":"2026-09-11T12:31:26.243Z","path":"/resources/foundation-ip-for-tsmc-n5a-datasheet","step":"verify","ok":true}
{"t":"2026-09-11T12:31:26.389Z","path":"/resources/foundation-ip-for-tsmc-n4p-datasheet","step":"verify","ok":true}
{"t":"2026-09-11T12:31:26.943Z","path":"/resources/foundation-ip-for-tsmc-n6-datasheet","step":"verify","ok":true}
{"t":"2026-09-11T12:31:27.352Z","path":"/resources/foundation-ip-for-tsmc-n5-datasheet","step":"verify","ok":true}
{"t":"2026-09-11T12:31:27.922Z","path":"/resources/foundation-ip-for-umc-28hlp-datasheet","step":"verify","ok":true}
{"t":"2026-09-11T12:31:28.860Z","path":"/resources/foundation-ip-for-tsmc-n7-datasheet","step":"verify","ok":true}
{"t":"2026-09-11T12:31:32.786Z","path":"/resources/foundation-ip-for-umc-40lp-datasheet","step":"verify","ok":true}
{"t":"2026-09-11T12:31:32.964Z","path":"/resources/foundation-ip-for-umc-28hpc-datasheet","step":"verify","ok":true}
{"t":"2026-09-11T12:31:33.606Z","path":"/resources/foundation-ip-for-umc-40ulp-datasheet","step":"verify","ok":true}
{"t":"2026-09-11T12:31:34.120Z","path":"/resources/foundation-ip-tsmc-n6aio-datasheet","step":"verify","ok":true}
{"t":"2026-09-11T12:31:34.344Z","path":"/resources/foundation-ip-gf55bcd-datasheet","step":"verify","ok":true}
{"t":"2026-09-11T12:31:35.247Z","path":"/resources/ftp-trim-nvm-ip-datasheet","step":"verify","ok":true}
{"t":"2026-09-11T12:31:39.117Z","path":"/resources/gf-rf-design-migration-wp","step":"verify","ok":true}
{"t":"2026-09-11T12:31:39.573Z","path":"/resources/gen-2-ddr-multiphy-ip-datasheet","step":"verify","ok":true}
{"t":"2026-09-11T12:31:39.873Z","path":"/resources/gpu-support-nvidia","step":"verify","ok":true}
{"t":"2026-09-11T12:31:40.579Z","path":"/resources/hardware-root-trust-security-ip","step":"verify","ok":true}
{"t":"2026-09-11T12:31:41.182Z","path":"/resources/hav-for-multi-die","step":"verify","ok":true}
{"t":"2026-09-11T12:31:41.454Z","path":"/resources/hav-interface-solutions-spec-sheet","step":"verify","ok":true}
{"t":"2026-09-11T12:31:46.092Z","path":"/resources/hbm3-phy-datasheet","step":"verify","ok":true}
{"t":"2026-09-11T12:31:46.179Z","path":"/resources/hbm2-hbm2e-phy-ip-datasheet","step":"verify","ok":true}
{"t":"2026-09-11T12:31:46.333Z","path":"/resources/hbm4-controller-ip-datasheet","step":"verify","ok":true}
{"t":"2026-09-11T12:31:46.412Z","path":"/resources/hbm3-controller-datasheet","step":"verify","ok":true}
{"t":"2026-09-11T12:31:47.698Z","path":"/resources/hbm4-phy-ip-datasheet","step":"verify","ok":true}
{"t":"2026-09-11T12:31:48.096Z","path":"/resources/hdcp-2-3-on-hdmi-displayport-embedded-security-modules-datasheet","step":"verify","ok":true}
{"t":"2026-09-11T12:31:52.654Z","path":"/resources/hdmi-1-3-tx-phy-ip-for-2-25gbps-datasheet","step":"verify","ok":true}
{"t":"2026-09-11T12:31:53.094Z","path":"/resources/hdmi-rx-phy-ip-for-2-25gbps-datasheet","step":"verify","ok":true}
{"t":"2026-09-11T12:31:53.515Z","path":"/resources/hdmi-1-3-receiver-controller-ip-datasheet","step":"verify","ok":true}
{"t":"2026-09-11T12:31:53.625Z","path":"/resources/high-performance-aes-gcm-ctr-ip-core-datasheet","step":"verify","ok":true}
{"t":"2026-09-11T12:31:54.365Z","path":"/resources/high-speed-test-io-ip-datasheet","step":"verify","ok":true}
{"t":"2026-09-11T12:31:54.831Z","path":"/resources/hpc-applications","step":"verify","ok":true}
{"t":"2026-09-11T12:31:59.230Z","path":"/resources/hpc-macsec-security-modules-for-ethernet-datasheet","step":"verify","ok":true}
{"t":"2026-09-11T12:31:59.515Z","path":"/resources/i2s-tdm-audio-controller-ip-datasheet","step":"verify","ok":true}
{"t":"2026-09-11T12:31:59.728Z","path":"/resources/i2s-controller-ip-datasheet","step":"verify","ok":true}
{"t":"2026-09-11T12:32:00.276Z","path":"/resources/iccii-design-planning-wp","step":"verify","ok":true}
{"t":"2026-09-11T12:32:00.556Z","path":"/resources/ide-secure-module-for-cxl-2-0-datasheet","step":"verify","ok":true}
{"t":"2026-09-11T12:32:01.417Z","path":"/resources/ide-secure-module-for-cxl-3-x-datasheet","step":"verify","ok":true}
{"t":"2026-09-11T12:32:06.539Z","path":"/resources/ide-security-ip-module-for-pci-express-6-x-datasheet","step":"verify","ok":true}
{"t":"2026-09-11T12:32:06.741Z","path":"/resources/ide-security-ip-module-for-pci-express-7-0-datasheet","step":"verify","ok":true}
{"t":"2026-09-11T12:32:06.881Z","path":"/resources/ime-security-ip-module-for-ddr-datasheet","step":"verify","ok":true}
{"t":"2026-09-11T12:32:08.311Z","path":"/resources/improving-scan-test-coverage","step":"verify","ok":true}
{"t":"2026-09-11T12:32:09.697Z","path":"/resources/ide-security-ip-module-for-pci-express-5-0-datasheet","step":"verify","ok":true}
{"t":"2026-09-11T12:32:13.514Z","path":"/resources/innovate-faster","step":"verify","ok":true}
{"t":"2026-09-11T12:32:13.742Z","path":"/resources/inside-ai-accelerator","step":"verify","ok":true}
{"t":"2026-09-11T12:32:13.783Z","path":"/resources/integrating-security-soc-designs","step":"verify","ok":true}
{"t":"2026-09-11T12:32:14.492Z","path":"/resources/interface-ip-subsystems-datasheet","step":"verify","ok":true}
{"t":"2026-09-11T12:32:15.402Z","path":"/resources/ide-secure-module-for-cxl-4-0","step":"verify","ok":true}
{"t":"2026-09-11T12:32:16.468Z","path":"/resources/ip-3d-multi-die-design","step":"verify","ok":true}
{"t":"2026-09-11T12:32:20.072Z","path":"/resources/ip-phy-ip-for-pci-express-5-0-and-cxl-datasheet","step":"verify","ok":true}
{"t":"2026-09-11T12:32:20.378Z","path":"/resources/ip-for-pci-express-complete-solution-datasheet","step":"verify","ok":true}
{"t":"2026-09-11T12:32:20.752Z","path":"/resources/ip-for-hdmi-2-1-tx-ip-solutions-datasheet","step":"verify","ok":true}
{"t":"2026-09-11T12:32:21.590Z","path":"/resources/ip-solutions-edge-ai","step":"verify","ok":true}
{"t":"2026-09-11T12:32:23.392Z","path":"/resources/lle-aware-design-methodology","step":"verify","ok":true}
{"t":"2026-09-11T12:32:26.612Z","path":"/resources/lower-process-nodes-timing-signoff-evolution","step":"verify","ok":true}
{"t":"2026-09-11T12:32:26.737Z","path":"/resources/looking-into-linear-pluggable-optics","step":"verify","ok":true}
{"t":"2026-09-11T12:32:27.654Z","path":"/resources/ip-solutions-for-the-amba-interconnect-datasheet","step":"verify","ok":true}
{"t":"2026-09-11T12:32:27.745Z","path":"/resources/lpddr4-multiphy-ip-datasheet","step":"verify","ok":true}
{"t":"2026-09-11T12:32:28.667Z","path":"/resources/lpddr5-4-4x-controller-ip-datasheet","step":"verify","ok":true}
{"t":"2026-09-11T12:32:30.392Z","path":"/resources/lpddr5-4-4x-phy-ip-datasheet","step":"verify","ok":true}
{"t":"2026-09-11T12:32:32.848Z","path":"/resources/lpddr5x-5-4x-phy-ip-datasheet","step":"verify","ok":true}
{"t":"2026-09-11T12:32:32.874Z","path":"/resources/lpddr5x-5-4x-controller-ip-datasheet","step":"verify","ok":true}
{"t":"2026-09-11T12:32:34.263Z","path":"/resources/lpddr6-5x-5-controller-ip-datasheet","step":"verify","ok":true}
{"t":"2026-09-11T12:32:35.090Z","path":"/resources/macsec-security-modules-for-ethernet-datasheet","step":"verify","ok":true}
{"t":"2026-09-11T12:32:35.682Z","path":"/resources/lpddr6-5x-5-phy-ip-datasheet","step":"verify","ok":true}
{"t":"2026-09-11T12:32:36.869Z","path":"/resources/mastering-ai-chip-complexity-ebook","step":"verify","ok":true}
{"t":"2026-09-11T12:32:38.857Z","path":"/resources/mipi-c-phy-d-phy-ip-datasheet","step":"verify","ok":true}
{"t":"2026-09-11T12:32:39.815Z","path":"/resources/medium-density-nvm-ip-datasheet","step":"verify","ok":true}
{"t":"2026-09-11T12:32:40.960Z","path":"/resources/mipi-complete-solution-datasheet","step":"verify","ok":true}
{"t":"2026-09-11T12:32:41.903Z","path":"/resources/mipi-cse2-security-module-ds","step":"verify","ok":true}
{"t":"2026-09-11T12:32:42.980Z","path":"/resources/mipi-csi-2-device-controller-ip-datasheet","step":"verify","ok":true}
{"t":"2026-09-11T12:32:43.777Z","path":"/resources/mipi-csi-2-host-controller-datasheet","step":"verify","ok":true}
{"t":"2026-09-11T12:32:45.397Z","path":"/resources/mipi-d-phy-ip-datasheet","step":"verify","ok":true}
{"t":"2026-09-11T12:32:47.250Z","path":"/resources/mipi-dsi-device-controller-ip-datasheet","step":"verify","ok":true}
{"t":"2026-09-11T12:32:47.415Z","path":"/resources/mipi-dsi-host-controller-ip-datasheet","step":"verify","ok":true}
{"t":"2026-09-11T12:32:48.257Z","path":"/resources/mipi-dsi-host-controller-ip-with-vesa-dsc-encoder-datasheet","step":"verify","ok":true}
{"t":"2026-09-11T12:32:49.431Z","path":"/resources/mipi-i3c-controller-ip-datasheet","step":"verify","ok":true}
{"t":"2026-09-11T12:32:49.999Z","path":"/resources/mipi-m-phy-datasheet","step":"verify","ok":true}
{"t":"2026-09-11T12:32:51.740Z","path":"/resources/mipi-unipro-controller-ip-datasheet","step":"verify","ok":true}
{"t":"2026-09-11T12:32:53.954Z","path":"/resources/model-based-design-and-virtual-ecus","step":"verify","ok":true}
{"t":"2026-09-11T12:32:54.071Z","path":"/resources/monitoring-test-repair-strategies-multi-die","step":"verify","ok":true}
{"t":"2026-09-11T12:32:54.381Z","path":"/resources/mram-ip-datasheet","step":"verify","ok":true}
{"t":"2026-09-11T12:32:55.989Z","path":"/resources/mtp-eeprom-nvm-ip-datasheet","step":"verify","ok":true}
{"t":"2026-09-11T12:32:56.754Z","path":"/resources/mtp-ulp-nvm-ip-datasheet","step":"verify","ok":true}
{"t":"2026-09-11T12:32:58.706Z","path":"/resources/multi-die-auto-routing-wp","step":"verify","ok":true}
{"t":"2026-09-11T12:33:00.634Z","path":"/resources/multi-die-design-signoff","step":"verify","ok":true}
{"t":"2026-09-11T12:33:00.740Z","path":"/resources/multi-die-feasibility-wp","step":"verify","ok":true}
{"t":"2026-09-11T12:33:00.804Z","path":"/resources/multi-die-automotive-wp","step":"verify","ok":true}
{"t":"2026-09-11T12:33:03.136Z","path":"/resources/multi-die-physical-verification-fanout-rdl","step":"verify","ok":true}
{"t":"2026-09-11T12:33:03.426Z","path":"/resources/multi-die-systems-start-guide","step":"verify","ok":true}
{"t":"2026-09-11T12:33:05.315Z","path":"/resources/multi-port-switch-ip-for-pci-express-datasheet","step":"verify","ok":true}
{"t":"2026-09-11T12:33:07.023Z","path":"/resources/multi-protocol-112g-phy-ip-datasheet","step":"verify","ok":true}
{"t":"2026-09-11T12:33:07.212Z","path":"/resources/multi-protocol-10g-phy-ip-datasheet","step":"verify","ok":true}
{"t":"2026-09-11T12:33:07.790Z","path":"/resources/multi-protocol-25g-phy-ip-datasheet","step":"verify","ok":true}
{"t":"2026-09-11T12:33:09.645Z","path":"/resources/multi-protocol-32g-phy-ip-datasheet","step":"verify","ok":true}
{"t":"2026-09-11T12:33:09.807Z","path":"/resources/multi-protocol-6g-phy-ip-datasheet","step":"verify","ok":true}
{"t":"2026-09-11T12:33:11.227Z","path":"/resources/multiphysics-fusion-technology-for-multi-die","step":"verify","ok":true}
{"t":"2026-09-11T12:33:13.732Z","path":"/resources/non-volatile-memory-ip-solutions-datasheet","step":"verify","ok":true}
{"t":"2026-09-11T12:33:14.114Z","path":"/resources/navigating-software-defined-vehicle-development","step":"verify","ok":true}
{"t":"2026-09-11T12:33:14.633Z","path":"/resources/optimized-system-power","step":"verify","ok":true}
{"t":"2026-09-11T12:33:16.337Z","path":"/resources/optimizing-analog-design-multiphysics","step":"verify","ok":true}
{"t":"2026-09-11T12:33:16.716Z","path":"/resources/otp-nvm-ip-datasheet","step":"verify","ok":true}
{"t":"2026-09-11T12:33:17.994Z","path":"/resources/overcoming-challenges-verifying-multi-die-systems","step":"verify","ok":true}
{"t":"2026-09-11T12:33:20.069Z","path":"/resources/pci-express-7-in-practice","step":"verify","ok":true}
{"t":"2026-09-11T12:33:20.320Z","path":"/resources/pathfinder-sc","step":"verify","ok":true}
{"t":"2026-09-11T12:33:21.022Z","path":"/resources/pci-express-to-arm-amba-ahb-bridge-datasheet","step":"verify","ok":true}
{"t":"2026-09-11T12:33:22.653Z","path":"/resources/pcie-multistream-ai-bandwidth","step":"verify","ok":true}
{"t":"2026-09-11T12:33:23.296Z","path":"/resources/pcie5-edge-ai-soc","step":"verify","ok":true}
{"t":"2026-09-11T12:33:24.212Z","path":"/resources/phy-ip-for-pci-express-2-1-datasheet","step":"verify","ok":true}
{"t":"2026-09-11T12:33:26.382Z","path":"/resources/phy-ip-for-pci-express-6-0-datasheet","step":"verify","ok":true}
{"t":"2026-09-11T12:33:26.776Z","path":"/resources/phy-ip-for-pci-express-7-0-datasheet","step":"verify","ok":true}
{"t":"2026-09-11T12:33:27.172Z","path":"/resources/physical-verification-multi-die","step":"verify","ok":true}
{"t":"2026-09-11T12:33:29.527Z","path":"/resources/power-optimization-ai-chip-development","step":"verify","ok":true}
{"t":"2026-09-11T12:33:29.986Z","path":"/resources/power-supply-noise-effects-on-jitter-in-clock-synchronous-systems-with-emphasis-on-memory-interfaces-white-paper","step":"verify","ok":true}
{"t":"2026-09-11T12:33:30.083Z","path":"/resources/powerx","step":"verify","ok":true}
{"t":"2026-09-11T12:33:32.761Z","path":"/resources/ppa-benefits-backside-routing","step":"verify","ok":true}
{"t":"2026-09-11T12:33:33.329Z","path":"/resources/primeclock","step":"verify","ok":true}
{"t":"2026-09-11T12:33:33.620Z","path":"/resources/pre-silicon-verification-multi-die","step":"verify","ok":true}
{"t":"2026-09-11T12:33:35.773Z","path":"/resources/proven-ip-for-silicon-design","step":"verify","ok":true}
{"t":"2026-09-11T12:33:36.409Z","path":"/resources/puf-base-premium-datasheet","step":"verify","ok":true}
{"t":"2026-09-11T12:33:36.498Z","path":"/resources/public-key-accelerator-datasheet","step":"verify","ok":true}
{"t":"2026-09-11T12:33:39.045Z","path":"/resources/puf-based-hardware-ip-defense-applications","step":"verify","ok":true}
{"t":"2026-09-11T12:33:39.050Z","path":"/resources/puf-base-premium-software-datasheet","step":"verify","ok":true}
{"t":"2026-09-11T12:33:39.515Z","path":"/resources/puf-fpga-x-base-premium-datasheet","step":"verify","ok":true}
{"t":"2026-09-11T12:33:41.946Z","path":"/resources/quantumatk-superconducting","step":"verify","ok":true}
{"t":"2026-09-11T12:33:42.030Z","path":"/resources/quantumatk","step":"verify","ok":true}
{"t":"2026-09-11T12:33:42.415Z","path":"/resources/pufs-post-quantum-world","step":"verify","ok":true}
{"t":"2026-09-11T12:33:44.925Z","path":"/resources/redhawk-sc-ds","step":"verify","ok":true}
{"t":"2026-09-11T12:33:45.871Z","path":"/resources/re-engineering-engineering-electronics-digital-twin-sdv-era","step":"verify","ok":true}
{"t":"2026-09-11T12:33:46.018Z","path":"/resources/redhawk-sc-electrothermal","step":"verify","ok":true}
{"t":"2026-09-11T12:33:48.614Z","path":"/resources/reducing-power-consumption-in-mobile-applications-with-high-speed-gear3-mipi-m-phy-ip-white-paper","step":"verify","ok":true}
{"t":"2026-09-11T12:33:48.673Z","path":"/resources/redhawk-sc-security","step":"verify","ok":true}
{"t":"2026-09-11T12:33:48.992Z","path":"/resources/reliability-sram-puf","step":"verify","ok":true}
{"t":"2026-09-11T12:33:51.088Z","path":"/resources/rethinking-automotive","step":"verify","ok":true}
{"t":"2026-09-11T12:33:51.868Z","path":"/resources/root-port-controller-ip-for-pci-express-1-1-5-0-datasheet","step":"verify","ok":true}
{"t":"2026-09-11T12:33:52.730Z","path":"/resources/sd-emmc-host-controller-ip-datasheet","step":"verify","ok":true}
{"t":"2026-09-11T12:33:54.954Z","path":"/resources/secure-interfaces-critical-semiconductor-applications","step":"verify","ok":true}
{"t":"2026-09-11T12:33:55.158Z","path":"/resources/sd-emmc-phy-ip-datasheet","step":"verify","ok":true}
{"t":"2026-09-11T12:33:55.204Z","path":"/resources/secure-boot-software-development-kit-datasheet","step":"verify","ok":true}
{"t":"2026-09-11T12:33:57.491Z","path":"/resources/secure-storage-solution-otp-ip-video","step":"verify","ok":true}
{"t":"2026-09-11T12:33:58.003Z","path":"/resources/secure-roots-of-trust-iot","step":"verify","ok":true}
{"t":"2026-09-11T12:33:59.126Z","path":"/resources/secure-storage-solution-otp-ip","step":"verify","ok":true}
{"t":"2026-09-11T12:34:01.306Z","path":"/resources/securing-silicon-modular-ip-solutions","step":"verify","ok":true}
{"t":"2026-09-11T12:34:01.351Z","path":"/resources/securing-fpgas-beyond-the-bitstream","step":"verify","ok":true}
{"t":"2026-09-11T12:34:01.513Z","path":"/resources/security-ai-whitepaper","step":"verify","ok":true}
{"t":"2026-09-11T12:34:04.094Z","path":"/resources/security-ip-brochure","step":"verify","ok":true}
{"t":"2026-09-11T12:34:04.618Z","path":"/resources/security-protocol-accelerator-datasheet","step":"verify","ok":true}
{"t":"2026-09-11T12:34:06.092Z","path":"/resources/security-protocol-accelerator-for-sm3-and-sm4-datasheet","step":"verify","ok":true}
{"t":"2026-09-11T12:34:06.971Z","path":"/resources/security-puf-fpga-a-datasheet","step":"verify","ok":true}
{"t":"2026-09-11T12:34:07.985Z","path":"/resources/shf-otp-nvm-ip-datasheet","step":"verify","ok":true}
{"t":"2026-09-11T12:34:08.397Z","path":"/resources/shift-left-verification-lint-signoff","step":"verify","ok":true}
{"t":"2026-09-11T12:34:10.085Z","path":"/resources/sil-kit-vector-synopsys-wp","step":"verify","ok":true}
{"t":"2026-09-11T12:34:11.173Z","path":"/resources/silicon-da","step":"verify","ok":true}
{"t":"2026-09-11T12:34:11.826Z","path":"/resources/simulating-atomic-layer-processing-2d-materials","step":"verify","ok":true}
{"t":"2026-09-11T12:34:13.609Z","path":"/resources/slm-actionable-silicon-insights","step":"verify","ok":true}
{"t":"2026-09-11T12:34:13.824Z","path":"/resources/slm-end-to-end-yield-learning","step":"verify","ok":true}
{"t":"2026-09-11T12:34:14.378Z","path":"/resources/slm-process-detector-sf4x-product-brief","step":"verify","ok":true}
{"t":"2026-09-11T12:34:16.022Z","path":"/resources/slm-pvt-for-n3p-product-briefs","step":"verify","ok":true}
{"t":"2026-09-11T12:34:17.336Z","path":"/resources/slm-pvt-monitor-ip-tsmc-n2p-reliability","step":"verify","ok":true}
{"t":"2026-09-11T12:34:17.484Z","path":"/resources/slm-pvtc5-product-brief","step":"verify","ok":true}
{"t":"2026-09-11T12:34:19.394Z","path":"/resources/sms-ip","step":"verify","ok":true}
{"t":"2026-09-11T12:34:20.299Z","path":"/resources/software-defined-hardware-assisted-verification-ai-era","step":"verify","ok":true}
{"t":"2026-09-11T12:34:20.800Z","path":"/resources/software-development-system-validation-collaboration-electronics-digital-twin","step":"verify","ok":true}
{"t":"2026-09-11T12:34:22.262Z","path":"/resources/sram-compiler-breakthroughs-5nm-3nm-socs","step":"verify","ok":true}
{"t":"2026-09-11T12:34:23.594Z","path":"/resources/sram-puf-cryptographic-key-protection","step":"verify","ok":true}
{"t":"2026-09-11T12:34:23.837Z","path":"/resources/sram-puf-secure-fingerprint","step":"verify","ok":true}
{"t":"2026-09-11T12:34:25.541Z","path":"/resources/standards-compliant-112g-phy-for-linear-optics","step":"verify","ok":true}
{"t":"2026-09-11T12:34:26.471Z","path":"/resources/superspeed-usb-3-0-complete-solution-datasheet","step":"verify","ok":true}
{"t":"2026-09-11T12:34:27.586Z","path":"/resources/superspeed-usb-3-1-ip-solution-datasheet","step":"verify","ok":true}
{"t":"2026-09-11T12:34:28.781Z","path":"/resources/superspeed-usb-3-2-ip-solution-datasheet","step":"verify","ok":true}
{"t":"2026-09-11T12:34:29.778Z","path":"/resources/synchronous-serial-interface-ssi-controller-ip-datasheet","step":"verify","ok":true}
{"t":"2026-09-11T12:34:30.105Z","path":"/resources/switch-port-controller-ip-for-pci-express-1-1-5-0-datasheet","step":"verify","ok":true}
{"t":"2026-09-11T12:34:31.979Z","path":"/resources/synopsys-ai-copilot-datasheet","step":"verify","ok":true}
{"t":"2026-09-11T12:34:32.202Z","path":"/resources/synopsys-ip-for-hdmi-2-0-and-1-4-rx-ip-solutions-datasheet","step":"verify","ok":true}
{"t":"2026-09-11T12:34:34.063Z","path":"/resources/synopsys-ip-for-hdmi-2-0-and-1-4-tx-ip-solutions-datasheet","step":"verify","ok":true}
{"t":"2026-09-11T12:34:34.883Z","path":"/resources/synopsys-ip-for-hdmi-2-1-rx-ip-solutions-datasheet","step":"verify","ok":true}
{"t":"2026-09-11T12:34:36.460Z","path":"/resources/synopsys-ip-for-pci-express-single-root-io-virtualization-datasheet","step":"verify","ok":true}
{"t":"2026-09-11T12:34:36.743Z","path":"/resources/synopsys-ip-for-pci-express-to-amba-3-axi-4-bridge-datasheet","step":"verify","ok":true}
{"t":"2026-09-11T12:34:37.804Z","path":"/resources/synopsys-ip-portfolio-brochure","step":"verify","ok":true}
{"t":"2026-09-11T12:34:38.156Z","path":"/resources/synopsys-phy-ip-for-pci-express-3-1-datasheet","step":"verify","ok":true}
{"t":"2026-09-11T12:34:40.284Z","path":"/resources/synopsys-phy-ip-for-pci-express-4-0-datasheet","step":"verify","ok":true}
{"t":"2026-09-11T12:34:40.769Z","path":"/resources/synopsys-testmax-advisor-wp","step":"verify","ok":true}
{"t":"2026-09-11T12:34:42.936Z","path":"/resources/ternary-cam-compilers-datasheet","step":"verify","ok":true}
{"t":"2026-09-11T12:34:43.078Z","path":"/resources/testmax-advisor","step":"verify","ok":true}
{"t":"2026-09-11T12:34:44.685Z","path":"/resources/testmax-dft","step":"verify","ok":true}
{"t":"2026-09-11T12:34:44.851Z","path":"/resources/testmax-atpg","step":"verify","ok":true}
{"t":"2026-09-11T12:34:45.717Z","path":"/resources/testmax-diagnosis","step":"verify","ok":true}
{"t":"2026-09-11T12:34:47.238Z","path":"/resources/testmax-manager","step":"verify","ok":true}
{"t":"2026-09-11T12:34:48.961Z","path":"/resources/testmax-xlbist","step":"verify","ok":true}
{"t":"2026-09-11T12:34:49.267Z","path":"/resources/testmax-vtran","step":"verify","ok":true}
{"t":"2026-09-11T12:34:50.934Z","path":"/resources/trng-truly-secure-systems","step":"verify","ok":true}
{"t":"2026-09-11T12:34:51.190Z","path":"/resources/totem","step":"verify","ok":true}
{"t":"2026-09-11T12:34:51.947Z","path":"/resources/troot-fx-hardware-secure-modules-datasheet","step":"verify","ok":true}
{"t":"2026-09-11T12:34:53.249Z","path":"/resources/troot-hardware-secure-module-for-automotive-datasheet","step":"verify","ok":true}
{"t":"2026-09-11T12:34:54.722Z","path":"/resources/troot-vx-hardware-secure-modules-datasheet","step":"verify","ok":true}
{"t":"2026-09-11T12:34:55.370Z","path":"/resources/true-random-number-generator-core-for-nist-800-90c-datasheet","step":"verify","ok":true}
{"t":"2026-09-11T12:34:56.767Z","path":"/resources/true-random-number-generator-datasheet","step":"verify","ok":true}
{"t":"2026-09-11T12:34:56.823Z","path":"/resources/trustworthy-automotive-semiconductors-wp","step":"verify","ok":true}
{"t":"2026-09-11T12:34:58.103Z","path":"/resources/ualinksec-200-security-module","step":"verify","ok":true}
{"t":"2026-09-11T12:35:00.252Z","path":"/resources/ucie-controller-ip-datasheet","step":"verify","ok":true}
{"t":"2026-09-11T12:35:01.490Z","path":"/resources/ucie-phy-ip-datasheet","step":"verify","ok":true}
{"t":"2026-09-11T12:35:01.901Z","path":"/resources/ufs-host-controller-datasheet","step":"verify","ok":true}
{"t":"2026-09-11T12:35:02.977Z","path":"/resources/ultra-high-performance-aes-xts-ecb-ip-core-datasheet","step":"verify","ok":true}
{"t":"2026-09-11T12:35:03.229Z","path":"/resources/ultra-high-performance-aes-gcm-ctr-ip-core-datasheet","step":"verify","ok":true}
{"t":"2026-09-11T12:35:04.138Z","path":"/resources/unifying-storage-diversity-leveraging-pcie-ip-for-multi-device-multi-form-factor-designs-white-paper","step":"verify","ok":true}
{"t":"2026-09-11T12:35:06.836Z","path":"/resources/universal-ddr-memory-and-protocol-controller-ip-datasheet","step":"verify","ok":true}
{"t":"2026-09-11T12:35:08.183Z","path":"/resources/unleashing-analog-design","step":"verify","ok":true}
{"t":"2026-09-11T12:35:08.893Z","path":"/resources/usb-2-0-controller-ip-datasheet","step":"verify","ok":true}
{"t":"2026-09-11T12:35:09.743Z","path":"/resources/usb-2-0-nanophy-ip-datasheet","step":"verify","ok":true}
{"t":"2026-09-11T12:35:09.879Z","path":"/resources/usb-2-0-femtophy-ip-datasheet","step":"verify","ok":true}
{"t":"2026-09-11T12:35:10.805Z","path":"/resources/usb-2-0-nanophy-ip-for-common-platform-processes-datasheet","step":"verify","ok":true}
{"t":"2026-09-11T12:35:13.386Z","path":"/resources/usb-2-0-picophy-ip-datasheet","step":"verify","ok":true}
{"t":"2026-09-11T12:35:15.200Z","path":"/resources/usb-3-0-femtophy-ip-datasheet","step":"verify","ok":true}
{"t":"2026-09-11T12:35:15.458Z","path":"/resources/usb-2-0-type-c-ip-for-iot-datasheet","step":"verify","ok":true}
{"t":"2026-09-11T12:35:16.341Z","path":"/resources/usb-3-1-evolution-and-revolution-white-paper","step":"verify","ok":true}
{"t":"2026-09-11T12:35:16.374Z","path":"/resources/usb-3-2-a-usb-type-c-challenge-for-soc-designers-white-paper","step":"verify","ok":true}
{"t":"2026-09-11T12:35:17.408Z","path":"/resources/usb-c-3-1-displayport-1-4-tx-ip-complete-solution-datasheet","step":"verify","ok":true}
{"t":"2026-09-11T12:35:19.891Z","path":"/resources/usb-lpm-digital-controller-and-phy-ip-datasheet","step":"verify","ok":true}
{"t":"2026-09-11T12:35:21.850Z","path":"/resources/usb4-ip-solution-datasheet","step":"verify","ok":true}
{"t":"2026-09-11T12:35:21.890Z","path":"/resources/usb4-user-expectations-drive-design-complexity-white-paper","step":"verify","ok":true}
{"t":"2026-09-11T12:35:22.927Z","path":"/resources/vc-spyglass-lint-datasheet","step":"verify","ok":true}
{"t":"2026-09-11T12:35:23.361Z","path":"/resources/vc-spyglass-lint-early-detection","step":"verify","ok":true}
{"t":"2026-09-11T12:35:23.820Z","path":"/resources/velocerf","step":"verify","ok":true}
{"t":"2026-09-11T12:35:26.670Z","path":"/resources/verification-and-validation-of-automotive-safety-element-out-of-context-white-paper","step":"verify","ok":true}
{"t":"2026-09-11T12:35:27.928Z","path":"/resources/vesa-dsc-decoder-ip-datasheet","step":"verify","ok":true}
{"t":"2026-09-11T12:35:28.281Z","path":"/resources/vesa-dsc-encoder-ip-datasheet","step":"verify","ok":true}
{"t":"2026-09-11T12:35:29.006Z","path":"/resources/vrm-cookbook-bluespec-riscv","step":"verify","ok":true}
{"t":"2026-09-11T12:35:29.436Z","path":"/resources/what-designers-need-to-know-about-usb-low-power-states-white-paper","step":"verify","ok":true}
{"t":"2026-09-11T12:35:30.746Z","path":"/resources/which-ddr-sdram-memory-to-use-and-when-white-paper","step":"verify","ok":true}
{"t":"2026-09-11T12:35:33.017Z","path":"/resources/xaui-phy-ip-datasheet","step":"verify","ok":true}
{"t":"2026-09-11T12:35:34.596Z","path":"/resources/xbc-otp-nvm-ip-siprom-architecture-datasheet","step":"verify","ok":true}
{"t":"2026-09-11T12:35:34.761Z","path":"/resources/xaui-phy-ip-for-common-platform-processes-datasheet","step":"verify","ok":true}
{"t":"2026-09-11T12:35:35.781Z","path":"/resources/xbc-otp-nvm-ip-slpmx-architecture-datasheet","step":"verify","ok":true}
{"t":"2026-09-11T12:35:36.052Z","path":"/resources/xbc-xhc-otp-nvm-ip-slp-a-architecture-datasheet","step":"verify","ok":true}
{"t":"2026-09-11T12:35:36.968Z","path":"/resources/xbc-xhc-otp-nvm-ip-slp-architecture-datasheet","step":"verify","ok":true}
{"t":"2026-09-11T12:35:38.866Z","path":"/resources/xbc-xhc-otp-nvm-ip-slp-b-architecture-datasheet","step":"verify","ok":true}
{"t":"2026-09-11T12:35:40.992Z","path":"/resources/xhc-otp-nvm-ip-slp-c-architecture-datasheet","step":"verify","ok":true}
{"t":"2026-09-11T12:35:41.932Z","path":"/resources/xsc-otp-nvm-ip-secretcode-architecture-datasheet","step":"verify","ok":true}
{"t":"2026-09-11T12:35:41.947Z","path":"/resources/xsr-phy-ip-datasheet","step":"verify","ok":true}
{"t":"2026-09-11T12:35:42.394Z","path":"/resources","step":"verify","ok":true}
{"t":"2026-09-11T12:35:43.024Z","path":"/search","step":"verify","ok":true}
{"t":"2026-09-11T12:35:44.497Z","path":"/services/design-services/arm-based-solution/quickstart-implementation-services-faq","step":"verify","ok":true}
{"t":"2026-09-11T12:35:47.536Z","path":"/services/design-services/arm-based-solution","step":"verify","ok":true}
{"t":"2026-09-11T12:35:47.912Z","path":"/services/design-services/contact-system-design-solutions","step":"verify","ok":true}
{"t":"2026-09-11T12:35:48.040Z","path":"/services/design-services/firstpass-engineering","step":"verify","ok":true}
{"t":"2026-09-11T12:35:48.397Z","path":"/services/design-services/functional-safety-services","step":"verify","ok":true}
{"t":"2026-09-11T12:35:49.282Z","path":"/services/design-services/methodology-consulting-flow-deployment","step":"verify","ok":true}
{"t":"2026-09-11T12:35:50.146Z","path":"/services/design-services/physical-design-assistance","step":"verify","ok":true}
{"t":"2026-09-11T12:35:53.438Z","path":"/services/design-services/soc-design-services","step":"verify","ok":true}
{"t":"2026-09-11T12:35:54.123Z","path":"/services","step":"verify","ok":true}
{"t":"2026-09-11T12:35:54.298Z","path":"/services/design-services","step":"verify","ok":true}
{"t":"2026-09-11T12:35:54.558Z","path":"/silicon-design","step":"verify","ok":false,"why":"about:error in delivered html"}
{"t":"2026-09-11T12:35:55.550Z","path":"/sitemap","step":"verify","ok":true}
{"t":"2026-09-11T12:35:56.147Z","path":"/snps/blogs/chip-design-en-us-xml","step":"verify","ok":true}
{"t":"2026-09-11T12:35:59.453Z","path":"/snps/blogs/chip-design-zh-cn-xml","step":"verify","ok":true}
{"t":"2026-09-11T12:36:00.640Z","path":"/solutions/a-z","step":"verify","ok":true}
{"t":"2026-09-11T12:36:01.026Z","path":"/solutions/aerospace-government/contact-us","step":"verify","ok":true}
{"t":"2026-09-11T12:36:01.121Z","path":"/solutions/5g","step":"verify","ok":true}
{"t":"2026-09-11T12:36:02.232Z","path":"/solutions/automotive/contact-us","step":"verify","ok":true}
{"t":"2026-09-11T12:36:02.611Z","path":"/solutions/aerospace-government","step":"verify","ok":true}
{"t":"2026-09-11T12:36:05.995Z","path":"/solutions/automotive/customers","step":"verify","ok":true}
{"t":"2026-09-11T12:36:07.665Z","path":"/solutions/automotive/functional-safety-and-security","step":"verify","ok":true}
{"t":"2026-09-11T12:36:07.944Z","path":"/solutions/automotive/industry","step":"verify","ok":true}
{"t":"2026-09-11T12:36:08.051Z","path":"/solutions/automotive/safety-aware-solution","step":"verify","ok":true}
{"t":"2026-09-11T12:36:09.106Z","path":"/solutions/automotive/safety-specification-format","step":"verify","ok":true}
{"t":"2026-09-11T12:36:09.698Z","path":"/solutions/automotive","step":"verify","ok":true}
{"t":"2026-09-11T12:36:12.768Z","path":"/solutions/electronics-digital-twin","step":"verify","ok":true}
{"t":"2026-09-11T12:36:13.514Z","path":"/solutions/energy-efficient/low-power-design","step":"verify","ok":true}
{"t":"2026-09-11T12:36:14.194Z","path":"/solutions/hpc-data-center/products","step":"verify","ok":true}
{"t":"2026-09-11T12:36:14.685Z","path":"/solutions/energy-efficient","step":"verify","ok":true}
{"t":"2026-09-11T12:36:16.127Z","path":"/solutions/hpc-data-center","step":"verify","ok":true}
{"t":"2026-09-11T12:36:16.147Z","path":"/solutions/iot","step":"verify","ok":true}
{"t":"2026-09-11T12:36:19.133Z","path":"/solutions/medical","step":"verify","ok":true}
{"t":"2026-09-11T12:36:19.574Z","path":"/solutions/memory/dtco","step":"verify","ok":true}
{"t":"2026-09-11T12:36:20.391Z","path":"/solutions/memory/reliability","step":"verify","ok":true}
{"t":"2026-09-11T12:36:21.601Z","path":"/solutions/memory/shift-left","step":"verify","ok":true}
{"t":"2026-09-11T12:36:22.009Z","path":"/solutions/multi-die-design/contact-us","step":"verify","ok":true}
{"t":"2026-09-11T12:36:22.269Z","path":"/solutions/memory","step":"verify","ok":true}
{"t":"2026-09-11T12:36:25.766Z","path":"/solutions/multi-die-design/customer-success","step":"verify","ok":true}
{"t":"2026-09-11T12:36:26.567Z","path":"/solutions/multi-die-design/mit-technology-review-future-semiconductors","step":"verify","ok":true}
{"t":"2026-09-11T12:36:26.708Z","path":"/solutions/multi-die-design/heterogeneous-integration","step":"verify","ok":true}
{"t":"2026-09-11T12:36:27.938Z","path":"/solutions/multi-die-design/resources","step":"verify","ok":true}
{"t":"2026-09-11T12:36:28.970Z","path":"/solutions/multi-die-design","step":"verify","ok":true}
{"t":"2026-09-11T12:36:29.239Z","path":"/solutions/multiphysics-fusion","step":"verify","ok":true}
{"t":"2026-09-11T12:36:31.966Z","path":"/solutions/rf-design","step":"verify","ok":true}
{"t":"2026-09-11T12:36:32.621Z","path":"/solutions/risc-v","step":"verify","ok":true}
{"t":"2026-09-11T12:36:33.329Z","path":"/solutions/silicon-lifecycle-management/contact-us","step":"verify","ok":true}
{"t":"2026-09-11T12:36:34.016Z","path":"/solutions/silicon-lifecycle-management/avalon","step":"verify","ok":true}
{"t":"2026-09-11T12:36:35.112Z","path":"/solutions/silicon-lifecycle-management/data-highway/high-speed-access-and-test","step":"verify","ok":true}
{"t":"2026-09-11T12:36:35.567Z","path":"/solutions/silicon-lifecycle-management/data-highway/synopsys-ip-shs/shs-silicon-browser","step":"verify","ok":true}
{"t":"2026-09-11T12:36:37.975Z","path":"/solutions/silicon-lifecycle-management/data-highway/synopsys-ip-shs/shs-yield-accelerator","step":"verify","ok":true}
{"t":"2026-09-11T12:36:39.069Z","path":"/solutions/silicon-lifecycle-management/data-highway/synopsys-ip-shs","step":"verify","ok":true}
{"t":"2026-09-11T12:36:39.330Z","path":"/solutions/silicon-lifecycle-management/data-highway","step":"verify","ok":true}
{"t":"2026-09-11T12:36:40.763Z","path":"/solutions/silicon-lifecycle-management/environmental-monitors/slm-ecc-ip","step":"verify","ok":true}
{"t":"2026-09-11T12:36:41.176Z","path":"/solutions/silicon-lifecycle-management/environmental-monitors","step":"verify","ok":true}
{"t":"2026-09-11T12:36:41.646Z","path":"/solutions/silicon-lifecycle-management/environmental-monitors/slm-pvt-monitor-ip","step":"verify","ok":true}
{"t":"2026-09-11T12:36:44.394Z","path":"/solutions/silicon-lifecycle-management/functional-monitors/advanced-clock-generator-ip","step":"verify","ok":true}
{"t":"2026-09-11T12:36:45.367Z","path":"/solutions/silicon-lifecycle-management/functional-monitors","step":"verify","ok":true}
{"t":"2026-09-11T12:36:45.570Z","path":"/solutions/silicon-lifecycle-management/functional-monitors/clock-and-delay-monitor-ip","step":"verify","ok":true}
{"t":"2026-09-11T12:36:47.092Z","path":"/solutions/silicon-lifecycle-management/resources/articles","step":"verify","ok":true}
{"t":"2026-09-11T12:36:47.129Z","path":"/solutions/silicon-lifecycle-management/monitor-analytics","step":"verify","ok":true}
{"t":"2026-09-11T12:36:47.320Z","path":"/solutions/silicon-lifecycle-management/resources/blogs","step":"verify","ok":true}
{"t":"2026-09-11T12:36:49.728Z","path":"/solutions/silicon-lifecycle-management/resources/events","step":"verify","ok":true}
{"t":"2026-09-11T12:36:50.968Z","path":"/solutions/silicon-lifecycle-management/resources/news","step":"verify","ok":true}
{"t":"2026-09-11T12:36:51.412Z","path":"/solutions/silicon-lifecycle-management/resources/podcasts","step":"verify","ok":true}
{"t":"2026-09-11T12:36:52.841Z","path":"/solutions/silicon-lifecycle-management/resources/videos","step":"verify","ok":true}
{"t":"2026-09-11T12:36:53.049Z","path":"/solutions/silicon-lifecycle-management/resources/webinars","step":"verify","ok":true}
{"t":"2026-09-11T12:36:54.695Z","path":"/solutions/silicon-lifecycle-management/resources","step":"verify","ok":true}
{"t":"2026-09-11T12:36:56.855Z","path":"/solutions/silicon-lifecycle-management/sdc-ras-video-panel","step":"verify","ok":true}
{"t":"2026-09-11T12:36:58.202Z","path":"/solutions/silicon-lifecycle-management/structural-monitors/path-margin-monitor-ip","step":"verify","ok":true}
{"t":"2026-09-11T12:36:58.340Z","path":"/solutions/silicon-lifecycle-management/structural-monitors/slm-ext-ram-ip","step":"verify","ok":true}
{"t":"2026-09-11T12:36:59.520Z","path":"/solutions/silicon-lifecycle-management/structural-monitors/slm-sim-ip","step":"verify","ok":true}
{"t":"2026-09-11T12:37:00.171Z","path":"/solutions/silicon-lifecycle-management/structural-monitors","step":"verify","ok":true}
{"t":"2026-09-11T12:37:00.248Z","path":"/solutions/silicon-lifecycle-management/structural-monitors/slm-ucie-mtr-ip","step":"verify","ok":true}
{"t":"2026-09-11T12:37:02.725Z","path":"/solutions/silicon-lifecycle-management/yield-explorer/embedded-memories-diagnosis-flow-video","step":"verify","ok":true}
{"t":"2026-09-11T12:37:04.350Z","path":"/solutions/silicon-lifecycle-management/yield-explorer","step":"verify","ok":true}
{"t":"2026-09-11T12:37:05.801Z","path":"/solutions/silicon-lifecycle-management","step":"verify","ok":true}
{"t":"2026-09-11T12:37:05.971Z","path":"/solutions","step":"verify","ok":true}
{"t":"2026-09-11T12:37:06.751Z","path":"/startup-innovation","step":"verify","ok":true}
{"t":"2026-09-11T12:37:06.978Z","path":"/success-stories/aaroh-labs-advanced-node-semiconductor-designs","step":"verify","ok":true}
{"t":"2026-09-11T12:37:08.426Z","path":"/success-stories/abr-tapes-out-processor-synopsys-cloud","step":"verify","ok":true}
{"t":"2026-09-11T12:37:11.790Z","path":"/success-stories/achronix-accelerates-chip-design-with-synopsys-cloud","step":"verify","ok":true}
{"t":"2026-09-11T12:37:11.845Z","path":"/success-stories/achronix-achieves-first-pass-silicon-success-for-high-performance-fpgas","step":"verify","ok":true}
{"t":"2026-09-11T12:37:12.427Z","path":"/success-stories/advantest-improves-semiconductor-yield-with-test-data-analytics","step":"verify","ok":true}
{"t":"2026-09-11T12:37:13.168Z","path":"/success-stories/arm-enabling-soc-visibility-for-secure-hardware","step":"verify","ok":true}
{"t":"2026-09-11T12:37:14.194Z","path":"/success-stories/astera-labs-accelerates-hpc-systems-time-to-market","step":"verify","ok":true}
{"t":"2026-09-11T12:37:14.692Z","path":"/success-stories/aws-leveraging-high-speed-interfaces-for-testing-monitoring","step":"verify","ok":true}
{"t":"2026-09-11T12:37:18.124Z","path":"/success-stories/calligotech-next-gen-computing-with-synopsys-design-flow","step":"verify","ok":true}
{"t":"2026-09-11T12:37:19.211Z","path":"/success-stories/carnegie-technologies-iot-security-for-asset-management","step":"verify","ok":true}
{"t":"2026-09-11T12:37:19.530Z","path":"/success-stories/cerebras-uses-in-chip-sensors-in-wse-2-chip","step":"verify","ok":true}
{"t":"2026-09-11T12:37:20.032Z","path":"/success-stories/cisco-enhances-asic-slm","step":"verify","ok":true}
{"t":"2026-09-11T12:37:20.685Z","path":"/success-stories/cisco-reduces-project-schedule-with-synopsys-cloud","step":"verify","ok":true}
{"t":"2026-09-11T12:37:20.935Z","path":"/success-stories/corehw-80ghz-mmwave-pll-with-synopsys-rfic-design-flow","step":"verify","ok":true}
{"t":"2026-09-11T12:37:24.120Z","path":"/success-stories/dreambig-semiconductors-tapeout-synopsys-3dic-compiler-cloud","step":"verify","ok":true}
{"t":"2026-09-11T12:37:26.065Z","path":"/success-stories/electronics-digital-twins-volvo-cars","step":"verify","ok":true}
{"t":"2026-09-11T12:37:26.305Z","path":"/success-stories/etched-ai-silicon-validation","step":"verify","ok":true}
{"t":"2026-09-11T12:37:27.217Z","path":"/success-stories/ferrari-cuts-powertrain-prototypes-by-40-percent-with-simulation","step":"verify","ok":true}
{"t":"2026-09-11T12:37:27.725Z","path":"/success-stories/fujitsu-next-gen-processor-fugakunext-supercomputer","step":"verify","ok":true}
{"t":"2026-09-11T12:37:28.146Z","path":"/success-stories/flex-logix-enhancing-efpga-security","step":"verify","ok":true}
{"t":"2026-09-11T12:37:31.054Z","path":"/success-stories/google-accelerates-advanced-soc-testing","step":"verify","ok":true}
{"t":"2026-09-11T12:37:32.645Z","path":"/success-stories/google-tensor-soc-validation","step":"verify","ok":true}
{"t":"2026-09-11T12:37:33.061Z","path":"/success-stories/gowin-securing-iot-with-fpga","step":"verify","ok":true}
{"t":"2026-09-11T12:37:33.269Z","path":"/success-stories/guc-accelerates-chip-design-with-floorplan-automation","step":"verify","ok":true}
{"t":"2026-09-11T12:37:34.066Z","path":"/success-stories/hcltech-accelerating-silicon-success-with-synopsys-cloud-ip","step":"verify","ok":true}
{"t":"2026-09-11T12:37:34.399Z","path":"/success-stories/hcltech-speeds-asic-thermal-modeling-with-sentaurus","step":"verify","ok":true}
{"t":"2026-09-11T12:37:37.412Z","path":"/success-stories/ibm-explores-alternative-interconnect-metals","step":"verify","ok":true}
{"t":"2026-09-11T12:37:39.388Z","path":"/success-stories/impar-leveraging-chip-design-verification-in-the-cloud","step":"verify","ok":true}
{"t":"2026-09-11T12:37:39.717Z","path":"/success-stories/infineon-drives-automotive-mcu-performance-with-synopsys","step":"verify","ok":true}
{"t":"2026-09-11T12:37:39.971Z","path":"/success-stories/intel-accelerates-x-propagation-debug-with-synopsys-verdi-xrca-technology","step":"verify","ok":true}
{"t":"2026-09-11T12:37:40.219Z","path":"/success-stories/intel-achieves-first-ucie-connected-chiplet-based-test-chip","step":"verify","ok":true}
{"t":"2026-09-11T12:37:41.739Z","path":"/success-stories/intel-replicates-real-world-vulnerability","step":"verify","ok":true}
{"t":"2026-09-11T12:37:43.379Z","path":"/success-stories/intel-self-timed-sram-timing-verification-nanotime","step":"verify","ok":true}
{"t":"2026-09-11T12:37:45.427Z","path":"/success-stories/intel-sepl","step":"verify","ok":true}
{"t":"2026-09-11T12:37:46.243Z","path":"/success-stories/intelliprop-meets-design-schedule-for-memory-controller","step":"verify","ok":true}
{"t":"2026-09-11T12:37:47.003Z","path":"/success-stories/keysight-validates-pcie-6-0-specification","step":"verify","ok":true}
{"t":"2026-09-11T12:37:47.373Z","path":"/success-stories/iontra-accelerates-dev-synopsys-cloud-saas","step":"verify","ok":true}
{"t":"2026-09-11T12:37:47.984Z","path":"/success-stories/lightelligence-revolutionizes-optical-soc-design","step":"verify","ok":true}
{"t":"2026-09-11T12:37:49.500Z","path":"/success-stories/m31-faster-characterization-synopsys-cloud-primelib","step":"verify","ok":true}
{"t":"2026-09-11T12:37:52.082Z","path":"/success-stories/marvell-gen-ai-formal-verification","step":"verify","ok":true}
{"t":"2026-09-11T12:37:52.593Z","path":"/success-stories/mediatek-2nm-sram-yield-hcva-primesim-xa","step":"verify","ok":true}
{"t":"2026-09-11T12:37:53.579Z","path":"/success-stories/metanoia-launches-5g-platform-flexeda-cloud-saas","step":"verify","ok":true}
{"t":"2026-09-11T12:37:53.890Z","path":"/success-stories/mentium-accelerates-ai-chip-tape-out-for-space-applications","step":"verify","ok":true}
{"t":"2026-09-11T12:37:54.436Z","path":"/success-stories/microsoft-uncovers-hidden-testbench-bugs","step":"verify","ok":true}
{"t":"2026-09-11T12:37:55.831Z","path":"/success-stories/multibeam-innovation-with-e-beam-lithography","step":"verify","ok":true}
{"t":"2026-09-11T12:37:58.942Z","path":"/success-stories/neuchips-creates-ai-accelerator-chip-in-18-months","step":"verify","ok":true}
{"t":"2026-09-11T12:37:59.459Z","path":"/success-stories/neureality-accelerating-ai-chip-tape-out-with-cloud-based-emulation","step":"verify","ok":true}
{"t":"2026-09-11T12:38:00.801Z","path":"/success-stories/neureality-ml-driven-simulation-faster-coverage-bug-detection","step":"verify","ok":true}
{"t":"2026-09-11T12:38:01.197Z","path":"/success-stories/nxp-accelerates-automotive-software-and-processor-design","step":"verify","ok":true}
{"t":"2026-09-11T12:38:01.709Z","path":"/success-stories/orbbec-achieves-first-pass-silicon-success-for-3d-camera","step":"verify","ok":true}
{"t":"2026-09-11T12:38:01.709Z","path":"/success-stories/novatek-achieves-first-pass-silicon-success-for-mobile-display-soc","step":"verify","ok":true}
{"t":"2026-09-11T12:38:05.726Z","path":"/success-stories/parade-technologies-tapes-out-usb4-retimer-dut-with-synopsys","step":"verify","ok":true}
{"t":"2026-09-11T12:38:05.977Z","path":"/success-stories/rain-ai-low-power-ai-accelerator-chip-synopsys-cloud","step":"verify","ok":true}
{"t":"2026-09-11T12:38:07.451Z","path":"/success-stories/samsung-foundry-achieves-accelerated-multi-die-system-design","step":"verify","ok":true}
{"t":"2026-09-11T12:38:07.520Z","path":"/success-stories/rebellions-transforms-energy-efficient-ai-computing","step":"verify","ok":true}
{"t":"2026-09-11T12:38:08.158Z","path":"/success-stories/sima-ai-enables-edge-machine-learning-applications","step":"verify","ok":true}
{"t":"2026-09-11T12:38:08.913Z","path":"/success-stories/sophic-silicon-accelerates-wireless-soc-innovation","step":"verify","ok":true}
{"t":"2026-09-11T12:38:12.019Z","path":"/success-stories/stmicroelectronics-power-aware-clock-domain-crossing","step":"verify","ok":true}
{"t":"2026-09-11T12:38:12.166Z","path":"/success-stories/synaptics-arc-hs58x3-migration-with-synopsys-qik-and-dso-ai","step":"verify","ok":true}
{"t":"2026-09-11T12:38:14.327Z","path":"/success-stories/weeteq-tapes-out-ai","step":"verify","ok":true}
{"t":"2026-09-11T12:38:14.463Z","path":"/success-stories/view-all","step":"verify","ok":true}
{"t":"2026-09-11T12:38:14.535Z","path":"/success-stories/tetramem-develops-novel-ai-accelerator-soc","step":"verify","ok":true}
{"t":"2026-09-11T12:38:15.328Z","path":"/success-stories/xconn-achieves-first-pass-silicon-success-for-cxl-switch-soc","step":"verify","ok":true}
{"t":"2026-09-11T12:38:17.999Z","path":"/support/dw-license-notice","step":"verify","ok":true}
{"t":"2026-09-11T12:38:18.219Z","path":"/success-stories","step":"verify","ok":true}
{"t":"2026-09-11T12:38:20.446Z","path":"/support/global-support-centers","step":"verify","ok":true}
{"t":"2026-09-11T12:38:20.940Z","path":"/support/licensing-installation-computeplatforms/ansys-scbu-migration","step":"verify","ok":true}
{"t":"2026-09-11T12:38:21.156Z","path":"/support/licensing-installation-computeplatforms/ansys","step":"verify","ok":true}
{"t":"2026-09-11T12:38:22.213Z","path":"/support/licensing-installation-computeplatforms/certificates","step":"verify","ok":true}
{"t":"2026-09-11T12:38:24.303Z","path":"/support/licensing-installation-computeplatforms/compute-platforms/containers","step":"verify","ok":true}
{"t":"2026-09-11T12:38:24.438Z","path":"/support/licensing-installation-computeplatforms/compute-platforms/compute-platforms-roadmap","step":"verify","ok":true}
{"t":"2026-09-11T12:38:26.181Z","path":"/support/licensing-installation-computeplatforms/compute-platforms/platform-notice/2004-red-hat-linux-versions","step":"verify","ok":true}
{"t":"2026-09-11T12:38:26.686Z","path":"/support/licensing-installation-computeplatforms/compute-platforms/platform-notice/2005-hp-ux-platform-end-of-life","step":"verify","ok":true}
{"t":"2026-09-11T12:38:27.715Z","path":"/support/licensing-installation-computeplatforms/compute-platforms/platform-notice/2005-qsc-solaris-aix-baseline-changes","step":"verify","ok":true}
{"t":"2026-09-11T12:38:28.286Z","path":"/support/licensing-installation-computeplatforms/compute-platforms/platform-notice/2005-tcad-products-notice","step":"verify","ok":true}
{"t":"2026-09-11T12:38:29.868Z","path":"/support/licensing-installation-computeplatforms/compute-platforms/platform-notice/2006-ic-workbench-ev-on-hp-ux","step":"verify","ok":true}
{"t":"2026-09-11T12:38:30.293Z","path":"/support/licensing-installation-computeplatforms/compute-platforms/platform-notice/2006-os-platform-end-of-life-itanium-processor","step":"verify","ok":true}
{"t":"2026-09-11T12:38:32.141Z","path":"/support/licensing-installation-computeplatforms/compute-platforms/platform-notice/2006-proteus-products-on-hp-ux-or-red-hat-linux","step":"verify","ok":true}
{"t":"2026-09-11T12:38:32.845Z","path":"/support/licensing-installation-computeplatforms/compute-platforms/platform-notice/2007-a-foundation-red-hat-enterprise-linux-baseline-changes","step":"verify","ok":true}
{"t":"2026-09-11T12:38:33.347Z","path":"/support/licensing-installation-computeplatforms/compute-platforms/platform-notice/2007-ic-workbench-product-on-the-sun-sparc-solaris-platform","step":"verify","ok":true}
{"t":"2026-09-11T12:38:34.473Z","path":"/support/licensing-installation-computeplatforms/compute-platforms/platform-notice/2007-proteus-products-on-the-ia-64","step":"verify","ok":true}
{"t":"2026-09-11T12:38:35.333Z","path":"/support/licensing-installation-computeplatforms/compute-platforms/platform-notice/2007-proteus-products-on-the-sun-sparc-solaris-platform","step":"verify","ok":true}
{"t":"2026-09-11T12:38:36.117Z","path":"/support/licensing-installation-computeplatforms/compute-platforms/platform-notice/2007-proteus-sun-sparc-solaris-platform","step":"verify","ok":true}
{"t":"2026-09-11T12:38:37.989Z","path":"/support/licensing-installation-computeplatforms/compute-platforms/platform-notice/2007-sivl-products-on-the-ia-64-itanium-platform","step":"verify","ok":true}
{"t":"2026-09-11T12:38:38.526Z","path":"/support/licensing-installation-computeplatforms/compute-platforms/platform-notice/2008-sivl-sun-sparc-solaris","step":"verify","ok":true}
{"t":"2026-09-11T12:38:39.917Z","path":"/support/licensing-installation-computeplatforms/compute-platforms/platform-notice/2008-sparc-solaris-schedule-change","step":"verify","ok":true}
{"t":"2026-09-11T12:38:40.206Z","path":"/support/licensing-installation-computeplatforms/compute-platforms/platform-notice/2008-tcad-sentaurus","step":"verify","ok":true}
{"t":"2026-09-11T12:38:40.958Z","path":"/support/licensing-installation-computeplatforms/compute-platforms/platform-notice/2009-tcad-product-letter","step":"verify","ok":true}
{"t":"2026-09-11T12:38:42.013Z","path":"/support/licensing-installation-computeplatforms/compute-platforms/platform-notice/2011-microsoft-windows-support-changes","step":"verify","ok":true}
{"t":"2026-09-11T12:38:43.978Z","path":"/support/licensing-installation-computeplatforms/compute-platforms/platform-notice/2011-sparc-solaris-support-changes","step":"verify","ok":true}
{"t":"2026-09-11T12:38:44.103Z","path":"/support/licensing-installation-computeplatforms/compute-platforms/platform-notice/2011-stl-port","step":"verify","ok":true}
{"t":"2026-09-11T12:38:45.749Z","path":"/support/licensing-installation-computeplatforms/compute-platforms/platform-notice/2012-i-foundation-red-hat-enterprise-linux-baseline-changes","step":"verify","ok":true}
{"t":"2026-09-11T12:38:45.864Z","path":"/support/licensing-installation-computeplatforms/compute-platforms/platform-notice/2015-end-of-support-for-synopsys-license-server-on-sparc-olaris","step":"verify","ok":true}
{"t":"2026-09-11T12:38:46.899Z","path":"/support/licensing-installation-computeplatforms/compute-platforms/platform-notice/2015-k-foundation-solaris-sparc-support-end-of-life","step":"verify","ok":true}
{"t":"2026-09-11T12:38:47.549Z","path":"/support/licensing-installation-computeplatforms/compute-platforms/platform-notice/2015-platform-name-change-for-red-hat-enterprise-linux","step":"verify","ok":true}
{"t":"2026-09-11T12:38:49.746Z","path":"/support/licensing-installation-computeplatforms/compute-platforms/platform-notice/2016-m-foundation-red-hat-enterprise-linux","step":"verify","ok":true}
{"t":"2026-09-11T12:38:49.833Z","path":"/support/licensing-installation-computeplatforms/compute-platforms/platform-notice/2015-suse-port-moving-linux-executable","step":"verify","ok":true}
{"t":"2026-09-11T12:38:51.531Z","path":"/support/licensing-installation-computeplatforms/compute-platforms/platform-notice/2017-o-foundation-suse-linux-and-windows-support-changes","step":"verify","ok":true}
{"t":"2026-09-11T12:38:51.642Z","path":"/support/licensing-installation-computeplatforms/compute-platforms/platform-notice/2018-o-foundation-centos-support-changes","step":"verify","ok":true}
{"t":"2026-09-11T12:38:53.312Z","path":"/support/licensing-installation-computeplatforms/compute-platforms/platform-notice/2020-s-foundation-centos-and-rhel-support-changes","step":"verify","ok":true}
{"t":"2026-09-11T12:38:53.517Z","path":"/support/licensing-installation-computeplatforms/compute-platforms/platform-notice/2020-s-foundation-sles-and-win-support-changes","step":"verify","ok":true}
{"t":"2026-09-11T12:38:55.619Z","path":"/support/licensing-installation-computeplatforms/compute-platforms/platform-notice/2021-t-foundation-centos-support-changes","step":"verify","ok":true}
{"t":"2026-09-11T12:38:55.733Z","path":"/support/licensing-installation-computeplatforms/compute-platforms/platform-notice/2022-v-foundation-sles-support-changes","step":"verify","ok":true}
{"t":"2026-09-11T12:38:57.202Z","path":"/support/licensing-installation-computeplatforms/compute-platforms/platform-notice/2023-w-foundation-win-support-changes","step":"verify","ok":true}
{"t":"2026-09-11T12:38:57.244Z","path":"/support/licensing-installation-computeplatforms/compute-platforms/platform-notice/2025-y-foundation-centos-support-changes","step":"verify","ok":true}
{"t":"2026-09-11T12:38:59.151Z","path":"/support/licensing-installation-computeplatforms/compute-platforms/platform-notice/2025-y-foundation-sles-and-win-support-changes","step":"verify","ok":true}
{"t":"2026-09-11T12:38:59.630Z","path":"/support/licensing-installation-computeplatforms/compute-platforms/platform-notice","step":"verify","ok":true}
{"t":"2026-09-11T12:39:01.696Z","path":"/support/licensing-installation-computeplatforms/compute-platforms/release-specific-support/supported-j-foundation","step":"verify","ok":true}
{"t":"2026-09-11T12:39:01.911Z","path":"/support/licensing-installation-computeplatforms/compute-platforms/release-specific-support/supported-a-foundation","step":"verify","ok":true}
{"t":"2026-09-11T12:39:03.135Z","path":"/support/licensing-installation-computeplatforms/compute-platforms/release-specific-support/supported-m-foundation","step":"verify","ok":true}
{"t":"2026-09-11T12:39:03.347Z","path":"/support/licensing-installation-computeplatforms/compute-platforms/release-specific-support/supported-n-foundation","step":"verify","ok":true}
{"t":"2026-09-11T12:39:05.192Z","path":"/support/licensing-installation-computeplatforms/compute-platforms/release-specific-support/supported-o-foundation","step":"verify","ok":true}
{"t":"2026-09-11T12:39:05.905Z","path":"/support/licensing-installation-computeplatforms/compute-platforms/release-specific-support/supported-p-foundation","step":"verify","ok":true}
{"t":"2026-09-11T12:39:07.354Z","path":"/support/licensing-installation-computeplatforms/compute-platforms/release-specific-support/supported-q-foundation","step":"verify","ok":true}
{"t":"2026-09-11T12:39:07.611Z","path":"/support/licensing-installation-computeplatforms/compute-platforms/release-specific-support/supported-r-foundation","step":"verify","ok":true}
{"t":"2026-09-11T12:39:08.874Z","path":"/support/licensing-installation-computeplatforms/compute-platforms/release-specific-support/supported-t-foundation","step":"verify","ok":true}
{"t":"2026-09-11T12:39:08.875Z","path":"/support/licensing-installation-computeplatforms/compute-platforms/release-specific-support/supported-s-foundation","step":"verify","ok":true}
{"t":"2026-09-11T12:39:11.057Z","path":"/support/licensing-installation-computeplatforms/compute-platforms/release-specific-support/supported-u-foundation","step":"verify","ok":true}
{"t":"2026-09-11T12:39:12.422Z","path":"/support/licensing-installation-computeplatforms/compute-platforms/release-specific-support/supported-v-foundation","step":"verify","ok":true}
{"t":"2026-09-11T12:39:13.136Z","path":"/support/licensing-installation-computeplatforms/compute-platforms/release-specific-support/supported-w-foundation","step":"verify","ok":true}
{"t":"2026-09-11T12:39:13.252Z","path":"/support/licensing-installation-computeplatforms/compute-platforms/release-specific-support/supported-x-foundation","step":"verify","ok":true}
{"t":"2026-09-11T12:39:15.225Z","path":"/support/licensing-installation-computeplatforms/compute-platforms/release-specific-support/supported-z-foundation","step":"verify","ok":true}
{"t":"2026-09-11T12:39:15.225Z","path":"/support/licensing-installation-computeplatforms/compute-platforms/release-specific-support/supported-y-foundation","step":"verify","ok":true}
{"t":"2026-09-11T12:39:16.703Z","path":"/support/licensing-installation-computeplatforms/compute-platforms/release-specific-support/synopsys-k-foundation","step":"verify","ok":true}
{"t":"2026-09-11T12:39:18.480Z","path":"/support/licensing-installation-computeplatforms/compute-platforms/release-specific-support/synopsys-l-foundation","step":"verify","ok":true}
{"t":"2026-09-11T12:39:18.723Z","path":"/support/licensing-installation-computeplatforms/compute-platforms/release-specific-support","step":"verify","ok":true}
{"t":"2026-09-11T12:39:18.993Z","path":"/support/licensing-installation-computeplatforms/compute-platforms","step":"verify","ok":true}
{"t":"2026-09-11T12:39:21.226Z","path":"/support/licensing-installation-computeplatforms/css","step":"verify","ok":true}
{"t":"2026-09-11T12:39:21.493Z","path":"/support/licensing-installation-computeplatforms/installation/archived-installation-guides","step":"verify","ok":true}
{"t":"2026-09-11T12:39:22.756Z","path":"/support/licensing-installation-computeplatforms/installation/installation-guide-products-not-found","step":"verify","ok":true}
{"t":"2026-09-11T12:39:24.283Z","path":"/support/licensing-installation-computeplatforms/licensing/daemons","step":"verify","ok":true}
{"t":"2026-09-11T12:39:24.520Z","path":"/support/licensing-installation-computeplatforms/installation","step":"verify","ok":true}
{"t":"2026-09-11T12:39:24.864Z","path":"/support/licensing-installation-computeplatforms/licensing/determining-the-correct-flexnet-hostid","step":"verify","ok":true}
{"t":"2026-09-11T12:39:26.804Z","path":"/support/licensing-installation-computeplatforms/licensing/dongle-orders","step":"verify","ok":true}
{"t":"2026-09-11T12:39:27.550Z","path":"/support/licensing-installation-computeplatforms/licensing/dongle","step":"verify","ok":true}
{"t":"2026-09-11T12:39:28.557Z","path":"/support/licensing-installation-computeplatforms/licensing/legacy-tool-support","step":"verify","ok":true}
{"t":"2026-09-11T12:39:30.060Z","path":"/support/licensing-installation-computeplatforms/licensing/magma-tools","step":"verify","ok":true}
{"t":"2026-09-11T12:39:30.443Z","path":"/support/licensing-installation-computeplatforms/licensing/perfect-vips-tools","step":"verify","ok":true}
{"t":"2026-09-11T12:39:31.038Z","path":"/support/licensing-installation-computeplatforms/licensing/scl-supported-os","step":"verify","ok":true}
{"t":"2026-09-11T12:39:33.018Z","path":"/support/licensing-installation-computeplatforms/licensing/springsoft-tools","step":"verify","ok":true}
{"t":"2026-09-11T12:39:33.390Z","path":"/support/licensing-installation-computeplatforms/licensing/synplicity-users","step":"verify","ok":true}
{"t":"2026-09-11T12:39:34.168Z","path":"/support/licensing-installation-computeplatforms/licensing/target-compiler-migration","step":"verify","ok":true}
{"t":"2026-09-11T12:39:35.724Z","path":"/support/licensing-installation-computeplatforms/licensing/trl","step":"verify","ok":true}
{"t":"2026-09-11T12:39:36.114Z","path":"/support/licensing-installation-computeplatforms/licensing/zebu-and-knights-tools-migrating","step":"verify","ok":true}
{"t":"2026-09-11T12:39:38.983Z","path":"/support/licensing-installation-computeplatforms/licensing","step":"verify","ok":true}
{"t":"2026-09-11T12:39:39.289Z","path":"/support/licensing-installation-computeplatforms/synopsys-documentation","step":"verify","ok":true}
{"t":"2026-09-11T12:39:40.022Z","path":"/support/licensing-installation-computeplatforms","step":"verify","ok":true}
{"t":"2026-09-11T12:39:40.423Z","path":"/support/software-transfer-wget-guide","step":"verify","ok":true}
{"t":"2026-09-11T12:39:41.949Z","path":"/support/training/badging-certification","step":"verify","ok":true}
{"t":"2026-09-11T12:39:43.113Z","path":"/support/training/course-options","step":"verify","ok":true}
{"t":"2026-09-11T12:39:45.127Z","path":"/support/training/locations/locations-austin","step":"verify","ok":true}
{"t":"2026-09-11T12:39:45.127Z","path":"/support/training/locations/locations-bangalore","step":"verify","ok":true}
{"t":"2026-09-11T12:39:46.048Z","path":"/support/training/locations/locations-denmark","step":"verify","ok":true}
{"t":"2026-09-11T12:39:46.335Z","path":"/support/training/locations/locations-finland","step":"verify","ok":true}
{"t":"2026-09-11T12:39:47.653Z","path":"/support/training/locations/locations-france-grenoble","step":"verify","ok":true}
{"t":"2026-09-11T12:39:49.108Z","path":"/support/training/locations/locations-germany","step":"verify","ok":true}
{"t":"2026-09-11T12:39:50.654Z","path":"/support/training/locations/locations-israel","step":"verify","ok":true}
{"t":"2026-09-11T12:39:51.272Z","path":"/support/training/locations/locations-hillsboro","step":"verify","ok":true}
{"t":"2026-09-11T12:39:51.780Z","path":"/support/training/locations/locations-longmont","step":"verify","ok":true}
{"t":"2026-09-11T12:39:52.394Z","path":"/support/training/locations/locations-italy","step":"verify","ok":true}
{"t":"2026-09-11T12:39:53.238Z","path":"/support/training/locations/locations-marlborough","step":"verify","ok":true}
{"t":"2026-09-11T12:39:55.367Z","path":"/support/training/locations/locations-mtview","step":"verify","ok":true}
{"t":"2026-09-11T12:39:56.753Z","path":"/support/training/locations/locations-singapore","step":"verify","ok":true}
{"t":"2026-09-11T12:39:57.331Z","path":"/support/training/locations/locations-sweden","step":"verify","ok":true}
{"t":"2026-09-11T12:39:58.028Z","path":"/support/training/locations/locations-taiwan","step":"verify","ok":true}
{"t":"2026-09-11T12:39:58.293Z","path":"/support/training/locations/locations-uk","step":"verify","ok":true}
{"t":"2026-09-11T12:39:59.109Z","path":"/support/training/locations/na-toc","step":"verify","ok":true}
{"t":"2026-09-11T12:40:01.620Z","path":"/support/training/locations/naeducation-packages","step":"verify","ok":true}
{"t":"2026-09-11T12:40:02.943Z","path":"/support/training/locations","step":"verify","ok":true}
{"t":"2026-09-11T12:40:03.670Z","path":"/support/training/purple-certification","step":"verify","ok":true}
{"t":"2026-09-11T12:40:04.550Z","path":"/support/training/self-paced","step":"verify","ok":true}
{"t":"2026-09-11T12:40:04.644Z","path":"/support/training","step":"verify","ok":true}
{"t":"2026-09-11T12:40:05.383Z","path":"/support/wget-installation-guide","step":"verify","ok":true}
{"t":"2026-09-11T12:40:08.448Z","path":"/support","step":"verify","ok":true}
{"t":"2026-09-11T12:40:09.561Z","path":"/synopsys-ansys-united","step":"verify","ok":true}
{"t":"2026-09-11T12:40:10.431Z","path":"/systems","step":"verify","ok":true}
{"t":"2026-09-11T12:40:11.179Z","path":"/verification/debug/verdi-upf-architect","step":"verify","ok":true}
{"t":"2026-09-11T12:40:11.971Z","path":"/verification/debug/verdi-vms","step":"verify","ok":true}
{"t":"2026-09-11T12:40:12.472Z","path":"/verification/debug/verdi-hw-sw-debug","step":"verify","ok":true}
{"t":"2026-09-11T12:40:14.817Z","path":"/verification/debug/verdi","step":"verify","ok":true}
{"t":"2026-09-11T12:40:15.954Z","path":"/verification/debug","step":"verify","ok":true}
{"t":"2026-09-11T12:40:16.632Z","path":"/verification/emulation-prototyping/contact-us","step":"verify","ok":true}
{"t":"2026-09-11T12:40:18.941Z","path":"/verification/emulation-prototyping/emulation/zebu-200","step":"verify","ok":true}
{"t":"2026-09-11T12:40:19.263Z","path":"/verification/emulation-prototyping/emulation/zebu-cloud-solution","step":"verify","ok":true}
{"t":"2026-09-11T12:40:19.875Z","path":"/verification/emulation-prototyping/emulation/zebu-empower","step":"verify","ok":true}
{"t":"2026-09-11T12:40:22.533Z","path":"/verification/emulation-prototyping/emulation/zebu-ep","step":"verify","ok":true}
{"t":"2026-09-11T12:40:23.422Z","path":"/verification/emulation-prototyping/emulation/zebu-server","step":"verify","ok":true}
{"t":"2026-09-11T12:40:23.757Z","path":"/verification/emulation-prototyping/emulation","step":"verify","ok":true}
{"t":"2026-09-11T12:40:25.881Z","path":"/verification/emulation-prototyping/hav-interface-solutions","step":"verify","ok":true}
{"t":"2026-09-11T12:40:26.033Z","path":"/verification/emulation-prototyping/prototyping/haps-100","step":"verify","ok":true}
{"t":"2026-09-11T12:40:26.598Z","path":"/verification/emulation-prototyping/prototyping/haps-200","step":"verify","ok":true}
{"t":"2026-09-11T12:40:29.158Z","path":"/verification/emulation-prototyping/prototyping","step":"verify","ok":true}
{"t":"2026-09-11T12:40:29.931Z","path":"/verification/emulation-prototyping","step":"verify","ok":true}
{"t":"2026-09-11T12:40:30.018Z","path":"/verification/fpga-simulation/fpga-simulator","step":"verify","ok":true}
{"t":"2026-09-11T12:40:32.190Z","path":"/verification/hardware-assisted-test-solutions","step":"verify","ok":true}
{"t":"2026-09-11T12:40:32.701Z","path":"/verification/fpga-simulation","step":"verify","ok":true}
{"t":"2026-09-11T12:40:33.114Z","path":"/verification/ide/euclide","step":"verify","ok":true}
{"t":"2026-09-11T12:40:35.323Z","path":"/verification/ide","step":"verify","ok":true}
{"t":"2026-09-11T12:40:36.206Z","path":"/verification/resources/datasheets/haps-200","step":"verify","ok":true}
{"t":"2026-09-11T12:40:36.508Z","path":"/verification/imperasdv","step":"verify","ok":true}
{"t":"2026-09-11T12:40:38.293Z","path":"/verification/resources/datasheets/platform-architect-multi-die","step":"verify","ok":true}
{"t":"2026-09-11T12:40:39.444Z","path":"/verification/resources/datasheets/vc-formal","step":"verify","ok":true}
{"t":"2026-09-11T12:40:39.828Z","path":"/verification/resources/datasheets/timing-constraints-manager","step":"verify","ok":true}
{"t":"2026-09-11T12:40:41.182Z","path":"/verification/resources/datasheets/vc-spyglass-idc","step":"verify","ok":true}
{"t":"2026-09-11T12:40:42.109Z","path":"/verification/resources/datasheets/vcs-industrysngqs-highest-performance-simulation-solution","step":"verify","ok":true}
{"t":"2026-09-11T12:40:44.724Z","path":"/verification/resources/datasheets/zebu-200","step":"verify","ok":true}
{"t":"2026-09-11T12:40:45.133Z","path":"/verification/resources/datasheets/zebu-ep","step":"verify","ok":true}
{"t":"2026-09-11T12:40:46.168Z","path":"/verification/resources/datasheets","step":"verify","ok":true}
{"t":"2026-09-11T12:40:46.439Z","path":"/verification/resources/datasheets/zebu-server-5","step":"verify","ok":true}
{"t":"2026-09-11T12:40:47.637Z","path":"/verification/resources/events/formal-sig-2024","step":"verify","ok":true}
{"t":"2026-09-11T12:40:48.187Z","path":"/verification/resources/events","step":"verify","ok":true}
{"t":"2026-09-11T12:40:50.933Z","path":"/verification/resources/videos","step":"verify","ok":true}
{"t":"2026-09-11T12:40:51.582Z","path":"/verification/resources/whitepapers/10x-cdc-debug-ml","step":"verify","ok":true}
{"t":"2026-09-11T12:40:51.898Z","path":"/verification/resources/whitepapers/accelerate-test-regressions-vip","step":"verify","ok":true}
{"t":"2026-09-11T12:40:53.159Z","path":"/verification/resources/whitepapers/benchmark-before-you-build","step":"verify","ok":true}
{"t":"2026-09-11T12:40:53.898Z","path":"/verification/resources/whitepapers/better-faster-more-efficient-verification-with-ai","step":"verify","ok":true}
{"t":"2026-09-11T12:40:54.653Z","path":"/verification/resources/whitepapers/coverage-metrics-formal-unr-wp","step":"verify","ok":true}
{"t":"2026-09-11T12:40:56.666Z","path":"/verification/resources/whitepapers/enabling-high-quality-risc-v-processor-models","step":"verify","ok":true}
{"t":"2026-09-11T12:40:57.342Z","path":"/verification/resources/whitepapers/formal-signoff-methodology","step":"verify","ok":true}
{"t":"2026-09-11T12:40:58.175Z","path":"/verification/resources/whitepapers/fmeda-powered-safety-verification","step":"verify","ok":true}
{"t":"2026-09-11T12:40:59.158Z","path":"/verification/resources/whitepapers/functional-safety-fault-simulation-wp","step":"verify","ok":true}
{"t":"2026-09-11T12:41:00.591Z","path":"/verification/resources/whitepapers/multi-die-early-architecture-wp","step":"verify","ok":true}
{"t":"2026-09-11T12:41:00.732Z","path":"/verification/resources/whitepapers/machine-learning-to-automate-debug","step":"verify","ok":true}
{"t":"2026-09-11T12:41:02.711Z","path":"/verification/resources/whitepapers/reduce-sim-reg-dpo","step":"verify","ok":true}
{"t":"2026-09-11T12:41:03.903Z","path":"/verification/resources/whitepapers/scaling-modern-complexity-hav-wp","step":"verify","ok":true}
{"t":"2026-09-11T12:41:04.818Z","path":"/verification/resources/whitepapers/tcm-sdc-mgmt-wp","step":"verify","ok":true}
{"t":"2026-09-11T12:41:05.119Z","path":"/verification/resources/whitepapers/timing-constraints-manager","step":"verify","ok":true}
{"t":"2026-09-11T12:41:06.838Z","path":"/verification/resources/whitepapers/vc-spyglass-connectivity-linting","step":"verify","ok":true}
{"t":"2026-09-11T12:41:07.148Z","path":"/verification/resources/whitepapers/vc-spyglass-integrated-solution","step":"verify","ok":true}
{"t":"2026-09-11T12:41:09.002Z","path":"/verification/resources/whitepapers/vcs-t-prop-wp","step":"verify","ok":true}
{"t":"2026-09-11T12:41:09.955Z","path":"/verification/resources/whitepapers/verification-low-power","step":"verify","ok":true}
{"t":"2026-09-11T12:41:11.553Z","path":"/verification/resources/whitepapers/virtual-ecu-wp","step":"verify","ok":true}
{"t":"2026-09-11T12:41:12.431Z","path":"/verification/resources/whitepapers/virtualizer-native-execution-accelerates-sw-defined-product-development-for-arm-solutions-wp","step":"verify","ok":true}
{"t":"2026-09-11T12:41:13.083Z","path":"/verification/resources/whitepapers/virtual-prototyping-regression-wp","step":"verify","ok":true}
{"t":"2026-09-11T12:41:13.905Z","path":"/verification/resources/whitepapers/vso-ai-wp","step":"verify","ok":true}
{"t":"2026-09-11T12:41:15.104Z","path":"/verification/resources/whitepapers","step":"verify","ok":true}
{"t":"2026-09-11T12:41:16.649Z","path":"/verification/resources","step":"verify","ok":false,"why":"about:error in delivered html"}
{"t":"2026-09-11T12:41:18.208Z","path":"/verification/services-costart","step":"verify","ok":true}
{"t":"2026-09-11T12:41:19.442Z","path":"/verification/simulation/testbench-quality-assurance","step":"verify","ok":true}
{"t":"2026-09-11T12:41:20.049Z","path":"/verification/simulation/vc-z01x","step":"verify","ok":true}
{"t":"2026-09-11T12:41:20.970Z","path":"/verification/simulation/vcreplay","step":"verify","ok":true}
{"t":"2026-09-11T12:41:21.382Z","path":"/verification/simulation/vcs/vcs-matlab","step":"verify","ok":true}
{"t":"2026-09-11T12:41:22.816Z","path":"/verification/simulation/vcs","step":"verify","ok":true}
{"t":"2026-09-11T12:41:24.367Z","path":"/verification/simulation/z01x-functional-safety","step":"verify","ok":true}
{"t":"2026-09-11T12:41:25.903Z","path":"/verification/simulation","step":"verify","ok":true}
{"t":"2026-09-11T12:41:26.253Z","path":"/verification/soc-verification-automation/vc-autotestbench","step":"verify","ok":true}
{"t":"2026-09-11T12:41:27.019Z","path":"/verification/soc-verification-automation/vc-portable-stimulus","step":"verify","ok":true}
{"t":"2026-09-11T12:41:27.679Z","path":"/verification/soc-verification-automation","step":"verify","ok":true}
{"t":"2026-09-11T12:41:28.875Z","path":"/verification/solutions/low-power/low-power-verification","step":"verify","ok":true}
{"t":"2026-09-11T12:41:30.645Z","path":"/verification/solutions/low-power/power-aware-prototyping","step":"verify","ok":true}
{"t":"2026-09-11T12:41:32.441Z","path":"/verification/solutions/low-power","step":"verify","ok":true}
{"t":"2026-09-11T12:41:32.441Z","path":"/verification/solutions/networking","step":"verify","ok":true}
{"t":"2026-09-11T12:41:33.228Z","path":"/verification/solutions","step":"verify","ok":true}
{"t":"2026-09-11T12:41:34.387Z","path":"/verification/static-and-formal-verification/spyglass/spyglass-constraints","step":"verify","ok":true}
{"t":"2026-09-11T12:41:34.815Z","path":"/verification/static-and-formal-verification/spyglass/spyglass-fpga","step":"verify","ok":true}
{"t":"2026-09-11T12:41:36.651Z","path":"/verification/static-and-formal-verification/spyglass/spyglass-power","step":"verify","ok":true}
{"t":"2026-09-11T12:41:38.856Z","path":"/verification/static-and-formal-verification/timing-constraints-manager","step":"verify","ok":true}
{"t":"2026-09-11T12:41:38.914Z","path":"/verification/static-and-formal-verification/spyglass","step":"verify","ok":true}
{"t":"2026-09-11T12:41:39.871Z","path":"/verification/static-and-formal-verification/vc-formal/vc-formal-training-videos","step":"verify","ok":true}
{"t":"2026-09-11T12:41:40.426Z","path":"/verification/static-and-formal-verification/vc-formal/vc-formal-datapath-validation","step":"verify","ok":true}
{"t":"2026-09-11T12:41:41.452Z","path":"/verification/static-and-formal-verification/vc-formal","step":"verify","ok":true}
{"t":"2026-09-11T12:41:44.468Z","path":"/verification/static-and-formal-verification/vc-lp","step":"verify","ok":true}
{"t":"2026-09-11T12:41:45.703Z","path":"/verification/static-and-formal-verification/vc-spyglass/vc-spyglass-cdc","step":"verify","ok":true}
{"t":"2026-09-11T12:41:45.869Z","path":"/verification/static-and-formal-verification/vc-spyglass/vc-spyglass-fault-analysis","step":"verify","ok":true}
{"t":"2026-09-11T12:41:46.766Z","path":"/verification/static-and-formal-verification/vc-spyglass/vc-spyglass-idc","step":"verify","ok":true}
{"t":"2026-09-11T12:41:47.178Z","path":"/verification/static-and-formal-verification/vc-spyglass/vc-spyglass-lint","step":"verify","ok":true}
{"t":"2026-09-11T12:41:48.339Z","path":"/verification/static-and-formal-verification/vc-spyglass/vc-spyglass-rdc","step":"verify","ok":true}
{"t":"2026-09-11T12:41:50.780Z","path":"/verification/static-and-formal-verification/vc-spyglass","step":"verify","ok":true}
{"t":"2026-09-11T12:41:52.208Z","path":"/verification/static-and-formal-verification","step":"verify","ok":true}
{"t":"2026-09-11T12:41:52.273Z","path":"/verification/sting","step":"verify","ok":true}
{"t":"2026-09-11T12:41:53.151Z","path":"/verification/vc-formal-services","step":"verify","ok":true}
{"t":"2026-09-11T12:41:54.047Z","path":"/verification/vc-functional-safety-manager","step":"verify","ok":true}
{"t":"2026-09-11T12:41:54.647Z","path":"/verification/verification-ip/amba/amba-ace","step":"verify","ok":true}
{"t":"2026-09-11T12:41:56.772Z","path":"/verification/verification-ip/amba/amba-ahb","step":"verify","ok":true}
{"t":"2026-09-11T12:41:59.216Z","path":"/verification/verification-ip/amba/amba-axi","step":"verify","ok":true}
{"t":"2026-09-11T12:42:00.396Z","path":"/verification/verification-ip/amba/amba-c2c","step":"verify","ok":true}
{"t":"2026-09-11T12:42:01.114Z","path":"/verification/verification-ip/amba/amba-atb","step":"verify","ok":true}
{"t":"2026-09-11T12:42:01.114Z","path":"/verification/verification-ip/amba/amba-apb","step":"verify","ok":true}
{"t":"2026-09-11T12:42:03.047Z","path":"/verification/verification-ip/amba/amba-chi","step":"verify","ok":true}
{"t":"2026-09-11T12:42:03.978Z","path":"/verification/verification-ip/amba/amba-cxs","step":"verify","ok":true}
{"t":"2026-09-11T12:42:04.942Z","path":"/verification/verification-ip/amba/amba-stream","step":"verify","ok":true}
{"t":"2026-09-11T12:42:06.021Z","path":"/verification/verification-ip/amba/axi-test-suites","step":"verify","ok":true}
{"t":"2026-09-11T12:42:07.036Z","path":"/verification/verification-ip/amba","step":"verify","ok":true}
{"t":"2026-09-11T12:42:07.470Z","path":"/verification/verification-ip/automotive/can20-fd-tt","step":"verify","ok":true}
{"t":"2026-09-11T12:42:09.610Z","path":"/verification/verification-ip/automotive/ethernet","step":"verify","ok":true}
{"t":"2026-09-11T12:42:10.632Z","path":"/verification/verification-ip/automotive/flexray","step":"verify","ok":true}
{"t":"2026-09-11T12:42:10.868Z","path":"/verification/verification-ip/automotive/lin-verification-ip","step":"verify","ok":true}
{"t":"2026-09-11T12:42:11.761Z","path":"/verification/verification-ip/automotive","step":"verify","ok":true}
{"t":"2026-09-11T12:42:13.331Z","path":"/verification/verification-ip/bus-interface/12c","step":"verify","ok":true}
{"t":"2026-09-11T12:42:14.064Z","path":"/verification/verification-ip/bus-interface/12s","step":"verify","ok":true}
{"t":"2026-09-11T12:42:16.211Z","path":"/verification/verification-ip/bus-interface/avsbus","step":"verify","ok":true}
{"t":"2026-09-11T12:42:16.887Z","path":"/verification/verification-ip/bus-interface/cpri","step":"verify","ok":true}
{"t":"2026-09-11T12:42:17.537Z","path":"/verification/verification-ip/bus-interface/fibre-channel","step":"verify","ok":true}
{"t":"2026-09-11T12:42:17.810Z","path":"/verification/verification-ip/bus-interface/interlaken","step":"verify","ok":true}
{"t":"2026-09-11T12:42:19.800Z","path":"/verification/verification-ip/bus-interface/jtag","step":"verify","ok":true}
{"t":"2026-09-11T12:42:20.569Z","path":"/verification/verification-ip/bus-interface/ocp","step":"verify","ok":true}
{"t":"2026-09-11T12:42:23.163Z","path":"/verification/verification-ip/bus-interface/sdio","step":"verify","ok":true}
{"t":"2026-09-11T12:42:23.189Z","path":"/verification/verification-ip/bus-interface/smbus","step":"verify","ok":true}
{"t":"2026-09-11T12:42:23.954Z","path":"/verification/verification-ip/bus-interface/tilelink","step":"verify","ok":true}
{"t":"2026-09-11T12:42:24.420Z","path":"/verification/verification-ip/bus-interface/swd","step":"verify","ok":true}
{"t":"2026-09-11T12:42:25.844Z","path":"/verification/verification-ip/bus-interface/uart","step":"verify","ok":true}
{"t":"2026-09-11T12:42:27.121Z","path":"/verification/verification-ip/bus-interface/vc-verification-ip-for-jesd204","step":"verify","ok":true}
{"t":"2026-09-11T12:42:29.759Z","path":"/verification/verification-ip/bus-interface","step":"verify","ok":true}
{"t":"2026-09-11T12:42:29.776Z","path":"/verification/verification-ip/display/displayport","step":"verify","ok":true}
{"t":"2026-09-11T12:42:29.976Z","path":"/verification/verification-ip/display/edp","step":"verify","ok":true}
{"t":"2026-09-11T12:42:31.404Z","path":"/verification/verification-ip/display","step":"verify","ok":true}
{"t":"2026-09-11T12:42:31.404Z","path":"/verification/verification-ip/display/hdmi","step":"verify","ok":true}
{"t":"2026-09-11T12:42:33.654Z","path":"/verification/verification-ip/ethernet/ethernet-1-6t","step":"verify","ok":true}
{"t":"2026-09-11T12:42:36.173Z","path":"/verification/verification-ip/ethernet/ethernet-avb","step":"verify","ok":true}
{"t":"2026-09-11T12:42:36.303Z","path":"/verification/verification-ip/ethernet/ethernet-base-t","step":"verify","ok":true}
{"t":"2026-09-11T12:42:36.472Z","path":"/verification/verification-ip/ethernet/uec","step":"verify","ok":true}
{"t":"2026-09-11T12:42:37.381Z","path":"/verification/verification-ip/memory/ddr5","step":"verify","ok":true}
{"t":"2026-09-11T12:42:37.416Z","path":"/verification/verification-ip/ethernet","step":"verify","ok":true}
{"t":"2026-09-11T12:42:39.950Z","path":"/verification/verification-ip/memory/dfi-verification-ip","step":"verify","ok":true}
{"t":"2026-09-11T12:42:42.620Z","path":"/verification/verification-ip/memory/gddr6","step":"verify","ok":true}
{"t":"2026-09-11T12:42:42.701Z","path":"/verification/verification-ip/memory/emmc-verification-ip","step":"verify","ok":true}
{"t":"2026-09-11T12:42:42.838Z","path":"/verification/verification-ip/memory/hbm-verificationip","step":"verify","ok":true}
{"t":"2026-09-11T12:42:43.840Z","path":"/verification/verification-ip/memory/hmc-verification-ip","step":"verify","ok":true}
{"t":"2026-09-11T12:42:43.967Z","path":"/verification/verification-ip/memory/ip-lpddr","step":"verify","ok":true}
{"t":"2026-09-11T12:42:46.956Z","path":"/verification/verification-ip/memory/nvdimm-p","step":"verify","ok":true}
{"t":"2026-09-11T12:42:48.933Z","path":"/verification/verification-ip/memory/onfi","step":"verify","ok":true}
{"t":"2026-09-11T12:42:49.295Z","path":"/verification/verification-ip/memory/sd-host-card","step":"verify","ok":true}
{"t":"2026-09-11T12:42:49.868Z","path":"/verification/verification-ip/memory/spi-qspi","step":"verify","ok":true}
{"t":"2026-09-11T12:42:50.282Z","path":"/verification/verification-ip/memory/toggglenand","step":"verify","ok":true}
{"t":"2026-09-11T12:42:50.683Z","path":"/verification/verification-ip/memory/uhs-ii-sd-tran","step":"verify","ok":true}
{"t":"2026-09-11T12:42:53.441Z","path":"/verification/verification-ip/memory","step":"verify","ok":true}
{"t":"2026-09-11T12:42:55.487Z","path":"/verification/verification-ip/mipi/c-phy","step":"verify","ok":true}
{"t":"2026-09-11T12:42:55.887Z","path":"/verification/verification-ip/mipi/d-phy","step":"verify","ok":true}
{"t":"2026-09-11T12:42:56.249Z","path":"/verification/verification-ip/mipi/mipi-13c","step":"verify","ok":true}
{"t":"2026-09-11T12:42:56.690Z","path":"/verification/verification-ip/mipi/mipi-csi-2","step":"verify","ok":true}
{"t":"2026-09-11T12:42:56.776Z","path":"/verification/verification-ip/mipi/mipi-dsi","step":"verify","ok":true}
{"t":"2026-09-11T12:42:59.505Z","path":"/verification/verification-ip/mipi/mipi-m-phy","step":"verify","ok":true}
{"t":"2026-09-11T12:43:01.794Z","path":"/verification/verification-ip/mipi/soundwire","step":"verify","ok":true}
{"t":"2026-09-11T12:43:02.186Z","path":"/verification/verification-ip/mipi/slimbus","step":"verify","ok":true}
{"t":"2026-09-11T12:43:02.418Z","path":"/verification/verification-ip/mipi/spmi","step":"verify","ok":true}
{"t":"2026-09-11T12:43:03.559Z","path":"/verification/verification-ip/mipi/ufs","step":"verify","ok":true}
{"t":"2026-09-11T12:43:03.584Z","path":"/verification/verification-ip/mipi/unipro","step":"verify","ok":true}
{"t":"2026-09-11T12:43:05.878Z","path":"/verification/verification-ip/mipi/vc-verification-ip-for-mipi-rffe","step":"verify","ok":true}
{"t":"2026-09-11T12:43:08.129Z","path":"/verification/verification-ip/mipi","step":"verify","ok":true}
{"t":"2026-09-11T12:43:08.902Z","path":"/verification/verification-ip/storage/nvme","step":"verify","ok":true}
{"t":"2026-09-11T12:43:09.313Z","path":"/verification/verification-ip/pcie","step":"verify","ok":true}
{"t":"2026-09-11T12:43:09.584Z","path":"/verification/verification-ip/storage/sata","step":"verify","ok":true}
{"t":"2026-09-11T12:43:09.772Z","path":"/verification/verification-ip/storage/sas","step":"verify","ok":true}
{"t":"2026-09-11T12:43:11.769Z","path":"/verification/verification-ip/storage","step":"verify","ok":true}
{"t":"2026-09-11T12:43:14.841Z","path":"/verification/verification-ip/subsystems/compute-express-link","step":"verify","ok":true}
{"t":"2026-09-11T12:43:15.250Z","path":"/verification/verification-ip/subsystems/usb-type-c-subsystem","step":"verify","ok":true}
{"t":"2026-09-11T12:43:15.902Z","path":"/verification/verification-ip/subsystems/vc-verification-ip-for-ucie","step":"verify","ok":true}
{"t":"2026-09-11T12:43:16.196Z","path":"/verification/verification-ip/subsystems/verification-ip-usb2","step":"verify","ok":true}
{"t":"2026-09-11T12:43:16.411Z","path":"/verification/verification-ip/subsystems/vc-verification-ip-usb4","step":"verify","ok":true}
{"t":"2026-09-11T12:43:17.383Z","path":"/verification/verification-ip/subsystems","step":"verify","ok":true}
{"t":"2026-09-11T12:43:21.192Z","path":"/verification/verification-ip/ualink","step":"verify","ok":true}
{"t":"2026-09-11T12:43:21.683Z","path":"/verification/verification-ip/usb/usb-power-delivery","step":"verify","ok":true}
{"t":"2026-09-11T12:43:21.937Z","path":"/verification/verification-ip/usb/usb","step":"verify","ok":true}
{"t":"2026-09-11T12:43:22.229Z","path":"/verification/verification-ip/usb","step":"verify","ok":true}
{"t":"2026-09-11T12:43:23.031Z","path":"/verification/verification-ip/verification-test-suites","step":"verify","ok":true}
{"t":"2026-09-11T12:43:23.833Z","path":"/verification/verification-ip","step":"verify","ok":true}
{"t":"2026-09-11T12:43:26.972Z","path":"/verification/virtual-prototyping/atef/book-a-meeting","step":"verify","ok":true}
{"t":"2026-09-11T12:43:27.796Z","path":"/verification/virtual-prototyping/atef/contact-us","step":"verify","ok":true}
{"t":"2026-09-11T12:43:28.529Z","path":"/verification/virtual-prototyping/auto-vdk","step":"verify","ok":true}
{"t":"2026-09-11T12:43:28.904Z","path":"/verification/virtual-prototyping/atef","step":"verify","ok":true}
{"t":"2026-09-11T12:43:29.211Z","path":"/verification/virtual-prototyping/contact-us","step":"verify","ok":true}
{"t":"2026-09-11T12:43:29.235Z","path":"/verification/virtual-prototyping/automotive-ecosystem-collaboration","step":"verify","ok":true}
{"t":"2026-09-11T12:43:33.397Z","path":"/verification/virtual-prototyping/platform-architect-models","step":"verify","ok":true}
{"t":"2026-09-11T12:43:34.263Z","path":"/verification/virtual-prototyping/platform-architect-multi-die","step":"verify","ok":true}
{"t":"2026-09-11T12:43:34.708Z","path":"/verification/virtual-prototyping/references/amg","step":"verify","ok":true}
{"t":"2026-09-11T12:43:34.819Z","path":"/verification/virtual-prototyping/references/gif","step":"verify","ok":true}
{"t":"2026-09-11T12:43:35.016Z","path":"/verification/virtual-prototyping/references/haldex","step":"verify","ok":true}
{"t":"2026-09-11T12:43:35.329Z","path":"/verification/virtual-prototyping/platform-architect","step":"verify","ok":true}
{"t":"2026-09-11T12:43:38.854Z","path":"/verification/virtual-prototyping/references/iav","step":"verify","ok":true}
{"t":"2026-09-11T12:43:40.328Z","path":"/verification/virtual-prototyping/references/mercedes-benz","step":"verify","ok":true}
{"t":"2026-09-11T12:43:40.484Z","path":"/verification/virtual-prototyping/references/volvo","step":"verify","ok":true}
{"t":"2026-09-11T12:43:40.515Z","path":"/verification/virtual-prototyping/references/renault","step":"verify","ok":true}
{"t":"2026-09-11T12:43:41.209Z","path":"/verification/virtual-prototyping/references","step":"verify","ok":true}
{"t":"2026-09-11T12:43:41.830Z","path":"/verification/virtual-prototyping/sil-kit","step":"verify","ok":true}
{"t":"2026-09-11T12:43:44.672Z","path":"/verification/virtual-prototyping/silver/silver-videos","step":"verify","ok":true}
{"t":"2026-09-11T12:43:47.199Z","path":"/verification/virtual-prototyping/virtualizer-models","step":"verify","ok":true}
{"t":"2026-09-11T12:43:47.710Z","path":"/verification/virtual-prototyping/vp-book/chapters","step":"verify","ok":true}
{"t":"2026-09-11T12:43:48.531Z","path":"/verification/virtual-prototyping/virtual-prototyping-solutions-for-arm","step":"verify","ok":true}
{"t":"2026-09-11T12:43:48.531Z","path":"/verification/virtual-prototyping/virtualizer","step":"verify","ok":true}
{"t":"2026-09-11T12:43:48.547Z","path":"/verification/virtual-prototyping/silver","step":"verify","ok":true}
{"t":"2026-09-11T12:43:51.004Z","path":"/verification/virtual-prototyping/vp-book/contributors","step":"verify","ok":true}
{"t":"2026-09-11T12:43:53.243Z","path":"/verification/virtual-prototyping/vp-book/download-vp-book","step":"verify","ok":true}
{"t":"2026-09-11T12:43:53.651Z","path":"/verification/virtual-prototyping/vp-book","step":"verify","ok":true}
{"t":"2026-09-11T12:43:54.932Z","path":"/webinars/448g-ready-or-not","step":"verify","ok":true}
{"t":"2026-09-11T12:43:55.115Z","path":"/verification","step":"verify","ok":true}
{"t":"2026-09-11T12:43:55.494Z","path":"/verification/virtual-prototyping","step":"verify","ok":true}
{"t":"2026-09-11T12:43:57.370Z","path":"/webinars/a-z-multi-die-design","step":"verify","ok":true}
{"t":"2026-09-11T12:44:00.207Z","path":"/webinars/accelerate-coverage-closure-ai-ml-vcs-ico-technology","step":"verify","ok":true}
{"t":"2026-09-11T12:44:00.924Z","path":"/webinars/accelerate-coverage-closure-vso-ai","step":"verify","ok":true}
{"t":"2026-09-11T12:44:01.129Z","path":"/webinars/accelerating-ai-hardware-nvidia-haps","step":"verify","ok":true}
{"t":"2026-09-11T12:44:01.396Z","path":"/webinars/accelerating-innovation-semiconductor-startups","step":"verify","ok":true}
{"t":"2026-09-11T12:44:01.640Z","path":"/webinars/accelerated-sdv-development","step":"verify","ok":true}
{"t":"2026-09-11T12:44:03.071Z","path":"/webinars/accelerating-sdv-development-virtualization-tools-and-technology","step":"verify","ok":true}
{"t":"2026-09-11T12:44:06.750Z","path":"/webinars/accelerating-windows-driver-development-using-synopsys-virtualizer","step":"verify","ok":true}
{"t":"2026-09-11T12:44:07.144Z","path":"/webinars/achieving-1-6tbps-ethernet-interoperability-hpc-ai-ml-socs","step":"verify","ok":true}
{"t":"2026-09-11T12:44:07.170Z","path":"/webinars/advanced-usage-synopsys-virtualizer-pre-silicon-sw-development","step":"verify","ok":true}
{"t":"2026-09-11T12:44:07.691Z","path":"/webinars/advancing-gan-power-transistors","step":"verify","ok":true}
{"t":"2026-09-11T12:44:07.721Z","path":"/webinars/advancing-sic-power-transistors","step":"verify","ok":true}
{"t":"2026-09-11T12:44:08.904Z","path":"/webinars/age-of-agentic-engineering","step":"verify","ok":true}
{"t":"2026-09-11T12:44:12.791Z","path":"/webinars/agentic-ai-impact-engineering-workflows","step":"verify","ok":true}
{"t":"2026-09-11T12:44:12.978Z","path":"/webinars/agentengineer-your-ai-coworker","step":"verify","ok":true}
{"t":"2026-09-11T12:44:13.456Z","path":"/webinars/agentic-ai-synopsys-nvidia-chip-design","step":"verify","ok":true}
{"t":"2026-09-11T12:44:13.631Z","path":"/webinars/agentic-ai-nuts-bolts-agentengineer","step":"verify","ok":true}
{"t":"2026-09-11T12:44:13.887Z","path":"/webinars/agentic-spec2rtl-workflow","step":"verify","ok":true}
{"t":"2026-09-11T12:44:14.847Z","path":"/webinars/agile-cicd-github-eda-flows","step":"verify","ok":true}
{"t":"2026-09-11T12:44:19.247Z","path":"/webinars/ai-apps-rl-llms-agents","step":"verify","ok":true}
{"t":"2026-09-11T12:44:19.271Z","path":"/webinars/ai-advanced-security-solutions","step":"verify","ok":true}
{"t":"2026-09-11T12:44:19.704Z","path":"/webinars/ai-chip-design-onboarding-strategies","step":"verify","ok":true}
{"t":"2026-09-11T12:44:19.746Z","path":"/webinars/ai-chip-design-synopsys-microsoft","step":"verify","ok":true}
{"t":"2026-09-11T12:44:20.473Z","path":"/webinars/ai-driven-debug-verdi","step":"verify","ok":true}
{"t":"2026-09-11T12:44:20.951Z","path":"/webinars/ai-driven-verification","step":"verify","ok":true}
{"t":"2026-09-11T12:44:25.306Z","path":"/webinars/amd-3dic-feasibility-analysis","step":"verify","ok":true}
{"t":"2026-09-11T12:44:25.504Z","path":"/webinars/ai-in-eda-chip-design","step":"verify","ok":true}
{"t":"2026-09-11T12:44:25.663Z","path":"/webinars/analog-design-in-cloud","step":"verify","ok":true}
{"t":"2026-09-11T12:44:25.729Z","path":"/webinars/application-level-hybrid-emulation-software-defined-systems","step":"verify","ok":true}
{"t":"2026-09-11T12:44:26.856Z","path":"/webinars/architecting-physical-ai-socs-standards-ip","step":"verify","ok":true}
{"t":"2026-09-11T12:44:26.990Z","path":"/webinars/application-specific-processors-asip-physical-ai","step":"verify","ok":true}
{"t":"2026-09-11T12:44:31.573Z","path":"/webinars/arm-slm-implementation-arm-cores","step":"verify","ok":true}
{"t":"2026-09-11T12:44:31.687Z","path":"/webinars/atpg-power-timing-ai","step":"verify","ok":true}
{"t":"2026-09-11T12:44:31.726Z","path":"/webinars/arm-multi-die-architecture-designs","step":"verify","ok":true}
{"t":"2026-09-11T12:44:31.831Z","path":"/webinars/atomistic-simulations","step":"verify","ok":true}
{"t":"2026-09-11T12:44:33.109Z","path":"/webinars/auto-tech-day","step":"verify","ok":true}
{"t":"2026-09-11T12:44:33.161Z","path":"/webinars/automated-constraints-promotion-methodology","step":"verify","ok":true}
{"t":"2026-09-11T12:44:37.999Z","path":"/webinars/benefits-early-architecture-design-multi-die-systems","step":"verify","ok":true}
{"t":"2026-09-11T12:44:38.234Z","path":"/webinars/automotive-margin","step":"verify","ok":true}
{"t":"2026-09-11T12:44:38.313Z","path":"/webinars/cdc-debug-ml-rca","step":"verify","ok":true}
{"t":"2026-09-11T12:44:39.041Z","path":"/webinars/automotive-socs-security","step":"verify","ok":true}
{"t":"2026-09-11T12:44:40.315Z","path":"/webinars/chip-design-forefront-ai-innovation","step":"verify","ok":true}
{"t":"2026-09-11T12:44:40.548Z","path":"/webinars/chip-design-with-generative-agentic-ai","step":"verify","ok":true}
{"t":"2026-09-11T12:44:44.606Z","path":"/webinars/cloud-scale-emulation-for-startups","step":"verify","ok":true}
{"t":"2026-09-11T12:44:44.626Z","path":"/webinars/cisco-advancing-hsat-structural-test-pcie-gen4","step":"verify","ok":true}
{"t":"2026-09-11T12:44:44.988Z","path":"/webinars/clock-gating-vc-formal-part-2","step":"verify","ok":true}
{"t":"2026-09-11T12:44:45.123Z","path":"/webinars/compute-connectivity-pcie-cxl-architectures","step":"verify","ok":true}
{"t":"2026-09-11T12:44:46.697Z","path":"/webinars/copilot-smarter-chip-design","step":"verify","ok":true}
{"t":"2026-09-11T12:44:47.297Z","path":"/webinars/constraints-driven-cdc-and-rdc-verification","step":"verify","ok":true}
{"t":"2026-09-11T12:44:51.058Z","path":"/webinars/correct-by-construction-coding-euclide","step":"verify","ok":true}
{"t":"2026-09-11T12:44:51.419Z","path":"/webinars/cross-architecture-compatibility-with-virtual-prototypes-lixiang","step":"verify","ok":true}
{"t":"2026-09-11T12:44:51.638Z","path":"/webinars/data-driven-approach-to-multi-die-design-architecture","step":"verify","ok":true}
{"t":"2026-09-11T12:44:51.819Z","path":"/webinars/custom-hbm-ai","step":"verify","ok":true}
{"t":"2026-09-11T12:44:52.585Z","path":"/webinars/deep-dive-synopsys-ai","step":"verify","ok":true}
{"t":"2026-09-11T12:44:52.662Z","path":"/webinars/de-risking-socs-with-interface-ip","step":"verify","ok":true}
{"t":"2026-09-11T12:44:57.414Z","path":"/webinars/design-analysis-multi-die-3d-ic-systems","step":"verify","ok":true}
{"t":"2026-09-11T12:44:57.649Z","path":"/webinars/deterministic-motor-control-with-mips-m8500-globalfoundries","step":"verify","ok":true}
{"t":"2026-09-11T12:44:57.736Z","path":"/webinars/designing-risc-v-triple-threat-assp-dev","step":"verify","ok":true}
{"t":"2026-09-11T12:44:58.285Z","path":"/webinars/designing-the-future-of-ai-infrastructure-with-ualink","step":"verify","ok":true}
{"t":"2026-09-11T12:44:58.760Z","path":"/webinars/digital-cloud-instance","step":"verify","ok":true}
{"t":"2026-09-11T12:44:59.186Z","path":"/webinars/dso-ai-demo","step":"verify","ok":true}
{"t":"2026-09-11T12:45:03.785Z","path":"/webinars/electronics-digital-twins-from-concept-scalable-platform","step":"verify","ok":true}
{"t":"2026-09-11T12:45:03.860Z","path":"/webinars/enabling-informed-processor-core-selection-early-architecture-analysis","step":"verify","ok":true}
{"t":"2026-09-11T12:45:03.877Z","path":"/webinars/efficient-secure-ai-systems-ualink","step":"verify","ok":true}
{"t":"2026-09-11T12:45:04.284Z","path":"/webinars/efficient-and-robust-memory-verification-in-modern-socs-using-formal-equivalence-checker","step":"verify","ok":true}
{"t":"2026-09-11T12:45:04.608Z","path":"/webinars/enflame-virtual-prototyping-ai-chip-early-development","step":"verify","ok":true}
{"t":"2026-09-11T12:45:05.651Z","path":"/webinars/engineering-intelligence-10-watts","step":"verify","ok":true}
{"t":"2026-09-11T12:45:09.756Z","path":"/webinars/extending-android-soc-virtual-prototypes-virtio-virtualizer-native-execution","step":"verify","ok":true}
{"t":"2026-09-11T12:45:09.865Z","path":"/webinars/fab-da-ai-process-analytics","step":"verify","ok":true}
{"t":"2026-09-11T12:45:10.121Z","path":"/webinars/equivalence-checking-with-formality","step":"verify","ok":true}
{"t":"2026-09-11T12:45:10.389Z","path":"/webinars/formal-datapath-validation-ai-processors","step":"verify","ok":true}
{"t":"2026-09-11T12:45:10.637Z","path":"/webinars/fast-accurate-functional-ecos-with-formality-eco","step":"verify","ok":true}
{"t":"2026-09-11T12:45:12.159Z","path":"/webinars/full-stack-vision-automotive-silicon-innovation","step":"verify","ok":true}
{"t":"2026-09-11T12:45:15.777Z","path":"/webinars/functional-ecos-formality","step":"verify","ok":true}
{"t":"2026-09-11T12:45:15.777Z","path":"/webinars/functional-eco-using-formality-eco","step":"verify","ok":true}
{"t":"2026-09-11T12:45:16.085Z","path":"/webinars/functional-verification-to-fault-simulation","step":"verify","ok":true}
{"t":"2026-09-11T12:45:16.085Z","path":"/webinars/functional-correctness-security-risc-v-cores","step":"verify","ok":true}
{"t":"2026-09-11T12:45:16.976Z","path":"/webinars/high-reliability-functional-safety-fpga","step":"verify","ok":true}
{"t":"2026-09-11T12:45:17.719Z","path":"/webinars/holistic-approach-risc-v-processor","step":"verify","ok":true}
{"t":"2026-09-11T12:45:21.550Z","path":"/webinars/hyperscale-data-centers-1-6t-ethernet","step":"verify","ok":true}
{"t":"2026-09-11T12:45:21.634Z","path":"/webinars/hybrid-prototyping-early-collaboration-automotive-supply-chain","step":"verify","ok":true}
{"t":"2026-09-11T12:45:21.658Z","path":"/webinars/infineon-standardization-semiconductor-environment-siliconda","step":"verify","ok":true}
{"t":"2026-09-11T12:45:23.281Z","path":"/webinars/innovating-ai-hardware-with-cloud-solutions","step":"verify","ok":true}
{"t":"2026-09-11T12:45:23.647Z","path":"/webinars/improve-vcs-simulation","step":"verify","ok":true}
{"t":"2026-09-11T12:45:24.680Z","path":"/webinars/intel-3d-multi-die-design-signoff","step":"verify","ok":true}
{"t":"2026-09-11T12:45:27.818Z","path":"/webinars/invisible-keys-from-pufs","step":"verify","ok":true}
{"t":"2026-09-11T12:45:27.907Z","path":"/webinars/intel-emib-design-advanced-ai-datacenter-solutions","step":"verify","ok":true}
{"t":"2026-09-11T12:45:28.239Z","path":"/webinars/interconnect-memory-performance-exploration-many-core-socs","step":"verify","ok":true}
{"t":"2026-09-11T12:45:29.539Z","path":"/webinars/ip-design-edge-ai","step":"verify","ok":true}
{"t":"2026-09-11T12:45:29.891Z","path":"/webinars/key-ip-3d-integration-ucie-ai-chips","step":"verify","ok":true}
{"t":"2026-09-11T12:45:30.847Z","path":"/webinars/left-shift-verification-multi-die-soc-using-architectural-models-renesas","step":"verify","ok":true}
{"t":"2026-09-11T12:45:34.339Z","path":"/webinars/leveraging-virtual-platforms-shift-left-hwsw-verification","step":"verify","ok":true}
{"t":"2026-09-11T12:45:34.349Z","path":"/webinars/leveraging-synopsys-vdk-to-shift-soc-development-left-mediatek","step":"verify","ok":true}
{"t":"2026-09-11T12:45:34.377Z","path":"/webinars/manufacturing-test-flows-vc-z01x","step":"verify","ok":true}
{"t":"2026-09-11T12:45:35.865Z","path":"/webinars/marvell-accelerating-design-signal-integrity-analysis","step":"verify","ok":true}
{"t":"2026-09-11T12:45:36.115Z","path":"/webinars/mastering-layout-parasitics-with-paragonx-cest","step":"verify","ok":true}
{"t":"2026-09-11T12:45:36.879Z","path":"/webinars/mastering-layout-parasitics-with-paragonx-pst","step":"verify","ok":true}
{"t":"2026-09-11T12:45:40.072Z","path":"/webinars/maximize-productivity-ppa","step":"verify","ok":true}
{"t":"2026-09-11T12:45:40.163Z","path":"/webinars/meta-shift-left-connectivity-checks-soc-quality","step":"verify","ok":true}
{"t":"2026-09-11T12:45:41.999Z","path":"/webinars/migrate-architecture-ip-edge-ai","step":"verify","ok":true}
{"t":"2026-09-11T12:45:42.286Z","path":"/webinars/migrate-analog-design","step":"verify","ok":true}
{"t":"2026-09-11T12:45:42.906Z","path":"/webinars/mitigating-ai-data-bottlenecks-pcie-7","step":"verify","ok":true}
{"t":"2026-09-11T12:45:43.255Z","path":"/webinars/mission-critical-defense-security","step":"verify","ok":true}
{"t":"2026-09-11T12:45:46.196Z","path":"/webinars/ml-driven-equivalence-checking-formality","step":"verify","ok":true}
{"t":"2026-09-11T12:45:46.494Z","path":"/webinars/ml-tcad-calibration","step":"verify","ok":true}
{"t":"2026-09-11T12:45:48.332Z","path":"/webinars/multi-die-3dic-partitioning-floorplanning","step":"verify","ok":true}
{"t":"2026-09-11T12:45:48.812Z","path":"/webinars/multi-die-designs-co-packaged-optics","step":"verify","ok":true}
{"t":"2026-09-11T12:45:49.006Z","path":"/webinars/multi-die-designs-security","step":"verify","ok":true}
{"t":"2026-09-11T12:45:49.182Z","path":"/webinars/multi-die-multi-physics-silicon-design-panel","step":"verify","ok":true}
{"t":"2026-09-11T12:45:52.116Z","path":"/webinars/multi-noc-soc-performance-analysis-tsn-applications","step":"verify","ok":true}
{"t":"2026-09-11T12:45:52.587Z","path":"/webinars/multi-die-test-monitoring-flows","step":"verify","ok":true}
{"t":"2026-09-11T12:45:54.301Z","path":"/webinars/multiphysics-fusion-technology-multi-die-design","step":"verify","ok":true}
{"t":"2026-09-11T12:45:55.105Z","path":"/webinars/multiphysics-hbm-3d-integration","step":"verify","ok":true}
{"t":"2026-09-11T12:45:55.192Z","path":"/webinars/new-faster-standards-data-center-shift","step":"verify","ok":true}
{"t":"2026-09-11T12:45:55.895Z","path":"/webinars/navigating-complexities-sdv","step":"verify","ok":true}
{"t":"2026-09-11T12:45:57.989Z","path":"/webinars/next-generation-3dic-interposer-info-design","step":"verify","ok":true}
{"t":"2026-09-11T12:45:58.328Z","path":"/webinars/noc-centric-system-chiplet-era-platform-architect","step":"verify","ok":true}
{"t":"2026-09-11T12:46:00.421Z","path":"/webinars/noc-design-platform-integration-early-benchmarking-automotive-processor-socs","step":"verify","ok":true}
{"t":"2026-09-11T12:46:01.241Z","path":"/webinars/nvm-otp-tsmc-n5","step":"verify","ok":true}
{"t":"2026-09-11T12:46:01.971Z","path":"/webinars/opportunities-innovation-ai-powered-chip-design","step":"verify","ok":true}
{"t":"2026-09-11T12:46:02.675Z","path":"/webinars/opportunity-new-engineering-paradigms","step":"verify","ok":true}
{"t":"2026-09-11T12:46:04.253Z","path":"/webinars/optimize-atpg-tso-ai","step":"verify","ok":true}
{"t":"2026-09-11T12:46:04.334Z","path":"/webinars/optimal-ppa-targets-dso-ai","step":"verify","ok":true}
{"t":"2026-09-11T12:46:07.465Z","path":"/webinars/optimizing-memory-multi-die-architectures","step":"verify","ok":true}
{"t":"2026-09-11T12:46:07.994Z","path":"/webinars/optimizing-soc-performance","step":"verify","ok":true}
{"t":"2026-09-11T12:46:09.250Z","path":"/webinars/panel-cloud-access-synopsys-startups","step":"verify","ok":true}
{"t":"2026-09-11T12:46:09.307Z","path":"/webinars/paragonx-ic-layout-parasitics-analysis","step":"verify","ok":true}
{"t":"2026-09-11T12:46:10.250Z","path":"/webinars/path-to-1-6tbe-224g-ethernet-phy-ip","step":"verify","ok":true}
{"t":"2026-09-11T12:46:11.286Z","path":"/webinars/pcie-5-edge-benefits","step":"verify","ok":true}
{"t":"2026-09-11T12:46:14.242Z","path":"/webinars/pcie-and-ethernet-over-optics","step":"verify","ok":true}
{"t":"2026-09-11T12:46:14.340Z","path":"/webinars/pcie-cxl-latency-power-considerations-hpc-socs","step":"verify","ok":true}
{"t":"2026-09-11T12:46:15.630Z","path":"/webinars/performance-analysis-network-chip-development","step":"verify","ok":true}
{"t":"2026-09-11T12:46:16.048Z","path":"/webinars/physical-ai-future-systems-design","step":"verify","ok":true}
{"t":"2026-09-11T12:46:16.242Z","path":"/webinars/pcie-multistream-ai-connectivity","step":"verify","ok":true}
{"t":"2026-09-11T12:46:17.426Z","path":"/webinars/power-integrity-signoff-to-design-optimization","step":"verify","ok":true}
{"t":"2026-09-11T12:46:20.410Z","path":"/webinars/powering-3dic-systems-redhawk-sc-electrothermal","step":"verify","ok":true}
{"t":"2026-09-11T12:46:20.593Z","path":"/webinars/power-of-ai-chip-design","step":"verify","ok":true}
{"t":"2026-09-11T12:46:21.791Z","path":"/webinars/pre-silicon-sw-enablement-for-tda5-soc-ti","step":"verify","ok":true}
{"t":"2026-09-11T12:46:22.023Z","path":"/webinars/pre-design-verification-optimization-on-chip","step":"verify","ok":true}
{"t":"2026-09-11T12:46:22.243Z","path":"/webinars/ras-challenges-chiplets-ai","step":"verify","ok":true}
{"t":"2026-09-11T12:46:22.878Z","path":"/webinars/re-engineering-automotive-physical-ai-development","step":"verify","ok":true}
{"t":"2026-09-11T12:46:26.538Z","path":"/webinars/re-engineering-the-future","step":"verify","ok":true}
{"t":"2026-09-11T12:46:26.570Z","path":"/webinars/real-time-processing-automotive-safety","step":"verify","ok":true}
{"t":"2026-09-11T12:46:28.171Z","path":"/webinars/renesas-r-car-virtual-platform","step":"verify","ok":true}
{"t":"2026-09-11T12:46:28.275Z","path":"/webinars/redhawk-sc-emir-signoff-ir-aware-design","step":"verify","ok":true}
{"t":"2026-09-11T12:46:28.405Z","path":"/webinars/reducing-risk-chiplet-design","step":"verify","ok":true}
{"t":"2026-09-11T12:46:29.494Z","path":"/webinars/rethinking-ai-connectivity","step":"verify","ok":true}
{"t":"2026-09-11T12:46:32.292Z","path":"/webinars/rethinking-compute-age-ai","step":"verify","ok":true}
{"t":"2026-09-11T12:46:32.398Z","path":"/webinars/rf-mmwave-reference-flow","step":"verify","ok":true}
{"t":"2026-09-11T12:46:34.213Z","path":"/webinars/rtl-dft-connectivity-webinar","step":"verify","ok":true}
{"t":"2026-09-11T12:46:34.293Z","path":"/webinars/scalable-heterogeneous-systems","step":"verify","ok":true}
{"t":"2026-09-11T12:46:34.470Z","path":"/webinars/rtl-power-analysis","step":"verify","ok":true}
{"t":"2026-09-11T12:46:36.041Z","path":"/webinars/scalable-on-demand-verification","step":"verify","ok":true}
{"t":"2026-09-11T12:46:37.853Z","path":"/webinars/scaling-ai-infrastructures-with-next-gen-standardized-interconnects","step":"verify","ok":true}
{"t":"2026-09-11T12:46:38.588Z","path":"/webinars/scaling-ai-agents-formal-workflow","step":"verify","ok":true}
{"t":"2026-09-11T12:46:40.000Z","path":"/webinars/scaling-sdv-development-virtualization","step":"verify","ok":true}
{"t":"2026-09-11T12:46:40.431Z","path":"/webinars/scaling-hbm-signal-integrity-signoff","step":"verify","ok":true}
{"t":"2026-09-11T12:46:40.814Z","path":"/webinars/seamless-license-management","step":"verify","ok":true}
{"t":"2026-09-11T12:46:42.837Z","path":"/webinars/shaping-the-future","step":"verify","ok":true}
{"t":"2026-09-11T12:46:44.001Z","path":"/webinars/shift-left-performance-analysis-risc-v-soc-openchip","step":"verify","ok":true}
{"t":"2026-09-11T12:46:44.834Z","path":"/webinars/shift-left-soc-ip-verification","step":"verify","ok":true}
{"t":"2026-09-11T12:46:46.515Z","path":"/webinars/silicon-lifecycle-management-automotive","step":"verify","ok":true}
{"t":"2026-09-11T12:46:46.654Z","path":"/webinars/silicon-da-slm-analytics","step":"verify","ok":true}
{"t":"2026-09-11T12:46:47.661Z","path":"/webinars/silicon-systems-innovation-ai","step":"verify","ok":true}
{"t":"2026-09-11T12:46:49.574Z","path":"/webinars/silicon-to-system","step":"verify","ok":true}
{"t":"2026-09-11T12:46:50.171Z","path":"/webinars/slm-pvt-monitoring-gaa","step":"verify","ok":true}
{"t":"2026-09-11T12:46:52.237Z","path":"/webinars/soc-performance-with-collaboration-framework-padk","step":"verify","ok":true}
{"t":"2026-09-11T12:46:52.542Z","path":"/webinars/soc-design-verification-family","step":"verify","ok":true}
{"t":"2026-09-11T12:46:54.130Z","path":"/webinars/software-approach-avoid-respins","step":"verify","ok":true}
{"t":"2026-09-11T12:46:55.428Z","path":"/webinars/speed-barriers-virtual-prototypes-advanced-use-cases","step":"verify","ok":true}
{"t":"2026-09-11T12:46:55.494Z","path":"/webinars/soc-connectivity-verification-vc-formal","step":"verify","ok":false,"why":"about:error in delivered html"}
{"t":"2026-09-11T12:46:56.556Z","path":"/webinars/startups-panel-navigating-the-last-mile","step":"verify","ok":true}
{"t":"2026-09-11T12:46:58.295Z","path":"/webinars/static-esd-simulation-multi-die","step":"verify","ok":true}
{"t":"2026-09-11T12:46:58.795Z","path":"/webinars/stronger-performance-validation-altera","step":"verify","ok":true}
{"t":"2026-09-11T12:47:00.222Z","path":"/webinars/synopsys-ai-copilot-design-assistant","step":"verify","ok":true}
{"t":"2026-09-11T12:47:01.115Z","path":"/webinars/synopsys-ai-copilot-productivity","step":"verify","ok":true}
{"t":"2026-09-11T12:47:01.350Z","path":"/webinars/synopsys-autonomous-verification-closure-agent","step":"verify","ok":true}
{"t":"2026-09-11T12:47:02.681Z","path":"/webinars/synopsys-guc-coupe","step":"verify","ok":true}
{"t":"2026-09-11T12:47:04.424Z","path":"/webinars/synopsys-icepak-agent-autonomous-thermal-engineering","step":"verify","ok":true}
{"t":"2026-09-11T12:47:05.147Z","path":"/webinars/system-level-benchmarking-ai-workloads-tda5-ti","step":"verify","ok":true}
{"t":"2026-09-11T12:47:06.648Z","path":"/webinars/system-level-performance-insights-early-soc-de-risking-nxp","step":"verify","ok":true}
{"t":"2026-09-11T12:47:07.738Z","path":"/webinars/testmax-advisor","step":"verify","ok":true}
{"t":"2026-09-11T12:47:08.012Z","path":"/webinars/the-system-is-the-bottleneck-baya","step":"verify","ok":true}
{"t":"2026-09-11T12:47:09.123Z","path":"/webinars/transition-to-pcie-7-now","step":"verify","ok":true}
{"t":"2026-09-11T12:47:11.079Z","path":"/webinars/trustworthy-automotive-semiconductors","step":"verify","ok":true}
{"t":"2026-09-11T12:47:11.481Z","path":"/webinars/ucie-interface-update","step":"verify","ok":true}
{"t":"2026-09-11T12:47:13.130Z","path":"/webinars/ucie-standard-vs-ucie-advanced","step":"verify","ok":true}
{"t":"2026-09-11T12:47:13.383Z","path":"/webinars/understanding-ualink-architecture-protocol-deep-dive","step":"verify","ok":true}
{"t":"2026-09-11T12:47:14.027Z","path":"/webinars/ucie-system-level-verification-challenges","step":"verify","ok":true}
{"t":"2026-09-11T12:47:15.534Z","path":"/webinars/using-platform-architect-for-optimizing-aurix-microcontrollers","step":"verify","ok":true}
{"t":"2026-09-11T12:47:17.381Z","path":"/webinars/vc-execution-manager-verification-efficiency","step":"verify","ok":true}
{"t":"2026-09-11T12:47:17.623Z","path":"/webinars/vc-panel-what-does-it-take","step":"verify","ok":true}
{"t":"2026-09-11T12:47:19.354Z","path":"/webinars/verdi-euclide-ide-integration","step":"verify","ok":true}
{"t":"2026-09-11T12:47:19.765Z","path":"/webinars/vecu-based-integration","step":"verify","ok":true}
{"t":"2026-09-11T12:47:20.354Z","path":"/webinars/verify-clock-gating-vc-formal-part-1","step":"verify","ok":true}
{"t":"2026-09-11T12:47:21.386Z","path":"/webinars/verifying-ai-designs","step":"verify","ok":true}
{"t":"2026-09-11T12:47:23.416Z","path":"/webinars/verilator-processor-benchmarking-automotive-soc-platforms","step":"verify","ok":true}
{"t":"2026-09-11T12:47:23.714Z","path":"/webinars/virtual-ecu-deployment","step":"verify","ok":true}
{"t":"2026-09-11T12:47:25.312Z","path":"/webinars/virtual-prototypes-risc-v-software-development-optimization-test","step":"verify","ok":true}
{"t":"2026-09-11T12:47:26.421Z","path":"/webinars/virtual-prototyping-software-defined-vehicles","step":"verify","ok":true}
{"t":"2026-09-11T12:47:27.051Z","path":"/webinars/virtualization-for-shift-left-sw-development-tata-elxsi","step":"verify","ok":true}
{"t":"2026-09-11T12:47:27.518Z","path":"/webinars/wireline-transmitters-part-1","step":"verify","ok":true}
{"t":"2026-09-11T12:47:29.630Z","path":"/webinars/wireline-transmitters-part-2","step":"verify","ok":true}
{"t":"2026-09-11T12:47:29.865Z","path":"/webinars/wireline-transmitters-part-3","step":"verify","ok":true}
{"t":"2026-09-11T12:47:32.072Z","path":"/webinars/writing-c-cpp-models-efficient-datapath-validation","step":"verify","ok":true}
{"t":"2026-09-11T12:47:33.947Z","path":"/webinars","step":"verify","ok":true}
{"t":"2026-09-11T12:47:34.057Z","path":"/zh-cn","step":"verify","ok":true}
{"t":"2026-09-11T12:47:34.330Z","path":"/zh-tw","step":"verify","ok":true}
{"t":"2026-09-11T12:48:13.855Z","path":"/ai/ai-powered-eda/dso-ai","step":"verify","ok":true}
{"t":"2026-09-11T12:48:13.859Z","path":"/ai/ai-powered-eda/tso-ai","step":"verify","ok":false,"why":"about:error in delivered html"}
{"t":"2026-09-11T12:48:13.869Z","path":"/academic-research/university","step":"verify","ok":true}
{"t":"2026-09-11T12:48:13.988Z","path":"/ai/ai-powered-eda/vso-ai","step":"verify","ok":true}
{"t":"2026-09-11T12:48:14.057Z","path":"/ai/ai-powered-eda/silicon-da","step":"verify","ok":true}
{"t":"2026-09-11T12:48:14.174Z","path":"/ai/ai-powered-eda/aso-ai","step":"verify","ok":true}
{"t":"2026-09-11T12:48:20.134Z","path":"/ai/ai-powered-eda","step":"verify","ok":true}
{"t":"2026-09-11T12:48:20.200Z","path":"/ai/generative-ai","step":"verify","ok":true}
{"t":"2026-09-11T12:48:20.439Z","path":"/blogs/chip-design/asil-d-certification-automation","step":"verify","ok":true}
{"t":"2026-09-11T12:48:20.801Z","path":"/articles/sima-machine-learning-embedded-edge","step":"verify","ok":true}
{"t":"2026-09-11T12:48:21.488Z","path":"/articles/category-data-center","step":"verify","ok":true}
{"t":"2026-09-11T12:48:23.678Z","path":"/blogs/chip-design/soc-hbm2e-capacity-speed-benefits","step":"verify","ok":false,"why":"about:error in delivered html"}
{"t":"2026-09-11T12:48:25.965Z","path":"/careers/global/europe-and-middle-east/portugal/microelectronics-academy","step":"verify","ok":true}
{"t":"2026-09-11T12:48:26.012Z","path":"/careers/global/europe-and-middle-east/portugal/microelectronics-agenda","step":"verify","ok":true}
{"t":"2026-09-11T12:48:26.240Z","path":"/careers/global/south-asia","step":"verify","ok":false,"why":"about:error in delivered html"}
{"t":"2026-09-11T12:48:26.769Z","path":"/cloud/analog-saas","step":"verify","ok":false,"why":"about:error in delivered html"}
{"t":"2026-09-11T12:48:27.916Z","path":"/careers/global/europe-and-middle-east/portugal","step":"verify","ok":true}
{"t":"2026-09-11T12:48:29.813Z","path":"/cloud/cisco-success","step":"verify","ok":true}
{"t":"2026-09-11T12:48:32.406Z","path":"/cloud/photonic-saas","step":"verify","ok":true}
{"t":"2026-09-11T12:48:32.797Z","path":"/cloud/hcltech-success","step":"verify","ok":true}
{"t":"2026-09-11T12:48:33.102Z","path":"/cloud/digital-saas","step":"verify","ok":false,"why":"about:error in delivered html"}
{"t":"2026-09-11T12:48:33.110Z","path":"/cloud/technical-session","step":"verify","ok":true}
{"t":"2026-09-11T12:48:35.041Z","path":"/cloud/tetramem-success","step":"verify","ok":true}
{"t":"2026-09-11T12:48:37.227Z","path":"/cloud/mentium-success","step":"verify","ok":true}
{"t":"2026-09-11T12:48:37.818Z","path":"/community/resources","step":"verify","ok":false,"why":"about:error in delivered html"}
{"t":"2026-09-11T12:48:38.609Z","path":"/community/snug/snug-india/authors-kit","step":"verify","ok":true}
{"t":"2026-09-11T12:48:38.896Z","path":"/community/snug/snug-europe/call-for-content","step":"verify","ok":true}
{"t":"2026-09-11T12:48:39.325Z","path":"/community/snug/snug-europe/authors-kit","step":"verify","ok":true}
{"t":"2026-09-11T12:48:41.173Z","path":"/community/snug/snug-india/call-for-content","step":"verify","ok":true}
{"t":"2026-09-11T12:48:42.728Z","path":"/community/snug/snug-israel/authors-kit","step":"verify","ok":true}
{"t":"2026-09-11T12:48:44.777Z","path":"/community/snug/snug-israel/call-for-content","step":"verify","ok":true}
{"t":"2026-09-11T12:48:45.038Z","path":"/community/snug/snug-korea","step":"verify","ok":true}
{"t":"2026-09-11T12:48:45.291Z","path":"/community/snug/snug-korea/authors-kit","step":"verify","ok":true}
{"t":"2026-09-11T12:48:48.164Z","path":"/community/snug/snug-penang/call-for-papers","step":"verify","ok":true}
{"t":"2026-09-11T12:48:50.501Z","path":"/community/snug/snug-korea/call-for-content","step":"verify","ok":true}
{"t":"2026-09-11T12:48:50.818Z","path":"/community/snug/snug-silicon-valley/2020-on-demand","step":"verify","ok":true}
{"t":"2026-09-11T12:48:50.913Z","path":"/community/snug/snug-penang/authors-kit","step":"verify","ok":true}
{"t":"2026-09-11T12:48:51.840Z","path":"/community/snug/snug-singapore/authors-kit","step":"verify","ok":true}
{"t":"2026-09-11T12:48:52.556Z","path":"/community/snug/snug-silicon-valley/authors-kit","step":"verify","ok":true}
{"t":"2026-09-11T12:48:54.299Z","path":"/community/snug/snug-singapore/call-for-content","step":"verify","ok":true}
{"t":"2026-09-11T12:48:56.259Z","path":"/community/snug/snug-taiwan/authors-kit","step":"verify","ok":true}
{"t":"2026-09-11T12:48:58.329Z","path":"/community/snug/snug-vietnam/call-for-content","step":"verify","ok":true}
{"t":"2026-09-11T12:49:01.556Z","path":"/company/contact-synopsys/office-locations/armenia/about-us/about-synopsys-armenia","step":"verify","ok":true}
{"t":"2026-09-11T12:49:02.509Z","path":"/company/contact-synopsys/office-locations/armenia/about-us/management-team","step":"verify","ok":true}
{"t":"2026-09-11T12:49:02.898Z","path":"/community/snug/snug-taiwan/location-proceedings-2021","step":"verify","ok":true}
{"t":"2026-09-11T12:49:03.412Z","path":"/community/snug/snug-vietnam/authors-kit","step":"verify","ok":true}
{"t":"2026-09-11T12:49:04.231Z","path":"/company/contact-synopsys/office-locations/armenia/about-us","step":"verify","ok":true}
{"t":"2026-09-11T12:49:07.526Z","path":"/company/contact-synopsys/office-locations/armenia/community-involvement","step":"verify","ok":true}
{"t":"2026-09-11T12:49:07.630Z","path":"/community/snug/snug-taiwan/call-for-content","step":"verify","ok":true}
{"t":"2026-09-11T12:49:09.892Z","path":"/company/contact-synopsys/office-locations/armenia/educational-programs/training-and-internships","step":"verify","ok":true}
{"t":"2026-09-11T12:49:09.982Z","path":"/company/contact-synopsys/office-locations/armenia/educational-programs","step":"verify","ok":true}
{"t":"2026-09-11T12:49:12.945Z","path":"/company/contact-synopsys/office-locations/armenia/stem-initiatives","step":"preview","status":409,"text":"error from content-bus"}
{"t":"2026-09-11T12:49:13.159Z","path":"/company/contact-synopsys/office-locations/armenia/educational-programs/cooperation-with-universities","step":"verify","ok":true}
{"t":"2026-09-11T12:49:13.164Z","path":"/company/contact-synopsys/office-locations/armenia/research-development","step":"verify","ok":false,"why":"about:error in delivered html"}
{"t":"2026-09-11T12:49:13.292Z","path":"/company/contact-synopsys/office-locations/armenia/stem-initiatives/international-microelectronics-olympiad","step":"verify","ok":true}
{"t":"2026-09-11T12:49:15.904Z","path":"/company/contact-synopsys/office-locations/armenia/stem-initiatives/state-educational-award-in-it-sphere","step":"verify","ok":true}
{"t":"2026-09-11T12:49:18.671Z","path":"/company/contact-synopsys/office-locations/armenia/educational-programs/high-school-program-step","step":"verify","ok":true}
{"t":"2026-09-11T12:49:18.926Z","path":"/company/contact-synopsys/office-locations/india/educational-program/student-design-contest","step":"verify","ok":true}
{"t":"2026-09-11T12:49:19.172Z","path":"/company/contact-synopsys/office-locations/europe-middle-east","step":"verify","ok":true}
{"t":"2026-09-11T12:49:19.355Z","path":"/company/contact-synopsys/office-locations/europe-middle-east/europe-middle-east-highlights","step":"verify","ok":true}
{"t":"2026-09-11T12:49:19.874Z","path":"/company/contact-synopsys/office-locations/india/about-synopsys-india","step":"verify","ok":true}
{"t":"2026-09-11T12:49:21.882Z","path":"/company/contact-synopsys/office-locations/india/educational-program","step":"verify","ok":true}
{"t":"2026-09-11T12:49:24.745Z","path":"/company/contact-synopsys/office-locations/korea","step":"verify","ok":true}
{"t":"2026-09-11T12:49:25.013Z","path":"/company/contact-synopsys/office-locations/south-asia","step":"verify","ok":true}
{"t":"2026-09-11T12:49:25.119Z","path":"/company/contact-synopsys/office-locations/taiwan","step":"verify","ok":true}
{"t":"2026-09-11T12:49:25.632Z","path":"/company/executive-briefing-center/ebc-hotels","step":"verify","ok":true}
{"t":"2026-09-11T12:49:25.680Z","path":"/company/contact-synopsys/office-locations","step":"verify","ok":true}
{"t":"2026-09-11T12:49:28.089Z","path":"/company/executive-briefing-center/ebc-map","step":"verify","ok":true}
{"t":"2026-09-11T12:49:30.585Z","path":"/company/executive-briefing-center","step":"verify","ok":true}
{"t":"2026-09-11T12:49:30.596Z","path":"/company/legal","step":"verify","ok":true}
{"t":"2026-09-11T12:49:31.192Z","path":"/company/management-team/alessandra-costa-bio","step":"verify","ok":true}
{"t":"2026-09-11T12:49:31.621Z","path":"/company/management-team/antonio-varas-bio","step":"verify","ok":true}
{"t":"2026-09-11T12:49:32.198Z","path":"/company/management-team/ann-minooka-bio","step":"verify","ok":true}
{"t":"2026-09-11T12:49:33.720Z","path":"/company/management-team/buvna-ayyagari-bio","step":"verify","ok":true}
{"t":"2026-09-11T12:49:36.238Z","path":"/company/management-team/charlie-matar-bio","step":"verify","ok":true}
{"t":"2026-09-11T12:49:36.524Z","path":"/company/management-team/janet-lee-bio","step":"verify","ok":true}
{"t":"2026-09-11T12:49:37.133Z","path":"/company/management-team/jill-larsen-bio","step":"verify","ok":true}
{"t":"2026-09-11T12:49:37.881Z","path":"/company/management-team/mike-ellow-bio","step":"verify","ok":true}
{"t":"2026-09-11T12:49:37.991Z","path":"/company/management-team/prith-banerjee-bio","step":"verify","ok":true}
{"t":"2026-09-11T12:49:39.279Z","path":"/company/management-team/raja-tabet-bio","step":"verify","ok":true}
{"t":"2026-09-11T12:49:41.985Z","path":"/company/management-team/ravi-subramanian-bio","step":"verify","ok":true}
{"t":"2026-09-11T12:49:42.113Z","path":"/company/management-team/sassine-ghazi-bio","step":"verify","ok":true}
{"t":"2026-09-11T12:49:42.916Z","path":"/company/management-team/shankar-krishnamoorthy-bio","step":"verify","ok":true}
{"t":"2026-09-11T12:49:43.310Z","path":"/company/resources/newsletters","step":"verify","ok":true}
{"t":"2026-09-11T12:49:43.445Z","path":"/company/management-team/shelagh-glaser-bio","step":"verify","ok":true}
{"t":"2026-09-11T12:49:45.399Z","path":"/company/resources/synopsys-press/low-power-methodology-manual-download","step":"verify","ok":false,"why":"about:error in delivered html"}
{"t":"2026-09-11T12:49:47.521Z","path":"/company/resources/synopsys-press/the-ten-commandments-for-effective-standards","step":"verify","ok":true}
{"t":"2026-09-11T12:49:47.885Z","path":"/company/resources/synopsys-press/verification-methodology-manual-for-systemverilog","step":"verify","ok":true}
{"t":"2026-09-11T12:49:48.994Z","path":"/company/responsible-business/environment","step":"verify","ok":true}
{"t":"2026-09-11T12:49:49.139Z","path":"/company/resources/synopsys-press/vmm-low-power","step":"verify","ok":true}
{"t":"2026-09-11T12:49:49.383Z","path":"/company/resources/synopsys-press","step":"verify","ok":false,"why":"about:error in delivered html"}
{"t":"2026-09-11T12:49:52.131Z","path":"/company/responsible-business/social/social-impact","step":"verify","ok":true}
{"t":"2026-09-11T12:49:53.074Z","path":"/company","step":"verify","ok":true}
{"t":"2026-09-11T12:49:54.531Z","path":"/designware-ip/interface-ip/ccix-controller","step":"verify","ok":true}
{"t":"2026-09-11T12:49:54.756Z","path":"/designware-ip/interface-ip/ccix","step":"verify","ok":true}
{"t":"2026-09-11T12:49:55.448Z","path":"/designware-ip/interface-ip/consumer8g","step":"verify","ok":true}
{"t":"2026-09-11T12:49:55.841Z","path":"/designware-ip/interface-ip/cxl/cxl-controller","step":"verify","ok":true}
{"t":"2026-09-11T12:49:58.185Z","path":"/designware-ip/interface-ip/ddr/ddr-enhanced-universal-ctls","step":"verify","ok":true}
{"t":"2026-09-11T12:49:58.994Z","path":"/designware-ip/interface-ip/ddr/ddr-gen2-multiphy","step":"verify","ok":true}
{"t":"2026-09-11T12:50:00.327Z","path":"/designware-ip/interface-ip/ddr/ddr-universal-ctls","step":"verify","ok":true}
{"t":"2026-09-11T12:50:00.582Z","path":"/designware-ip/interface-ip/ddr/ddr-universal-umctl","step":"verify","ok":true}
{"t":"2026-09-11T12:50:00.703Z","path":"/designware-ip/interface-ip/ddr/ddr-multiphy","step":"verify","ok":true}
{"t":"2026-09-11T12:50:01.522Z","path":"/designware-ip/interface-ip/ddr/ddr-universal-umctl2","step":"verify","ok":true}
{"t":"2026-09-11T12:50:03.491Z","path":"/designware-ip/interface-ip/ddr/ddr-universal-upctl","step":"verify","ok":true}
{"t":"2026-09-11T12:50:05.716Z","path":"/designware-ip/interface-ip/ddr/ddr-universal-upctl2","step":"verify","ok":true}
{"t":"2026-09-11T12:50:06.280Z","path":"/designware-ip/interface-ip/ddr/ddr2-lite-pctl","step":"verify","ok":true}
{"t":"2026-09-11T12:50:06.521Z","path":"/designware-ip/interface-ip/ddr/ddr2-mem","step":"verify","ok":true}
{"t":"2026-09-11T12:50:07.387Z","path":"/designware-ip/interface-ip/ddr/ddr2-lite-mem","step":"verify","ok":true}
{"t":"2026-09-11T12:50:08.030Z","path":"/designware-ip/interface-ip/ddr/ddr3-pctl","step":"verify","ok":true}
{"t":"2026-09-11T12:50:09.254Z","path":"/designware-ip/interface-ip/ddr/ddr3-phy","step":"verify","ok":true}
{"t":"2026-09-11T12:50:11.118Z","path":"/designware-ip/interface-ip/ddr/ddr4-multiphy","step":"verify","ok":true}
{"t":"2026-09-11T12:50:12.036Z","path":"/designware-ip/interface-ip/ddr/ddr5-mrdimm-controller","step":"verify","ok":true}
{"t":"2026-09-11T12:50:12.457Z","path":"/designware-ip/interface-ip/ddr/ddr43-phy","step":"verify","ok":true}
{"t":"2026-09-11T12:50:13.893Z","path":"/designware-ip/interface-ip/ddr/ddr54-phy","step":"verify","ok":true}
{"t":"2026-09-11T12:50:14.041Z","path":"/designware-ip/interface-ip/ddr/ddr54-controller","step":"verify","ok":true}
{"t":"2026-09-11T12:50:14.921Z","path":"/designware-ip/interface-ip/ddr/lpddr4-multiphy","step":"verify","ok":true}
{"t":"2026-09-11T12:50:16.944Z","path":"/designware-ip/interface-ip/ddr/lpddr54-controller","step":"verify","ok":true}
{"t":"2026-09-11T12:50:17.653Z","path":"/designware-ip/interface-ip/ddr/lpddr54-phy","step":"verify","ok":true}
{"t":"2026-09-11T12:50:18.278Z","path":"/designware-ip/interface-ip/ddr/lpddr5x54x-controller","step":"verify","ok":true}
{"t":"2026-09-11T12:50:19.595Z","path":"/designware-ip/interface-ip/ddr/lpddr5x54x-phy","step":"verify","ok":true}
{"t":"2026-09-11T12:50:20.009Z","path":"/designware-ip/interface-ip/ddr/lpddr65x5-controller","step":"verify","ok":true}
{"t":"2026-09-11T12:50:21.133Z","path":"/designware-ip/interface-ip/ddr/lpddr65x5-phy","step":"verify","ok":true}
{"t":"2026-09-11T12:50:22.770Z","path":"/designware-ip/interface-ip/ddr/mrdimm-phy","step":"verify","ok":true}
{"t":"2026-09-11T12:50:23.345Z","path":"/designware-ip/interface-ip/die-to-die/ucie-controller-ip","step":"verify","ok":true}
{"t":"2026-09-11T12:50:24.770Z","path":"/designware-ip/interface-ip/die-to-die/ucie-phy-ip","step":"verify","ok":true}
{"t":"2026-09-11T12:50:25.180Z","path":"/designware-ip/interface-ip/die-to-die/usr-xsr-phy","step":"verify","ok":true}
{"t":"2026-09-11T12:50:25.738Z","path":"/designware-ip/interface-ip/die-to-die-controller","step":"verify","ok":true}
{"t":"2026-09-11T12:50:26.567Z","path":"/designware-ip/interface-ip/displayport/dptx-ip","step":"verify","ok":true}
{"t":"2026-09-11T12:50:29.010Z","path":"/designware-ip/interface-ip/ethernet/1-6t-ethernet-cs","step":"verify","ok":true}
{"t":"2026-09-11T12:50:29.861Z","path":"/designware-ip/interface-ip/displayport","step":"verify","ok":true}
{"t":"2026-09-11T12:50:31.306Z","path":"/designware-ip/interface-ip/ethernet/1-6t-ethernet-ip","step":"verify","ok":true}
{"t":"2026-09-11T12:50:31.504Z","path":"/designware-ip/interface-ip/ethernet/1-6t-ethernet-mac-ip","step":"verify","ok":true}
{"t":"2026-09-11T12:50:31.526Z","path":"/designware-ip/interface-ip/ethernet/1-6t-ethernet-pcs-ip","step":"verify","ok":true}
{"t":"2026-09-11T12:50:32.042Z","path":"/designware-ip/interface-ip/ethernet/1-6t-ultra-ethernet-cs","step":"verify","ok":true}
{"t":"2026-09-11T12:50:34.783Z","path":"/designware-ip/interface-ip/ethernet/100g-200g-400g-800g-ethernet-mac-ip","step":"verify","ok":true}
{"t":"2026-09-11T12:50:35.891Z","path":"/designware-ip/interface-ip/ethernet/100g-ethernet-mac-tsn","step":"verify","ok":true}
{"t":"2026-09-11T12:50:36.735Z","path":"/designware-ip/interface-ip/ethernet/100g-ethernet-pcs","step":"verify","ok":true}
{"t":"2026-09-11T12:50:37.601Z","path":"/designware-ip/interface-ip/ethernet/112g-ethernet-phy","step":"verify","ok":true}
{"t":"2026-09-11T12:50:37.668Z","path":"/designware-ip/interface-ip/ethernet/200g-400g-800g-ethernet-mac-ip","step":"verify","ok":true}
{"t":"2026-09-11T12:50:37.931Z","path":"/designware-ip/interface-ip/ethernet/200g-400g-ethernet-pcs-ip","step":"verify","ok":true}
{"t":"2026-09-11T12:50:42.086Z","path":"/designware-ip/interface-ip/ethernet/224g-ethernet-phy-ip","step":"verify","ok":true}
{"t":"2026-09-11T12:50:42.433Z","path":"/designware-ip/interface-ip/ethernet/25g-ethernet-mac-ip","step":"verify","ok":true}
{"t":"2026-09-11T12:50:42.433Z","path":"/designware-ip/interface-ip/ethernet/224g-ethernet-phy","step":"verify","ok":true}
{"t":"2026-09-11T12:50:43.454Z","path":"/designware-ip/interface-ip/ethernet/enterprise-ether-pcs","step":"verify","ok":true}
{"t":"2026-09-11T12:50:43.679Z","path":"/designware-ip/interface-ip/ethernet/56g-ethernet-phy","step":"verify","ok":true}
{"t":"2026-09-11T12:50:43.773Z","path":"/designware-ip/interface-ip/ethernet/800g-ethernet-pcs-ip","step":"verify","ok":true}
{"t":"2026-09-11T12:50:48.071Z","path":"/designware-ip/interface-ip/ethernet/ether-mac10-100-1000-unive","step":"verify","ok":true}
{"t":"2026-09-11T12:50:48.090Z","path":"/designware-ip/interface-ip/ethernet/ether-enterprise-mac","step":"verify","ok":true}
{"t":"2026-09-11T12:50:48.164Z","path":"/designware-ip/interface-ip/ethernet/ether-200g-400g-800g-mac-pcs","step":"verify","ok":true}
{"t":"2026-09-11T12:50:49.173Z","path":"/designware-ip/interface-ip/ethernet/ether-mac10-100-universal","step":"verify","ok":true}
{"t":"2026-09-11T12:50:49.394Z","path":"/designware-ip/interface-ip/ethernet/ether-pcs40","step":"verify","ok":true}
{"t":"2026-09-11T12:50:49.515Z","path":"/designware-ip/interface-ip/ethernet/ether-pcs","step":"verify","ok":true}
{"t":"2026-09-11T12:50:54.078Z","path":"/designware-ip/interface-ip/ethernet/ether-qos","step":"verify","ok":true}
{"t":"2026-09-11T12:50:54.140Z","path":"/designware-ip/interface-ip/ethernet/ether-xgmac","step":"verify","ok":true}
{"t":"2026-09-11T12:50:54.336Z","path":"/designware-ip/interface-ip/ethernet/ethernet-scale-up-networking-esun/esun-solution","step":"verify","ok":true}
{"t":"2026-09-11T12:50:54.660Z","path":"/designware-ip/interface-ip/hbm/hbm2","step":"verify","ok":true}
{"t":"2026-09-11T12:50:55.130Z","path":"/designware-ip/interface-ip/hbm/hbm3-controller","step":"verify","ok":true}
{"t":"2026-09-11T12:50:55.385Z","path":"/designware-ip/interface-ip/hbm/hbm3-phy","step":"verify","ok":true}
{"t":"2026-09-11T12:50:59.322Z","path":"/designware-ip/interface-ip/hbm/hbm4-controller","step":"verify","ok":true}
{"t":"2026-09-11T12:50:59.677Z","path":"/designware-ip/interface-ip/hbm/hbm4-phy","step":"verify","ok":true}
{"t":"2026-09-11T12:51:00.239Z","path":"/designware-ip/interface-ip/hdmi/hdmi-13-csds-rx","step":"verify","ok":true}
{"t":"2026-09-11T12:51:00.518Z","path":"/designware-ip/interface-ip/hdmi/hdmi-13-csds-tx","step":"verify","ok":true}
{"t":"2026-09-11T12:51:00.838Z","path":"/designware-ip/interface-ip/hdmi/hdmi-14-csds-rx","step":"verify","ok":true}
{"t":"2026-09-11T12:51:01.174Z","path":"/designware-ip/interface-ip/hdmi/hdmi-14-csds-tx","step":"verify","ok":true}
{"t":"2026-09-11T12:51:05.202Z","path":"/designware-ip/interface-ip/hdmi/hdmi-20-csds-rx","step":"verify","ok":true}
{"t":"2026-09-11T12:51:06.313Z","path":"/designware-ip/interface-ip/hdmi/hdmi-20-csds-tx","step":"verify","ok":true}
{"t":"2026-09-11T12:51:06.407Z","path":"/designware-ip/interface-ip/hdmi/hdmi-csds-rx","step":"verify","ok":true}
{"t":"2026-09-11T12:51:06.518Z","path":"/designware-ip/interface-ip/hdmi/hdmi-21-tx","step":"verify","ok":true}
{"t":"2026-09-11T12:51:06.712Z","path":"/designware-ip/interface-ip/hdmi/hdmi-21-rx","step":"verify","ok":true}
{"t":"2026-09-11T12:51:07.527Z","path":"/designware-ip/interface-ip/hdmi/hdmi-csds-tx","step":"verify","ok":true}
{"t":"2026-09-11T12:51:10.719Z","path":"/designware-ip/interface-ip/mipi/mipi-c-phy-d-phy","step":"verify","ok":true}
{"t":"2026-09-11T12:51:12.221Z","path":"/designware-ip/interface-ip/mipi/mipi-d-phy","step":"verify","ok":true}
{"t":"2026-09-11T12:51:12.221Z","path":"/designware-ip/interface-ip/mipi/mipi-csi2","step":"verify","ok":true}
{"t":"2026-09-11T12:51:12.387Z","path":"/designware-ip/interface-ip/mipi/mipi-i3c","step":"verify","ok":true}
{"t":"2026-09-11T12:51:12.451Z","path":"/designware-ip/interface-ip/mipi/mipi-dsi","step":"verify","ok":true}
{"t":"2026-09-11T12:51:12.950Z","path":"/designware-ip/interface-ip/mipi/mipi-m-phy","step":"verify","ok":true}
{"t":"2026-09-11T12:51:16.891Z","path":"/designware-ip/interface-ip/mipi/mipi-unipro","step":"verify","ok":true}
{"t":"2026-09-11T12:51:17.849Z","path":"/designware-ip/interface-ip/mobile-storage/sd-emmc-phy","step":"verify","ok":true}
{"t":"2026-09-11T12:51:17.966Z","path":"/designware-ip/interface-ip/mobile-storage/sd-emmc-host-controller","step":"verify","ok":true}
{"t":"2026-09-11T12:51:18.138Z","path":"/designware-ip/interface-ip/mobile-storage","step":"verify","ok":true}
{"t":"2026-09-11T12:51:18.173Z","path":"/designware-ip/interface-ip/multi-protocol-10g-phy","step":"verify","ok":true}
{"t":"2026-09-11T12:51:18.637Z","path":"/designware-ip/interface-ip/multi-protocol-112g-phy","step":"verify","ok":true}
{"t":"2026-09-11T12:51:22.181Z","path":"/designware-ip/interface-ip/multi-protocol-16g-phy","step":"verify","ok":true}
{"t":"2026-09-11T12:51:23.602Z","path":"/designware-ip/interface-ip/multi-protocol-25g-phy","step":"verify","ok":true}
{"t":"2026-09-11T12:51:23.617Z","path":"/designware-ip/interface-ip/multi-protocol-6g-phy","step":"verify","ok":true}
{"t":"2026-09-11T12:51:23.904Z","path":"/designware-ip/interface-ip/pci-express/pci-express-4","step":"verify","ok":true}
{"t":"2026-09-11T12:51:23.932Z","path":"/designware-ip/interface-ip/multi-protocol-32g-phy","step":"verify","ok":true}
{"t":"2026-09-11T12:51:24.265Z","path":"/designware-ip/interface-ip/pci-express/pci-express-5","step":"verify","ok":true}
{"t":"2026-09-11T12:51:28.619Z","path":"/designware-ip/interface-ip/pci-express/pci-express-6","step":"verify","ok":true}
{"t":"2026-09-11T12:51:28.921Z","path":"/designware-ip/interface-ip/pci-express/pci-express-axi","step":"verify","ok":true}
{"t":"2026-09-11T12:51:29.235Z","path":"/designware-ip/interface-ip/pci-express/pci-express-multi-port-sw","step":"verify","ok":true}
{"t":"2026-09-11T12:51:29.344Z","path":"/designware-ip/interface-ip/pci-express/pci-express-ahb","step":"verify","ok":true}
{"t":"2026-09-11T12:51:29.635Z","path":"/designware-ip/interface-ip/pci-express/pci-express-controllers","step":"verify","ok":true}
{"t":"2026-09-11T12:51:29.758Z","path":"/designware-ip/interface-ip/pci-express/pci-express-sriov","step":"verify","ok":true}
{"t":"2026-09-11T12:51:34.281Z","path":"/designware-ip/interface-ip/pci-express/pcie-express-eep","step":"verify","ok":true}
{"t":"2026-09-11T12:51:34.488Z","path":"/designware-ip/interface-ip/pci-express/pcie-phy","step":"verify","ok":true}
{"t":"2026-09-11T12:51:34.679Z","path":"/designware-ip/interface-ip/pci-express/pcie2-phy","step":"verify","ok":true}
{"t":"2026-09-11T12:51:34.741Z","path":"/designware-ip/interface-ip/pci-express/pcie3-phy","step":"verify","ok":true}
{"t":"2026-09-11T12:51:35.259Z","path":"/designware-ip/interface-ip/pci-express/pcie5-phy","step":"verify","ok":true}
{"t":"2026-09-11T12:51:35.358Z","path":"/designware-ip/interface-ip/pci-express/pcie4-phy","step":"verify","ok":true}
{"t":"2026-09-11T12:51:40.164Z","path":"/designware-ip/interface-ip/pci-express/pcie6-controller","step":"verify","ok":true}
{"t":"2026-09-11T12:51:40.259Z","path":"/designware-ip/interface-ip/pci-express/pcie7-controller","step":"verify","ok":true}
{"t":"2026-09-11T12:51:40.556Z","path":"/designware-ip/interface-ip/pci-express/pcie6-phy","step":"verify","ok":true}
{"t":"2026-09-11T12:51:40.570Z","path":"/designware-ip/interface-ip/pci-express/pcie7-phy","step":"verify","ok":true}
{"t":"2026-09-11T12:51:40.868Z","path":"/designware-ip/interface-ip/ultra-accelerator-link-cs","step":"verify","ok":true}
{"t":"2026-09-11T12:51:42.871Z","path":"/designware-ip/interface-ip/ufs","step":"verify","ok":true}
{"t":"2026-09-11T12:51:45.614Z","path":"/designware-ip/interface-ip/usb/eusb2-phy","step":"verify","ok":true}
{"t":"2026-09-11T12:51:45.958Z","path":"/designware-ip/interface-ip/usb/usb-1-1-device","step":"verify","ok":true}
{"t":"2026-09-11T12:51:45.963Z","path":"/designware-ip/interface-ip/usb/eusb2-repeater","step":"verify","ok":true}
{"t":"2026-09-11T12:51:45.983Z","path":"/designware-ip/interface-ip/usb/usb-2-0-device","step":"verify","ok":true}
{"t":"2026-09-11T12:51:46.465Z","path":"/designware-ip/interface-ip/usb/usb-1-1-hub","step":"verify","ok":true}
{"t":"2026-09-11T12:51:48.483Z","path":"/designware-ip/interface-ip/usb/usb-2-0-digital-controllers","step":"verify","ok":true}
{"t":"2026-09-11T12:51:51.106Z","path":"/designware-ip/interface-ip/usb/usb-2-0-hs-otg","step":"verify","ok":true}
{"t":"2026-09-11T12:51:51.303Z","path":"/designware-ip/interface-ip/usb/usb-2-0-eusb2","step":"verify","ok":true}
{"t":"2026-09-11T12:51:51.322Z","path":"/designware-ip/interface-ip/usb/usb-2-0-phy","step":"verify","ok":true}
{"t":"2026-09-11T12:51:51.695Z","path":"/designware-ip/interface-ip/usb/usb-2-0-host-controller","step":"verify","ok":true}
{"t":"2026-09-11T12:51:51.838Z","path":"/designware-ip/interface-ip/usb/usb-3-0-controllers","step":"verify","ok":true}
{"t":"2026-09-11T12:51:54.174Z","path":"/designware-ip/interface-ip/usb/usb-3-0-device-controllers","step":"verify","ok":true}
{"t":"2026-09-11T12:51:56.572Z","path":"/designware-ip/interface-ip/usb/usb-3-0-phy","step":"verify","ok":true}
{"t":"2026-09-11T12:51:56.855Z","path":"/designware-ip/interface-ip/usb/usb-3-0-drd","step":"verify","ok":true}
{"t":"2026-09-11T12:51:56.880Z","path":"/designware-ip/interface-ip/usb/usb-3-0-host-controller","step":"verify","ok":true}
{"t":"2026-09-11T12:51:57.299Z","path":"/designware-ip/interface-ip/usb/usb-3-0","step":"verify","ok":true}
{"t":"2026-09-11T12:51:57.697Z","path":"/designware-ip/interface-ip/usb/usb-3-1-controllers","step":"verify","ok":true}
{"t":"2026-09-11T12:51:59.255Z","path":"/designware-ip/interface-ip/usb/usb-3-1-device-controller","step":"verify","ok":true}
{"t":"2026-09-11T12:52:02.226Z","path":"/designware-ip/interface-ip/usb/usb-3-1-gen2","step":"verify","ok":true}
{"t":"2026-09-11T12:52:02.807Z","path":"/designware-ip/interface-ip/usb/usb-3-2-controllers","step":"verify","ok":true}
{"t":"2026-09-11T12:52:03.026Z","path":"/designware-ip/interface-ip/usb/usb-3-1-phy","step":"verify","ok":true}
{"t":"2026-09-11T12:52:03.078Z","path":"/designware-ip/interface-ip/usb/usb-3-2-phy","step":"verify","ok":true}
{"t":"2026-09-11T12:52:04.319Z","path":"/designware-ip/interface-ip/usb/usb-3-2","step":"verify","ok":true}
{"t":"2026-09-11T12:52:05.071Z","path":"/designware-ip/interface-ip/usb/usb-3","step":"verify","ok":true}
{"t":"2026-09-11T12:52:07.913Z","path":"/designware-ip/interface-ip/usb/usb-c-30-controllers","step":"verify","ok":true}
{"t":"2026-09-11T12:52:08.664Z","path":"/designware-ip/interface-ip/usb/usb-c-31-controllers","step":"verify","ok":true}
{"t":"2026-09-11T12:52:08.754Z","path":"/designware-ip/interface-ip/usb/usb-c-31-displayport","step":"verify","ok":true}
{"t":"2026-09-11T12:52:09.178Z","path":"/designware-ip/interface-ip/usb/usb-c-31-dp-14-ss","step":"verify","ok":true}
{"t":"2026-09-11T12:52:09.760Z","path":"/designware-ip/interface-ip/usb/usb-c-31-dp-14","step":"verify","ok":true}
{"t":"2026-09-11T12:52:10.386Z","path":"/designware-ip/interface-ip/usb/usb-c-32-dp-14","step":"verify","ok":true}
{"t":"2026-09-11T12:52:13.636Z","path":"/designware-ip/interface-ip/usb/usb-lpm-hsic","step":"verify","ok":true}
{"t":"2026-09-11T12:52:13.906Z","path":"/designware-ip/interface-ip/usb/usb-type-c","step":"verify","ok":true}
{"t":"2026-09-11T12:52:14.898Z","path":"/designware-ip/interface-ip/usb/usb2-femtophy","step":"verify","ok":true}
{"t":"2026-09-11T12:52:15.413Z","path":"/designware-ip/interface-ip/usb/usb-university-series","step":"verify","ok":true}
{"t":"2026-09-11T12:52:15.664Z","path":"/designware-ip/interface-ip/usb/usb2-nanophy","step":"verify","ok":true}
{"t":"2026-09-11T12:52:15.907Z","path":"/designware-ip/interface-ip/usb/usb2-picophy","step":"verify","ok":true}
{"t":"2026-09-11T12:52:19.304Z","path":"/designware-ip/interface-ip/usb/usb3-femtophy","step":"verify","ok":true}
{"t":"2026-09-11T12:52:19.551Z","path":"/designware-ip/interface-ip/usb/usb2-type-c-iot","step":"verify","ok":true}
{"t":"2026-09-11T12:52:20.162Z","path":"/designware-ip/interface-ip/usb/usb4-controller-router","step":"verify","ok":true}
{"t":"2026-09-11T12:52:20.474Z","path":"/designware-ip/interface-ip/usb/usb4-phy","step":"verify","ok":true}
{"t":"2026-09-11T12:52:20.918Z","path":"/designware-ip/interface-ip/usb/usb4","step":"verify","ok":true}
{"t":"2026-09-11T12:52:22.080Z","path":"/designware-ip/interface-ip/vesa-dsc/vesa-dsc-encoder-decoder","step":"verify","ok":true}
{"t":"2026-09-11T12:52:24.556Z","path":"/designware-ip/interface-ip/xaui-phy","step":"verify","ok":true}
{"t":"2026-09-11T12:52:25.532Z","path":"/designware-ip/ip-market-segments/automotive","step":"verify","ok":true}
{"t":"2026-09-11T12:52:25.666Z","path":"/designware-ip/interface-ip/vesa-dsc","step":"verify","ok":true}
{"t":"2026-09-11T12:52:26.503Z","path":"/designware-ip/ip-reuse-tool/core-assembler","step":"verify","ok":true}
{"t":"2026-09-11T12:52:26.583Z","path":"/designware-ip/ip-oem-partners","step":"verify","ok":true}
{"t":"2026-09-11T12:52:27.539Z","path":"/designware-ip/ip-reuse-tool/core-builder","step":"verify","ok":true}
{"t":"2026-09-11T12:52:29.771Z","path":"/designware-ip/ip-reuse-tool/core-consultant","step":"verify","ok":true}
{"t":"2026-09-11T12:52:30.617Z","path":"/designware-ip/ip-reuse-tool","step":"verify","ok":true}
{"t":"2026-09-11T12:52:31.024Z","path":"/designware-ip/memories-logic-libraries/3dio","step":"verify","ok":true}
{"t":"2026-09-11T12:52:32.307Z","path":"/designware-ip/memories-logic-libraries/duet-package","step":"verify","ok":true}
{"t":"2026-09-11T12:52:32.765Z","path":"/designware-ip/memories-logic-libraries/eco-kits","step":"verify","ok":true}
{"t":"2026-09-11T12:52:33.543Z","path":"/designware-ip/memories-logic-libraries/emram-rram-ip","step":"verify","ok":true}
{"t":"2026-09-11T12:52:35.305Z","path":"/designware-ip/memories-logic-libraries/gpio","step":"verify","ok":true}
{"t":"2026-09-11T12:52:36.163Z","path":"/designware-ip/memories-logic-libraries/high-speed-test-io","step":"verify","ok":true}
{"t":"2026-09-11T12:52:38.190Z","path":"/designware-ip/memories-logic-libraries/multi-port-memory","step":"verify","ok":true}
{"t":"2026-09-11T12:52:38.617Z","path":"/designware-ip/memories-logic-libraries/logic-libraries","step":"verify","ok":true}
{"t":"2026-09-11T12:52:38.683Z","path":"/designware-ip/memories-logic-libraries/io-library-ip","step":"verify","ok":true}
{"t":"2026-09-11T12:52:39.222Z","path":"/designware-ip/memories-logic-libraries/non-volatile-memory/ftp-trim","step":"verify","ok":true}
{"t":"2026-09-11T12:52:41.059Z","path":"/designware-ip/memories-logic-libraries/non-volatile-memory/medium-density","step":"verify","ok":true}
{"t":"2026-09-11T12:52:42.023Z","path":"/designware-ip/memories-logic-libraries/non-volatile-memory/mtp-eeprom","step":"verify","ok":true}
{"t":"2026-09-11T12:52:43.570Z","path":"/designware-ip/memories-logic-libraries/non-volatile-memory/mtp-rfid","step":"verify","ok":true}
{"t":"2026-09-11T12:52:44.176Z","path":"/designware-ip/memories-logic-libraries/non-volatile-memory/otp-xbc","step":"verify","ok":true}
{"t":"2026-09-11T12:52:44.341Z","path":"/designware-ip/memories-logic-libraries/non-volatile-memory/otp-slp-c","step":"verify","ok":true}
{"t":"2026-09-11T12:52:44.541Z","path":"/designware-ip/memories-logic-libraries/non-volatile-memory/otp-xhc","step":"verify","ok":true}
{"t":"2026-09-11T12:52:47.338Z","path":"/designware-ip/memories-logic-libraries/non-volatile-memory/otp-xsc","step":"verify","ok":true}
{"t":"2026-09-11T12:52:48.541Z","path":"/designware-ip/memories-logic-libraries/power-optimization-kit","step":"verify","ok":true}
{"t":"2026-09-11T12:52:49.616Z","path":"/designware-ip/memories-logic-libraries/specialty-io","step":"verify","ok":true}
{"t":"2026-09-11T12:52:49.920Z","path":"/designware-ip/memories-logic-libraries/sram-memory-compilers","step":"verify","ok":true}
{"t":"2026-09-11T12:52:50.217Z","path":"/designware-ip/memories-logic-libraries/tcam-memory-compilers","step":"verify","ok":true}
{"t":"2026-09-11T12:52:51.149Z","path":"/designware-ip/memories-logic-libraries/standard-cell","step":"verify","ok":true}
{"t":"2026-09-11T12:52:53.596Z","path":"/designware-ip/memories-logic-libraries/ull-logic","step":"verify","ok":true}
{"t":"2026-09-11T12:52:55.163Z","path":"/designware-ip/memories-logic-libraries","step":"verify","ok":true}
{"t":"2026-09-11T12:52:55.466Z","path":"/designware-ip/security-ip/cryptography-ip/public-key-accelerators/agile-pqc-pka","step":"verify","ok":true}
{"t":"2026-09-11T12:52:55.507Z","path":"/designware-ip/security-ip/cryptography-ip/public-key-accelerators","step":"verify","ok":true}
{"t":"2026-09-11T12:52:56.069Z","path":"/designware-ip/security-ip/cryptography-ip/public-key-accelerators/security-public-key-accelerator","step":"verify","ok":true}
{"t":"2026-09-11T12:52:56.442Z","path":"/designware-ip/security-ip/cryptography-ip/puf/aerospace-defense","step":"verify","ok":true}
{"t":"2026-09-11T12:53:01.184Z","path":"/designware-ip/security-ip/cryptography-ip/puf/chiplet-security","step":"verify","ok":true}
{"t":"2026-09-11T12:53:01.221Z","path":"/designware-ip/security-ip/cryptography-ip/puf/automotive-security","step":"verify","ok":true}
{"t":"2026-09-11T12:53:01.227Z","path":"/designware-ip/security-ip/cryptography-ip/puf/edge-cloud-iot-security","step":"verify","ok":true}
{"t":"2026-09-11T12:53:02.432Z","path":"/designware-ip/security-ip/cryptography-ip/puf/firmware-ip-protection","step":"verify","ok":true}
{"t":"2026-09-11T12:53:02.432Z","path":"/designware-ip/security-ip/cryptography-ip/puf/embedded-microcontrollers","step":"verify","ok":true}
{"t":"2026-09-11T12:53:03.797Z","path":"/designware-ip/security-ip/cryptography-ip/puf/device-to-host-authentication","step":"verify","ok":true}
{"t":"2026-09-11T12:53:07.374Z","path":"/designware-ip/security-ip/cryptography-ip/puf/ip-software","step":"verify","ok":true}
{"t":"2026-09-11T12:53:07.524Z","path":"/designware-ip/security-ip/cryptography-ip/puf/industrial-iot","step":"verify","ok":true}
{"t":"2026-09-11T12:53:07.955Z","path":"/designware-ip/security-ip/cryptography-ip/puf/just-in-time-key-management","step":"verify","ok":true}
{"t":"2026-09-11T12:53:08.201Z","path":"/designware-ip/security-ip/cryptography-ip/puf/key-vault","step":"verify","ok":true}
{"t":"2026-09-11T12:53:08.743Z","path":"/designware-ip/security-ip/cryptography-ip/puf/medical","step":"verify","ok":true}
{"t":"2026-09-11T12:53:08.893Z","path":"/designware-ip/security-ip/cryptography-ip/puf/security-puf-fpga-x","step":"verify","ok":true}
{"t":"2026-09-11T12:53:13.361Z","path":"/designware-ip/security-ip/cryptography-ip/puf/sensor-ics","step":"verify","ok":true}
{"t":"2026-09-11T12:53:13.519Z","path":"/designware-ip/security-ip/cryptography-ip/puf/soft-skus","step":"verify","ok":true}
{"t":"2026-09-11T12:53:13.684Z","path":"/designware-ip/security-ip/cryptography-ip/puf/security-puf-ip","step":"verify","ok":true}
{"t":"2026-09-11T12:53:13.709Z","path":"/designware-ip/security-ip/cryptography-ip/puf","step":"verify","ok":true}
{"t":"2026-09-11T12:53:14.196Z","path":"/designware-ip/security-ip/cryptography-ip/random-number-generators/trng-nist","step":"verify","ok":true}
{"t":"2026-09-11T12:53:14.597Z","path":"/designware-ip/security-ip/cryptography-ip/random-number-generators/trng","step":"verify","ok":true}
{"t":"2026-09-11T12:53:18.677Z","path":"/designware-ip/security-ip/cryptography-ip/security-crypto-software-library","step":"verify","ok":true}
{"t":"2026-09-11T12:53:18.926Z","path":"/designware-ip/security-ip/cryptography-ip/secure-boot-sdk","step":"verify","ok":true}
{"t":"2026-09-11T12:53:18.960Z","path":"/designware-ip/security-ip/cryptography-ip/random-number-generators","step":"verify","ok":true}
{"t":"2026-09-11T12:53:19.018Z","path":"/designware-ip/security-ip/cryptography-ip/symmetric-cryptographic-engines/security-aes-gcm-ctr","step":"verify","ok":true}
{"t":"2026-09-11T12:53:19.925Z","path":"/designware-ip/security-ip/cryptography-ip/symmetric-cryptographic-engines/ultra-aes-gcm-ctr","step":"verify","ok":true}
{"t":"2026-09-11T12:53:22.459Z","path":"/designware-ip/security-ip/cryptography-ip/symmetric-cryptographic-engines/security-aes-xts","step":"verify","ok":true}
{"t":"2026-09-11T12:53:24.220Z","path":"/designware-ip/security-ip/cryptography-ip/symmetric-cryptographic-engines","step":"verify","ok":true}
{"t":"2026-09-11T12:53:24.472Z","path":"/designware-ip/security-ip/cryptography-ip","step":"verify","ok":true}
{"t":"2026-09-11T12:53:24.863Z","path":"/designware-ip/security-ip/interface-security-modules/automotive-macsec-1g-25g","step":"verify","ok":true}
{"t":"2026-09-11T12:53:24.983Z","path":"/designware-ip/security-ip/interface-security-modules/content-protection-ip","step":"verify","ok":true}
{"t":"2026-09-11T12:53:27.882Z","path":"/designware-ip/security-ip/cryptography-ip/symmetric-cryptographic-engines/ultra-high-perf-aes-xts-ecb","step":"verify","ok":true}
{"t":"2026-09-11T12:53:27.914Z","path":"/designware-ip/security-ip/interface-security-modules/hpc-macsec-up-to-1-6t","step":"verify","ok":true}
{"t":"2026-09-11T12:53:30.260Z","path":"/designware-ip/security-ip/interface-security-modules/security-ddr-ime","step":"verify","ok":true}
{"t":"2026-09-11T12:53:31.084Z","path":"/designware-ip/security-ip/interface-security-modules/security-cxl2-ide","step":"verify","ok":true}
{"t":"2026-09-11T12:53:32.816Z","path":"/designware-ip/security-ip/interface-security-modules/security-cxl3-ide","step":"verify","ok":true}
{"t":"2026-09-11T12:53:33.672Z","path":"/designware-ip/security-ip/interface-security-modules/security-hdcp-esm-dp","step":"verify","ok":true}
{"t":"2026-09-11T12:53:34.719Z","path":"/designware-ip/security-ip/interface-security-modules/security-cxl4-ide","step":"verify","ok":true}
{"t":"2026-09-11T12:53:36.041Z","path":"/designware-ip/security-ip/interface-security-modules/security-hdcp-esm-multiport","step":"verify","ok":true}
{"t":"2026-09-11T12:53:36.359Z","path":"/designware-ip/security-ip/interface-security-modules/security-ethernet-macsec","step":"verify","ok":true}
{"t":"2026-09-11T12:53:36.360Z","path":"/designware-ip/security-ip/interface-security-modules/security-hdcp-esm","step":"verify","ok":true}
{"t":"2026-09-11T12:53:37.882Z","path":"/designware-ip/security-ip/interface-security-modules/security-pcie5-ide","step":"verify","ok":true}
{"t":"2026-09-11T12:53:39.166Z","path":"/designware-ip/security-ip/interface-security-modules/security-pcie6-ide","step":"verify","ok":true}
{"t":"2026-09-11T12:53:39.988Z","path":"/designware-ip/security-ip/interface-security-modules/security-pcie7-ide","step":"verify","ok":true}
{"t":"2026-09-11T12:53:41.697Z","path":"/designware-ip/security-ip/root-of-trust/troot-fx-hw-secure-module","step":"verify","ok":true}
{"t":"2026-09-11T12:53:42.536Z","path":"/designware-ip/security-ip/root-of-trust/troot-hsm-automotive","step":"verify","ok":true}
{"t":"2026-09-11T12:53:43.523Z","path":"/designware-ip/security-ip/root-of-trust/troot-hsm-isim","step":"verify","ok":true}
{"t":"2026-09-11T12:53:43.620Z","path":"/designware-ip/security-ip/interface-security-modules","step":"verify","ok":true}
{"t":"2026-09-11T12:53:44.764Z","path":"/designware-ip/security-ip/root-of-trust/troot-hw-secure-module","step":"verify","ok":true}
{"t":"2026-09-11T12:53:46.517Z","path":"/designware-ip/security-ip/root-of-trust","step":"verify","ok":true}
{"t":"2026-09-11T12:53:47.580Z","path":"/designware-ip/security-ip/security-protocol-accelerators/multipurpose-spacc","step":"verify","ok":true}
{"t":"2026-09-11T12:53:47.839Z","path":"/designware-ip/security-ip/security-protocol-accelerators/security-protocol-accelerator-sm3-sm4","step":"verify","ok":true}
{"t":"2026-09-11T12:53:49.000Z","path":"/designware-ip/soc-infrastructure-ip/amba/amba-i2c-smbus","step":"verify","ok":true}
{"t":"2026-09-11T12:53:49.423Z","path":"/designware-ip/security-ip/security-protocol-accelerators","step":"verify","ok":true}
{"t":"2026-09-11T12:53:50.310Z","path":"/designware-ip/soc-infrastructure-ip/amba/amba-ssi","step":"verify","ok":true}
{"t":"2026-09-11T12:53:52.289Z","path":"/designware-ip/soc-infrastructure-ip/amba/amba-uart","step":"verify","ok":true}
{"t":"2026-09-11T12:53:52.848Z","path":"/designware-ip/soc-infrastructure-ip/amba/espi-controller","step":"verify","ok":true}
{"t":"2026-09-11T12:53:53.140Z","path":"/designware-ip/soc-infrastructure-ip/amba/general-purpose-timer","step":"verify","ok":true}
{"t":"2026-09-11T12:53:54.880Z","path":"/designware-ip/soc-infrastructure-ip/amba/i2c","step":"verify","ok":true}
{"t":"2026-09-11T12:53:55.966Z","path":"/designware-ip/soc-infrastructure-ip/amba/i2s-controller-ip","step":"verify","ok":true}
{"t":"2026-09-11T12:53:56.218Z","path":"/designware-ip/soc-infrastructure-ip/amba/gpio","step":"verify","ok":true}
{"t":"2026-09-11T12:53:57.784Z","path":"/designware-ip/soc-infrastructure-ip/amba/i2s-tdm-audio-controller","step":"verify","ok":true}
{"t":"2026-09-11T12:53:58.458Z","path":"/designware-ip/soc-infrastructure-ip/amba/spi","step":"verify","ok":true}
{"t":"2026-09-11T12:53:58.980Z","path":"/designware-ip/soc-infrastructure-ip/amba/uart","step":"verify","ok":true}
{"t":"2026-09-11T12:54:00.440Z","path":"/designware-ip/soc-infrastructure-ip/amba/watchdog-timer","step":"verify","ok":true}
{"t":"2026-09-11T12:54:01.427Z","path":"/designware-ip/soc-infrastructure-ip/clock-delay-monitor","step":"verify","ok":true}
{"t":"2026-09-11T12:54:01.753Z","path":"/designware-ip/soc-infrastructure-ip/foundation-cores","step":"verify","ok":true}
{"t":"2026-09-11T12:54:03.590Z","path":"/designware-ip/star-hierarchical-test","step":"verify","ok":true}
{"t":"2026-09-11T12:54:04.230Z","path":"/designware-ip/videos/ddr","step":"verify","ok":true}
{"t":"2026-09-11T12:54:04.563Z","path":"/designware-ip/technical-bulletin","step":"verify","ok":true}
{"t":"2026-09-11T12:54:06.004Z","path":"/designware-ip/videos/die-to-die","step":"verify","ok":true}
{"t":"2026-09-11T12:54:06.924Z","path":"/designware-ip/videos/embedded-memories-logic-libraries","step":"verify","ok":true}
{"t":"2026-09-11T12:54:07.408Z","path":"/designware-ip/videos/ethernet","step":"verify","ok":true}
{"t":"2026-09-11T12:54:09.088Z","path":"/designware-ip/videos/hdmi","step":"verify","ok":true}
{"t":"2026-09-11T12:54:09.519Z","path":"/designware-ip/videos/ip-subsystems","step":"verify","ok":true}
{"t":"2026-09-11T12:54:10.011Z","path":"/designware-ip/videos/mipi","step":"verify","ok":true}
{"t":"2026-09-11T12:54:11.506Z","path":"/designware-ip/videos/nvm","step":"verify","ok":true}
{"t":"2026-09-11T12:54:13.145Z","path":"/designware-ip/videos/pci-express","step":"verify","ok":true}
{"t":"2026-09-11T12:54:13.150Z","path":"/designware-ip/videos/security-ip","step":"verify","ok":true}
{"t":"2026-09-11T12:54:14.946Z","path":"/designware-ip/videos/usb-videos","step":"verify","ok":true}
{"t":"2026-09-11T12:54:16.263Z","path":"/dw/buildingblock","step":"verify","ok":true}
{"t":"2026-09-11T12:54:16.629Z","path":"/designware-ip/videos","step":"verify","ok":true}
{"t":"2026-09-11T12:54:16.957Z","path":"/dw/doc/ds/c/dwc-hdmi13-tx-phy-225gbps-tsmc-65gp25-pdf","step":"verify","ok":true}
{"t":"2026-09-11T12:54:18.463Z","path":"/dw/doc/ds/c/dwc-sata-phy-pdf","step":"verify","ok":true}
{"t":"2026-09-11T12:54:18.915Z","path":"/dw/doc/ds/c/sensor-subsystem-ds-pdf","step":"verify","ok":true}
{"t":"2026-09-11T12:54:20.710Z","path":"/dw/doc/ds/c/uart-pdf","step":"verify","ok":true}
{"t":"2026-09-11T12:54:21.688Z","path":"/dw/doc/ds/cc/arc-hs-enhanced-security-package-pdf","step":"verify","ok":true}
{"t":"2026-09-11T12:54:21.960Z","path":"/dw/doc/ds/cc/arc-hs4x-pdf","step":"verify","ok":true}
{"t":"2026-09-11T12:54:22.600Z","path":"/dw/doc/ds/cc/asip-designer-ds-pdf","step":"verify","ok":true}
{"t":"2026-09-11T12:54:24.383Z","path":"/dw/doc/ds/o/ip-prototyping-kit-usb2-hs-otg-pdf","step":"verify","ok":true}
{"t":"2026-09-11T12:54:24.410Z","path":"/dw/doc/ds/es/embed-test-repair-ecc-pdf","step":"verify","ok":true}
{"t":"2026-09-11T12:54:26.376Z","path":"/dw/doc/ds/o/ip-prototyping-kit-usb3-1-host-device-pdf","step":"verify","ok":true}
{"t":"2026-09-11T12:54:27.133Z","path":"/dw/doc/wp/amba-hybrid-wp-pdf","step":"verify","ok":true}
{"t":"2026-09-11T12:54:27.190Z","path":"/dw/doc/ds/o/ip-prototyping-kits-ds-pdf","step":"verify","ok":true}
{"t":"2026-09-11T12:54:27.928Z","path":"/dw/doc/wp/arc-low-power-machine-learning-for-iot-pdf","step":"verify","ok":true}
{"t":"2026-09-11T12:54:29.916Z","path":"/dw/doc/wp/arc-software-test-library-pdf","step":"verify","ok":true}
{"t":"2026-09-11T12:54:30.357Z","path":"/dw/doc/wp/calibrate-and-configure-your-power-management-ic-with-nvm-ip-wp-sch-pdf","step":"verify","ok":true}
{"t":"2026-09-11T12:54:32.154Z","path":"/dw/doc/wp/dataconverters-ip-for-automotive-socs-white-paper-pdf","step":"verify","ok":true}
{"t":"2026-09-11T12:54:32.424Z","path":"/dw/doc/wp/designing-computational-imaging-systems-wp-pdf","step":"verify","ok":true}
{"t":"2026-09-11T12:54:32.617Z","path":"/dw/doc/wp/how-new-storage-technologies-enhance-hpc-systems-pdf","step":"verify","ok":true}
{"t":"2026-09-11T12:54:33.755Z","path":"/dw/doc/wp/neuromorphic-computing-emerging-memories-artificial-intelligence-socs-pdf","step":"verify","ok":true}
{"t":"2026-09-11T12:54:35.404Z","path":"/dw/doc/wp/tortuga-build-secure-processor-systems-faster-pdf","step":"verify","ok":true}
{"t":"2026-09-11T12:54:36.826Z","path":"/dw/emllselector/io","step":"verify","ok":true}
{"t":"2026-09-11T12:54:38.783Z","path":"/dw/ipdir/dw-8b10b-dec","step":"verify","ok":true}
{"t":"2026-09-11T12:54:38.927Z","path":"/dw/emllselector","step":"verify","ok":true}
{"t":"2026-09-11T12:54:39.096Z","path":"/dw/emllselector/university","step":"verify","ok":true}
{"t":"2026-09-11T12:54:39.217Z","path":"/dw/ipdir/dw-8b10b-enc","step":"verify","ok":true}
{"t":"2026-09-11T12:54:41.127Z","path":"/dw/ipdir/dw-8b10b-unbal","step":"verify","ok":true}
{"t":"2026-09-11T12:54:42.632Z","path":"/dw/ipdir/dw-addsub-dx","step":"verify","ok":true}
{"t":"2026-09-11T12:54:44.561Z","path":"/dw/ipdir/dw-ahb-dmac","step":"verify","ok":true}
{"t":"2026-09-11T12:54:44.705Z","path":"/dw/ipdir/dw-ahb-icm","step":"verify","ok":true}
{"t":"2026-09-11T12:54:44.784Z","path":"/dw/ipdir/dw-ahb-eh2h","step":"verify","ok":true}
{"t":"2026-09-11T12:54:45.633Z","path":"/dw/ipdir/dw-ahb-h2h","step":"verify","ok":true}
{"t":"2026-09-11T12:54:46.598Z","path":"/dw/ipdir/dw-ahb-ictl-dw-apb-ictl","step":"verify","ok":true}
{"t":"2026-09-11T12:54:48.304Z","path":"/dw/ipdir/dw-ahb","step":"verify","ok":true}
{"t":"2026-09-11T12:54:50.335Z","path":"/dw/ipdir/dw-apb-rap","step":"verify","ok":true}
{"t":"2026-09-11T12:54:50.446Z","path":"/dw/ipdir/dw-apb-gpio","step":"verify","ok":true}
{"t":"2026-09-11T12:54:50.974Z","path":"/dw/ipdir/dw-apb-i2s","step":"verify","ok":true}
{"t":"2026-09-11T12:54:52.050Z","path":"/dw/ipdir/dw-apb-ssi","step":"verify","ok":true}
{"t":"2026-09-11T12:54:52.076Z","path":"/dw/ipdir/dw-apb-rtc","step":"verify","ok":true}
{"t":"2026-09-11T12:54:53.603Z","path":"/dw/ipdir/dw-apb-timers","step":"verify","ok":true}
{"t":"2026-09-11T12:54:55.623Z","path":"/dw/ipdir/dw-apb-wdt","step":"verify","ok":true}
{"t":"2026-09-11T12:54:56.570Z","path":"/dw/ipdir/dw-apb","step":"verify","ok":true}
{"t":"2026-09-11T12:54:56.826Z","path":"/dw/ipdir/dw-arb-2t","step":"verify","ok":true}
{"t":"2026-09-11T12:54:57.756Z","path":"/dw/ipdir/dw-arb-fcfs","step":"verify","ok":true}
{"t":"2026-09-11T12:54:57.921Z","path":"/dw/ipdir/dw-arb-dp","step":"verify","ok":true}
{"t":"2026-09-11T12:54:58.870Z","path":"/dw/ipdir/dw-arb-rr","step":"verify","ok":true}
{"t":"2026-09-11T12:55:01.091Z","path":"/dw/ipdir/dw-arb-sp","step":"verify","ok":true}
{"t":"2026-09-11T12:55:02.157Z","path":"/dw/ipdir/dw-asymdata-inbuf","step":"verify","ok":true}
{"t":"2026-09-11T12:55:02.262Z","path":"/dw/ipdir/dw-asymdata-outbuf","step":"verify","ok":true}
{"t":"2026-09-11T12:55:03.367Z","path":"/dw/ipdir/dw-asymfifo-s1-df","step":"verify","ok":true}
{"t":"2026-09-11T12:55:03.487Z","path":"/dw/ipdir/dw-asymfifo-s1-sf","step":"verify","ok":true}
{"t":"2026-09-11T12:55:04.867Z","path":"/dw/ipdir/dw-asymfifo-s2-sf","step":"verify","ok":true}
{"t":"2026-09-11T12:55:06.576Z","path":"/dw/ipdir/dw-asymfifoctl-2c-df","step":"verify","ok":true}
{"t":"2026-09-11T12:55:07.859Z","path":"/dw/ipdir/dw-asymfifoctl-s1-sf","step":"verify","ok":true}
{"t":"2026-09-11T12:55:08.462Z","path":"/dw/ipdir/dw-asymfifoctl-s1-df","step":"verify","ok":true}
{"t":"2026-09-11T12:55:09.128Z","path":"/dw/ipdir/dw-axi-a2x","step":"verify","ok":true}
{"t":"2026-09-11T12:55:09.260Z","path":"/dw/ipdir/dw-asymfifoctl-s2-sf","step":"verify","ok":true}
{"t":"2026-09-11T12:55:10.240Z","path":"/dw/ipdir/dw-axi-dmac","step":"verify","ok":true}
{"t":"2026-09-11T12:55:12.277Z","path":"/dw/ipdir/dw-axi-gm","step":"verify","ok":true}
{"t":"2026-09-11T12:55:13.943Z","path":"/dw/ipdir/dw-axi-gs","step":"verify","ok":true}
{"t":"2026-09-11T12:55:14.251Z","path":"/dw/ipdir/dw-axi-hmx","step":"verify","ok":true}
{"t":"2026-09-11T12:55:14.395Z","path":"/dw/ipdir/dw-axi-rs","step":"verify","ok":true}
{"t":"2026-09-11T12:55:15.229Z","path":"/dw/ipdir/dw-axi-x2h","step":"verify","ok":true}
{"t":"2026-09-11T12:55:15.547Z","path":"/dw/ipdir/dw-axi-x2p","step":"verify","ok":true}
{"t":"2026-09-11T12:55:18.237Z","path":"/dw/ipdir/dw-axi-x2x","step":"verify","ok":true}
{"t":"2026-09-11T12:55:19.895Z","path":"/dw/ipdir/dw-axi","step":"verify","ok":true}
{"t":"2026-09-11T12:55:20.333Z","path":"/dw/ipdir/dw-bc-10","step":"verify","ok":true}
{"t":"2026-09-11T12:55:20.365Z","path":"/dw/ipdir/dw-bc-1","step":"verify","ok":true}
{"t":"2026-09-11T12:55:21.041Z","path":"/dw/ipdir/dw-bc-2","step":"verify","ok":true}
{"t":"2026-09-11T12:55:21.081Z","path":"/dw/ipdir/dw-bc-3","step":"verify","ok":true}
{"t":"2026-09-11T12:55:23.947Z","path":"/dw/ipdir/dw-bc-4","step":"verify","ok":true}
{"t":"2026-09-11T12:55:25.649Z","path":"/dw/ipdir/dw-bc-5","step":"verify","ok":true}
{"t":"2026-09-11T12:55:25.722Z","path":"/dw/ipdir/dw-bc-8","step":"verify","ok":true}
{"t":"2026-09-11T12:55:25.768Z","path":"/dw/ipdir/dw-bc-7","step":"verify","ok":true}
{"t":"2026-09-11T12:55:26.952Z","path":"/dw/ipdir/dw-bin2gray","step":"verify","ok":true}
{"t":"2026-09-11T12:55:27.024Z","path":"/dw/ipdir/dw-bc-9","step":"verify","ok":true}
{"t":"2026-09-11T12:55:29.363Z","path":"/dw/ipdir/dw-cmp-dx","step":"verify","ok":true}
{"t":"2026-09-11T12:55:31.249Z","path":"/dw/ipdir/dw-crc-p","step":"verify","ok":true}
{"t":"2026-09-11T12:55:31.364Z","path":"/dw/ipdir/dw-crc-s","step":"verify","ok":true}
{"t":"2026-09-11T12:55:31.366Z","path":"/dw/ipdir/dw-cntr-gray","step":"verify","ok":true}
{"t":"2026-09-11T12:55:32.664Z","path":"/dw/ipdir/dw-data-qsync-hl","step":"verify","ok":true}
{"t":"2026-09-11T12:55:33.078Z","path":"/dw/ipdir/dw-data-qsync-lh","step":"verify","ok":true}
{"t":"2026-09-11T12:55:34.909Z","path":"/dw/ipdir/dw-data-sync-1c","step":"verify","ok":true}
{"t":"2026-09-11T12:55:37.031Z","path":"/dw/ipdir/dw-data-sync-na","step":"verify","ok":true}
{"t":"2026-09-11T12:55:37.341Z","path":"/dw/ipdir/dw-dct-2d","step":"verify","ok":true}
{"t":"2026-09-11T12:55:37.499Z","path":"/dw/ipdir/dw-data-sync","step":"verify","ok":true}
{"t":"2026-09-11T12:55:38.630Z","path":"/dw/ipdir/dw-decode-en","step":"verify","ok":true}
{"t":"2026-09-11T12:55:39.229Z","path":"/dw/ipdir/dw-div-pipe","step":"verify","ok":true}
{"t":"2026-09-11T12:55:40.237Z","path":"/dw/ipdir/dw-div-sat","step":"verify","ok":true}
{"t":"2026-09-11T12:55:42.772Z","path":"/dw/ipdir/dw-div-seq","step":"verify","ok":true}
{"t":"2026-09-11T12:55:42.987Z","path":"/dw/ipdir/dw-div","step":"verify","ok":true}
{"t":"2026-09-11T12:55:43.278Z","path":"/dw/ipdir/dw-dpll-sd","step":"verify","ok":true}
{"t":"2026-09-11T12:55:44.307Z","path":"/dw/ipdir/dw-ecc","step":"verify","ok":true}
{"t":"2026-09-11T12:55:46.254Z","path":"/dw/ipdir/dw-fifo-2c-df","step":"verify","ok":true}
{"t":"2026-09-11T12:55:46.553Z","path":"/dw/ipdir/dw-exp2","step":"verify","ok":true}
{"t":"2026-09-11T12:55:48.331Z","path":"/dw/ipdir/dw-fifo-s1-df","step":"verify","ok":true}
{"t":"2026-09-11T12:55:48.701Z","path":"/dw/ipdir/dw-fifo-s2-sf","step":"verify","ok":true}
{"t":"2026-09-11T12:55:48.783Z","path":"/dw/ipdir/dw-fifo-s1-sf","step":"verify","ok":true}
{"t":"2026-09-11T12:55:49.941Z","path":"/dw/ipdir/dw-fifoctl-2c-df","step":"verify","ok":true}
{"t":"2026-09-11T12:55:51.819Z","path":"/dw/ipdir/dw-fifoctl-s1-df","step":"verify","ok":true}
{"t":"2026-09-11T12:55:51.981Z","path":"/dw/ipdir/dw-fifoctl-s1-sf","step":"verify","ok":true}
{"t":"2026-09-11T12:55:54.106Z","path":"/dw/ipdir/dw-fifoctl-s2-sf","step":"verify","ok":true}
{"t":"2026-09-11T12:55:54.241Z","path":"/dw/ipdir/dw-fir-seq","step":"verify","ok":true}
{"t":"2026-09-11T12:55:55.162Z","path":"/dw/ipdir/dw-fir","step":"verify","ok":true}
{"t":"2026-09-11T12:55:55.997Z","path":"/dw/ipdir/dw-fp-add-dg","step":"verify","ok":true}
{"t":"2026-09-11T12:55:57.627Z","path":"/dw/ipdir/dw-fp-addsub-dg","step":"verify","ok":true}
{"t":"2026-09-11T12:55:57.863Z","path":"/dw/ipdir/dw-fp-add","step":"verify","ok":true}
{"t":"2026-09-11T12:55:59.676Z","path":"/dw/ipdir/dw-fp-addsub","step":"verify","ok":true}
{"t":"2026-09-11T12:55:59.700Z","path":"/dw/ipdir/dw-fp-cmp-dg","step":"verify","ok":true}
{"t":"2026-09-11T12:56:00.776Z","path":"/dw/ipdir/dw-fp-cmp","step":"verify","ok":true}
{"t":"2026-09-11T12:56:01.458Z","path":"/dw/ipdir/dw-fp-div-dg","step":"verify","ok":true}
{"t":"2026-09-11T12:56:02.936Z","path":"/dw/ipdir/dw-fp-div-seq","step":"verify","ok":true}
{"t":"2026-09-11T12:56:03.647Z","path":"/dw/ipdir/dw-fp-div","step":"verify","ok":true}
{"t":"2026-09-11T12:56:05.437Z","path":"/dw/ipdir/dw-fp-dp2","step":"verify","ok":true}
{"t":"2026-09-11T12:56:05.579Z","path":"/dw/ipdir/dw-fp-dp3","step":"verify","ok":true}
{"t":"2026-09-11T12:56:06.791Z","path":"/dw/ipdir/dw-fp-dp4","step":"verify","ok":true}
{"t":"2026-09-11T12:56:06.879Z","path":"/dw/ipdir/dw-fp-exp","step":"verify","ok":true}
{"t":"2026-09-11T12:56:08.545Z","path":"/dw/ipdir/dw-fp-exp2","step":"verify","ok":true}
{"t":"2026-09-11T12:56:09.039Z","path":"/dw/ipdir/dw-fp-flt2i","step":"verify","ok":true}
{"t":"2026-09-11T12:56:11.065Z","path":"/dw/ipdir/dw-fp-invsqrt","step":"verify","ok":true}
{"t":"2026-09-11T12:56:11.337Z","path":"/dw/ipdir/dw-fp-i2flt","step":"verify","ok":true}
{"t":"2026-09-11T12:56:12.245Z","path":"/dw/ipdir/dw-fp-log2","step":"verify","ok":true}
{"t":"2026-09-11T12:56:12.364Z","path":"/dw/ipdir/dw-fp-ln","step":"verify","ok":true}
{"t":"2026-09-11T12:56:13.958Z","path":"/dw/ipdir/dw-fp-mac-dg","step":"verify","ok":true}
{"t":"2026-09-11T12:56:14.616Z","path":"/dw/ipdir/dw-fp-mac","step":"verify","ok":true}
{"t":"2026-09-11T12:56:16.896Z","path":"/dw/ipdir/dw-fp-mult-dg","step":"verify","ok":true}
{"t":"2026-09-11T12:56:17.321Z","path":"/dw/ipdir/dw-fp-mult","step":"verify","ok":true}
{"t":"2026-09-11T12:56:17.870Z","path":"/dw/ipdir/dw-fp-recip","step":"verify","ok":true}
{"t":"2026-09-11T12:56:18.080Z","path":"/dw/ipdir/dw-fp-recip-dg","step":"verify","ok":true}
{"t":"2026-09-11T12:56:19.256Z","path":"/dw/ipdir/dw-fp-sincos","step":"verify","ok":true}
{"t":"2026-09-11T12:56:20.351Z","path":"/dw/ipdir/dw-fp-sqrt","step":"verify","ok":true}
{"t":"2026-09-11T12:56:22.604Z","path":"/dw/ipdir/dw-fp-square","step":"verify","ok":true}
{"t":"2026-09-11T12:56:22.913Z","path":"/dw/ipdir/dw-fp-sub-dg","step":"verify","ok":true}
{"t":"2026-09-11T12:56:23.185Z","path":"/dw/ipdir/dw-fp-sub","step":"verify","ok":true}
{"t":"2026-09-11T12:56:23.423Z","path":"/dw/ipdir/dw-fp-sum3-dg","step":"verify","ok":true}
{"t":"2026-09-11T12:56:24.885Z","path":"/dw/ipdir/dw-fp-sum3","step":"verify","ok":true}
{"t":"2026-09-11T12:56:25.883Z","path":"/dw/ipdir/dw-fp-sum4","step":"verify","ok":true}
{"t":"2026-09-11T12:56:27.892Z","path":"/dw/ipdir/dw-gray-sync","step":"verify","ok":true}
{"t":"2026-09-11T12:56:28.555Z","path":"/dw/ipdir/dw-gray2bin","step":"verify","ok":true}
{"t":"2026-09-11T12:56:28.782Z","path":"/dw/ipdir/dw-iir-dc","step":"verify","ok":true}
{"t":"2026-09-11T12:56:29.077Z","path":"/dw/ipdir/dw-iir-sc","step":"verify","ok":true}
{"t":"2026-09-11T12:56:30.192Z","path":"/dw/ipdir/dw-inc-gray","step":"verify","ok":true}
{"t":"2026-09-11T12:56:31.129Z","path":"/dw/ipdir/dw-inv-sqrt","step":"verify","ok":true}
{"t":"2026-09-11T12:56:33.151Z","path":"/dw/ipdir/dw-lbsh","step":"verify","ok":true}
{"t":"2026-09-11T12:56:34.224Z","path":"/dw/ipdir/dw-log2","step":"verify","ok":true}
{"t":"2026-09-11T12:56:34.347Z","path":"/dw/ipdir/dw-lod","step":"verify","ok":true}
{"t":"2026-09-11T12:56:34.524Z","path":"/dw/ipdir/dw-ln","step":"verify","ok":true}
{"t":"2026-09-11T12:56:35.435Z","path":"/dw/ipdir/dw-lp-cntr-up-df","step":"verify","ok":true}
{"t":"2026-09-11T12:56:36.668Z","path":"/dw/ipdir/dw-lp-cntr-updn-df","step":"verify","ok":true}
{"t":"2026-09-11T12:56:38.406Z","path":"/dw/ipdir/dw-lp-fifo-1c-df","step":"verify","ok":true}
{"t":"2026-09-11T12:56:39.709Z","path":"/dw/ipdir/dw-lp-fp-multifunc-dg","step":"verify","ok":true}
{"t":"2026-09-11T12:56:40.040Z","path":"/dw/ipdir/dw-lp-fp-multifunc","step":"verify","ok":true}
{"t":"2026-09-11T12:56:40.140Z","path":"/dw/ipdir/dw-lp-fifoctl-1c-df","step":"verify","ok":true}
{"t":"2026-09-11T12:56:41.352Z","path":"/dw/ipdir/dw-lp-multifunc-dg","step":"verify","ok":true}
{"t":"2026-09-11T12:56:42.064Z","path":"/dw/ipdir/dw-lp-multifunc","step":"verify","ok":true}
{"t":"2026-09-11T12:56:44.905Z","path":"/dw/ipdir/dw-lp-pipe-mgr","step":"verify","ok":true}
{"t":"2026-09-11T12:56:45.226Z","path":"/dw/ipdir/dw-lp-piped-div","step":"verify","ok":true}
{"t":"2026-09-11T12:56:46.006Z","path":"/dw/ipdir/dw-lp-piped-fp-add","step":"verify","ok":true}
{"t":"2026-09-11T12:56:46.553Z","path":"/dw/ipdir/dw-lp-piped-ecc","step":"verify","ok":true}
{"t":"2026-09-11T12:56:47.145Z","path":"/dw/ipdir/dw-lp-piped-fp-div","step":"verify","ok":true}
{"t":"2026-09-11T12:56:47.596Z","path":"/dw/ipdir/dw-lp-piped-fp-mult","step":"verify","ok":true}
{"t":"2026-09-11T12:56:50.687Z","path":"/dw/ipdir/dw-lp-piped-fp-recip","step":"verify","ok":true}
{"t":"2026-09-11T12:56:50.953Z","path":"/dw/ipdir/dw-lp-piped-fp-sum3","step":"verify","ok":true}
{"t":"2026-09-11T12:56:51.399Z","path":"/dw/ipdir/dw-lp-piped-mult","step":"verify","ok":true}
{"t":"2026-09-11T12:56:52.698Z","path":"/dw/ipdir/dw-lp-piped-prod-sum","step":"verify","ok":true}
{"t":"2026-09-11T12:56:52.952Z","path":"/dw/ipdir/dw-lp-piped-sqrt","step":"verify","ok":true}
{"t":"2026-09-11T12:56:53.319Z","path":"/dw/ipdir/dw-lsd","step":"verify","ok":true}
{"t":"2026-09-11T12:56:56.447Z","path":"/dw/ipdir/dw-lza","step":"verify","ok":true}
{"t":"2026-09-11T12:56:56.837Z","path":"/dw/ipdir/dw-lzd","step":"verify","ok":true}
{"t":"2026-09-11T12:56:57.278Z","path":"/dw/ipdir/dw-minmax","step":"verify","ok":true}
{"t":"2026-09-11T12:56:58.756Z","path":"/dw/ipdir/dw-mult-pipe","step":"verify","ok":true}
{"t":"2026-09-11T12:56:58.976Z","path":"/dw/ipdir/dw-mult-dx","step":"verify","ok":true}
{"t":"2026-09-11T12:56:59.000Z","path":"/dw/ipdir/dw-mult-seq","step":"verify","ok":true}
{"t":"2026-09-11T12:57:02.027Z","path":"/dw/ipdir/dw-norm-rnd","step":"verify","ok":true}
{"t":"2026-09-11T12:57:02.423Z","path":"/dw/ipdir/dw-norm","step":"verify","ok":true}
{"t":"2026-09-11T12:57:02.660Z","path":"/dw/ipdir/dw-piped-mac","step":"verify","ok":true}
{"t":"2026-09-11T12:57:04.193Z","path":"/dw/ipdir/dw-pl-reg","step":"verify","ok":true}
{"t":"2026-09-11T12:57:04.794Z","path":"/dw/ipdir/dw-prod-sum-pipe","step":"verify","ok":true}
{"t":"2026-09-11T12:57:05.086Z","path":"/dw/ipdir/dw-pricod","step":"verify","ok":true}
{"t":"2026-09-11T12:57:07.611Z","path":"/dw/ipdir/dw-pulse-sync","step":"verify","ok":true}
{"t":"2026-09-11T12:57:07.945Z","path":"/dw/ipdir/dw-ram-2r-2w-s-dff","step":"verify","ok":true}
{"t":"2026-09-11T12:57:08.117Z","path":"/dw/ipdir/dw-pulseack-sync","step":"verify","ok":true}
{"t":"2026-09-11T12:57:09.855Z","path":"/dw/ipdir/dw-ram-2r-w-a-dff","step":"verify","ok":true}
{"t":"2026-09-11T12:57:10.516Z","path":"/dw/ipdir/dw-ram-2r-w-a-lat","step":"verify","ok":true}
{"t":"2026-09-11T12:57:10.716Z","path":"/dw/ipdir/dw-ram-2r-w-s-dff","step":"verify","ok":true}
{"t":"2026-09-11T12:57:13.167Z","path":"/dw/ipdir/dw-ram-2r-w-s-lat","step":"verify","ok":true}
{"t":"2026-09-11T12:57:14.017Z","path":"/dw/ipdir/dw-ram-r-w-a-dff","step":"verify","ok":true}
{"t":"2026-09-11T12:57:14.039Z","path":"/dw/ipdir/dw-ram-r-w-2c-dff","step":"verify","ok":true}
{"t":"2026-09-11T12:57:14.999Z","path":"/dw/ipdir/dw-ram-r-w-a-lat","step":"verify","ok":true}
{"t":"2026-09-11T12:57:16.198Z","path":"/dw/ipdir/dw-ram-r-w-s-lat","step":"verify","ok":true}
{"t":"2026-09-11T12:57:16.746Z","path":"/dw/ipdir/dw-ram-r-w-s-dff","step":"verify","ok":true}
{"t":"2026-09-11T12:57:18.347Z","path":"/dw/ipdir/dw-ram-rw-a-dff","step":"verify","ok":true}
{"t":"2026-09-11T12:57:19.359Z","path":"/dw/ipdir/dw-ram-rw-a-lat","step":"verify","ok":true}
{"t":"2026-09-11T12:57:19.780Z","path":"/dw/ipdir/dw-ram-rw-s-dff","step":"verify","ok":true}
{"t":"2026-09-11T12:57:20.596Z","path":"/dw/ipdir/dw-ram-rw-s-lat","step":"verify","ok":true}
{"t":"2026-09-11T12:57:21.565Z","path":"/dw/ipdir/dw-rash","step":"verify","ok":true}
{"t":"2026-09-11T12:57:22.124Z","path":"/dw/ipdir/dw-rbsh","step":"verify","ok":true}
{"t":"2026-09-11T12:57:24.505Z","path":"/dw/ipdir/dw-reset-sync","step":"verify","ok":true}
{"t":"2026-09-11T12:57:24.578Z","path":"/dw/ipdir/dw-shifter","step":"verify","ok":true}
{"t":"2026-09-11T12:57:25.765Z","path":"/dw/ipdir/dw-sincos","step":"verify","ok":true}
{"t":"2026-09-11T12:57:26.155Z","path":"/dw/ipdir/dw-sla","step":"verify","ok":true}
{"t":"2026-09-11T12:57:27.190Z","path":"/dw/ipdir/dw-sqrt-pipe","step":"verify","ok":true}
{"t":"2026-09-11T12:57:27.546Z","path":"/dw/ipdir/dw-sqrt-seq","step":"verify","ok":true}
{"t":"2026-09-11T12:57:29.948Z","path":"/dw/ipdir/dw-sqrt","step":"verify","ok":true}
{"t":"2026-09-11T12:57:31.072Z","path":"/dw/ipdir/dw-squarep","step":"verify","ok":true}
{"t":"2026-09-11T12:57:31.520Z","path":"/dw/ipdir/dw-sra","step":"verify","ok":true}
{"t":"2026-09-11T12:57:31.895Z","path":"/dw/ipdir/dw-square","step":"verify","ok":true}
{"t":"2026-09-11T12:57:32.969Z","path":"/dw/ipdir/dw-stackctl","step":"verify","ok":true}
{"t":"2026-09-11T12:57:33.049Z","path":"/dw/ipdir/dw-stack","step":"verify","ok":true}
{"t":"2026-09-11T12:57:35.550Z","path":"/dw/ipdir/dw-stream-sync","step":"verify","ok":true}
{"t":"2026-09-11T12:57:37.063Z","path":"/dw/ipdir/dw-sync","step":"verify","ok":true}
{"t":"2026-09-11T12:57:37.562Z","path":"/dw/ipdir/dw-tap-uc","step":"verify","ok":true}
{"t":"2026-09-11T12:57:37.765Z","path":"/dw/ipdir/dw-tap","step":"verify","ok":true}
{"t":"2026-09-11T12:57:38.534Z","path":"/dw/ipdir/dw01-absval","step":"verify","ok":true}
{"t":"2026-09-11T12:57:38.587Z","path":"/dw/ipdir/dw-thermdec","step":"verify","ok":true}
{"t":"2026-09-11T12:57:41.103Z","path":"/dw/ipdir/dw01-add","step":"verify","ok":true}
{"t":"2026-09-11T12:57:43.142Z","path":"/dw/ipdir/dw01-ash","step":"verify","ok":true}
{"t":"2026-09-11T12:57:43.422Z","path":"/dw/ipdir/dw01-binenc","step":"verify","ok":true}
{"t":"2026-09-11T12:57:43.868Z","path":"/dw/ipdir/dw01-addsub","step":"verify","ok":true}
{"t":"2026-09-11T12:57:44.190Z","path":"/dw/ipdir/dw01-cmp2","step":"verify","ok":true}
{"t":"2026-09-11T12:57:45.883Z","path":"/dw/ipdir/dw01-bsh","step":"verify","ok":true}
{"t":"2026-09-11T12:57:47.658Z","path":"/dw/ipdir/dw01-cmp6","step":"verify","ok":true}
{"t":"2026-09-11T12:57:48.870Z","path":"/dw/ipdir/dw01-csa","step":"verify","ok":true}
{"t":"2026-09-11T12:57:48.966Z","path":"/dw/ipdir/dw01-dec","step":"verify","ok":true}
{"t":"2026-09-11T12:57:49.240Z","path":"/dw/ipdir/dw01-decode","step":"verify","ok":true}
{"t":"2026-09-11T12:57:49.706Z","path":"/dw/ipdir/dw01-inc","step":"verify","ok":true}
{"t":"2026-09-11T12:57:51.682Z","path":"/dw/ipdir/dw01-incdec","step":"verify","ok":true}
{"t":"2026-09-11T12:57:53.388Z","path":"/dw/ipdir/dw01-mux-any","step":"verify","ok":true}
{"t":"2026-09-11T12:57:54.665Z","path":"/dw/ipdir/dw01-prienc","step":"verify","ok":true}
{"t":"2026-09-11T12:57:54.674Z","path":"/dw/ipdir/dw01-sub","step":"verify","ok":true}
{"t":"2026-09-11T12:57:54.914Z","path":"/dw/ipdir/dw01-satrnd","step":"verify","ok":true}
{"t":"2026-09-11T12:57:55.477Z","path":"/dw/ipdir/dw02-mac","step":"verify","ok":true}
{"t":"2026-09-11T12:57:56.961Z","path":"/dw/ipdir/dw02-mult-2-stage","step":"verify","ok":true}
{"t":"2026-09-11T12:57:58.852Z","path":"/dw/ipdir/dw02-mult-3-stage","step":"verify","ok":true}
{"t":"2026-09-11T12:58:00.154Z","path":"/dw/ipdir/dw02-mult-4-stage","step":"verify","ok":true}
{"t":"2026-09-11T12:58:00.490Z","path":"/dw/ipdir/dw02-mult-5-stage","step":"verify","ok":true}
{"t":"2026-09-11T12:58:00.575Z","path":"/dw/ipdir/dw02-mult-6-stage","step":"verify","ok":true}
{"t":"2026-09-11T12:58:02.130Z","path":"/dw/ipdir/dw02-mult","step":"verify","ok":true}
{"t":"2026-09-11T12:58:02.659Z","path":"/dw/ipdir/dw02-multp","step":"verify","ok":true}
{"t":"2026-09-11T12:58:04.696Z","path":"/dw/ipdir/dw02-prod-sum","step":"verify","ok":true}
{"t":"2026-09-11T12:58:05.823Z","path":"/dw/ipdir/dw02-prod-sum1","step":"verify","ok":true}
{"t":"2026-09-11T12:58:06.303Z","path":"/dw/ipdir/dw02-tree","step":"verify","ok":true}
{"t":"2026-09-11T12:58:07.406Z","path":"/dw/ipdir/dw02-sum","step":"verify","ok":true}
{"t":"2026-09-11T12:58:07.492Z","path":"/dw/ipdir/dw03-bictr-dcnto","step":"verify","ok":true}
{"t":"2026-09-11T12:58:08.487Z","path":"/dw/ipdir/dw03-bictr-decode","step":"verify","ok":true}
{"t":"2026-09-11T12:58:10.199Z","path":"/dw/ipdir/dw03-bictr-scnto","step":"verify","ok":true}
{"t":"2026-09-11T12:58:11.512Z","path":"/dw/ipdir/dw03-lfsr-dcnto","step":"verify","ok":true}
{"t":"2026-09-11T12:58:11.937Z","path":"/dw/ipdir/dw03-lfsr-load","step":"verify","ok":true}
{"t":"2026-09-11T12:58:12.891Z","path":"/dw/ipdir/dw03-lfsr-updn","step":"verify","ok":true}
{"t":"2026-09-11T12:58:13.196Z","path":"/dw/ipdir/dw03-lfsr-scnto","step":"verify","ok":true}
{"t":"2026-09-11T12:58:15.035Z","path":"/dw/ipdir/dw03-pipe-reg","step":"verify","ok":true}
{"t":"2026-09-11T12:58:15.917Z","path":"/dw/ipdir/dw03-reg-s-pl","step":"verify","ok":true}
{"t":"2026-09-11T12:58:17.034Z","path":"/dw/ipdir/dw03-shftreg","step":"verify","ok":true}
{"t":"2026-09-11T12:58:17.653Z","path":"/dw/ipdir/dw03-updn-ctr","step":"verify","ok":true}
{"t":"2026-09-11T12:58:19.173Z","path":"/dw/ipdir/dw04-par-gen","step":"verify","ok":true}
{"t":"2026-09-11T12:58:19.289Z","path":"/dw/ipdir/dw04-shad-reg","step":"verify","ok":true}
{"t":"2026-09-11T12:58:20.876Z","path":"/dw/ipdir/dwf-dp-absval","step":"verify","ok":true}
{"t":"2026-09-11T12:58:21.290Z","path":"/dw/ipdir/dwf-dp-blend","step":"verify","ok":true}
{"t":"2026-09-11T12:58:22.484Z","path":"/dw/ipdir/dwf-dp-count-ones","step":"verify","ok":true}
{"t":"2026-09-11T12:58:23.045Z","path":"/dw/ipdir/dwf-dp-mult-comb-ovfldet","step":"verify","ok":true}
{"t":"2026-09-11T12:58:24.737Z","path":"/dw/ipdir/dwf-dp-mult-comb-sat","step":"verify","ok":true}
{"t":"2026-09-11T12:58:25.350Z","path":"/dw/ipdir/dwf-dp-mult-comb","step":"verify","ok":true}
{"t":"2026-09-11T12:58:26.422Z","path":"/dw/ipdir/dwf-dp-mult-ovfldet","step":"verify","ok":true}
{"t":"2026-09-11T12:58:26.930Z","path":"/dw/ipdir/dwf-dp-mult-sat","step":"verify","ok":true}
{"t":"2026-09-11T12:58:28.252Z","path":"/dw/ipdir/dwf-dp-rnd","step":"verify","ok":true}
{"t":"2026-09-11T12:58:28.659Z","path":"/dw/ipdir/dwf-dp-rndsat","step":"verify","ok":true}
{"t":"2026-09-11T12:58:30.305Z","path":"/dw/ipdir/dwf-dp-sat","step":"verify","ok":true}
{"t":"2026-09-11T12:58:31.116Z","path":"/dw/ipdir/dwf-dp-sign-select","step":"verify","ok":true}
{"t":"2026-09-11T12:58:31.764Z","path":"/dw/ipdir/dwf-dp-simd-add","step":"verify","ok":true}
{"t":"2026-09-11T12:58:32.360Z","path":"/dw/ipdir/dwf-dp-simd-addc","step":"verify","ok":true}
{"t":"2026-09-11T12:58:33.699Z","path":"/dw/ipdir/dwf-dp-simd-mult","step":"verify","ok":true}
{"t":"2026-09-11T12:58:34.189Z","path":"/dw/ipdir/dwf-dp-sub-abs","step":"verify","ok":true}
{"t":"2026-09-11T12:58:37.106Z","path":"/dw/nvmipselector","step":"verify","ok":true}
{"t":"2026-09-11T12:58:39.299Z","path":"/events/virtual-mask-solutions-seminar-2025","step":"verify","ok":true}
{"t":"2026-09-11T12:58:39.325Z","path":"/events/srts2022","step":"verify","ok":true}
{"t":"2026-09-11T12:58:39.632Z","path":"/implementation-and-signoff/ams-simulation/primesim-custom-fault","step":"verify","ok":true}
{"t":"2026-09-11T12:58:40.325Z","path":"/events/dac-2026","step":"verify","ok":true}
{"t":"2026-09-11T12:58:40.403Z","path":"/implementation-and-signoff/ams-simulation/primesim-design-robustness","step":"verify","ok":true}
{"t":"2026-09-11T12:58:42.863Z","path":"/implementation-and-signoff/ams-simulation/primesim-hspice","step":"verify","ok":true}
{"t":"2026-09-11T12:58:45.088Z","path":"/implementation-and-signoff/ams-simulation/primesim-reliability-analysis","step":"verify","ok":true}
{"t":"2026-09-11T12:58:45.404Z","path":"/implementation-and-signoff/ams-simulation/primesim-pro","step":"verify","ok":true}
{"t":"2026-09-11T12:58:45.624Z","path":"/implementation-and-signoff/ams-simulation/primesim-spice","step":"verify","ok":true}
{"t":"2026-09-11T12:58:46.488Z","path":"/implementation-and-signoff/ams-simulation/primesim-xa","step":"verify","ok":true}
{"t":"2026-09-11T12:58:49.222Z","path":"/implementation-and-signoff/ams-simulation/snug-gets-wisdom","step":"verify","ok":true}
{"t":"2026-09-11T12:58:49.507Z","path":"/implementation-and-signoff/ams-simulation/primewave","step":"verify","ok":true}
{"t":"2026-09-11T12:58:51.239Z","path":"/implementation-and-signoff/ams-simulation","step":"verify","ok":true}
{"t":"2026-09-11T12:58:51.597Z","path":"/implementation-and-signoff/custom-design-platform/custom-compiler","step":"verify","ok":true}
{"t":"2026-09-11T12:58:52.028Z","path":"/implementation-and-signoff/custom-design-platform/multiphysics-ams","step":"verify","ok":true}
{"t":"2026-09-11T12:58:54.260Z","path":"/implementation-and-signoff/custom-design-platform","step":"verify","ok":true}
{"t":"2026-09-11T12:58:55.439Z","path":"/implementation-and-signoff/physical-implementation","step":"verify","ok":true}
{"t":"2026-09-11T12:58:56.295Z","path":"/implementation-and-signoff/physical-verification","step":"verify","ok":true}
{"t":"2026-09-11T12:58:57.444Z","path":"/implementation-and-signoff/signoff/electrical-layout-verification","step":"verify","ok":true}
{"t":"2026-09-11T12:58:57.703Z","path":"/implementation-and-signoff/signal-and-power-integrity","step":"verify","ok":true}
{"t":"2026-09-11T12:58:57.935Z","path":"/implementation-and-signoff/rtl-synthesis-test","step":"verify","ok":true}
{"t":"2026-09-11T12:59:00.165Z","path":"/implementation-and-signoff/test-automation","step":"verify","ok":true}
{"t":"2026-09-11T12:59:01.533Z","path":"/manufacturing/manufacturing-analytics","step":"verify","ok":true}
{"t":"2026-09-11T12:59:02.862Z","path":"/manufacturing/mask-solutions/mdp","step":"verify","ok":true}
{"t":"2026-09-11T12:59:03.578Z","path":"/manufacturing/mask-solutions/s-litho","step":"verify","ok":true}
{"t":"2026-09-11T12:59:04.094Z","path":"/manufacturing/mask-solutions/silicon-workbench","step":"verify","ok":true}
{"t":"2026-09-11T12:59:04.398Z","path":"/manufacturing/mask-solutions/s-metro","step":"verify","ok":true}
{"t":"2026-09-11T12:59:07.340Z","path":"/manufacturing/mask-solutions","step":"verify","ok":true}
{"t":"2026-09-11T12:59:07.823Z","path":"/manufacturing/quantumatk/contact-us/about-us","step":"verify","ok":true}
{"t":"2026-09-11T12:59:09.113Z","path":"/manufacturing/quantumatk/contact-us","step":"verify","ok":true}
{"t":"2026-09-11T12:59:09.769Z","path":"/manufacturing/resources","step":"verify","ok":false,"why":"about:error in delivered html"}
{"t":"2026-09-11T12:59:10.173Z","path":"/manufacturing/tcad/calibration-and-services","step":"verify","ok":true}
{"t":"2026-09-11T12:59:10.869Z","path":"/manufacturing/tcad/device-simulation","step":"verify","ok":true}
{"t":"2026-09-11T12:59:12.999Z","path":"/manufacturing/tcad/dtco","step":"verify","ok":true}
{"t":"2026-09-11T12:59:13.817Z","path":"/manufacturing/tcad/interconnect-simulation","step":"verify","ok":true}
{"t":"2026-09-11T12:59:15.592Z","path":"/partners/arm","step":"verify","ok":true}
{"t":"2026-09-11T12:59:17.169Z","path":"/partners/bluespec","step":"verify","ok":true}
{"t":"2026-09-11T12:59:17.321Z","path":"/partners/globalfoundries","step":"verify","ok":true}
{"t":"2026-09-11T12:59:17.402Z","path":"/manufacturing/tcad/process-simulation","step":"verify","ok":true}
{"t":"2026-09-11T12:59:19.257Z","path":"/partners/imagination","step":"verify","ok":true}
{"t":"2026-09-11T12:59:20.846Z","path":"/partners/samsung","step":"verify","ok":true}
{"t":"2026-09-11T12:59:22.211Z","path":"/partners/sifive","step":"verify","ok":true}
{"t":"2026-09-11T12:59:24.060Z","path":"/partners/tsmc","step":"verify","ok":true}
{"t":"2026-09-11T12:59:25.637Z","path":"/photonic-solutions/optocompiler","step":"verify","ok":true}
{"t":"2026-09-11T12:59:25.649Z","path":"/photonic-solutions/optocompiler/optodesigner","step":"verify","ok":true}
{"t":"2026-09-11T12:59:26.836Z","path":"/photonic-solutions/optocompiler/optsim-photonic-ic","step":"verify","ok":false,"why":"about:error in delivered html"}
{"t":"2026-09-11T12:59:27.235Z","path":"/photonic-solutions/optsim/sensing","step":"verify","ok":false,"why":"about:error in delivered html"}
{"t":"2026-09-11T12:59:28.257Z","path":"/photonic-solutions/product-applications/advanced-modulation-formats","step":"verify","ok":false,"why":"about:error in delivered html"}
{"t":"2026-09-11T12:59:29.844Z","path":"/photonic-solutions/product-applications/coherent-fiber-optic","step":"verify","ok":false,"why":"about:error in delivered html"}
{"t":"2026-09-11T12:59:31.458Z","path":"/photonic-solutions/product-applications/optical-amplifiers","step":"verify","ok":false,"why":"about:error in delivered html"}
{"t":"2026-09-11T12:59:31.464Z","path":"/photonic-solutions/product-applications/optical-networks","step":"verify","ok":false,"why":"about:error in delivered html"}
{"t":"2026-09-11T12:59:33.274Z","path":"/photonic-solutions/product-applications/performance-estimation","step":"verify","ok":false,"why":"about:error in delivered html"}
{"t":"2026-09-11T12:59:34.503Z","path":"/photonic-solutions/product-applications/photonic-integrated-circuits/single-multi-ring-resonators","step":"verify","ok":true}
{"t":"2026-09-11T12:59:34.503Z","path":"/photonic-solutions/product-applications/photonic-integrated-circuits","step":"verify","ok":false,"why":"about:error in delivered html"}
{"t":"2026-09-11T12:59:35.848Z","path":"/photonic-solutions/product-applications/pon-catv-rof","step":"verify","ok":false,"why":"about:error in delivered html"}
{"t":"2026-09-11T12:59:37.079Z","path":"/photonic-solutions/support","step":"verify","ok":true}
{"t":"2026-09-11T12:59:37.553Z","path":"/photonic-solutions/product-applications/transmission-impairments-fiber","step":"verify","ok":false,"why":"about:error in delivered html"}
{"t":"2026-09-11T12:59:39.150Z","path":"/resources","step":"verify","ok":true}
{"t":"2026-09-11T12:59:40.262Z","path":"/silicon-design","step":"verify","ok":false,"why":"about:error in delivered html"}
{"t":"2026-09-11T12:59:41.467Z","path":"/solutions/aerospace-government","step":"verify","ok":true}
{"t":"2026-09-11T12:59:42.430Z","path":"/solutions/automotive/functional-safety-and-security","step":"verify","ok":true}
{"t":"2026-09-11T12:59:43.369Z","path":"/solutions/electronics-digital-twin","step":"verify","ok":true}
{"t":"2026-09-11T12:59:44.036Z","path":"/solutions/energy-efficient/low-power-design","step":"verify","ok":true}
{"t":"2026-09-11T12:59:46.281Z","path":"/solutions/hpc-data-center","step":"verify","ok":true}
{"t":"2026-09-11T12:59:46.585Z","path":"/solutions/memory/dtco","step":"verify","ok":true}
{"t":"2026-09-11T12:59:48.020Z","path":"/solutions/memory/shift-left","step":"verify","ok":true}
{"t":"2026-09-11T12:59:48.333Z","path":"/solutions/memory/reliability","step":"verify","ok":true}
{"t":"2026-09-11T12:59:49.981Z","path":"/solutions/rf-design","step":"verify","ok":true}
{"t":"2026-09-11T12:59:50.198Z","path":"/solutions/silicon-lifecycle-management/avalon","step":"verify","ok":true}
{"t":"2026-09-11T12:59:52.361Z","path":"/solutions/silicon-lifecycle-management/data-highway/synopsys-ip-shs/shs-silicon-browser","step":"verify","ok":true}
{"t":"2026-09-11T12:59:52.396Z","path":"/solutions/silicon-lifecycle-management/data-highway/high-speed-access-and-test","step":"verify","ok":true}
{"t":"2026-09-11T12:59:54.194Z","path":"/solutions/silicon-lifecycle-management/data-highway/synopsys-ip-shs/shs-yield-accelerator","step":"verify","ok":true}
{"t":"2026-09-11T12:59:54.416Z","path":"/solutions/silicon-lifecycle-management/data-highway","step":"verify","ok":true}
{"t":"2026-09-11T12:59:55.859Z","path":"/solutions/silicon-lifecycle-management/environmental-monitors","step":"verify","ok":true}
{"t":"2026-09-11T12:59:55.987Z","path":"/solutions/silicon-lifecycle-management/environmental-monitors/slm-pvt-monitor-ip","step":"verify","ok":true}
{"t":"2026-09-11T12:59:57.840Z","path":"/solutions/silicon-lifecycle-management/functional-monitors","step":"verify","ok":true}
{"t":"2026-09-11T12:59:58.899Z","path":"/solutions/silicon-lifecycle-management/monitor-analytics","step":"verify","ok":true}
{"t":"2026-09-11T12:59:59.455Z","path":"/solutions/silicon-lifecycle-management/structural-monitors","step":"verify","ok":true}
{"t":"2026-09-11T13:00:00.717Z","path":"/support/global-support-centers","step":"verify","ok":true}
{"t":"2026-09-11T13:00:01.581Z","path":"/support/licensing-installation-computeplatforms/ansys","step":"verify","ok":true}
{"t":"2026-09-11T13:00:01.628Z","path":"/support/licensing-installation-computeplatforms/ansys-scbu-migration","step":"verify","ok":true}
{"t":"2026-09-11T13:00:04.356Z","path":"/support/licensing-installation-computeplatforms/compute-platforms/compute-platforms-roadmap","step":"verify","ok":true}
{"t":"2026-09-11T13:00:05.129Z","path":"/support/licensing-installation-computeplatforms/compute-platforms/containers","step":"verify","ok":true}
{"t":"2026-09-11T13:00:05.710Z","path":"/support/licensing-installation-computeplatforms/compute-platforms/platform-notice/2004-red-hat-linux-versions","step":"verify","ok":true}
{"t":"2026-09-11T13:00:07.277Z","path":"/support/licensing-installation-computeplatforms/compute-platforms/platform-notice/2005-hp-ux-platform-end-of-life","step":"verify","ok":true}
{"t":"2026-09-11T13:00:07.698Z","path":"/support/licensing-installation-computeplatforms/compute-platforms/platform-notice/2005-qsc-solaris-aix-baseline-changes","step":"verify","ok":true}
{"t":"2026-09-11T13:00:08.415Z","path":"/support/licensing-installation-computeplatforms/compute-platforms/platform-notice/2005-tcad-products-notice","step":"verify","ok":true}
{"t":"2026-09-11T13:00:10.846Z","path":"/support/licensing-installation-computeplatforms/compute-platforms/platform-notice/2006-ic-workbench-ev-on-hp-ux","step":"verify","ok":true}
{"t":"2026-09-11T13:00:11.688Z","path":"/support/licensing-installation-computeplatforms/compute-platforms/platform-notice/2006-os-platform-end-of-life-itanium-processor","step":"verify","ok":true}
{"t":"2026-09-11T13:00:12.092Z","path":"/support/licensing-installation-computeplatforms/compute-platforms/platform-notice/2006-proteus-products-on-hp-ux-or-red-hat-linux","step":"verify","ok":true}
{"t":"2026-09-11T13:00:13.567Z","path":"/support/licensing-installation-computeplatforms/compute-platforms/platform-notice/2007-a-foundation-red-hat-enterprise-linux-baseline-changes","step":"verify","ok":true}
{"t":"2026-09-11T13:00:14.645Z","path":"/support/licensing-installation-computeplatforms/compute-platforms/platform-notice/2007-proteus-products-on-the-ia-64","step":"verify","ok":true}
{"t":"2026-09-11T13:00:16.179Z","path":"/support/licensing-installation-computeplatforms/compute-platforms/platform-notice/2007-ic-workbench-product-on-the-sun-sparc-solaris-platform","step":"verify","ok":true}
{"t":"2026-09-11T13:00:16.748Z","path":"/support/licensing-installation-computeplatforms/compute-platforms/platform-notice/2007-proteus-products-on-the-sun-sparc-solaris-platform","step":"verify","ok":true}
{"t":"2026-09-11T13:00:17.391Z","path":"/support/licensing-installation-computeplatforms/compute-platforms/platform-notice/2007-proteus-sun-sparc-solaris-platform","step":"verify","ok":true}
{"t":"2026-09-11T13:00:17.957Z","path":"/support/licensing-installation-computeplatforms/compute-platforms/platform-notice/2007-sivl-products-on-the-ia-64-itanium-platform","step":"verify","ok":true}
{"t":"2026-09-11T13:00:19.133Z","path":"/support/licensing-installation-computeplatforms/compute-platforms/platform-notice/2008-sivl-sun-sparc-solaris","step":"verify","ok":true}
{"t":"2026-09-11T13:00:20.200Z","path":"/support/licensing-installation-computeplatforms/compute-platforms/platform-notice/2008-sparc-solaris-schedule-change","step":"verify","ok":true}
{"t":"2026-09-11T13:00:22.016Z","path":"/support/licensing-installation-computeplatforms/compute-platforms/platform-notice/2008-tcad-sentaurus","step":"verify","ok":true}
{"t":"2026-09-11T13:00:22.819Z","path":"/support/licensing-installation-computeplatforms/compute-platforms/platform-notice/2009-tcad-product-letter","step":"verify","ok":true}
{"t":"2026-09-11T13:00:23.335Z","path":"/support/licensing-installation-computeplatforms/compute-platforms/platform-notice/2011-microsoft-windows-support-changes","step":"verify","ok":true}
{"t":"2026-09-11T13:00:24.834Z","path":"/support/licensing-installation-computeplatforms/compute-platforms/platform-notice/2011-stl-port","step":"verify","ok":true}
{"t":"2026-09-11T13:00:26.425Z","path":"/support/licensing-installation-computeplatforms/compute-platforms/platform-notice/2012-i-foundation-red-hat-enterprise-linux-baseline-changes","step":"verify","ok":true}
{"t":"2026-09-11T13:00:27.580Z","path":"/support/licensing-installation-computeplatforms/compute-platforms/platform-notice/2011-sparc-solaris-support-changes","step":"verify","ok":true}
{"t":"2026-09-11T13:00:27.771Z","path":"/support/licensing-installation-computeplatforms/compute-platforms/platform-notice/2015-end-of-support-for-synopsys-license-server-on-sparc-olaris","step":"verify","ok":true}
{"t":"2026-09-11T13:00:28.835Z","path":"/support/licensing-installation-computeplatforms/compute-platforms/platform-notice/2015-platform-name-change-for-red-hat-enterprise-linux","step":"verify","ok":true}
{"t":"2026-09-11T13:00:28.866Z","path":"/support/licensing-installation-computeplatforms/compute-platforms/platform-notice/2015-k-foundation-solaris-sparc-support-end-of-life","step":"verify","ok":true}
{"t":"2026-09-11T13:00:30.524Z","path":"/support/licensing-installation-computeplatforms/compute-platforms/platform-notice/2015-suse-port-moving-linux-executable","step":"verify","ok":true}
{"t":"2026-09-11T13:00:32.283Z","path":"/support/licensing-installation-computeplatforms/compute-platforms/platform-notice/2016-m-foundation-red-hat-enterprise-linux","step":"verify","ok":true}
{"t":"2026-09-11T13:00:32.919Z","path":"/support/licensing-installation-computeplatforms/compute-platforms/platform-notice/2017-o-foundation-suse-linux-and-windows-support-changes","step":"verify","ok":true}
{"t":"2026-09-11T13:00:33.279Z","path":"/support/licensing-installation-computeplatforms/compute-platforms/platform-notice/2018-o-foundation-centos-support-changes","step":"verify","ok":true}
{"t":"2026-09-11T13:00:34.382Z","path":"/support/licensing-installation-computeplatforms/compute-platforms/platform-notice/2020-s-foundation-sles-and-win-support-changes","step":"verify","ok":true}
{"t":"2026-09-11T13:00:34.922Z","path":"/support/licensing-installation-computeplatforms/compute-platforms/platform-notice/2020-s-foundation-centos-and-rhel-support-changes","step":"verify","ok":true}
{"t":"2026-09-11T13:00:36.002Z","path":"/support/licensing-installation-computeplatforms/compute-platforms/platform-notice/2021-t-foundation-centos-support-changes","step":"verify","ok":true}
{"t":"2026-09-11T13:00:38.004Z","path":"/support/licensing-installation-computeplatforms/compute-platforms/platform-notice/2022-v-foundation-sles-support-changes","step":"verify","ok":true}
{"t":"2026-09-11T13:00:38.390Z","path":"/support/licensing-installation-computeplatforms/compute-platforms/platform-notice/2023-w-foundation-win-support-changes","step":"verify","ok":true}
{"t":"2026-09-11T13:00:38.830Z","path":"/support/licensing-installation-computeplatforms/compute-platforms/platform-notice/2025-y-foundation-centos-support-changes","step":"verify","ok":true}
{"t":"2026-09-11T13:00:39.912Z","path":"/support/licensing-installation-computeplatforms/compute-platforms/platform-notice/2025-y-foundation-sles-and-win-support-changes","step":"verify","ok":true}
{"t":"2026-09-11T13:00:40.380Z","path":"/support/licensing-installation-computeplatforms/compute-platforms/platform-notice","step":"verify","ok":true}
{"t":"2026-09-11T13:00:41.674Z","path":"/support/licensing-installation-computeplatforms/compute-platforms/release-specific-support/supported-a-foundation","step":"verify","ok":true}
{"t":"2026-09-11T13:00:44.136Z","path":"/support/licensing-installation-computeplatforms/compute-platforms/release-specific-support/supported-m-foundation","step":"verify","ok":true}
{"t":"2026-09-11T13:00:44.889Z","path":"/support/licensing-installation-computeplatforms/compute-platforms/release-specific-support/supported-n-foundation","step":"verify","ok":true}
{"t":"2026-09-11T13:00:45.485Z","path":"/support/licensing-installation-computeplatforms/compute-platforms/release-specific-support/supported-j-foundation","step":"verify","ok":true}
{"t":"2026-09-11T13:00:48.334Z","path":"/support/licensing-installation-computeplatforms/compute-platforms/release-specific-support/supported-q-foundation","step":"verify","ok":true}
{"t":"2026-09-11T13:00:49.085Z","path":"/support/licensing-installation-computeplatforms/compute-platforms/release-specific-support/supported-p-foundation","step":"verify","ok":true}
{"t":"2026-09-11T13:00:49.916Z","path":"/support/licensing-installation-computeplatforms/compute-platforms/release-specific-support/supported-r-foundation","step":"verify","ok":true}
{"t":"2026-09-11T13:00:50.690Z","path":"/support/licensing-installation-computeplatforms/compute-platforms/release-specific-support/supported-s-foundation","step":"verify","ok":true}
{"t":"2026-09-11T13:00:51.236Z","path":"/support/licensing-installation-computeplatforms/compute-platforms/release-specific-support/supported-t-foundation","step":"verify","ok":true}
{"t":"2026-09-11T13:00:51.937Z","path":"/support/licensing-installation-computeplatforms/compute-platforms/release-specific-support/supported-o-foundation","step":"verify","ok":true}
{"t":"2026-09-11T13:00:53.760Z","path":"/support/licensing-installation-computeplatforms/compute-platforms/release-specific-support/supported-u-foundation","step":"verify","ok":true}
{"t":"2026-09-11T13:00:55.176Z","path":"/support/licensing-installation-computeplatforms/compute-platforms/release-specific-support/supported-v-foundation","step":"verify","ok":true}
{"t":"2026-09-11T13:00:55.502Z","path":"/support/licensing-installation-computeplatforms/compute-platforms/release-specific-support/supported-w-foundation","step":"verify","ok":true}
{"t":"2026-09-11T13:00:57.141Z","path":"/support/licensing-installation-computeplatforms/compute-platforms/release-specific-support/supported-x-foundation","step":"verify","ok":true}
{"t":"2026-09-11T13:00:58.515Z","path":"/support/licensing-installation-computeplatforms/compute-platforms/release-specific-support/supported-z-foundation","step":"verify","ok":true}
{"t":"2026-09-11T13:00:59.148Z","path":"/support/licensing-installation-computeplatforms/compute-platforms/release-specific-support/synopsys-k-foundation","step":"verify","ok":true}
{"t":"2026-09-11T13:00:59.950Z","path":"/support/licensing-installation-computeplatforms/compute-platforms/release-specific-support/supported-y-foundation","step":"verify","ok":true}
{"t":"2026-09-11T13:01:00.966Z","path":"/support/licensing-installation-computeplatforms/compute-platforms/release-specific-support/synopsys-l-foundation","step":"verify","ok":true}
{"t":"2026-09-11T13:01:01.539Z","path":"/support/licensing-installation-computeplatforms/compute-platforms/release-specific-support","step":"verify","ok":true}
{"t":"2026-09-11T13:01:03.193Z","path":"/support/licensing-installation-computeplatforms/compute-platforms","step":"verify","ok":true}
{"t":"2026-09-11T13:01:05.411Z","path":"/support/licensing-installation-computeplatforms/installation/installation-guide-products-not-found","step":"verify","ok":true}
{"t":"2026-09-11T13:01:05.762Z","path":"/support/licensing-installation-computeplatforms/installation/archived-installation-guides","step":"verify","ok":true}
{"t":"2026-09-11T13:01:05.857Z","path":"/support/licensing-installation-computeplatforms/installation","step":"verify","ok":true}
{"t":"2026-09-11T13:01:07.138Z","path":"/support/licensing-installation-computeplatforms/licensing/daemons","step":"verify","ok":true}
{"t":"2026-09-11T13:01:08.036Z","path":"/support/licensing-installation-computeplatforms/licensing/determining-the-correct-flexnet-hostid","step":"verify","ok":true}
{"t":"2026-09-11T13:01:09.197Z","path":"/support/licensing-installation-computeplatforms/licensing/dongle-orders","step":"verify","ok":true}
{"t":"2026-09-11T13:01:11.522Z","path":"/support/licensing-installation-computeplatforms/licensing/legacy-tool-support","step":"verify","ok":true}
{"t":"2026-09-11T13:01:11.879Z","path":"/support/licensing-installation-computeplatforms/licensing/dongle","step":"verify","ok":true}
{"t":"2026-09-11T13:01:11.882Z","path":"/support/licensing-installation-computeplatforms/licensing/magma-tools","step":"verify","ok":true}
{"t":"2026-09-11T13:01:13.744Z","path":"/support/licensing-installation-computeplatforms/licensing/perfect-vips-tools","step":"verify","ok":true}
{"t":"2026-09-11T13:01:14.991Z","path":"/support/licensing-installation-computeplatforms/licensing/scl-supported-os","step":"verify","ok":true}
{"t":"2026-09-11T13:01:15.157Z","path":"/support/licensing-installation-computeplatforms/licensing/springsoft-tools","step":"verify","ok":true}
{"t":"2026-09-11T13:01:17.970Z","path":"/support/licensing-installation-computeplatforms/licensing/trl","step":"verify","ok":true}
{"t":"2026-09-11T13:01:18.003Z","path":"/support/licensing-installation-computeplatforms/licensing/synplicity-users","step":"verify","ok":true}
{"t":"2026-09-11T13:01:18.888Z","path":"/support/licensing-installation-computeplatforms/licensing/target-compiler-migration","step":"verify","ok":true}
{"t":"2026-09-11T13:01:19.787Z","path":"/support/licensing-installation-computeplatforms/licensing/zebu-and-knights-tools-migrating","step":"verify","ok":true}
{"t":"2026-09-11T13:01:20.962Z","path":"/support/licensing-installation-computeplatforms/synopsys-documentation","step":"verify","ok":true}
{"t":"2026-09-11T13:01:21.505Z","path":"/support/licensing-installation-computeplatforms/licensing","step":"verify","ok":true}
{"t":"2026-09-11T13:01:23.750Z","path":"/support/software-transfer-wget-guide","step":"verify","ok":true}
{"t":"2026-09-11T13:01:24.608Z","path":"/support/licensing-installation-computeplatforms","step":"verify","ok":true}
{"t":"2026-09-11T13:01:26.207Z","path":"/support/training/self-paced","step":"verify","ok":true}
{"t":"2026-09-11T13:01:26.278Z","path":"/support/training/purple-certification","step":"verify","ok":true}
{"t":"2026-09-11T13:01:27.584Z","path":"/support/training","step":"verify","ok":true}
{"t":"2026-09-11T13:01:27.722Z","path":"/support/wget-installation-guide","step":"verify","ok":true}
{"t":"2026-09-11T13:01:30.071Z","path":"/support","step":"verify","ok":true}
{"t":"2026-09-11T13:01:30.604Z","path":"/verification/debug/verdi-vms","step":"verify","ok":true}
{"t":"2026-09-11T13:01:32.733Z","path":"/verification/debug/verdi","step":"verify","ok":true}
{"t":"2026-09-11T13:01:32.940Z","path":"/verification/debug","step":"verify","ok":true}
{"t":"2026-09-11T13:01:34.366Z","path":"/verification/emulation-prototyping/emulation/zebu-cloud-solution","step":"verify","ok":true}
{"t":"2026-09-11T13:01:34.568Z","path":"/verification/emulation-prototyping/emulation/zebu-200","step":"verify","ok":true}
{"t":"2026-09-11T13:01:37.225Z","path":"/verification/emulation-prototyping/emulation/zebu-empower","step":"verify","ok":true}
{"t":"2026-09-11T13:01:37.308Z","path":"/verification/emulation-prototyping/emulation/zebu-ep","step":"verify","ok":true}
{"t":"2026-09-11T13:01:39.269Z","path":"/verification/emulation-prototyping/emulation/zebu-server","step":"verify","ok":true}
{"t":"2026-09-11T13:01:39.646Z","path":"/verification/emulation-prototyping/emulation","step":"verify","ok":true}
{"t":"2026-09-11T13:01:40.715Z","path":"/verification/emulation-prototyping/hav-interface-solutions","step":"verify","ok":true}
{"t":"2026-09-11T13:01:41.135Z","path":"/verification/emulation-prototyping/prototyping/haps-200","step":"verify","ok":true}
{"t":"2026-09-11T13:01:44.277Z","path":"/verification/fpga-simulation","step":"verify","ok":true}
{"t":"2026-09-11T13:01:44.802Z","path":"/verification/emulation-prototyping/prototyping","step":"verify","ok":true}
{"t":"2026-09-11T13:01:45.578Z","path":"/verification/services-costart","step":"verify","ok":true}
{"t":"2026-09-11T13:01:45.883Z","path":"/verification/resources/events/formal-sig-2024","step":"verify","ok":true}
{"t":"2026-09-11T13:01:46.601Z","path":"/verification/simulation/vc-z01x","step":"verify","ok":true}
{"t":"2026-09-11T13:01:47.277Z","path":"/verification/simulation","step":"verify","ok":true}
{"t":"2026-09-11T13:01:50.146Z","path":"/verification/soc-verification-automation","step":"verify","ok":true}
{"t":"2026-09-11T13:01:50.898Z","path":"/verification/solutions/low-power/low-power-verification","step":"verify","ok":true}
{"t":"2026-09-11T13:01:51.450Z","path":"/verification/solutions/low-power/power-aware-prototyping","step":"verify","ok":true}
{"t":"2026-09-11T13:01:51.717Z","path":"/verification/solutions/low-power","step":"verify","ok":true}
{"t":"2026-09-11T13:01:52.977Z","path":"/verification/static-and-formal-verification/spyglass","step":"verify","ok":true}
{"t":"2026-09-11T13:01:53.632Z","path":"/verification/static-and-formal-verification/vc-formal","step":"verify","ok":true}
{"t":"2026-09-11T13:01:56.248Z","path":"/verification/static-and-formal-verification/vc-lp","step":"verify","ok":true}
{"t":"2026-09-11T13:01:56.828Z","path":"/verification/static-and-formal-verification/vc-spyglass","step":"verify","ok":true}
{"t":"2026-09-11T13:01:57.432Z","path":"/verification/static-and-formal-verification","step":"verify","ok":true}
{"t":"2026-09-11T13:01:58.843Z","path":"/verification/vc-formal-services","step":"verify","ok":true}
{"t":"2026-09-11T13:01:59.442Z","path":"/verification/sting","step":"verify","ok":true}
{"t":"2026-09-11T13:01:59.478Z","path":"/verification/verification-ip/amba","step":"verify","ok":true}
{"t":"2026-09-11T13:02:01.873Z","path":"/verification/verification-ip/automotive","step":"verify","ok":true}
{"t":"2026-09-11T13:02:02.937Z","path":"/verification/verification-ip/bus-interface","step":"verify","ok":true}
{"t":"2026-09-11T13:02:04.118Z","path":"/verification/verification-ip/bus-interface/fibre-channel","step":"verify","ok":true}
{"t":"2026-09-11T13:02:04.193Z","path":"/verification/verification-ip/display","step":"verify","ok":true}
{"t":"2026-09-11T13:02:05.507Z","path":"/verification/verification-ip/memory/gddr6","step":"verify","ok":true}
{"t":"2026-09-11T13:02:05.917Z","path":"/verification/verification-ip/ethernet","step":"verify","ok":true}
{"t":"2026-09-11T13:02:07.610Z","path":"/verification/verification-ip/memory/hbm-verificationip","step":"verify","ok":true}
{"t":"2026-09-11T13:02:08.686Z","path":"/verification/verification-ip/memory/ip-lpddr","step":"verify","ok":true}
{"t":"2026-09-11T13:02:09.672Z","path":"/verification/verification-ip/memory","step":"verify","ok":true}
{"t":"2026-09-11T13:02:09.972Z","path":"/verification/verification-ip/memory/nvdimm-p","step":"verify","ok":true}
{"t":"2026-09-11T13:02:11.737Z","path":"/verification/verification-ip/mipi","step":"verify","ok":true}
{"t":"2026-09-11T13:02:11.785Z","path":"/verification/verification-ip/mipi/ufs","step":"verify","ok":true}
{"t":"2026-09-11T13:02:12.995Z","path":"/verification/verification-ip/storage","step":"verify","ok":true}
{"t":"2026-09-11T13:02:14.771Z","path":"/verification/verification-ip/subsystems/compute-express-link","step":"verify","ok":true}
{"t":"2026-09-11T13:02:14.994Z","path":"/verification/verification-ip/subsystems","step":"verify","ok":true}
{"t":"2026-09-11T13:02:15.894Z","path":"/verification/verification-ip/usb","step":"verify","ok":true}
{"t":"2026-09-11T13:02:17.888Z","path":"/verification/virtual-prototyping/automotive-ecosystem-collaboration","step":"verify","ok":true}
{"t":"2026-09-11T13:02:18.004Z","path":"/verification/virtual-prototyping/atef","step":"verify","ok":true}
{"t":"2026-09-11T13:02:19.920Z","path":"/verification/virtual-prototyping/platform-architect-multi-die","step":"verify","ok":true}
{"t":"2026-09-11T13:02:21.100Z","path":"/verification/virtual-prototyping/platform-architect","step":"verify","ok":true}
{"t":"2026-09-11T13:02:21.747Z","path":"/verification/virtual-prototyping/references","step":"verify","ok":true}
{"t":"2026-09-11T13:02:22.556Z","path":"/verification/virtual-prototyping/sil-kit","step":"verify","ok":true}
{"t":"2026-09-11T13:02:23.743Z","path":"/verification/virtual-prototyping/virtual-prototyping-solutions-for-arm","step":"verify","ok":true}
{"t":"2026-09-11T13:02:23.991Z","path":"/verification/virtual-prototyping/silver","step":"verify","ok":true}
{"t":"2026-09-11T13:02:26.229Z","path":"/verification/virtual-prototyping/virtualizer","step":"verify","ok":true}
{"t":"2026-09-11T13:02:26.512Z","path":"/verification/virtual-prototyping/vp-book","step":"verify","ok":true}
{"t":"2026-09-11T13:02:27.092Z","path":"/webinars/a-z-multi-die-design","step":"verify","ok":true}
{"t":"2026-09-11T13:02:28.787Z","path":"/webinars/accelerate-coverage-closure-ai-ml-vcs-ico-technology","step":"verify","ok":true}
{"t":"2026-09-11T13:02:29.446Z","path":"/webinars/accelerate-coverage-closure-vso-ai","step":"verify","ok":true}
{"t":"2026-09-11T13:02:30.201Z","path":"/webinars/accelerated-sdv-development","step":"verify","ok":true}
{"t":"2026-09-11T13:02:31.745Z","path":"/webinars/advancing-gan-power-transistors","step":"verify","ok":true}
{"t":"2026-09-11T13:02:32.526Z","path":"/webinars/advancing-sic-power-transistors","step":"verify","ok":true}
{"t":"2026-09-11T13:02:32.716Z","path":"/webinars/ai-driven-debug-verdi","step":"verify","ok":true}
{"t":"2026-09-11T13:02:34.419Z","path":"/webinars/ai-driven-verification","step":"verify","ok":true}
{"t":"2026-09-11T13:02:35.672Z","path":"/webinars/analog-design-in-cloud","step":"verify","ok":true}
{"t":"2026-09-11T13:02:35.809Z","path":"/webinars/ai-in-eda-chip-design","step":"verify","ok":true}
{"t":"2026-09-11T13:02:37.779Z","path":"/webinars/arm-multi-die-architecture-designs","step":"verify","ok":true}
{"t":"2026-09-11T13:02:38.784Z","path":"/webinars/cdc-debug-ml-rca","step":"verify","ok":true}
{"t":"2026-09-11T13:02:39.438Z","path":"/webinars/automated-constraints-promotion-methodology","step":"verify","ok":true}
{"t":"2026-09-11T13:02:41.021Z","path":"/webinars/clock-gating-vc-formal-part-2","step":"verify","ok":true}
{"t":"2026-09-11T13:02:41.587Z","path":"/webinars/correct-by-construction-coding-euclide","step":"verify","ok":true}
{"t":"2026-09-11T13:02:42.271Z","path":"/webinars/constraints-driven-cdc-and-rdc-verification","step":"verify","ok":true}
{"t":"2026-09-11T13:02:43.425Z","path":"/webinars/data-driven-approach-to-multi-die-design-architecture","step":"verify","ok":true}
{"t":"2026-09-11T13:02:44.823Z","path":"/webinars/deep-dive-synopsys-ai","step":"verify","ok":true}
{"t":"2026-09-11T13:02:44.983Z","path":"/webinars/digital-cloud-instance","step":"verify","ok":true}
{"t":"2026-09-11T13:02:47.061Z","path":"/webinars/dso-ai-demo","step":"verify","ok":true}
{"t":"2026-09-11T13:02:47.436Z","path":"/webinars/efficient-and-robust-memory-verification-in-modern-socs-using-formal-equivalence-checker","step":"verify","ok":true}
{"t":"2026-09-11T13:02:48.056Z","path":"/webinars/equivalence-checking-with-formality","step":"verify","ok":true}
{"t":"2026-09-11T13:02:49.127Z","path":"/webinars/fab-da-ai-process-analytics","step":"verify","ok":true}
{"t":"2026-09-11T13:02:50.627Z","path":"/webinars/fast-accurate-functional-ecos-with-formality-eco","step":"verify","ok":true}
{"t":"2026-09-11T13:02:51.111Z","path":"/webinars/formal-datapath-validation-ai-processors","step":"verify","ok":true}
{"t":"2026-09-11T13:02:52.928Z","path":"/webinars/functional-correctness-security-risc-v-cores","step":"verify","ok":true}
{"t":"2026-09-11T13:02:53.467Z","path":"/webinars/functional-eco-using-formality-eco","step":"verify","ok":true}
{"t":"2026-09-11T13:02:53.977Z","path":"/webinars/functional-ecos-formality","step":"verify","ok":true}
{"t":"2026-09-11T13:02:54.730Z","path":"/webinars/functional-verification-to-fault-simulation","step":"verify","ok":true}
{"t":"2026-09-11T13:02:56.436Z","path":"/webinars/improve-vcs-simulation","step":"verify","ok":true}
{"t":"2026-09-11T13:02:56.859Z","path":"/webinars/high-reliability-functional-safety-fpga","step":"verify","ok":true}
{"t":"2026-09-11T13:02:58.314Z","path":"/webinars/invisible-keys-from-pufs","step":"verify","ok":true}
{"t":"2026-09-11T13:02:58.759Z","path":"/webinars/key-ip-3d-integration-ucie-ai-chips","step":"verify","ok":true}
{"t":"2026-09-11T13:02:59.974Z","path":"/webinars/manufacturing-test-flows-vc-z01x","step":"verify","ok":true}
{"t":"2026-09-11T13:03:00.294Z","path":"/webinars/maximize-productivity-ppa","step":"verify","ok":true}
{"t":"2026-09-11T13:03:02.146Z","path":"/webinars/migrate-analog-design","step":"verify","ok":true}
{"t":"2026-09-11T13:03:03.603Z","path":"/webinars/mitigating-ai-data-bottlenecks-pcie-7","step":"verify","ok":true}
{"t":"2026-09-11T13:03:04.252Z","path":"/webinars/ml-driven-equivalence-checking-formality","step":"verify","ok":true}
{"t":"2026-09-11T13:03:06.175Z","path":"/webinars/multi-die-designs-security","step":"verify","ok":true}
{"t":"2026-09-11T13:03:06.928Z","path":"/webinars/next-generation-3dic-interposer-info-design","step":"verify","ok":true}
{"t":"2026-09-11T13:03:06.965Z","path":"/webinars/new-faster-standards-data-center-shift","step":"verify","ok":true}
{"t":"2026-09-11T13:03:09.046Z","path":"/webinars/nvm-otp-tsmc-n5","step":"verify","ok":true}
{"t":"2026-09-11T13:03:09.789Z","path":"/webinars/optimize-atpg-tso-ai","step":"verify","ok":true}
{"t":"2026-09-11T13:03:10.461Z","path":"/webinars/optimal-ppa-targets-dso-ai","step":"verify","ok":true}
{"t":"2026-09-11T13:03:11.564Z","path":"/webinars/path-to-1-6tbe-224g-ethernet-phy-ip","step":"verify","ok":true}
{"t":"2026-09-11T13:04:05.988Z","path":"/careers/global/south-asia","step":"verify","ok":false,"why":"about:error in delivered html"}
{"t":"2026-09-11T13:04:06.181Z","path":"/ai/ai-powered-eda/tso-ai","step":"verify","ok":false,"why":"about:error in delivered html"}
{"t":"2026-09-11T13:04:06.445Z","path":"/cloud/analog-saas","step":"verify","ok":false,"why":"about:error in delivered html"}
{"t":"2026-09-11T13:04:09.981Z","path":"/blogs/chip-design/soc-hbm2e-capacity-speed-benefits","step":"verify","ok":false,"why":"about:error in delivered html"}
{"t":"2026-09-11T13:04:12.173Z","path":"/community/resources","step":"verify","ok":false,"why":"about:error in delivered html"}
{"t":"2026-09-11T13:04:12.323Z","path":"/company/contact-synopsys/office-locations/armenia/research-development","step":"verify","ok":false,"why":"about:error in delivered html"}
{"t":"2026-09-11T13:04:12.763Z","path":"/cloud/digital-saas","step":"verify","ok":false,"why":"about:error in delivered html"}
{"t":"2026-09-11T13:04:13.130Z","path":"/company/contact-synopsys/office-locations/armenia/stem-initiatives","step":"preview","status":409,"text":"error from content-bus"}
{"t":"2026-09-11T13:04:18.272Z","path":"/manufacturing/resources","step":"verify","ok":false,"why":"about:error in delivered html"}
{"t":"2026-09-11T13:04:18.329Z","path":"/company/resources/synopsys-press","step":"verify","ok":false,"why":"about:error in delivered html"}
{"t":"2026-09-11T13:04:18.359Z","path":"/company/resources/synopsys-press/low-power-methodology-manual-download","step":"verify","ok":false,"why":"about:error in delivered html"}
{"t":"2026-09-11T13:04:21.017Z","path":"/photonic-solutions/optocompiler/optsim-photonic-ic","step":"verify","ok":false,"why":"about:error in delivered html"}
{"t":"2026-09-11T13:04:24.012Z","path":"/photonic-solutions/optsim/sensing","step":"verify","ok":false,"why":"about:error in delivered html"}
{"t":"2026-09-11T13:04:24.080Z","path":"/photonic-solutions/product-applications/advanced-modulation-formats","step":"verify","ok":false,"why":"about:error in delivered html"}
{"t":"2026-09-11T13:04:24.280Z","path":"/photonic-solutions/product-applications/coherent-fiber-optic","step":"verify","ok":false,"why":"about:error in delivered html"}
{"t":"2026-09-11T13:04:26.829Z","path":"/photonic-solutions/product-applications/optical-amplifiers","step":"verify","ok":false,"why":"about:error in delivered html"}
{"t":"2026-09-11T13:04:29.924Z","path":"/photonic-solutions/product-applications/optical-networks","step":"verify","ok":false,"why":"about:error in delivered html"}
{"t":"2026-09-11T13:04:30.814Z","path":"/photonic-solutions/product-applications/performance-estimation","step":"verify","ok":false,"why":"about:error in delivered html"}
{"t":"2026-09-11T13:04:31.253Z","path":"/photonic-solutions/product-applications/photonic-integrated-circuits","step":"verify","ok":false,"why":"about:error in delivered html"}
{"t":"2026-09-11T13:04:32.775Z","path":"/photonic-solutions/product-applications/pon-catv-rof","step":"verify","ok":false,"why":"about:error in delivered html"}
{"t":"2026-09-11T13:04:35.700Z","path":"/photonic-solutions/product-applications/transmission-impairments-fiber","step":"verify","ok":false,"why":"about:error in delivered html"}
{"t":"2026-09-11T13:04:36.783Z","path":"/silicon-design","step":"verify","ok":false,"why":"about:error in delivered html"}
{"t":"2026-09-11T13:04:37.448Z","path":"/webinars/soc-connectivity-verification-vc-formal","step":"verify","ok":true}
{"t":"2026-09-11T13:07:27.978Z","path":"/ai/ai-powered-eda/tso-ai","step":"verify","ok":false,"why":"about:error in delivered html"}
{"t":"2026-09-11T13:07:31.359Z","path":"/blogs/chip-design/soc-hbm2e-capacity-speed-benefits","step":"verify","ok":false,"why":"about:error in delivered html"}
{"t":"2026-09-11T13:07:36.474Z","path":"/careers/global/south-asia","step":"verify","ok":false,"why":"about:error in delivered html"}
{"t":"2026-09-11T13:07:37.715Z","path":"/cloud/analog-saas","step":"verify","ok":false,"why":"about:error in delivered html"}
{"t":"2026-09-11T13:07:43.235Z","path":"/cloud/digital-saas","step":"verify","ok":false,"why":"about:error in delivered html"}
{"t":"2026-09-11T13:07:43.757Z","path":"/community/resources","step":"verify","ok":false,"why":"about:error in delivered html"}
{"t":"2026-09-11T13:07:49.243Z","path":"/company/contact-synopsys/office-locations/armenia/research-development","step":"verify","ok":false,"why":"about:error in delivered html"}
{"t":"2026-09-11T13:07:49.794Z","path":"/company/resources/synopsys-press/low-power-methodology-manual-download","step":"verify","ok":false,"why":"about:error in delivered html"}
{"t":"2026-09-11T13:07:55.456Z","path":"/company/resources/synopsys-press","step":"verify","ok":false,"why":"about:error in delivered html"}
{"t":"2026-09-11T13:07:55.459Z","path":"/manufacturing/resources","step":"verify","ok":false,"why":"about:error in delivered html"}
{"t":"2026-09-11T13:08:01.186Z","path":"/photonic-solutions/optsim/sensing","step":"verify","ok":false,"why":"about:error in delivered html"}
{"t":"2026-09-11T13:08:01.564Z","path":"/photonic-solutions/optocompiler/optsim-photonic-ic","step":"verify","ok":false,"why":"about:error in delivered html"}
{"t":"2026-09-11T13:08:07.024Z","path":"/photonic-solutions/product-applications/advanced-modulation-formats","step":"verify","ok":false,"why":"about:error in delivered html"}
{"t":"2026-09-11T13:08:07.499Z","path":"/photonic-solutions/product-applications/coherent-fiber-optic","step":"verify","ok":false,"why":"about:error in delivered html"}
{"t":"2026-09-11T13:08:12.886Z","path":"/photonic-solutions/product-applications/optical-networks","step":"verify","ok":false,"why":"about:error in delivered html"}
{"t":"2026-09-11T13:08:13.134Z","path":"/photonic-solutions/product-applications/optical-amplifiers","step":"verify","ok":false,"why":"about:error in delivered html"}
{"t":"2026-09-11T13:08:18.542Z","path":"/photonic-solutions/product-applications/performance-estimation","step":"verify","ok":false,"why":"about:error in delivered html"}
{"t":"2026-09-11T13:08:18.746Z","path":"/photonic-solutions/product-applications/photonic-integrated-circuits","step":"verify","ok":false,"why":"about:error in delivered html"}
{"t":"2026-09-11T13:08:24.110Z","path":"/photonic-solutions/product-applications/pon-catv-rof","step":"verify","ok":false,"why":"about:error in delivered html"}
{"t":"2026-09-11T13:08:25.490Z","path":"/photonic-solutions/product-applications/transmission-impairments-fiber","step":"verify","ok":false,"why":"about:error in delivered html"}
{"t":"2026-09-11T13:08:29.990Z","path":"/silicon-design","step":"verify","ok":false,"why":"about:error in delivered html"}
{"t":"2026-09-11T13:08:31.480Z","path":"/webinars/wireline-transmitters-part-2","step":"verify","ok":true}
{"t":"2026-09-11T13:08:35.424Z","path":"/webinars/wireline-transmitters-part-3","step":"verify","ok":true}
{"t":"2026-09-11T13:08:37.500Z","path":"/webinars/writing-c-cpp-models-efficient-datapath-validation","step":"verify","ok":true}
{"t":"2026-09-11T13:41:31.689Z","path":"/ai/agentic-ai","step":"verify","ok":true}
{"t":"2026-09-11T13:41:31.760Z","path":"/ai/ai-powered-eda/aso-ai","step":"verify","ok":true}
{"t":"2026-09-11T13:41:32.179Z","path":"/academic-research/university","step":"verify","ok":true}
{"t":"2026-09-11T13:41:32.280Z","path":"/academic-research/researchers","step":"verify","ok":true}
{"t":"2026-09-11T13:41:32.788Z","path":"/ai/ai-chip-development","step":"verify","ok":true}
{"t":"2026-09-11T13:41:35.507Z","path":"/academic-research/students","step":"verify","ok":true}
{"t":"2026-09-11T13:41:38.211Z","path":"/ai/ai-powered-eda/dso-ai","step":"verify","ok":true}
{"t":"2026-09-11T13:41:38.621Z","path":"/ai/ai-powered-eda/videos","step":"verify","ok":true}
{"t":"2026-09-11T13:41:38.846Z","path":"/ai/ai-powered-eda/tso-ai","step":"verify","ok":false,"why":"about:error in delivered html"}
{"t":"2026-09-11T13:41:39.189Z","path":"/ai/ai-powered-eda/vso-ai","step":"verify","ok":true}
{"t":"2026-09-11T13:41:39.320Z","path":"/ai/ai-powered-eda/silicon-da","step":"verify","ok":true}
{"t":"2026-09-11T13:41:41.823Z","path":"/ai/ai-powered-eda","step":"verify","ok":true}
{"t":"2026-09-11T13:41:43.636Z","path":"/ai/contact-us","step":"verify","ok":true}
{"t":"2026-09-11T13:41:44.472Z","path":"/ai/generative-ai","step":"verify","ok":true}
{"t":"2026-09-11T13:41:44.883Z","path":"/ai/physical-ai","step":"verify","ok":true}
{"t":"2026-09-11T13:41:45.611Z","path":"/articles/112g-ethernet-implementations","step":"verify","ok":true}
{"t":"2026-09-11T13:41:45.935Z","path":"/ai","step":"verify","ok":true}
{"t":"2026-09-11T13:41:48.209Z","path":"/articles/112g-ethernet-ip","step":"verify","ok":true}
{"t":"2026-09-11T13:41:49.576Z","path":"/articles/112g-linear-optics-phy","step":"verify","ok":true}
{"t":"2026-09-11T13:41:50.743Z","path":"/articles/224g-serdes-interoperability-ai-hpc","step":"verify","ok":true}
{"t":"2026-09-11T13:41:50.790Z","path":"/articles/224g-ethernet-phy-ip","step":"verify","ok":true}
{"t":"2026-09-11T13:41:52.280Z","path":"/articles/224g-serdes-ip-linear-drive-optics","step":"verify","ok":true}
{"t":"2026-09-11T13:41:52.446Z","path":"/articles/224gbps-electrical-interface","step":"verify","ok":true}
{"t":"2026-09-11T13:41:54.082Z","path":"/articles/25g-ethernet-ip-for-high-performance-data-center-socs","step":"verify","ok":true}
{"t":"2026-09-11T13:41:55.208Z","path":"/articles/25g-ethernet","step":"verify","ok":true}
{"t":"2026-09-11T13:41:56.866Z","path":"/articles/40g-ucie-ip-ai-applications","step":"verify","ok":true}
{"t":"2026-09-11T13:41:56.954Z","path":"/articles/3dio-multi-die-integration","step":"verify","ok":true}
{"t":"2026-09-11T13:41:57.879Z","path":"/articles/5g-asips-communication-socs","step":"verify","ok":true}
{"t":"2026-09-11T13:41:58.126Z","path":"/articles/5g-dsp-controller-radio-modems","step":"verify","ok":true}
{"t":"2026-09-11T13:41:59.574Z","path":"/articles/accelerate-time-to-market-with-interface-ip-subsystems","step":"verify","ok":true}
{"t":"2026-09-11T13:42:00.851Z","path":"/articles/accelerating-32gtps-pcie5-designs","step":"verify","ok":true}
{"t":"2026-09-11T13:42:03.011Z","path":"/articles/achieving-10-gbps","step":"verify","ok":true}
{"t":"2026-09-11T13:42:03.235Z","path":"/articles/accelerating-cryptographic-operations","step":"verify","ok":true}
{"t":"2026-09-11T13:42:03.784Z","path":"/articles/achieving-iso-compliance","step":"verify","ok":true}
{"t":"2026-09-11T13:42:04.623Z","path":"/articles/adapting-non-volatile-memory","step":"verify","ok":true}
{"t":"2026-09-11T13:42:05.437Z","path":"/articles/adas-ivi-automotive-grade","step":"verify","ok":true}
{"t":"2026-09-11T13:42:06.963Z","path":"/articles/adas-ivi-socs-sdv-automotive-ip","step":"verify","ok":true}
{"t":"2026-09-11T13:42:09.131Z","path":"/articles/addressing-ai-advanced-packaging-3dio-phy","step":"verify","ok":true}
{"t":"2026-09-11T13:42:09.356Z","path":"/articles/addressing-functional-safety-in-socs-with-test-solutions","step":"verify","ok":true}
{"t":"2026-09-11T13:42:11.140Z","path":"/articles/adoption-5g-automotive-applications","step":"verify","ok":true}
{"t":"2026-09-11T13:42:11.227Z","path":"/articles/advanced-processors-virtual-reality-interfaces","step":"verify","ok":true}
{"t":"2026-09-11T13:42:11.322Z","path":"/articles/advantages-embedded-mtp-nvm-iot-soc-designs","step":"verify","ok":true}
{"t":"2026-09-11T13:42:13.054Z","path":"/articles/ai-edge-algorithms","step":"verify","ok":true}
{"t":"2026-09-11T13:42:15.244Z","path":"/articles/ai-powered-analog-design","step":"verify","ok":true}
{"t":"2026-09-11T13:42:16.019Z","path":"/articles/ai-hpc-multi-die-designs","step":"verify","ok":true}
{"t":"2026-09-11T13:42:17.243Z","path":"/articles/anatomy-ethernet-phy-for-hpc","step":"verify","ok":true}
{"t":"2026-09-11T13:42:17.321Z","path":"/articles/artificial-intelligence-soc-nature-nurture","step":"verify","ok":true}
{"t":"2026-09-11T13:42:17.486Z","path":"/articles/arc-sem130fs-safety-security-processor","step":"verify","ok":true}
{"t":"2026-09-11T13:42:18.992Z","path":"/articles/asil-d-systematic-iso-26262-compliance","step":"verify","ok":true}
{"t":"2026-09-11T13:42:21.303Z","path":"/articles/augmenting-your-reality","step":"verify","ok":true}
{"t":"2026-09-11T13:42:23.090Z","path":"/articles/automotive-certified-trng-ip","step":"verify","ok":true}
{"t":"2026-09-11T13:42:23.184Z","path":"/articles/automotive-ddr-dram","step":"verify","ok":true}
{"t":"2026-09-11T13:42:23.523Z","path":"/articles/automotive-embedded-storage-ufs","step":"verify","ok":true}
{"t":"2026-09-11T13:42:24.822Z","path":"/articles/automotive-ic-design","step":"verify","ok":true}
{"t":"2026-09-11T13:42:25.239Z","path":"/articles/automotive-macsec-ethernet","step":"verify","ok":true}
{"t":"2026-09-11T13:42:28.192Z","path":"/articles/automotive-nvm-ip-accelerating-design-schedules","step":"verify","ok":true}
{"t":"2026-09-11T13:42:29.632Z","path":"/articles/automotive-puf-unclonable-silicon-identity","step":"verify","ok":true}
{"t":"2026-09-11T13:42:29.962Z","path":"/articles/automotive-security-pcie-ip-solutions","step":"verify","ok":true}
{"t":"2026-09-11T13:42:30.036Z","path":"/articles/automotive-safety","step":"verify","ok":true}
{"t":"2026-09-11T13:42:31.236Z","path":"/articles/balancing-security-requirements","step":"verify","ok":true}
{"t":"2026-09-11T13:42:31.838Z","path":"/articles/automotive-soc-design-platform","step":"verify","ok":true}
{"t":"2026-09-11T13:42:34.690Z","path":"/articles/benefits-800g-ethernet-implementation","step":"verify","ok":true}
{"t":"2026-09-11T13:42:36.139Z","path":"/articles/bluetooth-5-ready-ip-iot-soc-integration","step":"verify","ok":true}
{"t":"2026-09-11T13:42:36.496Z","path":"/articles/best-112g-serdes-ip-performance","step":"verify","ok":true}
{"t":"2026-09-11T13:42:36.828Z","path":"/articles/building-efficient-deep-learning","step":"verify","ok":true}
{"t":"2026-09-11T13:42:37.560Z","path":"/articles/catching-clock-integrity-jitter-issues","step":"verify","ok":true}
{"t":"2026-09-11T13:42:37.946Z","path":"/articles/challenges-of-moving-to-32gts-pcie-designs","step":"verify","ok":true}
{"t":"2026-09-11T13:42:40.018Z","path":"/articles/challenges-of-usb-3-1-ip-certification","step":"verify","ok":true}
{"t":"2026-09-11T13:42:42.162Z","path":"/articles/choosing-embedded-processor","step":"verify","ok":true}
{"t":"2026-09-11T13:42:42.739Z","path":"/articles/cmos-image-sensor-otp-nvm","step":"verify","ok":true}
{"t":"2026-09-11T13:42:43.334Z","path":"/articles/competitive-advantage-sram-puf","step":"verify","ok":true}
{"t":"2026-09-11T13:42:43.683Z","path":"/articles/compute-express-link-standard","step":"verify","ok":true}
{"t":"2026-09-11T13:42:44.245Z","path":"/articles/complete-die-to-die-ip-solution","step":"verify","ok":true}
{"t":"2026-09-11T13:42:46.066Z","path":"/articles/computer-vision-lab-life","step":"verify","ok":true}
{"t":"2026-09-11T13:42:48.224Z","path":"/articles/configuring-ddr-subsystems","step":"verify","ok":true}
{"t":"2026-09-11T13:42:48.778Z","path":"/articles/content-protection","step":"verify","ok":true}
{"t":"2026-09-11T13:42:49.080Z","path":"/articles/considerations-chiplet-designs","step":"verify","ok":true}
{"t":"2026-09-11T13:42:50.011Z","path":"/articles/converging-cloud-computing-infrastucture","step":"verify","ok":true}
{"t":"2026-09-11T13:42:50.275Z","path":"/articles/converting-existing-designs-usb-c","step":"verify","ok":true}
{"t":"2026-09-11T13:42:51.628Z","path":"/articles/cxl-applications","step":"verify","ok":true}
{"t":"2026-09-11T13:42:53.783Z","path":"/articles/cxl-in-memory-solutions","step":"verify","ok":true}
{"t":"2026-09-11T13:42:54.505Z","path":"/articles/cxl2-3-storage-memory-applications","step":"verify","ok":true}
{"t":"2026-09-11T13:42:54.767Z","path":"/articles/data-centers-driving-ethernet-interconnects","step":"verify","ok":true}
{"t":"2026-09-11T13:42:55.404Z","path":"/articles/data-conv-ip-auto-func-safety-socs","step":"verify","ok":true}
{"t":"2026-09-11T13:42:56.012Z","path":"/articles/data-fusion-ip-iot-accelerating-application-development","step":"verify","ok":true}
{"t":"2026-09-11T13:42:57.974Z","path":"/articles/ddr-hardening-demystified","step":"verify","ok":true}
{"t":"2026-09-11T13:42:59.779Z","path":"/articles/ddr4-bank-groups","step":"verify","ok":true}
{"t":"2026-09-11T13:43:00.888Z","path":"/articles/deep-learning-adas-applications","step":"verify","ok":true}
{"t":"2026-09-11T13:43:00.959Z","path":"/articles/ddr5-features","step":"verify","ok":true}
{"t":"2026-09-11T13:43:01.566Z","path":"/articles/demystifying-40-interfaces","step":"verify","ok":true}
{"t":"2026-09-11T13:43:01.800Z","path":"/articles/design-challenges-of-clock-integrity-and-clock-jitter","step":"verify","ok":true}
{"t":"2026-09-11T13:43:03.481Z","path":"/articles/design-considerations","step":"verify","ok":true}
{"t":"2026-09-11T13:43:05.825Z","path":"/articles/design-precision","step":"verify","ok":true}
{"t":"2026-09-11T13:43:07.029Z","path":"/articles/design-verification-environment","step":"verify","ok":true}
{"t":"2026-09-11T13:43:07.426Z","path":"/articles/designing-effective-use-pcie6-bandwidth","step":"verify","ok":true}
{"t":"2026-09-11T13:43:07.665Z","path":"/articles/designware-hybrid-ip","step":"verify","ok":true}
{"t":"2026-09-11T13:43:09.256Z","path":"/articles/designing-processors","step":"verify","ok":true}
{"t":"2026-09-11T13:43:09.763Z","path":"/articles/designware-libraries","step":"verify","ok":true}
{"t":"2026-09-11T13:43:12.289Z","path":"/articles/direct-drive-electro-optical","step":"verify","ok":true}
{"t":"2026-09-11T13:43:13.087Z","path":"/articles/ecc-memory-error-correction","step":"verify","ok":true}
{"t":"2026-09-11T13:43:14.603Z","path":"/articles/easing-smart-automotive-design-and-certification","step":"verify","ok":true}
{"t":"2026-09-11T13:43:14.813Z","path":"/articles/edge-ai-near-threshold-foundation-ip","step":"verify","ok":true}
{"t":"2026-09-11T13:43:15.830Z","path":"/articles/embedded-design-prototyping","step":"verify","ok":true}
{"t":"2026-09-11T13:43:16.101Z","path":"/articles/embedded-challenges-superscalar","step":"verify","ok":true}
{"t":"2026-09-11T13:43:18.674Z","path":"/articles/embedded-linux-system","step":"verify","ok":true}
{"t":"2026-09-11T13:43:19.085Z","path":"/articles/embedded-memory-test","step":"verify","ok":true}
{"t":"2026-09-11T13:43:21.132Z","path":"/articles/embedding-artificial-intelligence-into-our-lives","step":"verify","ok":true}
{"t":"2026-09-11T13:43:21.865Z","path":"/articles/embedding-vision","step":"verify","ok":true}
{"t":"2026-09-11T13:43:23.038Z","path":"/articles/emmc-and-ufs-inline-encryption","step":"verify","ok":true}
{"t":"2026-09-11T13:43:23.078Z","path":"/articles/emerging-applications-cxl","step":"verify","ok":true}
{"t":"2026-09-11T13:43:24.938Z","path":"/articles/emram-low-power-advanced-nodes","step":"verify","ok":true}
{"t":"2026-09-11T13:43:25.133Z","path":"/articles/enabling-cars","step":"verify","ok":true}
{"t":"2026-09-11T13:43:26.891Z","path":"/articles/ensuring-security-processor-socs","step":"verify","ok":true}
{"t":"2026-09-11T13:43:27.534Z","path":"/articles/estimating-power-early-ai-vision","step":"verify","ok":true}
{"t":"2026-09-11T13:43:28.594Z","path":"/articles/ethernet-qos-v40","step":"verify","ok":true}
{"t":"2026-09-11T13:43:29.370Z","path":"/articles/ether-time-sens-net-for-auto-adas-socs","step":"verify","ok":true}
{"t":"2026-09-11T13:43:30.791Z","path":"/articles/ethernet-security-macsec","step":"verify","ok":true}
{"t":"2026-09-11T13:43:31.365Z","path":"/articles/ethernet-standards-scale-up-ai","step":"verify","ok":true}
{"t":"2026-09-11T13:43:33.582Z","path":"/articles/ethernet-terminology","step":"verify","ok":true}
{"t":"2026-09-11T13:43:33.865Z","path":"/articles/eusb2v2-interoperability-fpga-prototyping","step":"verify","ok":true}
{"t":"2026-09-11T13:43:34.646Z","path":"/articles/ev-facial-expression","step":"verify","ok":true}
{"t":"2026-09-11T13:43:35.657Z","path":"/articles/face-recognition-detection-arc-ev","step":"verify","ok":true}
{"t":"2026-09-11T13:43:36.051Z","path":"/articles/faster-iteration","step":"verify","ok":true}
{"t":"2026-09-11T13:43:37.601Z","path":"/articles/finfet-design","step":"verify","ok":true}
{"t":"2026-09-11T13:43:39.388Z","path":"/articles/finfet-process","step":"verify","ok":true}
{"t":"2026-09-11T13:43:39.994Z","path":"/articles/firmware-based-training-ddr-ip","step":"verify","ok":true}
{"t":"2026-09-11T13:43:40.562Z","path":"/articles/flexible-connectivity","step":"verify","ok":true}
{"t":"2026-09-11T13:43:41.479Z","path":"/articles/foundation-ip-low-power-ai","step":"verify","ok":true}
{"t":"2026-09-11T13:43:41.992Z","path":"/articles/flexible-processing","step":"verify","ok":true}
{"t":"2026-09-11T13:43:45.412Z","path":"/articles/functional-safety-quality-automotive","step":"verify","ok":true}
{"t":"2026-09-11T13:43:45.737Z","path":"/articles/future-nvm-memories","step":"verify","ok":true}
{"t":"2026-09-11T13:43:46.917Z","path":"/articles/guidelines-for-integration","step":"verify","ok":true}
{"t":"2026-09-11T13:43:47.112Z","path":"/articles/guaranteed-isochronous-traffic-usb31","step":"verify","ok":true}
{"t":"2026-09-11T13:43:47.434Z","path":"/articles/foundation-ip-optimized-ppa","step":"verify","ok":true}
{"t":"2026-09-11T13:43:48.003Z","path":"/articles/hardware-aware-training-keyword-spotting","step":"verify","ok":true}
{"t":"2026-09-11T13:43:51.394Z","path":"/articles/have-linux-your-way-yocto","step":"verify","ok":true}
{"t":"2026-09-11T13:43:52.048Z","path":"/articles/hardware-mathematics-for-ai","step":"verify","ok":true}
{"t":"2026-09-11T13:43:52.574Z","path":"/articles/hbm3-ip-dwtb","step":"verify","ok":true}
{"t":"2026-09-11T13:43:52.919Z","path":"/articles/hdmi-and-mhl","step":"verify","ok":true}
{"t":"2026-09-11T13:43:53.360Z","path":"/articles/hdmi-fast-switching","step":"verify","ok":true}
{"t":"2026-09-11T13:43:54.404Z","path":"/articles/hdmi21-for-immersive-consumer-experience","step":"verify","ok":true}
{"t":"2026-09-11T13:43:57.513Z","path":"/articles/high-accuracy-computer-vision-isps-vision-processors","step":"verify","ok":true}
{"t":"2026-09-11T13:43:57.771Z","path":"/articles/high-bandwidth-interconnects-224g-phy-ip","step":"verify","ok":true}
{"t":"2026-09-11T13:43:58.975Z","path":"/articles/high-performance-dsp-for-5g","step":"verify","ok":true}
{"t":"2026-09-11T13:43:59.001Z","path":"/articles/high-bandwidth-memory-encryption-security","step":"verify","ok":true}
{"t":"2026-09-11T13:43:59.454Z","path":"/articles/high-res-displays-hdcp","step":"verify","ok":true}
{"t":"2026-09-11T13:44:00.129Z","path":"/articles/high-speed-test-io","step":"verify","ok":true}
{"t":"2026-09-11T13:44:03.279Z","path":"/articles/how-ai-edge-computing-drives-5g-iot","step":"verify","ok":true}
{"t":"2026-09-11T13:44:04.020Z","path":"/articles/impact-of-100g-ethernet-on-edge-computing","step":"verify","ok":true}
{"t":"2026-09-11T13:44:04.604Z","path":"/articles/implementing-high-performance-deep-learning","step":"verify","ok":true}
{"t":"2026-09-11T13:44:04.751Z","path":"/articles/implementing-large-numbers","step":"verify","ok":true}
{"t":"2026-09-11T13:44:05.784Z","path":"/articles/implementing-mipi-camera","step":"verify","ok":true}
{"t":"2026-09-11T13:44:06.712Z","path":"/articles/implementing-usb-type-c","step":"verify","ok":true}
{"t":"2026-09-11T13:44:08.940Z","path":"/articles/improving-quality-of-service-amba","step":"verify","ok":true}
{"t":"2026-09-11T13:44:10.107Z","path":"/articles/in-memory-computing-ai","step":"verify","ok":true}
{"t":"2026-09-11T13:44:10.349Z","path":"/articles/in-chip-sensor-pvt","step":"verify","ok":true}
{"t":"2026-09-11T13:44:11.337Z","path":"/articles/integrated-adas-domain-controller-26262","step":"verify","ok":true}
{"t":"2026-09-11T13:44:11.419Z","path":"/articles/integrated-400g-800g-ethernet-ip","step":"verify","ok":true}
{"t":"2026-09-11T13:44:12.159Z","path":"/articles/integrated-ip-mipi-camera-display","step":"verify","ok":true}
{"t":"2026-09-11T13:44:14.881Z","path":"/articles/interface-ip-avoid-cloud-jams","step":"verify","ok":true}
{"t":"2026-09-11T13:44:15.978Z","path":"/articles/introduction-to-tcam","step":"verify","ok":true}
{"t":"2026-09-11T13:44:16.170Z","path":"/articles/introduction-ccix","step":"verify","ok":true}
{"t":"2026-09-11T13:44:16.716Z","path":"/articles/ip-die-to-die-connectivity","step":"verify","ok":true}
{"t":"2026-09-11T13:44:17.051Z","path":"/articles/iot-connectivity-low-power-solution","step":"verify","ok":true}
{"t":"2026-09-11T13:44:17.598Z","path":"/articles/ip-integration","step":"verify","ok":true}
{"t":"2026-09-11T13:44:20.713Z","path":"/articles/ip-interfaces-reduce-hpc-latency","step":"verify","ok":true}
{"t":"2026-09-11T13:44:21.761Z","path":"/articles/iso-26262-compliance-adas-socs","step":"verify","ok":true}
{"t":"2026-09-11T13:44:22.167Z","path":"/articles/key-features-about-lpddr5","step":"verify","ok":true}
{"t":"2026-09-11T13:44:22.196Z","path":"/articles/iso-sae-21434-automotive-cybersecurity","step":"verify","ok":true}
{"t":"2026-09-11T13:44:22.960Z","path":"/articles/kgd-ucie-ip-article","step":"verify","ok":true}
{"t":"2026-09-11T13:44:23.942Z","path":"/articles/logic-library-capabilities","step":"verify","ok":true}
{"t":"2026-09-11T13:44:26.260Z","path":"/articles/low-power-mobile-storage","step":"verify","ok":true}
{"t":"2026-09-11T13:44:28.120Z","path":"/articles/mac-pcs-ethernet","step":"verify","ok":true}
{"t":"2026-09-11T13:44:28.136Z","path":"/articles/lpddr4","step":"verify","ok":true}
{"t":"2026-09-11T13:44:28.448Z","path":"/articles/low-power-processor-solutions","step":"verify","ok":true}
{"t":"2026-09-11T13:44:28.960Z","path":"/articles/maximizing-performance-arc-dsp-plugin-ashling","step":"verify","ok":true}
{"t":"2026-09-11T13:44:29.711Z","path":"/articles/meeting-automotive-functional-safety-gpio","step":"verify","ok":true}
{"t":"2026-09-11T13:44:31.917Z","path":"/articles/memory-architectures-ai-socs","step":"verify","ok":true}
{"t":"2026-09-11T13:44:33.900Z","path":"/articles/mhl-protocol","step":"verify","ok":true}
{"t":"2026-09-11T13:44:34.145Z","path":"/articles/mhl-vs-miracast","step":"verify","ok":true}
{"t":"2026-09-11T13:44:34.370Z","path":"/articles/memory-options","step":"verify","ok":true}
{"t":"2026-09-11T13:44:35.700Z","path":"/articles/minimizing-auto-vulnerabilities","step":"verify","ok":true}
{"t":"2026-09-11T13:44:35.820Z","path":"/articles/modeling-integration-112g-phy-ip","step":"verify","ok":true}
{"t":"2026-09-11T13:44:38.191Z","path":"/articles/modern-prototyping-systems","step":"verify","ok":true}
{"t":"2026-09-11T13:44:39.363Z","path":"/articles/monitor-test-repair-slm","step":"verify","ok":true}
{"t":"2026-09-11T13:44:40.776Z","path":"/articles/multi-chip-design-technical-article","step":"verify","ok":true}
{"t":"2026-09-11T13:44:41.087Z","path":"/articles/multi-die-design-3d-ip","step":"verify","ok":true}
{"t":"2026-09-11T13:44:41.588Z","path":"/articles/next-gen-npus-physical-ai","step":"verify","ok":true}
{"t":"2026-09-11T13:44:42.644Z","path":"/articles/noc-interconnects-ucie-ip","step":"verify","ok":true}
{"t":"2026-09-11T13:44:43.884Z","path":"/articles/non-volatile-memory","step":"verify","ok":true}
{"t":"2026-09-11T13:44:45.161Z","path":"/articles/nvm-ip-pmics","step":"verify","ok":true}
{"t":"2026-09-11T13:44:46.374Z","path":"/articles/optimal-ppa-16ff","step":"verify","ok":true}
{"t":"2026-09-11T13:44:47.274Z","path":"/articles/optimized-memory-cpu-gpu-dsp","step":"verify","ok":true}
{"t":"2026-09-11T13:44:47.735Z","path":"/articles/optimizing-high-end-designs","step":"verify","ok":true}
{"t":"2026-09-11T13:44:49.152Z","path":"/articles/optimizing-vision-applications-openvx-visualization","step":"verify","ok":true}
{"t":"2026-09-11T13:44:50.251Z","path":"/articles/optimizing","step":"verify","ok":true}
{"t":"2026-09-11T13:44:51.153Z","path":"/articles/overcoming-design-challengse-vesa-dsc-ip","step":"verify","ok":true}
{"t":"2026-09-11T13:44:52.468Z","path":"/articles/pam3-technology-implementation-usb4-v2","step":"verify","ok":true}
{"t":"2026-09-11T13:44:53.366Z","path":"/articles/pam4-400g-ethernet","step":"verify","ok":true}
{"t":"2026-09-11T13:44:53.604Z","path":"/articles/parallel-based-phy-for-die2die","step":"verify","ok":true}
{"t":"2026-09-11T13:44:54.705Z","path":"/articles/pci-design-challenges","step":"verify","ok":true}
{"t":"2026-09-11T13:44:56.216Z","path":"/articles/pci-express-4-lane-margining","step":"verify","ok":true}
{"t":"2026-09-11T13:44:56.774Z","path":"/articles/pci-express","step":"verify","ok":true}
{"t":"2026-09-11T13:44:58.303Z","path":"/articles/pcie-6-designs","step":"verify","ok":true}
{"t":"2026-09-11T13:44:59.252Z","path":"/articles/pcie-7-design-ai-bandwidth","step":"verify","ok":true}
{"t":"2026-09-11T13:44:59.786Z","path":"/articles/pcie-6-hpc-socs","step":"verify","ok":true}
{"t":"2026-09-11T13:45:01.094Z","path":"/articles/pcie-automotive-application","step":"verify","ok":true}
{"t":"2026-09-11T13:45:02.251Z","path":"/articles/pcie-cxl-chip-to-chip-ai-scaling","step":"verify","ok":true}
{"t":"2026-09-11T13:45:03.240Z","path":"/articles/pcie-over-optics","step":"verify","ok":true}
{"t":"2026-09-11T13:45:04.783Z","path":"/articles/pcie-u2-u3-data-centers","step":"verify","ok":true}
{"t":"2026-09-11T13:45:05.894Z","path":"/articles/pcie3-bandwidth-considerations","step":"verify","ok":true}
{"t":"2026-09-11T13:45:06.183Z","path":"/articles/pcie5-edge-soc-designs","step":"verify","ok":true}
{"t":"2026-09-11T13:45:06.855Z","path":"/articles/performance-coding-advantages","step":"verify","ok":true}
{"t":"2026-09-11T13:45:08.763Z","path":"/articles/power-gating","step":"verify","ok":true}
{"t":"2026-09-11T13:45:09.961Z","path":"/articles/processor-configurations","step":"verify","ok":true}
{"t":"2026-09-11T13:45:11.121Z","path":"/articles/processor-safety-adas-automotive-systems","step":"verify","ok":true}
{"t":"2026-09-11T13:45:11.654Z","path":"/articles/protecting-against-side-channel","step":"verify","ok":true}
{"t":"2026-09-11T13:45:12.504Z","path":"/articles/prototyping-your-system","step":"verify","ok":true}
{"t":"2026-09-11T13:45:12.866Z","path":"/articles/pvt-monitoring-ip-gaa-process","step":"verify","ok":true}
{"t":"2026-09-11T13:45:14.332Z","path":"/articles/ras-data-protection","step":"verify","ok":true}
{"t":"2026-09-11T13:45:15.651Z","path":"/articles/reach-your-targets","step":"verify","ok":true}
{"t":"2026-09-11T13:45:17.501Z","path":"/articles/reliable-secure-otp-ip","step":"verify","ok":true}
{"t":"2026-09-11T13:45:18.449Z","path":"/articles/risc-processors","step":"verify","ok":true}
{"t":"2026-09-11T13:45:19.180Z","path":"/articles/secure-connectivity-integrated-sim-isim","step":"verify","ok":true}
{"t":"2026-09-11T13:45:20.815Z","path":"/articles/secure-high-speed-interfaces","step":"verify","ok":true}
{"t":"2026-09-11T13:45:21.627Z","path":"/articles/reduce-power-consumption","step":"verify","ok":true}
{"t":"2026-09-11T13:45:22.570Z","path":"/articles/secure-iot-system","step":"verify","ok":true}
{"t":"2026-09-11T13:45:22.972Z","path":"/articles/secure-storage-solution-otp-ip","step":"verify","ok":true}
{"t":"2026-09-11T13:45:24.500Z","path":"/articles/securing-camera-data-mipi-cse2","step":"verify","ok":true}
{"t":"2026-09-11T13:45:25.238Z","path":"/articles/securing-high-value-targets","step":"verify","ok":true}
{"t":"2026-09-11T13:45:27.206Z","path":"/articles/securing-ualink-security-module","step":"verify","ok":true}
{"t":"2026-09-11T13:45:27.696Z","path":"/articles/security-ide-ip","step":"verify","ok":true}
{"t":"2026-09-11T13:45:28.515Z","path":"/articles/selecting-standard-ip","step":"verify","ok":true}
{"t":"2026-09-11T13:45:28.949Z","path":"/articles/serdes-design-trends-angstrom-era","step":"verify","ok":true}
{"t":"2026-09-11T13:45:31.217Z","path":"/articles/sima-machine-learning-embedded-edge","step":"verify","ok":true}
{"t":"2026-09-11T13:45:31.770Z","path":"/articles/sima-synopsys-multi-die-adas-ivi-solutions","step":"verify","ok":true}
{"t":"2026-09-11T13:45:33.043Z","path":"/articles/slm-pvt-monitoring-advanced-node-gaa","step":"verify","ok":true}
{"t":"2026-09-11T13:45:33.771Z","path":"/articles/software-for-cameras","step":"verify","ok":true}
{"t":"2026-09-11T13:45:34.184Z","path":"/articles/software-image-signal-processor","step":"verify","ok":true}
{"t":"2026-09-11T13:45:35.208Z","path":"/articles/solid-foundation-ai-powered-socs","step":"verify","ok":true}
{"t":"2026-09-11T13:45:36.897Z","path":"/articles/solving-clock-signal-integrity-and-jitter-issues","step":"verify","ok":true}
{"t":"2026-09-11T13:45:39.366Z","path":"/articles/sta-strategies-multi-billion-instance-designs","step":"verify","ok":true}
{"t":"2026-09-11T13:45:40.390Z","path":"/articles/super-resolution-with-arc-ev","step":"verify","ok":true}
{"t":"2026-09-11T13:45:40.658Z","path":"/articles/sram-puf-secure-silicon-fingerprint","step":"verify","ok":true}
{"t":"2026-09-11T13:45:41.804Z","path":"/articles/techniques-for-improving-qor","step":"verify","ok":true}
{"t":"2026-09-11T13:45:43.030Z","path":"/articles/tee-device-interface-secure-protocol","step":"verify","ok":true}
{"t":"2026-09-11T13:45:44.957Z","path":"/articles/synopsys-and-arm-display-ip","step":"verify","ok":false,"why":"about:error in delivered html"}
{"t":"2026-09-11T13:45:45.577Z","path":"/articles/terabit-ethernet-macsec-security","step":"verify","ok":true}
{"t":"2026-09-11T13:45:47.073Z","path":"/articles/the-dna-of-an-ai-soc","step":"verify","ok":true}
{"t":"2026-09-11T13:45:47.898Z","path":"/articles/test-die-to-die-phy","step":"verify","ok":true}
{"t":"2026-09-11T13:45:48.058Z","path":"/articles/the-next-frontier","step":"verify","ok":true}
{"t":"2026-09-11T13:45:49.506Z","path":"/articles/top-5-features","step":"verify","ok":true}
{"t":"2026-09-11T13:45:51.042Z","path":"/articles/training-self-driving-cars-video-games","step":"verify","ok":true}
{"t":"2026-09-11T13:45:51.361Z","path":"/articles/transitioning","step":"verify","ok":true}
{"t":"2026-09-11T13:45:53.000Z","path":"/articles/true-random-number-generator-security","step":"verify","ok":true}
{"t":"2026-09-11T13:45:53.527Z","path":"/articles/ucie-3-0-64gbps-challenges","step":"verify","ok":true}
{"t":"2026-09-11T13:45:54.191Z","path":"/articles/ucie-memory-ai-hpc-use-cases","step":"verify","ok":true}
{"t":"2026-09-11T13:45:55.848Z","path":"/articles/ucie-multi-die-socs","step":"verify","ok":true}
{"t":"2026-09-11T13:45:57.253Z","path":"/articles/ultra-ethernet-ualink-ai-networks","step":"verify","ok":true}
{"t":"2026-09-11T13:45:57.258Z","path":"/articles/ulsee-designing-neural-network","step":"verify","ok":true}
{"t":"2026-09-11T13:45:59.053Z","path":"/articles/understanding-hardware-roots-of-trust","step":"verify","ok":true}
{"t":"2026-09-11T13:45:59.513Z","path":"/articles/understanding-peripherals","step":"verify","ok":true}
{"t":"2026-09-11T13:45:59.935Z","path":"/articles/understanding-power-profile","step":"verify","ok":true}
{"t":"2026-09-11T13:46:01.617Z","path":"/articles/understanding-sdram-standards","step":"verify","ok":true}
{"t":"2026-09-11T13:46:03.224Z","path":"/articles/understanding-usb3-1-terminology","step":"verify","ok":true}
{"t":"2026-09-11T13:46:03.350Z","path":"/articles/understanding-the-mipi","step":"verify","ok":true}
{"t":"2026-09-11T13:46:05.393Z","path":"/articles/usb-3-1-host-ip-certification-guide","step":"verify","ok":true}
{"t":"2026-09-11T13:46:05.800Z","path":"/articles/usb-30-superspeed-rises","step":"verify","ok":true}
{"t":"2026-09-11T13:46:06.394Z","path":"/articles/understanding-usb4-soc-design-upgrades","step":"verify","ok":true}
{"t":"2026-09-11T13:46:07.834Z","path":"/articles/usb-audio","step":"verify","ok":true}
{"t":"2026-09-11T13:46:09.380Z","path":"/articles/usb-type-c","step":"verify","ok":true}
{"t":"2026-09-11T13:46:09.437Z","path":"/articles/usb-ip-finfet","step":"verify","ok":true}
{"t":"2026-09-11T13:46:11.946Z","path":"/articles/usb31-protocol-layer-changes","step":"verify","ok":true}
{"t":"2026-09-11T13:46:12.128Z","path":"/articles/usb4-80gbps-ecosystem","step":"verify","ok":true}
{"t":"2026-09-11T13:46:12.352Z","path":"/articles/using-ai-harness-data-explosion","step":"verify","ok":true}
{"t":"2026-09-11T13:46:14.074Z","path":"/articles/using-foundation-ip","step":"verify","ok":true}
{"t":"2026-09-11T13:46:15.831Z","path":"/articles/using-threat-models","step":"verify","ok":true}
{"t":"2026-09-11T13:46:16.234Z","path":"/articles/vdk-fast-track","step":"verify","ok":true}
{"t":"2026-09-11T13:46:17.659Z","path":"/articles/virtual-prototyping-interface-ip","step":"verify","ok":true}
{"t":"2026-09-11T13:46:17.959Z","path":"/articles/visually-lossless-compression-for-uhd-displays","step":"verify","ok":true}
{"t":"2026-09-11T13:46:18.358Z","path":"/articles/verifying-arm-amba5","step":"verify","ok":true}
{"t":"2026-09-11T13:46:19.670Z","path":"/articles/when-compute-outruns-io-interface-ip-ai-scaling","step":"verify","ok":true}
{"t":"2026-09-11T13:46:21.687Z","path":"/articles/why-ai-needs-security","step":"verify","ok":true}
{"t":"2026-09-11T13:46:21.715Z","path":"/articles/wired-ethernet-speeds","step":"verify","ok":true}
{"t":"2026-09-11T13:46:23.716Z","path":"/blogs/chip-design/10k-resolution-120hz-display-reality-dsc-1-2-hdmi-2-1","step":"verify","ok":true}
{"t":"2026-09-11T13:46:23.836Z","path":"/blogs/chip-design/1-6t-ethernet-specification-ip","step":"verify","ok":true}
{"t":"2026-09-11T13:46:23.919Z","path":"/blogs/chip-design/10baset1-s-vip-automotive-socs","step":"verify","ok":true}
{"t":"2026-09-11T13:46:25.655Z","path":"/blogs/chip-design/112g-serdes-ethernet-ip-hpc-soc","step":"verify","ok":true}
{"t":"2026-09-11T13:46:27.645Z","path":"/blogs/chip-design/2021-eri-summit-and-mto-symposium","step":"verify","ok":true}
{"t":"2026-09-11T13:46:28.403Z","path":"/blogs/chip-design/2022-eda-and-chip-design-advances","step":"verify","ok":true}
{"t":"2026-09-11T13:46:29.236Z","path":"/blogs/chip-design/2023-big-for-multi-die-systems","step":"verify","ok":true}
{"t":"2026-09-11T13:46:29.685Z","path":"/blogs/chip-design/2023-electronic-design-predictions","step":"verify","ok":true}
{"t":"2026-09-11T13:46:30.786Z","path":"/blogs/chip-design/2022-esg-report","step":"verify","ok":true}
{"t":"2026-09-11T13:46:31.245Z","path":"/blogs/chip-design/2024-season-of-service","step":"verify","ok":true}
{"t":"2026-09-11T13:46:33.655Z","path":"/blogs/chip-design/256gb-pcie-gen6-verification-ip","step":"verify","ok":true}
{"t":"2026-09-11T13:46:34.168Z","path":"/blogs/chip-design/2nm-power-efficiency-hyperscale-socs","step":"verify","ok":true}
{"t":"2026-09-11T13:46:35.077Z","path":"/blogs/chip-design/2nm-technology-process-design-kit-imec","step":"verify","ok":true}
{"t":"2026-09-11T13:46:35.581Z","path":"/blogs/chip-design/346-chip-simulation-technology-multi-die-systems","step":"verify","ok":true}
{"t":"2026-09-11T13:46:36.827Z","path":"/blogs/chip-design/3d-chip-tape-out-socionext-success","step":"verify","ok":true}
{"t":"2026-09-11T13:46:37.643Z","path":"/blogs/chip-design/3d-ic-design-tools-enhance-productivity","step":"verify","ok":true}
{"t":"2026-09-11T13:46:39.393Z","path":"/blogs/chip-design/3d-pcie-6-0-phy-8-lane-test-chip","step":"verify","ok":true}
{"t":"2026-09-11T13:46:40.335Z","path":"/blogs/chip-design/3dhi-chip-designs","step":"verify","ok":true}
{"t":"2026-09-11T13:46:40.963Z","path":"/blogs/chip-design/3dic-design-optimize-power-performance-area","step":"verify","ok":true}
{"t":"2026-09-11T13:46:41.435Z","path":"/blogs/chip-design/3dic-packaging-design-tools-guc","step":"verify","ok":true}
{"t":"2026-09-11T13:46:43.015Z","path":"/blogs/chip-design/3dics-sparks-innovation-snug-2022","step":"verify","ok":true}
{"t":"2026-09-11T13:46:43.382Z","path":"/blogs/chip-design/3x-verification-performance-hpe-greenlake-flex-synopsys-flexeda","step":"verify","ok":true}
{"t":"2026-09-11T13:46:45.194Z","path":"/blogs/chip-design/4-criteria-for-picking-best-eda-tools","step":"verify","ok":true}
{"t":"2026-09-11T13:46:46.255Z","path":"/blogs/chip-design/4-ways-ualink-2-0-advances-ai-scale-up","step":"verify","ok":true}
{"t":"2026-09-11T13:46:47.135Z","path":"/blogs/chip-design/5-automotive-functional-safety-insights","step":"verify","ok":true}
{"t":"2026-09-11T13:46:48.099Z","path":"/blogs/chip-design/5-challenges-to-achieve-high-level-automated-driving","step":"verify","ok":true}
{"t":"2026-09-11T13:46:49.216Z","path":"/blogs/chip-design/5-key-smart-tech-innovations","step":"verify","ok":true}
{"t":"2026-09-11T13:46:49.403Z","path":"/blogs/chip-design/5-ways-flexeda-saas-model-transforms-chip-design","step":"verify","ok":true}
{"t":"2026-09-11T13:46:51.232Z","path":"/blogs/chip-design/5g-networks-accelerate-development-smart-cities","step":"verify","ok":true}
{"t":"2026-09-11T13:46:51.873Z","path":"/blogs/chip-design/5g-rollout-and-soc-design","step":"verify","ok":true}
{"t":"2026-09-11T13:46:53.415Z","path":"/blogs/chip-design/5g-rollout-with-soc-emulation","step":"verify","ok":true}
{"t":"2026-09-11T13:46:54.076Z","path":"/blogs/chip-design/5g-soc-design-virtual-verification-with-keysight","step":"verify","ok":true}
{"t":"2026-09-11T13:46:55.382Z","path":"/blogs/chip-design/5g-vs-4g","step":"verify","ok":true}
{"t":"2026-09-11T13:46:55.654Z","path":"/blogs/chip-design/600-million-lines-code-cars-2027","step":"verify","ok":true}
{"t":"2026-09-11T13:46:56.671Z","path":"/blogs/chip-design/64g-ucie-ip-high-speed-die-to-die-connectivity","step":"verify","ok":true}
{"t":"2026-09-11T13:46:57.782Z","path":"/blogs/chip-design/7nm-european-ai-chip-innovation","step":"verify","ok":true}
{"t":"2026-09-11T13:46:59.131Z","path":"/blogs/chip-design/800g-ethernet-bandwidth-for-hyperscale-data-centers","step":"verify","ok":true}
{"t":"2026-09-11T13:47:01.075Z","path":"/blogs/chip-design/800g-ethernet-industry-standards","step":"verify","ok":true}
{"t":"2026-09-11T13:47:01.198Z","path":"/blogs/chip-design/8k-uhd-displays-emerging-technologies","step":"verify","ok":true}
{"t":"2026-09-11T13:47:02.044Z","path":"/blogs/chip-design/aaroh-labs-advanced-node-semiconductor-designs","step":"verify","ok":true}
{"t":"2026-09-11T13:47:02.183Z","path":"/blogs/chip-design/8k-ultra-hd-evolution","step":"verify","ok":true}
{"t":"2026-09-11T13:47:03.745Z","path":"/blogs/chip-design/accelerate-ai-silicon-systems-physical-ai","step":"verify","ok":true}
{"t":"2026-09-11T13:47:05.295Z","path":"/blogs/chip-design/accelerate-development-for-soc","step":"verify","ok":true}
{"t":"2026-09-11T13:47:06.816Z","path":"/blogs/chip-design/accelerate-soc-design-flow-with-ai-enabled-kits","step":"verify","ok":true}
{"t":"2026-09-11T13:47:07.858Z","path":"/blogs/chip-design/accelerate-soc-design-flow-with-functional-eco","step":"verify","ok":true}
{"t":"2026-09-11T13:47:08.161Z","path":"/blogs/chip-design/accelerate-soc-verification-experts","step":"verify","ok":true}
{"t":"2026-09-11T13:47:08.298Z","path":"/blogs/chip-design/accelerate-vip-coverage-with-vso","step":"verify","ok":true}
{"t":"2026-09-11T13:47:09.138Z","path":"/blogs/chip-design/accelerating-accuracy-primesim-spice-gpu","step":"verify","ok":true}
{"t":"2026-09-11T13:47:10.816Z","path":"/blogs/chip-design/accelerating-ai-enabled-vehicles-npx-ces","step":"verify","ok":true}
{"t":"2026-09-11T13:47:12.701Z","path":"/blogs/chip-design/accelerating-auto-software-and-processor-design-with-nxp","step":"verify","ok":true}
{"t":"2026-09-11T13:47:13.791Z","path":"/blogs/chip-design/accelerating-development-for-arm-based-automotive-systems","step":"verify","ok":true}
{"t":"2026-09-11T13:47:14.146Z","path":"/blogs/chip-design/accelerating-l0p-verification-in-pcie-6-designs","step":"verify","ok":true}
{"t":"2026-09-11T13:47:14.146Z","path":"/blogs/chip-design/accelerating-emib-t-packaging-synopsys-intel-foundry","step":"verify","ok":true}
{"t":"2026-09-11T13:47:14.635Z","path":"/blogs/chip-design/accelerating-product-design-silicon-to-systems","step":"verify","ok":true}
{"t":"2026-09-11T13:47:16.027Z","path":"/blogs/chip-design/accelerating-rf-designs-keysight-pathwave-ads-custom-design-platform","step":"verify","ok":true}
{"t":"2026-09-11T13:47:18.438Z","path":"/blogs/chip-design/accelerating-system-debug-in-soc-verification-flow","step":"verify","ok":true}
{"t":"2026-09-11T13:47:19.463Z","path":"/blogs/chip-design/achieving-functional-safety-high-reliability-design-synplify-tool","step":"verify","ok":true}
{"t":"2026-09-11T13:47:19.961Z","path":"/blogs/chip-design/access-memory-mapped-registers-cxl","step":"verify","ok":true}
{"t":"2026-09-11T13:47:20.039Z","path":"/blogs/chip-design/achieving-best-arm-ppa-discussion-sudhakar-jilla","step":"verify","ok":true}
{"t":"2026-09-11T13:47:21.413Z","path":"/blogs/chip-design/advanced-node-challenges-primetime-interview-feroze-taraporevala","step":"verify","ok":true}
{"t":"2026-09-11T13:47:21.733Z","path":"/blogs/chip-design/adaptive-scenario-compression-chip-design-closure","step":"verify","ok":true}
{"t":"2026-09-11T13:47:24.512Z","path":"/blogs/chip-design/advanced-node-physical-verification-ic-validator","step":"verify","ok":true}
{"t":"2026-09-11T13:47:24.903Z","path":"/blogs/chip-design/advanced-node-physical-verification-nvidia","step":"verify","ok":true}
{"t":"2026-09-11T13:47:25.400Z","path":"/blogs/chip-design/advanced-rpmb-ufs4-authentication","step":"verify","ok":true}
{"t":"2026-09-11T13:47:26.767Z","path":"/blogs/chip-design/advanced-semiconductor-manufacturing-fab-da","step":"verify","ok":true}
{"t":"2026-09-11T13:47:27.078Z","path":"/blogs/chip-design/advancing-automotive-with-software-defined-vehicles","step":"verify","ok":true}
{"t":"2026-09-11T13:47:27.100Z","path":"/blogs/chip-design/advancing-quantum-computing-rd","step":"verify","ok":true}
{"t":"2026-09-11T13:47:29.967Z","path":"/blogs/chip-design/aerospace-semiconductor-reliability","step":"verify","ok":true}
{"t":"2026-09-11T13:47:31.397Z","path":"/blogs/chip-design/agentic-ai-chip-design","step":"verify","ok":true}
{"t":"2026-09-11T13:47:31.527Z","path":"/blogs/chip-design/agentengineer-technology-transforming-engineering-workflows","step":"verify","ok":true}
{"t":"2026-09-11T13:47:32.728Z","path":"/blogs/chip-design/ai-accelerators-chip-design-eda-tools","step":"verify","ok":true}
{"t":"2026-09-11T13:47:33.057Z","path":"/blogs/chip-design/ai-accelerator-data-center-intelligent-edge","step":"verify","ok":true}
{"t":"2026-09-11T13:47:33.103Z","path":"/blogs/chip-design/ai-accelerator-ip-development","step":"verify","ok":true}
{"t":"2026-09-11T13:47:36.186Z","path":"/blogs/chip-design/ai-accelerators-hbm5-verification-ip","step":"verify","ok":true}
{"t":"2026-09-11T13:47:37.670Z","path":"/blogs/chip-design/ai-agents-in-2025","step":"verify","ok":true}
{"t":"2026-09-11T13:47:38.771Z","path":"/blogs/chip-design/ai-analog-design-migration-samsung-safe-forum-2023","step":"verify","ok":true}
{"t":"2026-09-11T13:47:39.233Z","path":"/blogs/chip-design/ai-chip-architecture","step":"verify","ok":true}
{"t":"2026-09-11T13:47:39.410Z","path":"/blogs/chip-design/ai-chip-design-adaptive-flows","step":"verify","ok":true}
{"t":"2026-09-11T13:47:39.687Z","path":"/blogs/chip-design/ai-chip-design-breakthroughs-snug","step":"verify","ok":true}
{"t":"2026-09-11T13:47:41.945Z","path":"/blogs/chip-design/ai-chip-design-dac-2024","step":"verify","ok":true}
{"t":"2026-09-11T13:47:44.029Z","path":"/blogs/chip-design/ai-chip-design-emulation-prototyping-tools","step":"verify","ok":true}
{"t":"2026-09-11T13:47:44.893Z","path":"/blogs/chip-design/ai-chip-design-opens-new-doors-for-chip-makers","step":"verify","ok":true}
{"t":"2026-09-11T13:47:45.016Z","path":"/blogs/chip-design/ai-chip-design-stmicroelectronics-microsoft","step":"verify","ok":true}
{"t":"2026-09-11T13:47:45.256Z","path":"/blogs/chip-design/ai-chip-design-tools-autonomous-insights","step":"verify","ok":true}
{"t":"2026-09-11T13:47:47.121Z","path":"/blogs/chip-design/ai-chip-design-synopsys-microsoft","step":"verify","ok":true}
{"t":"2026-09-11T13:47:47.166Z","path":"/blogs/chip-design/ai-chip-design-verification-qualcomm","step":"verify","ok":true}
{"t":"2026-09-11T13:47:50.386Z","path":"/blogs/chip-design/ai-chip-design-with-ibm-hybrid-cloud-architecture","step":"verify","ok":true}
{"t":"2026-09-11T13:47:50.871Z","path":"/blogs/chip-design/ai-chip-design-with-specialized-soc-ip-solutions","step":"verify","ok":true}
{"t":"2026-09-11T13:47:51.033Z","path":"/blogs/chip-design/ai-chip-pre-silicon-planning-guide","step":"verify","ok":true}
{"t":"2026-09-11T13:47:51.811Z","path":"/blogs/chip-design/ai-chip-design-workflow-automation","step":"verify","ok":true}
{"t":"2026-09-11T13:47:53.182Z","path":"/blogs/chip-design/ai-chip-silicon-success-tips","step":"verify","ok":true}
{"t":"2026-09-11T13:47:53.720Z","path":"/blogs/chip-design/ai-chiplet-integration-arm-synopsys","step":"verify","ok":true}
{"t":"2026-09-11T13:47:56.129Z","path":"/blogs/chip-design/ai-compute-architecture-evolution","step":"verify","ok":true}
{"t":"2026-09-11T13:47:56.495Z","path":"/blogs/chip-design/ai-driven-analog-digital-node-migration","step":"verify","ok":true}
{"t":"2026-09-11T13:47:57.059Z","path":"/blogs/chip-design/ai-driven-bug-discovery-coverage-closure-chip-design","step":"verify","ok":true}
{"t":"2026-09-11T13:47:58.112Z","path":"/blogs/chip-design/ai-driven-debug-automation-speeds-root-cause-analysis","step":"verify","ok":true}
{"t":"2026-09-11T13:47:58.598Z","path":"/blogs/chip-design/ai-eda-tools-chip-design","step":"verify","ok":true}
{"t":"2026-09-11T13:47:59.364Z","path":"/blogs/chip-design/ai-edge-devices-tsmc-n2-silicon-success","step":"verify","ok":true}
{"t":"2026-09-11T13:48:02.092Z","path":"/blogs/chip-design/ai-factories-data-center-infrastructure","step":"verify","ok":true}
{"t":"2026-09-11T13:48:02.663Z","path":"/blogs/chip-design/ai-hardware-boosts-innovation","step":"verify","ok":true}
{"t":"2026-09-11T13:48:03.048Z","path":"/blogs/chip-design/ai-hardware-design-power-challenges","step":"verify","ok":true}
{"t":"2026-09-11T13:48:04.340Z","path":"/blogs/chip-design/ai-hardware-summit-2020-recap","step":"verify","ok":true}
{"t":"2026-09-11T13:48:04.417Z","path":"/blogs/chip-design/ai-hpc-chip-test-solutions-seq-compression-streaming-fabric","step":"verify","ok":true}
{"t":"2026-09-11T13:48:05.393Z","path":"/blogs/chip-design/ai-impact-chip-design-synopsys-insights","step":"verify","ok":true}
{"t":"2026-09-11T13:48:08.577Z","path":"/blogs/chip-design/ai-in-engineering-role-transformation","step":"verify","ok":true}
{"t":"2026-09-11T13:48:08.648Z","path":"/blogs/chip-design/ai-impact-on-low-power-chip-design","step":"verify","ok":true}
{"t":"2026-09-11T13:48:09.537Z","path":"/blogs/chip-design/ai-infrastructure-hardware-failures-data-corruption","step":"verify","ok":true}
{"t":"2026-09-11T13:48:09.843Z","path":"/blogs/chip-design/ai-multi-die-pg-bump-ir-drop-optimization","step":"verify","ok":true}
{"t":"2026-09-11T13:48:10.266Z","path":"/blogs/chip-design/ai-iot-impact-power-consumption","step":"verify","ok":true}
{"t":"2026-09-11T13:48:10.895Z","path":"/blogs/chip-design/ai-predictions-2022","step":"verify","ok":true}
{"t":"2026-09-11T13:48:13.949Z","path":"/blogs/chip-design/ai-predictions-2023","step":"verify","ok":true}
{"t":"2026-09-11T13:48:15.353Z","path":"/blogs/chip-design/ai-server-architecture","step":"verify","ok":true}
{"t":"2026-09-11T13:48:15.786Z","path":"/blogs/chip-design/ai-security-silicon-level","step":"verify","ok":true}
{"t":"2026-09-11T13:48:15.916Z","path":"/blogs/chip-design/ai-soc-design-for-better-chips","step":"verify","ok":true}
{"t":"2026-09-11T13:48:16.223Z","path":"/blogs/chip-design/ai-soc-design-verification-flow","step":"verify","ok":true}
{"t":"2026-09-11T13:48:16.918Z","path":"/blogs/chip-design/ai-soc-memory-architecture","step":"verify","ok":true}
{"t":"2026-09-11T13:48:20.255Z","path":"/blogs/chip-design/ai-sovereignty-strategic-interdependence","step":"verify","ok":true}
{"t":"2026-09-11T13:48:20.523Z","path":"/blogs/chip-design/ai-startup-panel-2025","step":"verify","ok":true}
{"t":"2026-09-11T13:48:21.358Z","path":"/blogs/chip-design/aiot-edge-ai-chip-design-innovation","step":"verify","ok":true}
{"t":"2026-09-11T13:48:21.723Z","path":"/blogs/chip-design/ai-tool-adoption-semiconductor-engineering","step":"verify","ok":true}
{"t":"2026-09-11T13:48:23.180Z","path":"/blogs/chip-design/alessandra-costa-qa","step":"verify","ok":true}
{"t":"2026-09-11T13:48:23.695Z","path":"/blogs/chip-design/ais-impact-on-chip-design-from-ceo-aart-de-geus","step":"verify","ok":true}
{"t":"2026-09-11T13:48:26.192Z","path":"/blogs/chip-design/amba-chi-c2c-system-verification-solutions","step":"verify","ok":true}
{"t":"2026-09-11T13:48:26.704Z","path":"/blogs/chip-design/amba-chi-g-verification-ip","step":"verify","ok":true}
{"t":"2026-09-11T13:48:27.380Z","path":"/blogs/chip-design/amba5-chi-d-verification-ip-success","step":"verify","ok":true}
{"t":"2026-09-11T13:48:27.548Z","path":"/blogs/chip-design/ams-emulation-dale-donchin-johanness-stahl","step":"verify","ok":true}
{"t":"2026-09-11T13:48:28.407Z","path":"/blogs/chip-design/analog-circuit-design-migration","step":"verify","ok":true}
{"t":"2026-09-11T13:48:29.321Z","path":"/blogs/chip-design/analog-design-ai-aimc-innovation","step":"verify","ok":true}
{"t":"2026-09-11T13:48:31.658Z","path":"/blogs/chip-design/analog-design-verification","step":"verify","ok":true}
{"t":"2026-09-11T13:48:32.203Z","path":"/blogs/chip-design/analog-ic-design-contest","step":"verify","ok":true}
{"t":"2026-09-11T13:48:33.530Z","path":"/blogs/chip-design/analog-layout-synthesis-ai","step":"verify","ok":true}
{"t":"2026-09-11T13:48:33.567Z","path":"/blogs/chip-design/analog-ic-design-tools-snug-panel","step":"verify","ok":true}
{"t":"2026-09-11T13:48:34.206Z","path":"/blogs/chip-design/analyze-semiconductor-power-devices-more-accurately-with-synopsys-powerx","step":"verify","ok":true}
{"t":"2026-09-11T13:48:35.158Z","path":"/blogs/chip-design/angstrom-scale-chip-design","step":"verify","ok":true}
{"t":"2026-09-11T13:48:37.882Z","path":"/blogs/chip-design/arm-amba-ace5-axi5-test-suite","step":"verify","ok":true}
{"t":"2026-09-11T13:48:38.668Z","path":"/blogs/chip-design/arm-amba-axi5-latest-features","step":"verify","ok":true}
{"t":"2026-09-11T13:48:39.792Z","path":"/blogs/chip-design/arm-synopsys-collaboration-interview-deirdre-hanford","step":"verify","ok":true}
{"t":"2026-09-11T13:48:39.908Z","path":"/blogs/chip-design/arm-hardware-software-compliance","step":"verify","ok":true}
{"t":"2026-09-11T13:48:40.242Z","path":"/blogs/chip-design/arm-synopsys-integrated-chip-design-flow","step":"verify","ok":true}
{"t":"2026-09-11T13:48:41.658Z","path":"/blogs/chip-design/asic-hardware-verification-bugs","step":"verify","ok":true}
{"t":"2026-09-11T13:48:43.897Z","path":"/blogs/chip-design/asil-d-certification-automation","step":"verify","ok":true}
{"t":"2026-09-11T13:48:45.603Z","path":"/blogs/chip-design/auto-cybersecurity-ota-vehicle-software-updates","step":"verify","ok":true}
{"t":"2026-09-11T13:48:45.831Z","path":"/blogs/chip-design/auto-cybersecurity-vs-aftermarket-car-accessories","step":"verify","ok":true}
{"t":"2026-09-11T13:48:46.246Z","path":"/blogs/chip-design/atomic-scale-simulation-resistive-switching-reram","step":"verify","ok":true}
{"t":"2026-09-11T13:48:46.670Z","path":"/blogs/chip-design/auto-functional-safety-iso-26262-key-challenges","step":"verify","ok":true}
{"t":"2026-09-11T13:48:47.404Z","path":"/blogs/chip-design/auto-industry-predictions-2023","step":"verify","ok":true}
{"t":"2026-09-11T13:48:50.213Z","path":"/blogs/chip-design/auto-industry-trends-2022","step":"verify","ok":true}
{"t":"2026-09-11T13:48:51.643Z","path":"/blogs/chip-design/auto-soc-design-tools-safe-smart-vehicles","step":"verify","ok":true}
{"t":"2026-09-11T13:48:51.898Z","path":"/blogs/chip-design/automated-soc-performance-verification","step":"verify","ok":true}
{"t":"2026-09-11T13:48:52.057Z","path":"/blogs/chip-design/automating-synchronous-signal-distribution","step":"verify","ok":true}
{"t":"2026-09-11T13:48:52.404Z","path":"/blogs/chip-design/automating-the-chip-design-flow","step":"verify","ok":true}
{"t":"2026-09-11T13:48:52.736Z","path":"/blogs/chip-design/automotive-ai-vision-chip-design","step":"verify","ok":true}
{"t":"2026-09-11T13:48:56.381Z","path":"/blogs/chip-design/automotive-cybersecurity-data-management","step":"verify","ok":true}
{"t":"2026-09-11T13:48:57.234Z","path":"/blogs/chip-design/automotive-cybersecurity-engineering-standard-iso-sae-21434","step":"verify","ok":true}
{"t":"2026-09-11T13:48:57.467Z","path":"/blogs/chip-design/automotive-cybersecurity-for-ecus-in-vehicle-networks","step":"verify","ok":true}
{"t":"2026-09-11T13:48:57.725Z","path":"/blogs/chip-design/automotive-finfet-foundation-ip","step":"verify","ok":true}
{"t":"2026-09-11T13:48:57.934Z","path":"/blogs/chip-design/automotive-industry-trends-2024","step":"verify","ok":true}
{"t":"2026-09-11T13:48:59.132Z","path":"/blogs/chip-design/automotive-innovation-trends-challenges-interview-dr-burkhard-huhnke","step":"verify","ok":true}
{"t":"2026-09-11T13:49:01.749Z","path":"/blogs/chip-design/automotive-mcu-performance-infineon","step":"verify","ok":true}
{"t":"2026-09-11T13:49:03.066Z","path":"/blogs/chip-design/autonomous-driving-levels","step":"verify","ok":true}
{"t":"2026-09-11T13:49:03.133Z","path":"/blogs/chip-design/automotive-soc-design-4-requirements","step":"verify","ok":true}
{"t":"2026-09-11T13:49:03.324Z","path":"/blogs/chip-design/automotive-soc-slm","step":"verify","ok":true}
{"t":"2026-09-11T13:49:03.749Z","path":"/blogs/chip-design/autosens-detroit-2024-automotive-ee-architectures","step":"verify","ok":true}
{"t":"2026-09-11T13:49:04.847Z","path":"/blogs/chip-design/avina-verma-custom-routing-technology-interview","step":"verify","ok":true}
{"t":"2026-09-11T13:49:07.765Z","path":"/blogs/chip-design/avoid-bad-asic-design-with-virtual-prototyping","step":"verify","ok":true}
{"t":"2026-09-11T13:49:09.224Z","path":"/blogs/chip-design/axi-k-arm-support","step":"verify","ok":true}
{"t":"2026-09-11T13:49:09.379Z","path":"/blogs/chip-design/benefits-of-redundancy-in-cloud-computing","step":"verify","ok":true}
{"t":"2026-09-11T13:49:09.573Z","path":"/blogs/chip-design/bandwidth-latency-die-to-die-interfaces-data-centers","step":"verify","ok":true}
{"t":"2026-09-11T13:49:10.267Z","path":"/blogs/chip-design/benefits-of-adopting-cloud-technology","step":"verify","ok":true}
{"t":"2026-09-11T13:49:10.531Z","path":"/blogs/chip-design/benefits-of-virtualization-in-a-cloud-environment","step":"verify","ok":true}
{"t":"2026-09-11T13:49:14.084Z","path":"/blogs/chip-design/block-storage-vs-object-storage-vs-file-storage","step":"verify","ok":true}
{"t":"2026-09-11T13:49:15.015Z","path":"/blogs/chip-design/boost-debug-productivity-serial-protocols","step":"verify","ok":true}
{"t":"2026-09-11T13:49:15.430Z","path":"/blogs/chip-design/boost-networking-soc-design-cloud-emulation","step":"verify","ok":true}
{"t":"2026-09-11T13:49:15.486Z","path":"/blogs/chip-design/boosting-eco-optimization-overcoming-ppa-challenges-with-machine-learning","step":"verify","ok":true}
{"t":"2026-09-11T13:49:16.161Z","path":"/blogs/chip-design/building-secure-chips-verified-cxl","step":"verify","ok":true}
{"t":"2026-09-11T13:49:16.485Z","path":"/blogs/chip-design/bumblebee-moment-ai-silicon","step":"verify","ok":true}
{"t":"2026-09-11T13:49:19.781Z","path":"/blogs/chip-design/cache-coherent-verification-amba-chi","step":"verify","ok":true}
{"t":"2026-09-11T13:49:21.235Z","path":"/blogs/chip-design/celebrating-40-years-of-hspice","step":"verify","ok":true}
{"t":"2026-09-11T13:49:21.414Z","path":"/blogs/chip-design/celebrating-the-76th-anniversary-of-the-transistor","step":"verify","ok":true}
{"t":"2026-09-11T13:49:21.955Z","path":"/blogs/chip-design/ceos-synopsys-arm-ai-opportunities-challenges","step":"verify","ok":true}
{"t":"2026-09-11T13:49:22.362Z","path":"/blogs/chip-design/celebrating-women-innovation-nvidia-gtc-2026","step":"verify","ok":true}
{"t":"2026-09-11T13:49:23.087Z","path":"/blogs/chip-design/chip-design-data-analytics","step":"verify","ok":true}
{"t":"2026-09-11T13:49:25.503Z","path":"/blogs/chip-design/chip-design-debug-verification-ai","step":"verify","ok":true}
{"t":"2026-09-11T13:49:27.367Z","path":"/blogs/chip-design/chip-design-tools-github-hardware-development","step":"verify","ok":true}
{"t":"2026-09-11T13:49:27.665Z","path":"/blogs/chip-design/chip-design-latest-technology","step":"verify","ok":true}
{"t":"2026-09-11T13:49:27.913Z","path":"/blogs/chip-design/chip-floorplan-design-automation","step":"verify","ok":true}
{"t":"2026-09-11T13:49:28.950Z","path":"/blogs/chip-design/chiplet-design-best-practices-multi-die","step":"verify","ok":true}
{"t":"2026-09-11T13:49:29.140Z","path":"/blogs/chip-design/chiplets-multi-die-alchip","step":"verify","ok":true}
{"t":"2026-09-11T13:49:32.179Z","path":"/blogs/chip-design/chips-and-science-act-semiconductor-industry","step":"verify","ok":true}
{"t":"2026-09-11T13:49:33.065Z","path":"/blogs/chip-design/cloud-access-security-broker","step":"verify","ok":true}
{"t":"2026-09-11T13:49:33.456Z","path":"/blogs/chip-design/cloud-architecture-patterns","step":"verify","ok":true}
{"t":"2026-09-11T13:49:33.553Z","path":"/blogs/chip-design/cloud-adoption-framework-eda-software","step":"verify","ok":true}
{"t":"2026-09-11T13:49:34.678Z","path":"/blogs/chip-design/cloud-based-chip-design-innovation-snug","step":"verify","ok":true}
{"t":"2026-09-11T13:49:35.443Z","path":"/blogs/chip-design/cloud-based-chip-design-and-verification-2022","step":"verify","ok":true}
{"t":"2026-09-11T13:49:38.651Z","path":"/blogs/chip-design/cloud-based-eda-tools-explained","step":"verify","ok":true}
{"t":"2026-09-11T13:49:38.877Z","path":"/blogs/chip-design/cloud-based-chip-design-security","step":"verify","ok":true}
{"t":"2026-09-11T13:49:39.039Z","path":"/blogs/chip-design/cloud-based-soc-virtual-prototyping","step":"verify","ok":true}
{"t":"2026-09-11T13:49:40.209Z","path":"/blogs/chip-design/cloud-based-ic-hardware-design-tools-enhance-chip-design","step":"verify","ok":true}
{"t":"2026-09-11T13:49:40.536Z","path":"/blogs/chip-design/cloud-capacity-planning","step":"verify","ok":true}
{"t":"2026-09-11T13:49:41.048Z","path":"/blogs/chip-design/cloud-computing-architecture","step":"verify","ok":true}
{"t":"2026-09-11T13:49:44.321Z","path":"/blogs/chip-design/cloud-computing-features","step":"verify","ok":true}
{"t":"2026-09-11T13:49:44.440Z","path":"/blogs/chip-design/cloud-computing-facts","step":"verify","ok":true}
{"t":"2026-09-11T13:49:44.660Z","path":"/blogs/chip-design/cloud-computing-deployment-models","step":"verify","ok":true}
{"t":"2026-09-11T13:49:46.441Z","path":"/blogs/chip-design/cloud-computing-overview","step":"verify","ok":true}
{"t":"2026-09-11T13:49:46.576Z","path":"/blogs/chip-design/cloud-computing-flexibility","step":"verify","ok":true}
{"t":"2026-09-11T13:49:46.576Z","path":"/blogs/chip-design/cloud-computing-infrastructure","step":"verify","ok":true}
{"t":"2026-09-11T13:49:49.815Z","path":"/blogs/chip-design/cloud-computing-vs-traditional-it-structures","step":"verify","ok":true}
{"t":"2026-09-11T13:49:50.207Z","path":"/blogs/chip-design/cloud-computing-security-concerns","step":"verify","ok":true}
{"t":"2026-09-11T13:49:50.254Z","path":"/blogs/chip-design/cloud-configuration-management-tools","step":"verify","ok":true}
{"t":"2026-09-11T13:49:52.166Z","path":"/blogs/chip-design/cloud-eda-license-management","step":"verify","ok":true}
{"t":"2026-09-11T13:49:52.179Z","path":"/blogs/chip-design/cloud-data-center-architecture","step":"verify","ok":true}
{"t":"2026-09-11T13:49:52.327Z","path":"/blogs/chip-design/cloud-consumption","step":"verify","ok":true}
{"t":"2026-09-11T13:49:55.284Z","path":"/blogs/chip-design/cloud-eda-tools-enable-preconfigured-chip-design-flows","step":"verify","ok":true}
{"t":"2026-09-11T13:49:56.041Z","path":"/blogs/chip-design/cloud-eda-tools-scale-soc-design-and-verification","step":"verify","ok":true}
{"t":"2026-09-11T13:49:56.050Z","path":"/blogs/chip-design/cloud-eda-tools-fuel-semiconductor-design","step":"verify","ok":true}
{"t":"2026-09-11T13:49:57.477Z","path":"/blogs/chip-design/cloud-hpc-for-ai-architecture","step":"verify","ok":true}
{"t":"2026-09-11T13:49:57.711Z","path":"/blogs/chip-design/cloud-enabled-chip-design-education-concept-to-tapeout","step":"verify","ok":true}
{"t":"2026-09-11T13:49:58.065Z","path":"/blogs/chip-design/cloud-eda-tools-to-saas-model","step":"verify","ok":true}
{"t":"2026-09-11T13:50:02.370Z","path":"/blogs/chip-design/cloud-native-benefits","step":"verify","ok":true}
{"t":"2026-09-11T13:50:02.477Z","path":"/blogs/chip-design/cloud-native-technologies","step":"verify","ok":true}
{"t":"2026-09-11T13:50:03.539Z","path":"/blogs/chip-design/cloud-native-vs-cloud-agnostic","step":"verify","ok":true}
{"t":"2026-09-11T13:50:03.774Z","path":"/blogs/chip-design/cloud-predictions-2023","step":"verify","ok":true}
{"t":"2026-09-11T13:50:03.842Z","path":"/blogs/chip-design/cloud-interoperability-chip-design","step":"verify","ok":true}
{"t":"2026-09-11T13:50:05.107Z","path":"/blogs/chip-design/cloud-security-architecture","step":"verify","ok":true}
{"t":"2026-09-11T13:50:08.227Z","path":"/blogs/chip-design/cloud-security-strategy","step":"verify","ok":true}
{"t":"2026-09-11T13:50:08.529Z","path":"/blogs/chip-design/cloud-security-challenges","step":"verify","ok":true}
{"t":"2026-09-11T13:50:09.594Z","path":"/blogs/chip-design/cloud-storage-security","step":"verify","ok":true}
{"t":"2026-09-11T13:50:09.627Z","path":"/blogs/chip-design/cloud-to-cloud-integration","step":"verify","ok":true}
{"t":"2026-09-11T13:50:09.651Z","path":"/blogs/chip-design/cloud-soc-prototyping-fpga-prototyping-tools","step":"verify","ok":true}
{"t":"2026-09-11T13:50:10.960Z","path":"/blogs/chip-design/cloud-virtual-prototypes-sdvs","step":"verify","ok":true}
{"t":"2026-09-11T13:50:14.231Z","path":"/blogs/chip-design/cloud-workload-protection","step":"verify","ok":true}
{"t":"2026-09-11T13:50:15.371Z","path":"/blogs/chip-design/complete-ufs-5-0-m-phy-v6-0-ip-solution-storage","step":"verify","ok":true}
{"t":"2026-09-11T13:50:15.402Z","path":"/blogs/chip-design/comparing-cloud-on-premises-security-chip-design","step":"verify","ok":true}
{"t":"2026-09-11T13:50:16.072Z","path":"/blogs/chip-design/community-service-synopsys-for-good","step":"verify","ok":true}
{"t":"2026-09-11T13:50:16.469Z","path":"/blogs/chip-design/compliance-load-board-verification-for-pcie-6-designs","step":"verify","ok":true}
{"t":"2026-09-11T13:50:17.018Z","path":"/blogs/chip-design/color-space-conversions-display","step":"verify","ok":true}
{"t":"2026-09-11T13:50:20.894Z","path":"/blogs/chip-design/computational-lithography-chip-design-with-nvidia","step":"verify","ok":true}
{"t":"2026-09-11T13:50:21.300Z","path":"/blogs/chip-design/connected-vehicle-cybersecurity-wireless-comm","step":"verify","ok":true}
{"t":"2026-09-11T13:50:21.688Z","path":"/blogs/chip-design/compute-capacity","step":"verify","ok":true}
{"t":"2026-09-11T13:50:22.060Z","path":"/blogs/chip-design/copilot-generative-ai-chip-design","step":"verify","ok":true}
{"t":"2026-09-11T13:50:22.096Z","path":"/blogs/chip-design/continuous-integration-practices","step":"verify","ok":true}
{"t":"2026-09-11T13:50:22.525Z","path":"/blogs/chip-design/copper-ai-interconnect","step":"verify","ok":true}
{"t":"2026-09-11T13:50:27.422Z","path":"/blogs/chip-design/corporate-social-responsibility-report-2021","step":"verify","ok":true}
{"t":"2026-09-11T13:50:27.537Z","path":"/blogs/chip-design/cpo-multi-die-design","step":"verify","ok":true}
{"t":"2026-09-11T13:50:27.607Z","path":"/blogs/chip-design/cryogenic-cmos-computing-semiwise","step":"verify","ok":true}
{"t":"2026-09-11T13:50:27.651Z","path":"/blogs/chip-design/create-ai-accelerator-chip-18-months-neuchips","step":"verify","ok":true}
{"t":"2026-09-11T13:50:28.697Z","path":"/blogs/chip-design/coverage-models-memory-vip-solutions","step":"verify","ok":true}
{"t":"2026-09-11T13:50:29.173Z","path":"/blogs/chip-design/custom-compiler-design-assistants-part-2","step":"verify","ok":true}
{"t":"2026-09-11T13:50:33.301Z","path":"/blogs/chip-design/custom-design-family-customer-testimonials","step":"verify","ok":true}
{"t":"2026-09-11T13:50:33.555Z","path":"/blogs/chip-design/custom-compiler-design-insights","step":"verify","ok":true}
{"t":"2026-09-11T13:50:33.601Z","path":"/blogs/chip-design/custom-compiler-layout","step":"verify","ok":true}
{"t":"2026-09-11T13:50:33.680Z","path":"/blogs/chip-design/custom-compiler-design-assistants","step":"verify","ok":true}
{"t":"2026-09-11T13:50:34.537Z","path":"/blogs/chip-design/custom-routing-cmos-image-sensors-co-design-flow","step":"verify","ok":true}
{"t":"2026-09-11T13:50:35.499Z","path":"/blogs/chip-design/customizing-foundation-ip-low-voltage-design","step":"verify","ok":true}
{"t":"2026-09-11T13:50:39.113Z","path":"/blogs/chip-design/cxl-2-data-center-interconnects","step":"verify","ok":true}
{"t":"2026-09-11T13:50:39.481Z","path":"/blogs/chip-design/cxl-3-1-standard","step":"verify","ok":true}
{"t":"2026-09-11T13:50:39.654Z","path":"/blogs/chip-design/cxl-2-device-discovery-path","step":"verify","ok":true}
{"t":"2026-09-11T13:50:39.677Z","path":"/blogs/chip-design/cxl-3-0-verification-solution-synopsys","step":"verify","ok":true}
{"t":"2026-09-11T13:50:40.734Z","path":"/blogs/chip-design/cxl-3-protocol-standard-demo-sc24","step":"verify","ok":true}
{"t":"2026-09-11T13:50:41.255Z","path":"/blogs/chip-design/cxl-4-bandwidth-first-what-designers-are-solving-next","step":"verify","ok":true}
{"t":"2026-09-11T13:50:45.263Z","path":"/blogs/chip-design/cxl-design-verification-synopsys-protocol","step":"verify","ok":true}
{"t":"2026-09-11T13:50:45.449Z","path":"/blogs/chip-design/cxl-4-ip-solution-ai-memory-connectivity","step":"verify","ok":true}
{"t":"2026-09-11T13:50:45.480Z","path":"/blogs/chip-design/cxl-compliance-testevent","step":"verify","ok":true}
{"t":"2026-09-11T13:50:45.638Z","path":"/blogs/chip-design/cxl-protocol-memory-pooling","step":"verify","ok":true}
{"t":"2026-09-11T13:50:46.592Z","path":"/blogs/chip-design/cxl-secured-network-traffic-specification","step":"verify","ok":true}
{"t":"2026-09-11T13:50:47.154Z","path":"/blogs/chip-design/cybersecurity-qa-cso-deirdre-hanford","step":"verify","ok":true}
{"t":"2026-09-11T13:50:51.165Z","path":"/blogs/chip-design/data-volume-growth-and-moores-law","step":"verify","ok":true}
{"t":"2026-09-11T13:50:51.384Z","path":"/blogs/chip-design/darpa-aiss-security-deirdre-hanford","step":"verify","ok":true}
{"t":"2026-09-11T13:50:51.875Z","path":"/blogs/chip-design/ddr-generations-memory-density-speed","step":"verify","ok":true}
{"t":"2026-09-11T13:50:52.637Z","path":"/blogs/chip-design/debugging-x-can-be-difficult","step":"verify","ok":true}
{"t":"2026-09-11T13:50:52.645Z","path":"/blogs/chip-design/datapath-validation-artificial-intelligence-mathematical-cores","step":"verify","ok":true}
{"t":"2026-09-11T13:50:53.607Z","path":"/blogs/chip-design/delivering-lpddr6-read-write-eyes-10-6-gbps","step":"verify","ok":true}
{"t":"2026-09-11T13:50:57.130Z","path":"/blogs/chip-design/demanding-chip-complexity-manufacturing-requirements-call-for-data-analytics","step":"verify","ok":true}
{"t":"2026-09-11T13:50:57.979Z","path":"/blogs/chip-design/design-automation-conference-2022","step":"verify","ok":true}
{"t":"2026-09-11T13:50:58.421Z","path":"/blogs/chip-design/designing-ai-chips-interview-thomas-andersen","step":"verify","ok":true}
{"t":"2026-09-11T13:50:59.305Z","path":"/blogs/chip-design/designing-chips-with-ai-enabled-tools","step":"verify","ok":true}
{"t":"2026-09-11T13:50:59.566Z","path":"/blogs/chip-design/designing-electrostatic-discharge-protection-for-monolithic-socs-and-multi-die-systems","step":"verify","ok":true}
{"t":"2026-09-11T13:50:59.790Z","path":"/blogs/chip-design/designing-hbm3-high-bandwidth-memory-interfaces","step":"verify","ok":true}
{"t":"2026-09-11T13:51:03.138Z","path":"/blogs/chip-design/die-to-die-connectivity-for-hpc","step":"verify","ok":true}
{"t":"2026-09-11T13:51:04.284Z","path":"/blogs/chip-design/digital-design-tech-symposium-2021","step":"verify","ok":true}
{"t":"2026-09-11T13:51:04.682Z","path":"/blogs/chip-design/difference-between-mom-mim-mos-capacitor","step":"verify","ok":true}
{"t":"2026-09-11T13:51:05.814Z","path":"/blogs/chip-design/digital-media-internship-program","step":"verify","ok":true}
{"t":"2026-09-11T13:51:06.107Z","path":"/blogs/chip-design/digital-twins-drive-innovation-in-auto-industry","step":"verify","ok":true}
{"t":"2026-09-11T13:51:06.675Z","path":"/blogs/chip-design/digital-engineering-transforms-chips-future","step":"verify","ok":true}
{"t":"2026-09-11T13:51:09.953Z","path":"/blogs/chip-design/digital-twins-semiconductor-industry","step":"verify","ok":true}
{"t":"2026-09-11T13:51:10.689Z","path":"/blogs/chip-design/digital-twins-transform-aerospace-defense","step":"verify","ok":true}
{"t":"2026-09-11T13:51:10.809Z","path":"/blogs/chip-design/distributed-object-storage","step":"verify","ok":true}
{"t":"2026-09-11T13:51:11.557Z","path":"/blogs/chip-design/driving-the-future-renesas-r-car-gen-5-virtual-prototypes-enable-sdvs","step":"verify","ok":true}
{"t":"2026-09-11T13:51:11.665Z","path":"/blogs/chip-design/dma-enhances-computer-performance","step":"verify","ok":true}
{"t":"2026-09-11T13:51:11.911Z","path":"/blogs/chip-design/dvcon-2024-multi-die-verification-panel","step":"verify","ok":true}
{"t":"2026-09-11T13:51:15.583Z","path":"/blogs/chip-design/dynamic-hdr-hdmi2-for-tv-mobiles","step":"verify","ok":true}
{"t":"2026-09-11T13:51:16.693Z","path":"/blogs/chip-design/eda-license-management","step":"verify","ok":true}
{"t":"2026-09-11T13:51:17.590Z","path":"/blogs/chip-design/eda-in-the-cloud-snug-2023","step":"verify","ok":true}
{"t":"2026-09-11T13:51:17.702Z","path":"/blogs/chip-design/eda-tools-dso-ai-100-tapeouts","step":"verify","ok":true}
{"t":"2026-09-11T13:51:18.042Z","path":"/blogs/chip-design/eda-tools-for-aerospace-chip-designers","step":"verify","ok":true}
{"t":"2026-09-11T13:51:18.594Z","path":"/blogs/chip-design/eda-tools-help-students-build-ic-design-skills","step":"verify","ok":true}
{"t":"2026-09-11T13:51:22.160Z","path":"/blogs/chip-design/eda-workloads-amd-epyc-processors","step":"verify","ok":true}
{"t":"2026-09-11T13:51:23.211Z","path":"/blogs/chip-design/eda-workloads-amd-processors","step":"verify","ok":true}
{"t":"2026-09-11T13:51:23.512Z","path":"/blogs/chip-design/eda-workloads","step":"verify","ok":true}
{"t":"2026-09-11T13:51:23.520Z","path":"/blogs/chip-design/eda-tools-ip-solutions-and-auto-compliance","step":"verify","ok":true}
{"t":"2026-09-11T13:51:24.506Z","path":"/blogs/chip-design/edge-ai-in-memory-compute","step":"verify","ok":true}
{"t":"2026-09-11T13:51:26.033Z","path":"/blogs/chip-design/edge-ai-where-artificial-intelligence-meets-the-physical-world","step":"verify","ok":true}
{"t":"2026-09-11T13:51:28.374Z","path":"/blogs/chip-design/edge-computing-architecture","step":"verify","ok":true}
{"t":"2026-09-11T13:51:29.892Z","path":"/blogs/chip-design/edge-machine-learning-apps-sima-ai-synopsys","step":"verify","ok":true}
{"t":"2026-09-11T13:51:30.054Z","path":"/blogs/chip-design/edp-verification-challenges-panel-refresh","step":"verify","ok":true}
{"t":"2026-09-11T13:51:30.139Z","path":"/blogs/chip-design/edge-computing-benefits-and-challenges","step":"verify","ok":true}
{"t":"2026-09-11T13:51:30.522Z","path":"/blogs/chip-design/efficient-interconnect-planning-synopsys-ic-compiler-ii","step":"verify","ok":true}
{"t":"2026-09-11T13:51:32.319Z","path":"/blogs/chip-design/electronics-digital-twin-automotive-innovation","step":"verify","ok":true}
{"t":"2026-09-11T13:51:34.405Z","path":"/blogs/chip-design/electronics-digital-twin-edt","step":"verify","ok":true}
{"t":"2026-09-11T13:51:35.622Z","path":"/blogs/chip-design/electronics-industry-sustainable-world","step":"verify","ok":true}
{"t":"2026-09-11T13:51:35.945Z","path":"/blogs/chip-design/electronics-digital-twin-platform","step":"verify","ok":true}
{"t":"2026-09-11T13:51:35.994Z","path":"/blogs/chip-design/emulation-helps-find-power-bugs-soc-verification","step":"verify","ok":true}
{"t":"2026-09-11T13:51:37.893Z","path":"/blogs/chip-design/emulation-technology-soc-power-verification","step":"verify","ok":true}
{"t":"2026-09-11T13:51:39.090Z","path":"/blogs/chip-design/enabling-electronics-digital-twins-with-nxp-s32n-processor-vdks","step":"verify","ok":true}
{"t":"2026-09-11T13:51:40.100Z","path":"/blogs/chip-design/enabling-superior-rtl-with-synopsys-rtl-architect-discussion-with-vineet-rashingkar","step":"verify","ok":true}
{"t":"2026-09-11T13:51:41.505Z","path":"/blogs/chip-design/energy-efficient-ai-accelerator-data-centers","step":"verify","ok":true}
{"t":"2026-09-11T13:51:41.666Z","path":"/blogs/chip-design/energy-efficient-ai-per-watt","step":"verify","ok":true}
{"t":"2026-09-11T13:51:41.729Z","path":"/blogs/chip-design/energy-efficient-compute-designs-cxl-3-0-verification-ip","step":"verify","ok":true}
{"t":"2026-09-11T13:51:44.105Z","path":"/blogs/chip-design/engineering-intelligent-systems-multiphysics-world","step":"verify","ok":true}
{"t":"2026-09-11T13:51:45.312Z","path":"/blogs/chip-design/enhance-chip-verification-with-ai-and-machine-learning","step":"verify","ok":true}
{"t":"2026-09-11T13:51:45.582Z","path":"/blogs/chip-design/enhancing-chip-design-simulation-with-artificial-intelligence","step":"verify","ok":true}
{"t":"2026-09-11T13:51:47.406Z","path":"/blogs/chip-design/enterprise-generative-ai-tools-roi","step":"verify","ok":true}
{"t":"2026-09-11T13:51:47.542Z","path":"/blogs/chip-design/ensuring-reliability-haps-physical-prototyping-systems","step":"verify","ok":true}
{"t":"2026-09-11T13:51:47.770Z","path":"/blogs/chip-design/enhancing-chip-design-with-ai","step":"verify","ok":true}
{"t":"2026-09-11T13:51:50.911Z","path":"/blogs/chip-design/esd-electrostatic-discharge-analysis-prevention","step":"verify","ok":true}
{"t":"2026-09-11T13:51:51.255Z","path":"/blogs/chip-design/esp-bridging-the-gap-video-series","step":"verify","ok":true}
{"t":"2026-09-11T13:51:51.934Z","path":"/blogs/chip-design/equivalence-checking-and-functional-eco","step":"verify","ok":true}
{"t":"2026-09-11T13:51:52.777Z","path":"/blogs/chip-design/esp-equivalence-checking-custom-design-interview-almitra-pradhan","step":"verify","ok":true}
{"t":"2026-09-11T13:51:53.167Z","path":"/blogs/chip-design/esp-technology-high-coverage-symbolic-verification","step":"verify","ok":true}
{"t":"2026-09-11T13:51:53.995Z","path":"/blogs/chip-design/essential-cloud-computing-characteristics","step":"verify","ok":true}
{"t":"2026-09-11T13:51:57.779Z","path":"/blogs/chip-design/ethernet-802-3ck-800g-terabit-speeds","step":"verify","ok":true}
{"t":"2026-09-11T13:51:57.912Z","path":"/blogs/chip-design/ethernet-1-6t-vip-and-protocol-solutions","step":"verify","ok":true}
{"t":"2026-09-11T13:51:58.151Z","path":"/blogs/chip-design/esun-ethernet-ai-scale-up-networking","step":"verify","ok":true}
{"t":"2026-09-11T13:51:59.285Z","path":"/blogs/chip-design/ethernet-connectivity-for-hyperscale-data-centers","step":"verify","ok":true}
{"t":"2026-09-11T13:51:59.616Z","path":"/blogs/chip-design/ethernet-tsn-automotive-avb-applications","step":"verify","ok":true}
{"t":"2026-09-11T13:51:59.680Z","path":"/blogs/chip-design/ethernet-evolution-trends-challenges-future","step":"verify","ok":true}
{"t":"2026-09-11T13:52:03.163Z","path":"/blogs/chip-design/evolution-of-synthesis-navigating-complex-rules-in-finfet-era","step":"verify","ok":true}
{"t":"2026-09-11T13:52:03.550Z","path":"/blogs/chip-design/evolution-pvt-ip-ams-digitally-assisted-analog-daa","step":"verify","ok":true}
{"t":"2026-09-11T13:52:04.921Z","path":"/blogs/chip-design/examining-data-bus-inversions-for-lpddr-in-stateye","step":"verify","ok":true}
{"t":"2026-09-11T13:52:05.074Z","path":"/blogs/chip-design/ethernet-tsn-synopsys-verification","step":"verify","ok":true}
{"t":"2026-09-11T13:52:05.113Z","path":"/blogs/chip-design/explaining-bizarre-results-p2p-resistance-current-density-on-chip-esd-network-simulations","step":"verify","ok":true}
{"t":"2026-09-11T13:52:05.427Z","path":"/blogs/chip-design/exploring-resistance-extraction-techniques-starrc","step":"verify","ok":true}
{"t":"2026-09-11T13:52:08.606Z","path":"/blogs/chip-design/exploring-technical-features-of-starrc-merge-corners","step":"verify","ok":true}
{"t":"2026-09-11T13:52:09.531Z","path":"/blogs/chip-design/exploring-transistor-architecture-for-the-5-nm-node-and-beyond","step":"verify","ok":true}
{"t":"2026-09-11T13:52:10.971Z","path":"/blogs/chip-design/fast-accurate-virtual-prototyping","step":"verify","ok":true}
{"t":"2026-09-11T13:52:11.269Z","path":"/blogs/chip-design/fanout-rdl-routing-design-automation","step":"verify","ok":true}
{"t":"2026-09-11T13:52:11.413Z","path":"/blogs/chip-design/extending-mobile-soc-battery-life","step":"verify","ok":true}
{"t":"2026-09-11T13:52:11.622Z","path":"/blogs/chip-design/extraction-custom-design-advanced-nodes-interview-mo-movahed-ezazi","step":"verify","ok":true}
{"t":"2026-09-11T13:52:14.440Z","path":"/blogs/chip-design/fast-soc-emulation-boost-chip-verification","step":"verify","ok":true}
{"t":"2026-09-11T13:52:15.979Z","path":"/blogs/chip-design/faster-chip-timing-signoff-flexeda","step":"verify","ok":true}
{"t":"2026-09-11T13:52:17.334Z","path":"/blogs/chip-design/faster-chiplet-soc-design-with-arm-collaboration","step":"verify","ok":true}
{"t":"2026-09-11T13:52:17.450Z","path":"/blogs/chip-design/faster-prototyping-haps","step":"verify","ok":true}
{"t":"2026-09-11T13:52:17.696Z","path":"/blogs/chip-design/faster-waveform-dumping-verdi-vcs","step":"verify","ok":true}
{"t":"2026-09-11T13:52:17.876Z","path":"/blogs/chip-design/fault-simulation-techniques-for-safety-critical-chip-designs","step":"verify","ok":true}
{"t":"2026-09-11T13:52:20.393Z","path":"/blogs/chip-design/fault-simulation-techniques","step":"verify","ok":true}
{"t":"2026-09-11T13:52:22.707Z","path":"/blogs/chip-design/finding-hardware-bugs-faster","step":"verify","ok":true}
{"t":"2026-09-11T13:52:22.988Z","path":"/blogs/chip-design/first-verification-ips-arm-amba","step":"verify","ok":true}
{"t":"2026-09-11T13:52:23.239Z","path":"/blogs/chip-design/first-verification-ip-arm-amba","step":"verify","ok":true}
{"t":"2026-09-11T13:52:23.511Z","path":"/blogs/chip-design/formal-chip-design-verification-in-the-cloud","step":"verify","ok":true}
{"t":"2026-09-11T13:52:24.168Z","path":"/blogs/chip-design/formal-verification-increases-soc-design-productivity","step":"verify","ok":true}
{"t":"2026-09-11T13:52:26.745Z","path":"/blogs/chip-design/fpga-prototyping-for-high-rtl-debug-productivity","step":"verify","ok":true}
{"t":"2026-09-11T13:52:29.362Z","path":"/blogs/chip-design/fpga-prototyping-powers-soc-process","step":"verify","ok":true}
{"t":"2026-09-11T13:52:29.604Z","path":"/blogs/chip-design/fpga-prototyping-scaled-out-chip-design-validation","step":"verify","ok":true}
{"t":"2026-09-11T13:52:29.755Z","path":"/blogs/chip-design/fujitsu-monaka-green-data-centers","step":"verify","ok":true}
{"t":"2026-09-11T13:52:30.314Z","path":"/blogs/chip-design/functional-safety-automotive-digital-mipi-cse","step":"verify","ok":true}
{"t":"2026-09-11T13:52:33.392Z","path":"/blogs/chip-design/functional-safety-implementation-goes-mainstream","step":"verify","ok":true}
{"t":"2026-09-11T13:52:35.339Z","path":"/blogs/chip-design/future-gaming-displays-advancements","step":"verify","ok":true}
{"t":"2026-09-11T13:52:35.346Z","path":"/blogs/chip-design/freertos-virtual-ecu-development-validation-silver","step":"verify","ok":true}
{"t":"2026-09-11T13:52:35.471Z","path":"/blogs/chip-design/fundamentals-of-cloud-computing-and-its-role-in-eda","step":"verify","ok":true}
{"t":"2026-09-11T13:52:35.657Z","path":"/blogs/chip-design/fusion-compiler-scaling-design","step":"verify","ok":true}
{"t":"2026-09-11T13:52:35.963Z","path":"/blogs/chip-design/future-mobility-arm-zena-soafee-workflows-ces","step":"verify","ok":true}
{"t":"2026-09-11T13:52:38.931Z","path":"/blogs/chip-design/future-of-ai-in-chip-design","step":"verify","ok":true}
{"t":"2026-09-11T13:52:40.969Z","path":"/blogs/chip-design/future-of-auto-sensor-fusion-data-handling","step":"verify","ok":true}
{"t":"2026-09-11T13:52:41.233Z","path":"/blogs/chip-design/future-of-electronic-design-automation","step":"verify","ok":true}
{"t":"2026-09-11T13:52:41.529Z","path":"/blogs/chip-design/gate-all-around-complementary-fets-whats-next-transistor-scaling","step":"verify","ok":true}
{"t":"2026-09-11T13:52:42.321Z","path":"/blogs/chip-design/future-semiconductor-industry-multi-die","step":"verify","ok":true}
{"t":"2026-09-11T13:52:42.330Z","path":"/blogs/chip-design/gate-resistance-ic-design-flow","step":"verify","ok":true}
{"t":"2026-09-11T13:52:45.343Z","path":"/blogs/chip-design/generative-agentic-ai-chip-design","step":"verify","ok":true}
{"t":"2026-09-11T13:52:46.759Z","path":"/blogs/chip-design/ghg-emission-reduction-goals","step":"verify","ok":true}
{"t":"2026-09-11T13:52:47.178Z","path":"/blogs/chip-design/generative-ai-semiconductor-industry-eda-panel","step":"verify","ok":true}
{"t":"2026-09-11T13:52:47.371Z","path":"/blogs/chip-design/golden-signoff-backbone-fusion-compiler-neeraj-kaul","step":"verify","ok":true}
{"t":"2026-09-11T13:52:48.179Z","path":"/blogs/chip-design/good-activity-data-improve-your-dynamic-voltage-drop-analysis","step":"verify","ok":true}
{"t":"2026-09-11T13:52:48.417Z","path":"/blogs/chip-design/good-enough-government-work","step":"verify","ok":true}
{"t":"2026-09-11T13:52:50.999Z","path":"/blogs/chip-design/haps-prototyping-systems-use-cases-benefits","step":"verify","ok":true}
{"t":"2026-09-11T13:52:53.434Z","path":"/blogs/chip-design/hbm-performance-verification-guide","step":"verify","ok":true}
{"t":"2026-09-11T13:52:53.652Z","path":"/blogs/chip-design/hardware-security-vs-software-security","step":"verify","ok":true}
{"t":"2026-09-11T13:52:53.704Z","path":"/blogs/chip-design/hardware-root-of-trust-security","step":"verify","ok":true}
{"t":"2026-09-11T13:52:53.843Z","path":"/blogs/chip-design/hbm-signal-integrity-after-routing","step":"verify","ok":true}
{"t":"2026-09-11T13:52:53.992Z","path":"/blogs/chip-design/hbm3-next-generation-memory-standard","step":"verify","ok":true}
{"t":"2026-09-11T13:52:59.071Z","path":"/blogs/chip-design/hdmi-2-1-channeling-the-genx-audio-video-experience","step":"verify","ok":true}
{"t":"2026-09-11T13:52:59.075Z","path":"/blogs/chip-design/hdmi-2-1a-sbtm-gaming-acceleration","step":"verify","ok":true}
{"t":"2026-09-11T13:52:59.179Z","path":"/blogs/chip-design/hdmi-hdcp2-authentication-process","step":"verify","ok":true}
{"t":"2026-09-11T13:52:59.201Z","path":"/blogs/chip-design/heterogeneous-clusters-and-dynamic-scaling","step":"verify","ok":true}
{"t":"2026-09-11T13:52:59.717Z","path":"/blogs/chip-design/hdmi-quick-media-switching","step":"verify","ok":true}
{"t":"2026-09-11T13:52:59.850Z","path":"/blogs/chip-design/hdmi-scrambling-higher-data-rates","step":"verify","ok":true}
{"t":"2026-09-11T13:53:04.764Z","path":"/blogs/chip-design/high-bandwidth-memory-hbm-ai-future","step":"verify","ok":true}
{"t":"2026-09-11T13:53:05.072Z","path":"/blogs/chip-design/high-performance-compute-eda-cloud","step":"verify","ok":true}
{"t":"2026-09-11T13:53:05.383Z","path":"/blogs/chip-design/high-performance-computing-2022","step":"verify","ok":true}
{"t":"2026-09-11T13:53:05.631Z","path":"/blogs/chip-design/high-capacity-high-performance-flash-memory","step":"verify","ok":true}
{"t":"2026-09-11T13:53:05.789Z","path":"/blogs/chip-design/high-frequency-jitter-amplification-accuracy-stateye","step":"verify","ok":true}
{"t":"2026-09-11T13:53:05.840Z","path":"/blogs/chip-design/high-performance-computing-applications","step":"verify","ok":true}
{"t":"2026-09-11T13:53:11.007Z","path":"/blogs/chip-design/high-performance-simulation-predictable-capacity-uplift-cloud","step":"verify","ok":true}
{"t":"2026-09-11T13:53:11.060Z","path":"/blogs/chip-design/high-performance-computing-architecture","step":"verify","ok":true}
{"t":"2026-09-11T13:53:11.249Z","path":"/blogs/chip-design/high-performance-computing-cluster","step":"verify","ok":true}
{"t":"2026-09-11T13:53:11.636Z","path":"/blogs/chip-design/high-speed-memory-smartphones-mipi","step":"verify","ok":true}
{"t":"2026-09-11T13:53:12.376Z","path":"/blogs/chip-design/high-performance-storage","step":"verify","ok":true}
{"t":"2026-09-11T13:53:16.720Z","path":"/blogs/chip-design/how-3dic-compiler-powers-multidie-design-breakthroughs","step":"verify","ok":true}
{"t":"2026-09-11T13:53:16.983Z","path":"/blogs/chip-design/how-ai-changed-chip-design-eda-tools","step":"verify","ok":true}
{"t":"2026-09-11T13:53:17.038Z","path":"/blogs/chip-design/how-asu-researcher-became-chip-designer","step":"verify","ok":true}
{"t":"2026-09-11T13:53:17.070Z","path":"/blogs/chip-design/how-ai-changes-chip-design-flow","step":"verify","ok":true}
{"t":"2026-09-11T13:53:17.481Z","path":"/blogs/chip-design/high-res-displays-hdmi-dsc","step":"verify","ok":true}
{"t":"2026-09-11T13:53:17.996Z","path":"/blogs/chip-design/how-cameras-use-ai-neural-network-image-processing","step":"verify","ok":true}
{"t":"2026-09-11T13:53:23.299Z","path":"/blogs/chip-design/how-eda-forms-basis-for-designing-secure-systems","step":"verify","ok":true}
{"t":"2026-09-11T13:53:23.331Z","path":"/blogs/chip-design/how-certify-supercomputer","step":"verify","ok":true}
{"t":"2026-09-11T13:53:23.393Z","path":"/blogs/chip-design/how-dtco-advances-chip-design-process","step":"verify","ok":true}
{"t":"2026-09-11T13:53:23.524Z","path":"/blogs/chip-design/how-secure-ddr-interfaces-protect-dram-from-memory-attacks","step":"verify","ok":true}
{"t":"2026-09-11T13:53:23.594Z","path":"/blogs/chip-design/how-synopsys-and-quintauris-accelerate-the-path-to-production","step":"verify","ok":true}
{"t":"2026-09-11T13:53:23.685Z","path":"/blogs/chip-design/how-prototyping-increases-interoperability-success","step":"verify","ok":true}
{"t":"2026-09-11T13:53:29.189Z","path":"/blogs/chip-design/how-to-build-chips-functional-safety-applications","step":"verify","ok":true}
{"t":"2026-09-11T13:53:29.308Z","path":"/blogs/chip-design/how-to-maximize-pcie-6-with-end-to-end-design-solutions","step":"verify","ok":true}
{"t":"2026-09-11T13:53:29.476Z","path":"/blogs/chip-design/how-to-secure-auto-ota-updates","step":"verify","ok":true}
{"t":"2026-09-11T13:53:29.488Z","path":"/blogs/chip-design/hpc-and-cloud-predictions-2021","step":"verify","ok":true}
{"t":"2026-09-11T13:53:29.545Z","path":"/blogs/chip-design/how-to-design-socs-for-the-sysmoore-era","step":"verify","ok":true}
{"t":"2026-09-11T13:53:29.809Z","path":"/blogs/chip-design/how-to-integrate-usb4-in-soc-design","step":"verify","ok":true}
{"t":"2026-09-11T13:53:35.378Z","path":"/blogs/chip-design/hpc-applications-drive-chiplet-demand","step":"verify","ok":true}
{"t":"2026-09-11T13:53:35.479Z","path":"/blogs/chip-design/hpe-hpc-chip-design-tools","step":"verify","ok":true}
{"t":"2026-09-11T13:53:35.613Z","path":"/blogs/chip-design/hpc-data-center-power-consumption","step":"verify","ok":true}
{"t":"2026-09-11T13:53:35.621Z","path":"/blogs/chip-design/hpc-multi-die-chip-design-2025","step":"verify","ok":true}
{"t":"2026-09-11T13:53:36.068Z","path":"/blogs/chip-design/hybrid-cloud-architecture-benefits-and-challenges","step":"verify","ok":true}
{"t":"2026-09-11T13:53:36.191Z","path":"/blogs/chip-design/hybrid-cloud-chip-design-agility-efficiency","step":"verify","ok":true}
{"t":"2026-09-11T13:53:40.567Z","path":"/blogs/chip-design/hybrid-cloud-integration","step":"verify","ok":true}
{"t":"2026-09-11T13:53:41.023Z","path":"/blogs/chip-design/hyper-convergent-chip-design-tools-power-soc","step":"verify","ok":true}
{"t":"2026-09-11T13:53:41.321Z","path":"/blogs/chip-design/hyperscale-data-centers-224g-serdes-ethernet","step":"verify","ok":true}
{"t":"2026-09-11T13:53:41.324Z","path":"/blogs/chip-design/hybrid-prototyping-solution","step":"verify","ok":true}
{"t":"2026-09-11T13:53:41.371Z","path":"/blogs/chip-design/hyper-convergent-chip-designs","step":"verify","ok":true}
{"t":"2026-09-11T13:53:41.544Z","path":"/blogs/chip-design/hyperscale-data-center-security-cloud-computing","step":"verify","ok":true}
{"t":"2026-09-11T13:53:46.051Z","path":"/blogs/chip-design/i3c-vip-hdr-multi-lane-verification","step":"verify","ok":true}
{"t":"2026-09-11T13:53:46.795Z","path":"/blogs/chip-design/ic-design-tools-enable-ic-hyperconvergence","step":"verify","ok":true}
{"t":"2026-09-11T13:53:46.906Z","path":"/blogs/chip-design/ic-design-reliability-analysis-primesim-continuum","step":"verify","ok":true}
{"t":"2026-09-11T13:53:46.915Z","path":"/blogs/chip-design/ibm-research-ai-hardware-center","step":"verify","ok":true}
{"t":"2026-09-11T13:53:47.069Z","path":"/blogs/chip-design/ieee-standards-functional-safety","step":"verify","ok":true}
{"t":"2026-09-11T13:53:47.147Z","path":"/blogs/chip-design/ieee-8023-launches-study-group-400gbps-per-lane-ethernet-ai-networks","step":"verify","ok":true}
{"t":"2026-09-11T13:53:51.677Z","path":"/blogs/chip-design/impare-chip-design-verification-cloud","step":"verify","ok":true}
{"t":"2026-09-11T13:53:52.102Z","path":"/blogs/chip-design/improve-ai-chip-power-efficiency","step":"verify","ok":true}
{"t":"2026-09-11T13:53:52.404Z","path":"/blogs/chip-design/improved-power-system-optimization-soc-designs","step":"verify","ok":true}
{"t":"2026-09-11T13:53:52.640Z","path":"/blogs/chip-design/improving-quality-of-results-with-design-compiler-nxt","step":"verify","ok":true}
{"t":"2026-09-11T13:53:53.207Z","path":"/blogs/chip-design/improving-analog-layout-efficiency-with-reusable-user-defined-device","step":"verify","ok":true}
{"t":"2026-09-11T13:53:53.296Z","path":"/blogs/chip-design/improving-design-robustness-primeshield-discussion-li-ding","step":"verify","ok":true}
{"t":"2026-09-11T13:53:57.841Z","path":"/blogs/chip-design/improving-results-quickly-with-singular-rtl-to-gdsii-product","step":"verify","ok":true}
{"t":"2026-09-11T13:53:57.953Z","path":"/blogs/chip-design/improving-robustness-design-variability","step":"verify","ok":true}
{"t":"2026-09-11T13:53:58.622Z","path":"/blogs/chip-design/improving-semiconductor-yield-with-test-data-analytics","step":"verify","ok":true}
{"t":"2026-09-11T13:53:58.743Z","path":"/blogs/chip-design/india-semiconductor-industry-influence","step":"verify","ok":true}
{"t":"2026-09-11T13:53:58.973Z","path":"/blogs/chip-design/industry-first-verification-ip-arm-amba-axi-l-simplifies-soc","step":"verify","ok":true}
{"t":"2026-09-11T13:53:59.422Z","path":"/blogs/chip-design/industry-first-vip-for-arm-amba-dti-g","step":"verify","ok":true}
{"t":"2026-09-11T13:54:03.368Z","path":"/blogs/chip-design/industry-first-vip-for-display-port-automotive-extensions","step":"verify","ok":true}
{"t":"2026-09-11T13:54:03.668Z","path":"/blogs/chip-design/industry-first-vip-for-pcie-7-0","step":"verify","ok":true}
{"t":"2026-09-11T13:54:04.825Z","path":"/blogs/chip-design/innovations-in-ic-validator-physical-signoff","step":"verify","ok":true}
{"t":"2026-09-11T13:54:04.937Z","path":"/blogs/chip-design/innovations-formality-equivalence-checking-interview-todd-buzan","step":"verify","ok":true}
{"t":"2026-09-11T13:54:05.233Z","path":"/blogs/chip-design/innovation-enablers-synopsys-story","step":"verify","ok":true}
{"t":"2026-09-11T13:54:06.558Z","path":"/blogs/chip-design/integrated-design-ai-chip-software","step":"verify","ok":true}
{"t":"2026-09-11T13:54:09.021Z","path":"/blogs/chip-design/intel-ucie-chiplet-test","step":"verify","ok":true}
{"t":"2026-09-11T13:54:10.161Z","path":"/blogs/chip-design/interactive-debugging-reducing-simulation-debug-tat","step":"verify","ok":true}
{"t":"2026-09-11T13:54:10.898Z","path":"/blogs/chip-design/interface-protocol-validation-zebu-solutions","step":"verify","ok":true}
{"t":"2026-09-11T13:54:11.122Z","path":"/blogs/chip-design/interface-ip-3d-multi-die","step":"verify","ok":true}
{"t":"2026-09-11T13:54:11.691Z","path":"/blogs/chip-design/interconnect-ip-scalable-compute-clusters","step":"verify","ok":true}
{"t":"2026-09-11T13:54:13.249Z","path":"/blogs/chip-design/international-day-of-women-in-science-2022","step":"verify","ok":true}
{"t":"2026-09-11T13:54:14.921Z","path":"/blogs/chip-design/introducing-fusion-compiler-synthesis-place-and-route-solution","step":"verify","ok":true}
{"t":"2026-09-11T13:54:15.992Z","path":"/blogs/chip-design/introducing-zebu-200-haps-200","step":"verify","ok":true}
{"t":"2026-09-11T13:54:16.512Z","path":"/blogs/chip-design/introduction-to-analog-fault-simulation-using-synopsys-custom-design-platform","step":"verify","ok":true}
{"t":"2026-09-11T13:54:16.825Z","path":"/blogs/chip-design/introduction-cxl-device-types","step":"verify","ok":true}
{"t":"2026-09-11T13:54:17.273Z","path":"/blogs/chip-design/iot-applications-with-low-power-design-techniques","step":"verify","ok":true}
{"t":"2026-09-11T13:54:18.474Z","path":"/blogs/chip-design/iot-device-security-isim","step":"verify","ok":true}
{"t":"2026-09-11T13:54:21.025Z","path":"/blogs/chip-design/iot-security-challenges-solutions","step":"verify","ok":true}
{"t":"2026-09-11T13:54:22.039Z","path":"/blogs/chip-design/ir-eco-is-it-possible-to-fix-voltage-drop-violations-without-destroying-your-chip-timing","step":"verify","ok":true}
{"t":"2026-09-11T13:54:22.338Z","path":"/blogs/chip-design/is-your-voltage-drop-flow-obsolete","step":"verify","ok":true}
{"t":"2026-09-11T13:54:23.016Z","path":"/blogs/chip-design/journey-of-coverage-closure","step":"verify","ok":true}
{"t":"2026-09-11T13:54:23.443Z","path":"/blogs/chip-design/jumpstart-chip-design-digital-instance-cloud","step":"verify","ok":true}
{"t":"2026-09-11T13:54:24.084Z","path":"/blogs/chip-design/kioxia-innovates-soc-design-eda-ai-technologies","step":"verify","ok":true}
{"t":"2026-09-11T13:54:26.702Z","path":"/blogs/chip-design/kioxia-leads-the-way-in-optimizing-simulation-verification","step":"verify","ok":true}
{"t":"2026-09-11T13:54:28.714Z","path":"/blogs/chip-design/leverage-the-pcie-6-0-1-design","step":"verify","ok":true}
{"t":"2026-09-11T13:54:28.904Z","path":"/blogs/chip-design/leveraging-static-linting-tools","step":"verify","ok":true}
{"t":"2026-09-11T13:54:30.280Z","path":"/blogs/chip-design/library-characterization-tool-advanced-node-soc-design","step":"verify","ok":true}
{"t":"2026-09-11T13:54:30.980Z","path":"/blogs/chip-design/library-characterization-for-advanced-process-designs","step":"verify","ok":true}
{"t":"2026-09-11T13:54:32.744Z","path":"/blogs/chip-design/latest-arm-amba-ace5-lite-updates","step":"verify","ok":true}
{"t":"2026-09-11T13:54:33.037Z","path":"/blogs/chip-design/linting-techniques-automotive-aerospace-chip-design","step":"verify","ok":true}
{"t":"2026-09-11T13:54:34.293Z","path":"/blogs/chip-design/linting-tools-machine-learning","step":"verify","ok":true}
{"t":"2026-09-11T13:54:35.635Z","path":"/blogs/chip-design/low-power-chip-design-verification-tool","step":"verify","ok":true}
{"t":"2026-09-11T13:54:35.956Z","path":"/blogs/chip-design/low-power-chip-design-verification","step":"verify","ok":true}
{"t":"2026-09-11T13:54:37.289Z","path":"/blogs/chip-design/low-power-design-and-smart-iot-edge","step":"verify","ok":true}
{"t":"2026-09-11T13:54:39.174Z","path":"/blogs/chip-design/low-power-qa-with-dr-renu-mehra","step":"verify","ok":true}
{"t":"2026-09-11T13:54:39.210Z","path":"/blogs/chip-design/low-power-soc-design-verification","step":"verify","ok":true}
{"t":"2026-09-11T13:54:41.109Z","path":"/blogs/chip-design/lpddr3-vs-ddr3l-differences","step":"verify","ok":true}
{"t":"2026-09-11T13:54:41.262Z","path":"/blogs/chip-design/lpddr5-enhancements-iot-ai-image-processing","step":"verify","ok":true}
{"t":"2026-09-11T13:54:43.114Z","path":"/blogs/chip-design/lowering-analog-design-costs-with-strategic-approach","step":"verify","ok":true}
{"t":"2026-09-11T13:54:43.505Z","path":"/blogs/chip-design/lpddr5-power-performance-ai-iot","step":"verify","ok":true}
{"t":"2026-09-11T13:54:44.826Z","path":"/blogs/chip-design/lpddr5x-specification-memory-design","step":"verify","ok":true}
{"t":"2026-09-11T13:54:44.860Z","path":"/blogs/chip-design/lpddr5x-future-mobile-memory","step":"verify","ok":true}
{"t":"2026-09-11T13:54:46.789Z","path":"/blogs/chip-design/lpddr6-verification-ip-ai-automotive-hpc-mobile-socs","step":"verify","ok":true}
{"t":"2026-09-11T13:54:46.840Z","path":"/blogs/chip-design/lpddr6-vs-lpddr5x-lpddr5-differences","step":"verify","ok":true}
{"t":"2026-09-11T13:54:48.669Z","path":"/blogs/chip-design/machine-learned-force-fields-atomistic-simulation","step":"verify","ok":true}
{"t":"2026-09-11T13:54:49.163Z","path":"/blogs/chip-design/machine-learning-chip-design-flow","step":"verify","ok":true}
{"t":"2026-09-11T13:54:50.984Z","path":"/blogs/chip-design/managing-1000-thermal-states-mobile-soc","step":"verify","ok":true}
{"t":"2026-09-11T13:54:51.078Z","path":"/blogs/chip-design/macsec-ip-iso-pas-8800-automotive","step":"verify","ok":true}
{"t":"2026-09-11T13:54:52.187Z","path":"/blogs/chip-design/mastering-uvm-axi-vip-usage","step":"verify","ok":true}
{"t":"2026-09-11T13:54:52.241Z","path":"/blogs/chip-design/mastering-ddr-phy-interoperability-dfi","step":"verify","ok":true}
{"t":"2026-09-11T13:54:54.104Z","path":"/blogs/chip-design/mastering-uvm-register-model-simplification","step":"verify","ok":true}
{"t":"2026-09-11T13:54:54.887Z","path":"/blogs/chip-design/maximizing-mobile-performance-lpddr4-ram","step":"verify","ok":true}
{"t":"2026-09-11T13:54:56.295Z","path":"/blogs/chip-design/memory-chip-design-tools-and-challenges","step":"verify","ok":true}
{"t":"2026-09-11T13:54:56.448Z","path":"/blogs/chip-design/meeting-ethernet-bandwidth-demand-1-6t-ethernet","step":"verify","ok":true}
{"t":"2026-09-11T13:54:57.993Z","path":"/blogs/chip-design/memory-design-techniques-silicon-reliability","step":"verify","ok":true}
{"t":"2026-09-11T13:54:58.254Z","path":"/blogs/chip-design/memory-design-with-machine-learning","step":"verify","ok":true}
{"t":"2026-09-11T13:54:59.324Z","path":"/blogs/chip-design/minimizing-late-stage-functional-ecos-interview-todd-buzan","step":"verify","ok":true}
{"t":"2026-09-11T13:55:00.700Z","path":"/blogs/chip-design/mipi-m-phy-protocol-sergio-silva-qa","step":"verify","ok":true}
{"t":"2026-09-11T13:55:01.495Z","path":"/blogs/chip-design/misra-autosar-future-connected-car","step":"verify","ok":true}
{"t":"2026-09-11T13:55:01.682Z","path":"/blogs/chip-design/ml-regression-failure-analysis","step":"verify","ok":true}
{"t":"2026-09-11T13:55:03.920Z","path":"/blogs/chip-design/multi-cloud-infrastructure","step":"verify","ok":true}
{"t":"2026-09-11T13:55:04.148Z","path":"/blogs/chip-design/multi-chip-module-packaging-types","step":"verify","ok":true}
{"t":"2026-09-11T13:55:04.740Z","path":"/blogs/chip-design/multi-cloud-security","step":"verify","ok":true}
{"t":"2026-09-11T13:55:06.546Z","path":"/blogs/chip-design/multi-cloud-storage","step":"verify","ok":true}
{"t":"2026-09-11T13:55:08.277Z","path":"/blogs/chip-design/multi-cloud-strategy","step":"verify","ok":true}
{"t":"2026-09-11T13:55:08.362Z","path":"/blogs/chip-design/multi-die-automotive-chip-designs","step":"verify","ok":true}
{"t":"2026-09-11T13:55:09.597Z","path":"/blogs/chip-design/multi-die-chip-design-samsung-foundry","step":"verify","ok":true}
{"t":"2026-09-11T13:55:10.130Z","path":"/blogs/chip-design/multi-die-chip-design-synopsys-samsung","step":"verify","ok":true}
{"t":"2026-09-11T13:55:10.790Z","path":"/blogs/chip-design/multi-die-chip-design-tsmc","step":"verify","ok":true}
{"t":"2026-09-11T13:55:12.306Z","path":"/blogs/chip-design/multi-die-design-challenges-industry-insights-chiplet-summit","step":"verify","ok":true}
{"t":"2026-09-11T13:55:13.844Z","path":"/blogs/chip-design/multi-die-design-comparison-monolithic-pcb","step":"verify","ok":true}
{"t":"2026-09-11T13:55:14.237Z","path":"/blogs/chip-design/multi-die-design-stco-ai","step":"verify","ok":true}
{"t":"2026-09-11T13:55:15.589Z","path":"/blogs/chip-design/multi-die-health-reliability-advances","step":"verify","ok":true}
{"t":"2026-09-11T13:55:16.324Z","path":"/blogs/chip-design/multi-die-multiphysics-co-design","step":"verify","ok":true}
{"t":"2026-09-11T13:55:17.624Z","path":"/blogs/chip-design/multi-die-systems-changing-semiconductor-design","step":"verify","ok":true}
{"t":"2026-09-11T13:55:18.348Z","path":"/blogs/chip-design/multi-die-systems-chip-verification","step":"verify","ok":true}
{"t":"2026-09-11T13:55:19.246Z","path":"/blogs/chip-design/multi-die-systems-panel","step":"verify","ok":true}
{"t":"2026-09-11T13:55:19.931Z","path":"/blogs/chip-design/multi-die-systems-report-mit-technology-review","step":"verify","ok":true}
{"t":"2026-09-11T13:55:21.016Z","path":"/blogs/chip-design/multi-die-systems-semiconductor-companies","step":"verify","ok":true}
{"t":"2026-09-11T13:55:21.688Z","path":"/blogs/chip-design/multi-die-systems-silicon-lifecycle-management","step":"verify","ok":true}
{"t":"2026-09-11T13:55:23.132Z","path":"/blogs/chip-design/multi-domain-voltage-control-verification-avsbus-2-vip","step":"verify","ok":true}
{"t":"2026-09-11T13:55:24.252Z","path":"/blogs/chip-design/multi-physics-effects-multi-die-systems","step":"verify","ok":true}
{"t":"2026-09-11T13:55:24.826Z","path":"/blogs/chip-design/multiphysics-chip-design-challenges","step":"verify","ok":true}
{"t":"2026-09-11T13:55:26.269Z","path":"/blogs/chip-design/multiphysics-fusion-chip-design","step":"verify","ok":true}
{"t":"2026-09-11T13:55:26.619Z","path":"/blogs/chip-design/mutli-die-systems-2024","step":"verify","ok":true}
{"t":"2026-09-11T13:55:27.268Z","path":"/blogs/chip-design/nand-flash-memory-system-verification","step":"verify","ok":true}
{"t":"2026-09-11T13:55:28.480Z","path":"/blogs/chip-design/nas-vs-san","step":"verify","ok":true}
{"t":"2026-09-11T13:55:30.128Z","path":"/blogs/chip-design/navigating-transition-mil-to-vhil-virtualizer-studio","step":"verify","ok":true}
{"t":"2026-09-11T13:55:30.283Z","path":"/blogs/chip-design/neuromorphic-computing-physical-ai-edge","step":"verify","ok":true}
{"t":"2026-09-11T13:55:31.727Z","path":"/blogs/chip-design/new-generation-lpddr-advancements","step":"verify","ok":true}
{"t":"2026-09-11T13:55:33.011Z","path":"/blogs/chip-design/new-world-of-tech-innovation","step":"verify","ok":true}
{"t":"2026-09-11T13:55:33.528Z","path":"/blogs/chip-design/next-decade-chip-startups-insights-opportunities","step":"verify","ok":true}
{"t":"2026-09-11T13:55:34.585Z","path":"/blogs/chip-design/next-era-chip-design-and-machine-learning","step":"verify","ok":true}
{"t":"2026-09-11T13:55:36.031Z","path":"/blogs/chip-design/next-gen-memory-tech-for-graphics-networking-hpc","step":"verify","ok":true}
{"t":"2026-09-11T13:55:36.307Z","path":"/blogs/chip-design/next-evolution-synopsys-digital-toolset-fusion-compiler-design-compiler-nxt","step":"verify","ok":true}
{"t":"2026-09-11T13:55:38.252Z","path":"/blogs/chip-design/nhtsa-auto-cybersecurity-best-practices","step":"verify","ok":true}
{"t":"2026-09-11T13:55:39.065Z","path":"/blogs/chip-design/nvdimms-blending-memory-storage","step":"verify","ok":true}
{"t":"2026-09-11T13:55:39.809Z","path":"/blogs/chip-design/nvidia-gpu-circuit-simulation","step":"verify","ok":true}
{"t":"2026-09-11T13:55:40.456Z","path":"/blogs/chip-design/on-premise-cloud","step":"verify","ok":true}
{"t":"2026-09-11T13:55:41.975Z","path":"/blogs/chip-design/on-the-fly-code-review-chip-design-process","step":"verify","ok":true}
{"t":"2026-09-11T13:55:42.169Z","path":"/blogs/chip-design/on-premise-vs-cloud-pros-and-cons","step":"verify","ok":true}
{"t":"2026-09-11T13:55:44.307Z","path":"/blogs/chip-design/one-on-one-with-aveek-sarkar","step":"verify","ok":true}
{"t":"2026-09-11T13:55:44.695Z","path":"/blogs/chip-design/optical-interconnects-enable-data-center-disaggregation","step":"verify","ok":true}
{"t":"2026-09-11T13:55:45.207Z","path":"/blogs/chip-design/optical-soc-design-tool-lightelligence","step":"verify","ok":true}
{"t":"2026-09-11T13:55:46.140Z","path":"/blogs/chip-design/optimize-ucie-verification-synopsys-vip","step":"verify","ok":true}
{"t":"2026-09-11T13:55:47.845Z","path":"/blogs/chip-design/optimizing-pcie-pipe-power-management","step":"verify","ok":true}
{"t":"2026-09-11T13:55:48.474Z","path":"/blogs/chip-design/optimizing-rtl-design-flow-real-time-ppa-analysis","step":"verify","ok":true}
{"t":"2026-09-11T13:55:50.598Z","path":"/blogs/chip-design/optimizing-your-hardware-ip-verification-in-the-cloud","step":"verify","ok":true}
{"t":"2026-09-11T13:55:50.795Z","path":"/blogs/chip-design/ota-updates-automotive-apps","step":"verify","ok":true}
{"t":"2026-09-11T13:55:50.926Z","path":"/blogs/chip-design/overcoming-analog-circuit-design-challenges-at-advanced-semiconductor-nodes","step":"verify","ok":true}
{"t":"2026-09-11T13:55:51.842Z","path":"/blogs/chip-design/overview-haps-prototyping-software","step":"verify","ok":true}
{"t":"2026-09-11T13:55:52.923Z","path":"/blogs/chip-design/overview-synopsys-virtual-prototyping-services","step":"verify","ok":true}
{"t":"2026-09-11T13:55:54.092Z","path":"/blogs/chip-design/parasitic-extraction-high-speed-chip-design","step":"verify","ok":true}
{"t":"2026-09-11T13:55:56.406Z","path":"/blogs/chip-design/pcie-5-ip-solutions-pass-compliance-testing","step":"verify","ok":true}
{"t":"2026-09-11T13:55:56.445Z","path":"/blogs/chip-design/pcie-5-applications-and-importance-of-silicon-proven-ip","step":"verify","ok":true}
{"t":"2026-09-11T13:55:56.828Z","path":"/blogs/chip-design/pcie-6-high-performance-computing-solutions","step":"verify","ok":true}
{"t":"2026-09-11T13:55:58.139Z","path":"/blogs/chip-design/pcie-6-specification-speed-keysight","step":"verify","ok":true}
{"t":"2026-09-11T13:55:58.769Z","path":"/blogs/chip-design/pcie-6-verifaction-fec-crc","step":"verify","ok":true}
{"t":"2026-09-11T13:56:01.021Z","path":"/blogs/chip-design/pcie-6x-112gbps-ethernet-linear-optics","step":"verify","ok":true}
{"t":"2026-09-11T13:56:02.359Z","path":"/blogs/chip-design/pcie-6x-compliance-testing-gold-system","step":"verify","ok":true}
{"t":"2026-09-11T13:56:02.488Z","path":"/blogs/chip-design/pcie-ai-accelerator-chip-design","step":"verify","ok":true}
{"t":"2026-09-11T13:56:02.579Z","path":"/blogs/chip-design/pcie-8-0-verification-ip-ai-hpc-automotive","step":"verify","ok":true}
{"t":"2026-09-11T13:56:04.139Z","path":"/blogs/chip-design/pcie-bifurcation-basic-guide","step":"verify","ok":true}
{"t":"2026-09-11T13:56:04.252Z","path":"/blogs/chip-design/pcie-challenges-software-hardware-system","step":"verify","ok":true}
{"t":"2026-09-11T13:56:06.666Z","path":"/blogs/chip-design/pcie-gen1-speed-basics","step":"verify","ok":true}
{"t":"2026-09-11T13:56:07.700Z","path":"/blogs/chip-design/pcie-over-fiber-optics-pcie-7","step":"verify","ok":true}
{"t":"2026-09-11T13:56:08.022Z","path":"/blogs/chip-design/phalanx-greek-warfare-verification","step":"verify","ok":true}
{"t":"2026-09-11T13:56:08.269Z","path":"/blogs/chip-design/pcie-ptm-spring-ahead","step":"verify","ok":true}
{"t":"2026-09-11T13:56:10.072Z","path":"/blogs/chip-design/photonic-integrated-circuits-ai-chatbot","step":"verify","ok":true}
{"t":"2026-09-11T13:56:10.116Z","path":"/blogs/chip-design/photonic-integrated-circuits-augmented-reality","step":"verify","ok":true}
{"t":"2026-09-11T13:56:12.371Z","path":"/blogs/chip-design/photonic-integrated-circuits-multi-die-systems","step":"verify","ok":true}
{"t":"2026-09-11T13:56:13.352Z","path":"/blogs/chip-design/photonic-saas-ic-design","step":"verify","ok":true}
{"t":"2026-09-11T13:56:14.578Z","path":"/blogs/chip-design/physical-ai-physics-simulation","step":"verify","ok":true}
{"t":"2026-09-11T13:56:15.060Z","path":"/blogs/chip-design/photonics-rf-fiber-jigesh-patel","step":"verify","ok":true}
{"t":"2026-09-11T13:56:16.021Z","path":"/blogs/chip-design/physical-ai-silicon-software-robots","step":"verify","ok":true}
{"t":"2026-09-11T13:56:16.796Z","path":"/blogs/chip-design/physical-ai-system-level-engineering","step":"verify","ok":true}
{"t":"2026-09-11T13:56:18.098Z","path":"/blogs/chip-design/physics-chip-design-constraint","step":"verify","ok":true}
{"t":"2026-09-11T13:56:20.522Z","path":"/blogs/chip-design/post-quantum-cryptography-algorithms-security","step":"verify","ok":true}
{"t":"2026-09-11T13:56:20.909Z","path":"/blogs/chip-design/post-quantum-cryptography-in-soc-design","step":"verify","ok":true}
{"t":"2026-09-11T13:56:21.308Z","path":"/blogs/chip-design/point-of-care-3d-printing-software","step":"verify","ok":true}
{"t":"2026-09-11T13:56:21.819Z","path":"/blogs/chip-design/power-aware-cdc-with-stmicroelectronics","step":"verify","ok":true}
{"t":"2026-09-11T13:56:22.840Z","path":"/blogs/chip-design/power-hdmi-arc-technology","step":"verify","ok":true}
{"t":"2026-09-11T13:56:23.385Z","path":"/blogs/chip-design/power-integrity-challenges-semiconductor-design","step":"verify","ok":true}
{"t":"2026-09-11T13:56:27.047Z","path":"/blogs/chip-design/practical-power-management","step":"verify","ok":true}
{"t":"2026-09-11T13:56:27.108Z","path":"/blogs/chip-design/powering-ai-chip-design-process-with-ai","step":"verify","ok":true}
{"t":"2026-09-11T13:56:27.965Z","path":"/blogs/chip-design/power-semiconductor-devices","step":"verify","ok":true}
{"t":"2026-09-11T13:56:29.345Z","path":"/blogs/chip-design/predicting-silicon-behavior-test-wafers","step":"verify","ok":true}
{"t":"2026-09-11T13:56:29.700Z","path":"/blogs/chip-design/pre-silicon-design-robustness-analysis-discussion-li-ding","step":"verify","ok":true}
{"t":"2026-09-11T13:56:30.369Z","path":"/blogs/chip-design/predictions-2021-auto-industry","step":"verify","ok":true}
{"t":"2026-09-11T13:56:32.859Z","path":"/blogs/chip-design/predictive-rtl-design-closure-rtl-architect","step":"verify","ok":true}
{"t":"2026-09-11T13:56:33.327Z","path":"/blogs/chip-design/preeti-sharma-automotive-soc-design","step":"verify","ok":true}
{"t":"2026-09-11T13:56:33.936Z","path":"/blogs/chip-design/primelib-nextgen-library-characterization-discussion-moninder-bansal","step":"verify","ok":true}
{"t":"2026-09-11T13:56:34.743Z","path":"/blogs/chip-design/primeshield-design-robustness-analysis-eco-overview","step":"verify","ok":true}
{"t":"2026-09-11T13:56:36.032Z","path":"/blogs/chip-design/primesim-continuum-advancing-hyperconvergent-ic-design","step":"verify","ok":true}
{"t":"2026-09-11T13:56:36.218Z","path":"/blogs/chip-design/primesim-continuum-ic-hyperconvergence","step":"verify","ok":true}
{"t":"2026-09-11T13:56:38.711Z","path":"/blogs/chip-design/primetime-technologies-digital-design","step":"verify","ok":true}
{"t":"2026-09-11T13:56:39.059Z","path":"/blogs/chip-design/primesim-continuum-transforming-soc-design-insights-hany-elhak","step":"verify","ok":true}
{"t":"2026-09-11T13:56:40.159Z","path":"/blogs/chip-design/private-cloud-vs-public-cloud","step":"verify","ok":true}
{"t":"2026-09-11T13:56:40.802Z","path":"/blogs/chip-design/process-design-kits-intel-foundry","step":"verify","ok":true}
{"t":"2026-09-11T13:56:41.655Z","path":"/blogs/chip-design/protect-advanced-chip-designs","step":"verify","ok":true}
{"t":"2026-09-11T13:56:41.793Z","path":"/blogs/chip-design/protocol-verification-for-soc-designs","step":"verify","ok":true}
{"t":"2026-09-11T13:56:44.563Z","path":"/blogs/chip-design/prototyping-for-chip-verification","step":"verify","ok":true}
{"t":"2026-09-11T13:56:44.647Z","path":"/blogs/chip-design/prototyping-for-electric-car-design","step":"verify","ok":true}
{"t":"2026-09-11T13:56:46.423Z","path":"/blogs/chip-design/qa-with-barbara-donaldson","step":"verify","ok":true}
{"t":"2026-09-11T13:56:47.154Z","path":"/blogs/chip-design/qa-with-erika-varga-mcenroe","step":"verify","ok":true}
{"t":"2026-09-11T13:56:47.413Z","path":"/blogs/chip-design/prototyping-tools-accelerate-software-development","step":"verify","ok":true}
{"t":"2026-09-11T13:56:48.053Z","path":"/blogs/chip-design/qa-with-latha-venkatachari","step":"verify","ok":true}
{"t":"2026-09-11T13:56:50.155Z","path":"/blogs/chip-design/qa-with-luca-amaru","step":"verify","ok":true}
{"t":"2026-09-11T13:56:50.209Z","path":"/blogs/chip-design/qa-with-mariya-braylovska","step":"verify","ok":true}
{"t":"2026-09-11T13:56:52.250Z","path":"/blogs/chip-design/quantum-computing-transforming-technology-science","step":"verify","ok":true}
{"t":"2026-09-11T13:56:52.653Z","path":"/blogs/chip-design/quantum-cryptography-vs-post-quantum-cryptography","step":"verify","ok":true}
{"t":"2026-09-11T13:56:53.228Z","path":"/blogs/chip-design/radhika-shankar-qa","step":"verify","ok":true}
{"t":"2026-09-11T13:56:53.747Z","path":"/blogs/chip-design/radiation-tolerant-ken-oneill","step":"verify","ok":true}
{"t":"2026-09-11T13:56:56.092Z","path":"/blogs/chip-design/rapid-elasticity-in-cloud-computing-on-demand-scaling-for-business","step":"verify","ok":true}
{"t":"2026-09-11T13:56:56.513Z","path":"/blogs/chip-design/rapid-silicon-validation-ml-edge-chips-memory","step":"verify","ok":true}
{"t":"2026-09-11T13:56:58.183Z","path":"/blogs/chip-design/recap-2022-design-automation-conference","step":"verify","ok":true}
{"t":"2026-09-11T13:56:58.563Z","path":"/blogs/chip-design/redefining-test-expectations-with-synopsys-testmax-an-interview-with-amit-sanghani","step":"verify","ok":true}
{"t":"2026-09-11T13:56:58.579Z","path":"/blogs/chip-design/reduce-integration-risks-high-speed-pcie-5-0-compliant-synopsys-ip","step":"verify","ok":true}
{"t":"2026-09-11T13:56:59.403Z","path":"/blogs/chip-design/reduce-memory-model-debug-time","step":"verify","ok":true}
{"t":"2026-09-11T13:57:01.426Z","path":"/blogs/chip-design/reduce-risk-and-time-to-market-for-ddr6-designs","step":"verify","ok":true}
{"t":"2026-09-11T13:57:01.744Z","path":"/blogs/chip-design/reduced-blanking-high-res-displays","step":"verify","ok":true}
{"t":"2026-09-11T13:57:03.690Z","path":"/blogs/chip-design/reducing-energy-consumption-sustainable-chip-design","step":"verify","ok":true}
{"t":"2026-09-11T13:57:04.053Z","path":"/blogs/chip-design/reducing-metal-semiconductor-contact-resistance-quantumatk","step":"verify","ok":true}
{"t":"2026-09-11T13:57:04.282Z","path":"/blogs/chip-design/reflecting-stem-career-pathways","step":"verify","ok":true}
{"t":"2026-09-11T13:57:05.498Z","path":"/blogs/chip-design/reinforcement-learning-dac-2023","step":"verify","ok":true}
{"t":"2026-09-11T13:57:07.094Z","path":"/blogs/chip-design/renesas-electronics-innovation-multi-power-supply-design-verification","step":"verify","ok":true}
{"t":"2026-09-11T13:57:07.559Z","path":"/blogs/chip-design/resiliency-in-cloud-computing","step":"verify","ok":true}
{"t":"2026-09-11T13:57:09.257Z","path":"/blogs/chip-design/restart-career-after-break-riya-returnship","step":"verify","ok":true}
{"t":"2026-09-11T13:57:09.481Z","path":"/blogs/chip-design/revolutionizing-asic-flows-with-early-stage-in-design-rail-analysis","step":"verify","ok":true}
{"t":"2026-09-11T13:57:09.525Z","path":"/blogs/chip-design/returnships-create-new-opportunities","step":"verify","ok":true}
{"t":"2026-09-11T13:57:11.200Z","path":"/blogs/chip-design/rf-digital-twin-of-the-moon","step":"verify","ok":true}
{"t":"2026-09-11T13:57:12.992Z","path":"/blogs/chip-design/risc-v-verification-cloud","step":"verify","ok":true}
{"t":"2026-09-11T13:57:14.866Z","path":"/blogs/chip-design/rise-automotive-cybersecurity","step":"verify","ok":true}
{"t":"2026-09-11T13:57:15.293Z","path":"/blogs/chip-design/rise-popularity-hdmi-2-1","step":"verify","ok":true}
{"t":"2026-09-11T13:57:15.602Z","path":"/blogs/chip-design/ron-duncan-qa-stem-education-roadtrip-nation","step":"verify","ok":true}
{"t":"2026-09-11T13:57:15.961Z","path":"/blogs/chip-design/rfic-design-flow-corehw","step":"verify","ok":true}
{"t":"2026-09-11T13:57:16.711Z","path":"/blogs/chip-design/rsoft-device-tools","step":"verify","ok":true}
{"t":"2026-09-11T13:57:20.201Z","path":"/blogs/chip-design/rtl-architect-breakthrough-technology","step":"verify","ok":true}
{"t":"2026-09-11T13:57:21.130Z","path":"/blogs/chip-design/rtl-architect-vineet-rashingkar","step":"verify","ok":true}
{"t":"2026-09-11T13:57:21.451Z","path":"/blogs/chip-design/rtl-architect-verdi-integration","step":"verify","ok":true}
{"t":"2026-09-11T13:57:21.877Z","path":"/blogs/chip-design/rtl-vs-functional-signoff-differences","step":"verify","ok":true}
{"t":"2026-09-11T13:57:21.878Z","path":"/blogs/chip-design/rtl-debug-fpga-prototyping-challenges","step":"verify","ok":true}
{"t":"2026-09-11T13:57:22.289Z","path":"/blogs/chip-design/running-x-prop-with-low-power-simulation","step":"verify","ok":true}
{"t":"2026-09-11T13:57:27.694Z","path":"/blogs/chip-design/saas-cloud-eda-tools","step":"verify","ok":true}
{"t":"2026-09-11T13:57:27.834Z","path":"/blogs/chip-design/saving-power-electronic-displays","step":"verify","ok":true}
{"t":"2026-09-11T13:57:27.846Z","path":"/blogs/chip-design/safety-aware-multi-die-ml-architectures-ai-vehicles","step":"verify","ok":true}
{"t":"2026-09-11T13:57:27.919Z","path":"/blogs/chip-design/safeguarding-automotive-sensors-for-safety","step":"verify","ok":true}
{"t":"2026-09-11T13:57:28.541Z","path":"/blogs/chip-design/saber-for-robust-design-reliable-performance","step":"verify","ok":true}
{"t":"2026-09-11T13:57:28.925Z","path":"/blogs/chip-design/scalability-in-cloud-computing","step":"verify","ok":true}
{"t":"2026-09-11T13:57:33.654Z","path":"/blogs/chip-design/scalable-performance-for-soc-design","step":"verify","ok":true}
{"t":"2026-09-11T13:57:33.924Z","path":"/blogs/chip-design/secure-chipset-design-in-darpa","step":"verify","ok":true}
{"t":"2026-09-11T13:57:33.980Z","path":"/blogs/chip-design/securing-network-traffic-macsec-ethernet","step":"verify","ok":true}
{"t":"2026-09-11T13:57:34.075Z","path":"/blogs/chip-design/securing-memory-paths-synopsys-scalable-ime","step":"verify","ok":true}
{"t":"2026-09-11T13:57:34.169Z","path":"/blogs/chip-design/securing-chip-supply-chain-for-aerospace-defense","step":"verify","ok":true}
{"t":"2026-09-11T13:57:34.832Z","path":"/blogs/chip-design/securing-physical-ai-systems","step":"verify","ok":true}
{"t":"2026-09-11T13:57:39.535Z","path":"/blogs/chip-design/semiconductor-engineering-certification-synopsys-purple","step":"verify","ok":true}
{"t":"2026-09-11T13:57:39.827Z","path":"/blogs/chip-design/semiconductor-engineering-degree-programs-purdue","step":"verify","ok":true}
{"t":"2026-09-11T13:57:40.028Z","path":"/blogs/chip-design/semiconductor-industry-trends-2023","step":"verify","ok":true}
{"t":"2026-09-11T13:57:40.067Z","path":"/blogs/chip-design/semiconductor-ip-companies-offer-asic-like-services","step":"verify","ok":true}
{"t":"2026-09-11T13:57:40.423Z","path":"/blogs/chip-design/semiconductor-engineering-talent-shortage-solutions","step":"verify","ok":true}
{"t":"2026-09-11T13:57:40.918Z","path":"/blogs/chip-design/semiconductor-ip-development-qa-jumana-muwafi","step":"verify","ok":true}
{"t":"2026-09-11T13:57:45.059Z","path":"/blogs/chip-design/semiconductor-talent-shortage-qa","step":"verify","ok":true}
{"t":"2026-09-11T13:57:45.175Z","path":"/blogs/chip-design/semiconductor-ip-tsmc-n3e","step":"verify","ok":true}
{"t":"2026-09-11T13:57:45.582Z","path":"/blogs/chip-design/semiconductor-workforce-development-programs","step":"verify","ok":true}
{"t":"2026-09-11T13:57:45.871Z","path":"/blogs/chip-design/semiconductors-chip-design-global-innovation","step":"verify","ok":true}
{"t":"2026-09-11T13:57:45.903Z","path":"/blogs/chip-design/semiconductor-training-workforce-development-program","step":"verify","ok":true}
{"t":"2026-09-11T13:57:47.005Z","path":"/blogs/chip-design/shelagh-glaser-cfo-qa-women-in-tech","step":"verify","ok":true}
{"t":"2026-09-11T13:57:50.591Z","path":"/blogs/chip-design/shift-left-sdv-embedded-validation-virtual-ecus","step":"verify","ok":true}
{"t":"2026-09-11T13:57:50.904Z","path":"/blogs/chip-design/shifting-left-with-ansys-john-lee-jacob-avidan-interview","step":"verify","ok":true}
{"t":"2026-09-11T13:57:51.029Z","path":"/blogs/chip-design/shifting-security-left-for-defense-applications","step":"verify","ok":true}
{"t":"2026-09-11T13:57:51.097Z","path":"/blogs/chip-design/silicon-frontline-technology-acquisition","step":"verify","ok":true}
{"t":"2026-09-11T13:57:51.721Z","path":"/blogs/chip-design/silicon-design-and-chip-performance-with-concertio","step":"verify","ok":true}
{"t":"2026-09-11T13:57:52.327Z","path":"/blogs/chip-design/silicon-lifecycle-management-smarter-chip-design","step":"verify","ok":true}
{"t":"2026-09-11T13:57:56.567Z","path":"/blogs/chip-design/silicon-photonics-data-center-interconnect-design","step":"verify","ok":true}
{"t":"2026-09-11T13:57:56.974Z","path":"/blogs/chip-design/silicon-photonics-multi-die-systems-aerospace-government","step":"verify","ok":true}
{"t":"2026-09-11T13:57:57.137Z","path":"/blogs/chip-design/silicon-lifecycle-management","step":"verify","ok":true}
{"t":"2026-09-11T13:57:57.162Z","path":"/blogs/chip-design/silicon-proven-ip-for-soc-design-in-hpc","step":"verify","ok":true}
{"t":"2026-09-11T13:57:57.445Z","path":"/blogs/chip-design/silicon-remastering-addressing-chip-supply-shortage","step":"verify","ok":true}
{"t":"2026-09-11T13:57:58.794Z","path":"/blogs/chip-design/silicon-software-automotive-value-chain","step":"verify","ok":true}
{"t":"2026-09-11T13:58:02.269Z","path":"/blogs/chip-design/simplify-entertainment-hdmi-earc","step":"verify","ok":true}
{"t":"2026-09-11T13:58:02.692Z","path":"/blogs/chip-design/silicon-testing-with-high-speed-functional-interfaces","step":"verify","ok":true}
{"t":"2026-09-11T13:58:02.727Z","path":"/blogs/chip-design/sima-ai-bug-free-physical-ai-silicon","step":"verify","ok":true}
{"t":"2026-09-11T13:58:02.884Z","path":"/blogs/chip-design/simulation-solutions-structural-integrity-chip-packages","step":"verify","ok":true}
{"t":"2026-09-11T13:58:03.024Z","path":"/blogs/chip-design/simulation-quantum-computing-research-development","step":"verify","ok":true}
{"t":"2026-09-11T13:58:04.167Z","path":"/blogs/chip-design/slm-data-center-reliability","step":"verify","ok":true}
{"t":"2026-09-11T13:58:07.771Z","path":"/blogs/chip-design/smart-monitors-improve-arm-socs-performance","step":"verify","ok":true}
{"t":"2026-09-11T13:58:08.133Z","path":"/blogs/chip-design/smart-semiconductor-manufacturing-technology","step":"verify","ok":true}
{"t":"2026-09-11T13:58:08.501Z","path":"/blogs/chip-design/smarter-sensors-for-self-driving","step":"verify","ok":true}
{"t":"2026-09-11T13:58:08.849Z","path":"/blogs/chip-design/snug-silicon-valley-2022","step":"verify","ok":true}
{"t":"2026-09-11T13:58:09.134Z","path":"/blogs/chip-design/snug-gets-of-wisdom-synopsys-memory-solutions","step":"verify","ok":true}
{"t":"2026-09-11T13:58:10.113Z","path":"/blogs/chip-design/snug-silicon-valley-2023-keynote","step":"verify","ok":true}
{"t":"2026-09-11T13:58:13.614Z","path":"/blogs/chip-design/soafee-enables-next-gen-connected-vehicles","step":"verify","ok":true}
{"t":"2026-09-11T13:58:13.839Z","path":"/blogs/chip-design/snug-silicon-valley-2025","step":"verify","ok":true}
{"t":"2026-09-11T13:58:14.543Z","path":"/blogs/chip-design/soc-design-services-hpc-data-center","step":"verify","ok":true}
{"t":"2026-09-11T13:58:15.626Z","path":"/blogs/chip-design/soc-interfaces-security-enhance-data-protection","step":"verify","ok":true}
{"t":"2026-09-11T13:58:15.667Z","path":"/blogs/chip-design/soc-ip-powers-hpc-applications","step":"verify","ok":true}
{"t":"2026-09-11T13:58:55.377Z","path":"/blogs/chip-design/soc-verification-kit-out-of-the-box-verification-solution","step":"verify","ok":true}
{"t":"2026-09-11T13:58:55.435Z","path":"/blogs/chip-design/software-bring-up-multi-die-systems","step":"verify","ok":true}
{"t":"2026-09-11T13:58:55.502Z","path":"/blogs/chip-design/software-defined-hardware-assisted-verification","step":"verify","ok":true}
{"t":"2026-09-11T13:59:00.624Z","path":"/blogs/chip-design/software-defined-automotive-development","step":"verify","ok":true}
{"t":"2026-09-11T13:59:01.023Z","path":"/blogs/chip-design/software-defined-vehicles-synopsys-arm","step":"verify","ok":true}
{"t":"2026-09-11T13:59:01.217Z","path":"/blogs/chip-design/software-defined-vehicles-changes-auto-design","step":"verify","ok":true}
{"t":"2026-09-11T13:59:01.289Z","path":"/blogs/chip-design/software-defined-vehicles-blackberry-aws","step":"verify","ok":true}
{"t":"2026-09-11T13:59:06.467Z","path":"/blogs/chip-design/software-drives-product-design-innovation","step":"verify","ok":true}
{"t":"2026-09-11T13:59:06.604Z","path":"/blogs/chip-design/software-enabled-full-chip-power-signoff-soc-verification","step":"verify","ok":true}
{"t":"2026-09-11T13:59:07.177Z","path":"/blogs/chip-design/software-modeling-kpi-prototyping","step":"verify","ok":true}
{"t":"2026-09-11T13:59:08.311Z","path":"/blogs/chip-design/software-security-quality-joe-jarzombek","step":"verify","ok":true}
{"t":"2026-09-11T13:59:12.068Z","path":"/blogs/chip-design/south-korean-startup-rebellions-redefines-energy-efficient-ai-computing","step":"verify","ok":true}
{"t":"2026-09-11T13:59:12.396Z","path":"/blogs/chip-design/space-exploration-engineering-silicon-systems","step":"verify","ok":true}
{"t":"2026-09-11T13:59:13.156Z","path":"/blogs/chip-design/speed-up-simulation-coverage-closure","step":"verify","ok":true}
{"t":"2026-09-11T13:59:14.112Z","path":"/blogs/chip-design/sram-margin-analysis-workflow","step":"verify","ok":true}
{"t":"2026-09-11T13:59:16.209Z","path":"/blogs/chip-design/soc-hbm2e-capacity-speed-benefits","step":"verify","ok":false,"why":"fetch failed"}
{"t":"2026-09-11T13:59:17.943Z","path":"/blogs/chip-design/starrc-density-corner-value-proposition","step":"verify","ok":true}
{"t":"2026-09-11T13:59:19.139Z","path":"/blogs/chip-design/starrc-advanced-features-custom-soc-design","step":"verify","ok":true}
{"t":"2026-09-11T13:59:19.245Z","path":"/blogs/chip-design/starrc-standalone-netlist-reducer","step":"verify","ok":true}
{"t":"2026-09-11T13:59:20.334Z","path":"/blogs/chip-design/starrc-vmf-ic-validator-amf-positioning","step":"verify","ok":true}
{"t":"2026-09-11T13:59:20.505Z","path":"/blogs/chip-design/socs-take-us-smart-to-smarter","step":"verify","ok":true}
{"t":"2026-09-11T13:59:22.006Z","path":"/blogs/chip-design/startup-vc-connect-ai-silicon","step":"verify","ok":true}
{"t":"2026-09-11T13:59:24.118Z","path":"/blogs/chip-design/stem-education-with-eda-tools","step":"verify","ok":true}
{"t":"2026-09-11T13:59:25.488Z","path":"/blogs/chip-design/streamline-photonic-icd-with-pdks","step":"verify","ok":true}
{"t":"2026-09-11T13:59:25.895Z","path":"/blogs/chip-design/summer-2021-internship-interdisciplinary-learning","step":"verify","ok":true}
{"t":"2026-09-11T13:59:26.024Z","path":"/blogs/chip-design/strategic-role-of-glitch-detection-ip-in-modern-socs","step":"verify","ok":true}
{"t":"2026-09-11T13:59:26.128Z","path":"/blogs/chip-design/streamlining-camera-security-validation-framework-using-synopsys-mipi-cse-v20-vip","step":"verify","ok":true}
{"t":"2026-09-11T13:59:27.589Z","path":"/blogs/chip-design/summer-tech-internship-program","step":"verify","ok":true}
{"t":"2026-09-11T13:59:30.539Z","path":"/blogs/chip-design/superconducting-iarpa-jamil-kawa","step":"verify","ok":true}
{"t":"2026-09-11T13:59:31.275Z","path":"/blogs/chip-design/sustainability-efforts-grow-azure-sky-wind-farm","step":"verify","ok":true}
{"t":"2026-09-11T13:59:32.154Z","path":"/blogs/chip-design/symmetric-layouts-showing-mismatches-spice-simulations","step":"verify","ok":true}
{"t":"2026-09-11T13:59:32.179Z","path":"/blogs/chip-design/synopsys-ai-copilots-chip-design","step":"verify","ok":true}
{"t":"2026-09-11T13:59:32.211Z","path":"/blogs/chip-design/swap-marc-swinnen-kenneth-larsen","step":"verify","ok":true}
{"t":"2026-09-11T13:59:33.049Z","path":"/blogs/chip-design/synopsys-ai-eda-tools","step":"verify","ok":true}
{"t":"2026-09-11T13:59:36.550Z","path":"/blogs/chip-design/synopsys-and-fishtail-design-automation","step":"verify","ok":true}
{"t":"2026-09-11T13:59:37.427Z","path":"/blogs/chip-design/synopsys-arm-aim-to-reduce-silicon-design-cycles","step":"verify","ok":true}
{"t":"2026-09-11T13:59:37.619Z","path":"/blogs/chip-design/synopsys-ceo-sassine-ghazi-future","step":"verify","ok":true}
{"t":"2026-09-11T13:59:37.801Z","path":"/blogs/chip-design/synopsys-asem-pcda-advance-malaysia-semiconductor-design","step":"verify","ok":true}
{"t":"2026-09-11T13:59:37.812Z","path":"/blogs/chip-design/synopsys-cloud-ic-verification-drc","step":"verify","ok":true}
{"t":"2026-09-11T13:59:38.129Z","path":"/blogs/chip-design/synopsys-converge-2026-silicon-systems-conference","step":"verify","ok":true}
{"t":"2026-09-11T13:59:42.827Z","path":"/blogs/chip-design/synopsys-learning-center-training-accessible-easier","step":"verify","ok":true}
{"t":"2026-09-11T13:59:42.849Z","path":"/blogs/chip-design/synopsys-li-auto-case-study","step":"verify","ok":true}
{"t":"2026-09-11T13:59:43.110Z","path":"/blogs/chip-design/synopsys-tapes-out-slm-pvt-monitor-ip-on-tsmc-n5-n3e1","step":"verify","ok":true}
{"t":"2026-09-11T13:59:43.118Z","path":"/blogs/chip-design/synopsys-pcie-leadership-recognized","step":"verify","ok":true}
{"t":"2026-09-11T13:59:43.442Z","path":"/blogs/chip-design/synopsys-learning-center","step":"verify","ok":true}
{"t":"2026-09-11T13:59:43.795Z","path":"/blogs/chip-design/synopsys-vc-formal-sig-event-2023","step":"verify","ok":true}
{"t":"2026-09-11T13:59:48.063Z","path":"/blogs/chip-design/synopsys-vcs-vip-cloud-simulation","step":"verify","ok":true}
{"t":"2026-09-11T13:59:48.655Z","path":"/blogs/chip-design/system-interoperability-in-hyperscale-data-centers","step":"verify","ok":true}
{"t":"2026-09-11T13:59:48.914Z","path":"/blogs/chip-design/system-architecture-design-tools","step":"verify","ok":true}
{"t":"2026-09-11T13:59:48.987Z","path":"/blogs/chip-design/tackling-tech-talent-shortage-with-stem","step":"verify","ok":true}
{"t":"2026-09-11T13:59:49.250Z","path":"/blogs/chip-design/tachyum-prodigy-hpc-processor-hyperscale-data-centers","step":"verify","ok":true}
{"t":"2026-09-11T13:59:49.560Z","path":"/blogs/chip-design/tcad-semiconductor-industry-iit-bombay","step":"verify","ok":true}
{"t":"2026-09-11T13:59:53.335Z","path":"/blogs/chip-design/tcad-simulations-design-reliable-space-based-chips","step":"verify","ok":true}
{"t":"2026-09-11T13:59:54.462Z","path":"/blogs/chip-design/tech-internships-summer-2023","step":"verify","ok":true}
{"t":"2026-09-11T13:59:54.565Z","path":"/blogs/chip-design/tda5-socs-vdk-ai-autonomous-driving-ces","step":"verify","ok":true}
{"t":"2026-09-11T13:59:55.101Z","path":"/blogs/chip-design/technology-beyond-3nm-interview-jacob-avidan-shankar-krishnamoorthy","step":"verify","ok":true}
{"t":"2026-09-11T13:59:55.199Z","path":"/blogs/chip-design/testmax-test-all-the-limits","step":"verify","ok":true}
{"t":"2026-09-11T13:59:55.841Z","path":"/blogs/chip-design/thermal-management-solutions-multi-die-systems","step":"verify","ok":true}
{"t":"2026-09-11T13:59:58.826Z","path":"/blogs/chip-design/tilelink-verification-ip-riscv-socs","step":"verify","ok":true}
{"t":"2026-09-11T13:59:59.903Z","path":"/blogs/chip-design/timing-aware-multiphysics-eco-design-closure","step":"verify","ok":true}
{"t":"2026-09-11T14:00:00.312Z","path":"/blogs/chip-design/tools-accelerate-memory-chip-design","step":"verify","ok":true}
{"t":"2026-09-11T14:00:00.502Z","path":"/blogs/chip-design/top-cloud-architecture-design-principles-important-for-eda","step":"verify","ok":true}
{"t":"2026-09-11T14:00:02.117Z","path":"/blogs/chip-design/top-medical-device-design-priorities-chip-design","step":"verify","ok":true}
{"t":"2026-09-11T14:00:02.529Z","path":"/blogs/chip-design/toshiba-enhances-memory-bist-synopsys-testmax","step":"verify","ok":true}
{"t":"2026-09-11T14:00:04.407Z","path":"/blogs/chip-design/tsmc-awards-semiconductor-design-innovation","step":"verify","ok":true}
{"t":"2026-09-11T14:00:06.427Z","path":"/blogs/chip-design/types-of-cloud-security-tools","step":"verify","ok":true}
{"t":"2026-09-11T14:00:07.145Z","path":"/blogs/chip-design/turbocharging-ai-how-hardware-assisted-verification-fuels-the-revolution","step":"verify","ok":true}
{"t":"2026-09-11T14:00:07.653Z","path":"/blogs/chip-design/uasp-faster-usb-mass-storage","step":"verify","ok":true}
{"t":"2026-09-11T14:00:08.501Z","path":"/blogs/chip-design/ucie-1-0-protocol-verification-guide","step":"verify","ok":true}
{"t":"2026-09-11T14:00:08.534Z","path":"/blogs/chip-design/tsmc-multi-die-systems-ucie-phy-ip-n3e","step":"verify","ok":true}
{"t":"2026-09-11T14:00:10.443Z","path":"/blogs/chip-design/ucie-2-0-setting-the-tone-for-chiplet-interoperability","step":"verify","ok":true}
{"t":"2026-09-11T14:00:12.332Z","path":"/blogs/chip-design/ucie-3-0-chiplet-ip-solutions","step":"verify","ok":true}
{"t":"2026-09-11T14:00:13.486Z","path":"/blogs/chip-design/ucie-changes-soc-design","step":"verify","ok":true}
{"t":"2026-09-11T14:00:13.622Z","path":"/blogs/chip-design/ucie-performance-40g-multi-die-systems","step":"verify","ok":true}
{"t":"2026-09-11T14:00:14.803Z","path":"/blogs/chip-design/ucie-standard-multi-die-systems","step":"verify","ok":true}
{"t":"2026-09-11T14:00:15.579Z","path":"/blogs/chip-design/ufs-4-0-specification-flash-storage","step":"verify","ok":true}
{"t":"2026-09-11T14:00:15.924Z","path":"/blogs/chip-design/ufs-5-0-verification-mobile-automotive-ai-storage","step":"verify","ok":true}
{"t":"2026-09-11T14:00:18.612Z","path":"/blogs/chip-design/ultra-ethernet-consortium","step":"verify","ok":true}
{"t":"2026-09-11T14:00:19.707Z","path":"/blogs/chip-design/understanding-amba-axi-exclusive-access","step":"verify","ok":true}
{"t":"2026-09-11T14:00:20.323Z","path":"/blogs/chip-design/ultra-ethernet-ualink-ai-infrastructure","step":"verify","ok":true}
{"t":"2026-09-11T14:00:20.931Z","path":"/blogs/chip-design/understanding-cloud-computing-for-eda-workloads","step":"verify","ok":true}
{"t":"2026-09-11T14:00:21.428Z","path":"/blogs/chip-design/understanding-haps-prototyping-systems-accessories","step":"verify","ok":true}
{"t":"2026-09-11T14:00:22.166Z","path":"/blogs/chip-design/understanding-display-color-space","step":"verify","ok":true}
{"t":"2026-09-11T14:00:24.727Z","path":"/blogs/chip-design/understanding-iso-26262-semiconductors","step":"verify","ok":true}
{"t":"2026-09-11T14:00:26.342Z","path":"/blogs/chip-design/understanding-new-tilelink-standard","step":"verify","ok":true}
{"t":"2026-09-11T14:00:26.768Z","path":"/blogs/chip-design/unified-coverage-planning-analysis","step":"verify","ok":true}
{"t":"2026-09-11T14:00:27.327Z","path":"/blogs/chip-design/understanding-pcie-spread-spectrum-clocking","step":"verify","ok":true}
{"t":"2026-09-11T14:00:27.622Z","path":"/blogs/chip-design/unified-emulation-prototyping-system","step":"verify","ok":true}
{"t":"2026-09-11T14:00:28.011Z","path":"/blogs/chip-design/unified-power-format-low-power-ic-design","step":"verify","ok":true}
{"t":"2026-09-11T14:00:32.725Z","path":"/blogs/chip-design/usb-80gbps-specification-and-protocol","step":"verify","ok":true}
{"t":"2026-09-11T14:00:33.629Z","path":"/blogs/chip-design/usb-role-in-iot","step":"verify","ok":true}
{"t":"2026-09-11T14:00:33.662Z","path":"/blogs/chip-design/usb-type-c-alternate-mode-universality","step":"verify","ok":true}
{"t":"2026-09-11T14:00:33.733Z","path":"/blogs/chip-design/upgrading-3d-ic-packaging-for-faster-ai-inference-with-psm","step":"verify","ok":true}
{"t":"2026-09-11T14:00:34.488Z","path":"/blogs/chip-design/usb-type-c-trends-worldwide","step":"verify","ok":true}
{"t":"2026-09-11T14:00:35.176Z","path":"/blogs/chip-design/unraveling-cxl-technology-overview","step":"verify","ok":true}
{"t":"2026-09-11T14:00:39.311Z","path":"/blogs/chip-design/usb3-2-power-delivery-charging","step":"verify","ok":true}
{"t":"2026-09-11T14:00:39.675Z","path":"/blogs/chip-design/usb4-high-performance-combined-data","step":"verify","ok":true}
{"t":"2026-09-11T14:00:39.871Z","path":"/blogs/chip-design/use-cases-benefits-synopsys-virtual-prototyping","step":"verify","ok":true}
{"t":"2026-09-11T14:00:40.503Z","path":"/blogs/chip-design/using-ai-to-debug-more-quickly-and-accurately","step":"verify","ok":true}
{"t":"2026-09-11T14:00:40.917Z","path":"/blogs/chip-design/usb4-device-ip-edge-ai","step":"verify","ok":true}
{"t":"2026-09-11T14:00:41.345Z","path":"/blogs/chip-design/validation-of-autosar-classic-ecus-running-rust-swcs-a-safer-path-to-automotive-software","step":"verify","ok":true}
{"t":"2026-09-11T14:00:44.795Z","path":"/blogs/chip-design/verdi-waveform-utilities","step":"verify","ok":true}
{"t":"2026-09-11T14:00:45.188Z","path":"/blogs/chip-design/verification-challenges-in-the-cloud","step":"verify","ok":true}
{"t":"2026-09-11T14:00:45.970Z","path":"/blogs/chip-design/verification-in-ai-era-scaling-software-driven-hardware-assisted-verification","step":"verify","ok":true}
{"t":"2026-09-11T14:00:46.515Z","path":"/blogs/chip-design/verification-of-ual-uec-protocols-for-scalable-hpc-ai-networks-using-synopsys-vip","step":"verify","ok":true}
{"t":"2026-09-11T14:00:47.853Z","path":"/blogs/chip-design/verification-viewpoints-shift-left-sanity-testing","step":"verify","ok":true}
{"t":"2026-09-11T14:00:48.209Z","path":"/blogs/chip-design/verification-viewpoints-a-new-blog-series","step":"verify","ok":true}
{"t":"2026-09-11T14:00:51.029Z","path":"/blogs/chip-design/verifying-cxl3-1-designs-with-synopsys-verification-ip","step":"verify","ok":true}
{"t":"2026-09-11T14:00:51.215Z","path":"/blogs/chip-design/verifying-complex-datapath-designs-with-hector","step":"verify","ok":true}
{"t":"2026-09-11T14:00:51.739Z","path":"/blogs/chip-design/verifying-nvme-2-1-designs-for-ai-hpc-workloads","step":"verify","ok":true}
{"t":"2026-09-11T14:00:53.375Z","path":"/blogs/chip-design/vip-amba-cxs-early-success","step":"verify","ok":true}
{"t":"2026-09-11T14:00:53.739Z","path":"/blogs/chip-design/verifying-systems-with-primesim-continuum","step":"verify","ok":true}
{"t":"2026-09-11T14:00:54.303Z","path":"/blogs/chip-design/virtual-electronic-control-unit-prototyping-tools","step":"verify","ok":true}
{"t":"2026-09-11T14:00:57.305Z","path":"/blogs/chip-design/virtual-prototyping-shifts-software-soc-design-left","step":"verify","ok":true}
{"t":"2026-09-11T14:00:57.379Z","path":"/blogs/chip-design/virtual-prototyping-tools-multi-die-system-architecture-design","step":"verify","ok":true}
{"t":"2026-09-11T14:00:58.117Z","path":"/blogs/chip-design/virtualizer-native-execution-arm","step":"verify","ok":true}
{"t":"2026-09-11T14:00:59.442Z","path":"/blogs/chip-design/visualizing-cross-die-paths-multi-die-designs","step":"verify","ok":true}
{"t":"2026-09-11T14:00:59.639Z","path":"/blogs/chip-design/virtualizing-posix-style-ecus-deterministic-sil-simulation","step":"verify","ok":true}
{"t":"2026-09-11T14:01:00.538Z","path":"/blogs/chip-design/volvo-cars-automotive-digital-twin","step":"verify","ok":true}
{"t":"2026-09-11T14:01:03.239Z","path":"/blogs/chip-design/weikai-sun-interview-synopsys-custom-design-platform","step":"verify","ok":true}
{"t":"2026-09-11T14:01:04.061Z","path":"/blogs/chip-design/what-are-co-packaged-optics","step":"verify","ok":true}
{"t":"2026-09-11T14:01:04.447Z","path":"/blogs/chip-design/what-are-counterfeit-chips","step":"verify","ok":true}
{"t":"2026-09-11T14:01:05.779Z","path":"/blogs/chip-design/what-does-cloud-native-mean","step":"verify","ok":true}
{"t":"2026-09-11T14:01:06.013Z","path":"/blogs/chip-design/what-are-multi-die-systems","step":"verify","ok":true}
{"t":"2026-09-11T14:01:06.679Z","path":"/blogs/chip-design/what-is-a-cloud-data-center","step":"verify","ok":true}
{"t":"2026-09-11T14:01:09.671Z","path":"/blogs/chip-design/what-is-a-smartnic","step":"verify","ok":true}
{"t":"2026-09-11T14:01:10.026Z","path":"/blogs/chip-design/what-is-bring-your-own-cloud","step":"verify","ok":true}
{"t":"2026-09-11T14:01:10.526Z","path":"/blogs/chip-design/what-is-ams-verification","step":"verify","ok":true}
{"t":"2026-09-11T14:01:11.603Z","path":"/blogs/chip-design/what-is-cloud-migration","step":"verify","ok":true}
{"t":"2026-09-11T14:01:11.843Z","path":"/blogs/chip-design/what-is-clock-domain-crossing","step":"verify","ok":true}
{"t":"2026-09-11T14:01:12.296Z","path":"/blogs/chip-design/what-is-cloud-native-architecture","step":"verify","ok":true}
{"t":"2026-09-11T14:01:16.185Z","path":"/blogs/chip-design/what-is-cloud-security-framework","step":"verify","ok":true}
{"t":"2026-09-11T14:01:16.870Z","path":"/blogs/chip-design/what-is-code-linting","step":"verify","ok":true}
{"t":"2026-09-11T14:01:17.453Z","path":"/blogs/chip-design/what-is-cryo-cmos-ip","step":"verify","ok":true}
{"t":"2026-09-11T14:01:18.608Z","path":"/blogs/chip-design/what-is-distributed-cloud-computing","step":"verify","ok":true}
{"t":"2026-09-11T14:01:18.899Z","path":"/blogs/chip-design/what-is-compute-express-link-3","step":"verify","ok":true}
{"t":"2026-09-11T14:01:18.986Z","path":"/blogs/chip-design/what-is-democratized-design","step":"verify","ok":true}
{"t":"2026-09-11T14:01:25.384Z","path":"/blogs/chip-design/what-is-local-layout-effect-chip-design","step":"verify","ok":true}
{"t":"2026-09-11T14:01:25.488Z","path":"/blogs/chip-design/what-is-edge-computing","step":"verify","ok":true}
{"t":"2026-09-11T14:01:25.675Z","path":"/blogs/chip-design/what-is-flexeda","step":"verify","ok":true}
{"t":"2026-09-11T14:01:27.710Z","path":"/blogs/chip-design/what-is-elasticity-in-cloud-computing","step":"verify","ok":true}
{"t":"2026-09-11T14:01:28.264Z","path":"/blogs/chip-design/what-is-emram","step":"verify","ok":false,"why":"about:error in delivered html"}
{"t":"2026-09-11T14:01:29.385Z","path":"/blogs/chip-design/what-is-macsec-protocol","step":"verify","ok":true}
{"t":"2026-09-11T14:01:31.200Z","path":"/blogs/chip-design/what-is-multi-die-chip-design","step":"verify","ok":true}
{"t":"2026-09-11T14:01:32.318Z","path":"/blogs/chip-design/what-is-multi-cloud-architecture","step":"verify","ok":true}
{"t":"2026-09-11T14:01:33.899Z","path":"/blogs/chip-design/what-is-nfs-shared-storage","step":"verify","ok":true}
{"t":"2026-09-11T14:01:33.996Z","path":"/blogs/chip-design/what-is-object-storage","step":"verify","ok":true}
{"t":"2026-09-11T14:01:36.233Z","path":"/blogs/chip-design/what-is-persistent-storage","step":"verify","ok":true}
{"t":"2026-09-11T14:01:36.274Z","path":"/blogs/chip-design/what-is-mobile-industry-processor-interface-protocol","step":"verify","ok":false,"why":"about:error in delivered html"}
{"t":"2026-09-11T14:01:39.250Z","path":"/blogs/chip-design/what-is-power-optimization","step":"verify","ok":true}
{"t":"2026-09-11T14:01:40.542Z","path":"/blogs/chip-design/what-is-photonics","step":"verify","ok":true}
{"t":"2026-09-11T14:01:40.688Z","path":"/blogs/chip-design/what-is-quantum-computing","step":"verify","ok":true}
{"t":"2026-09-11T14:01:41.218Z","path":"/blogs/chip-design/what-is-reset-domain-crossing","step":"verify","ok":true}
{"t":"2026-09-11T14:01:42.643Z","path":"/blogs/chip-design/what-is-shared-cloud-storage","step":"verify","ok":true}
{"t":"2026-09-11T14:01:44.441Z","path":"/blogs/chip-design/what-is-silicon-lifecycle-management-slm","step":"verify","ok":true}
{"t":"2026-09-11T14:01:46.874Z","path":"/blogs/chip-design/what-is-usb4-v2-specification","step":"verify","ok":true}
{"t":"2026-09-11T14:01:46.970Z","path":"/blogs/chip-design/whats-new-in-pcie-6","step":"verify","ok":true}
{"t":"2026-09-11T14:01:47.178Z","path":"/blogs/chip-design/what-is-tdisp-pcie-io-virtualization","step":"verify","ok":true}
{"t":"2026-09-11T14:01:47.416Z","path":"/blogs/chip-design/what-is-very-short-reach-vsr-connectivity","step":"verify","ok":true}
{"t":"2026-09-11T14:01:49.602Z","path":"/blogs/chip-design/when-ai-gets-a-body-physical-ai","step":"verify","ok":true}
{"t":"2026-09-11T14:01:49.988Z","path":"/blogs/chip-design/when-functional-chip-design-verification-truly-finished","step":"verify","ok":true}
{"t":"2026-09-11T14:01:52.783Z","path":"/blogs/chip-design/why-adaptability-is-key-to-faster-prototyping","step":"verify","ok":true}
{"t":"2026-09-11T14:01:53.555Z","path":"/blogs/chip-design/where-does-innovation-come-from","step":"verify","ok":true}
{"t":"2026-09-11T14:01:54.633Z","path":"/blogs/chip-design/why-ai-hardware-demands-the-highest-verifiable-qor","step":"verify","ok":true}
{"t":"2026-09-11T14:01:55.226Z","path":"/blogs/chip-design/why-dtco-is-key-to-memory-design-techniques","step":"verify","ok":true}
{"t":"2026-09-11T14:01:55.300Z","path":"/blogs/chip-design/why-ras-matters-in-hpc","step":"verify","ok":true}
{"t":"2026-09-11T14:01:55.403Z","path":"/blogs/chip-design/will-ai-chip-design-tools-take-your-job","step":"verify","ok":true}
{"t":"2026-09-11T14:01:59.306Z","path":"/blogs/chip-design/women-in-stem-qa-lisa-mcilwain","step":"verify","ok":true}
{"t":"2026-09-11T14:02:00.262Z","path":"/blogs/chip-design/wish-conference-2021-qa-priyanka-joshi","step":"verify","ok":true}
{"t":"2026-09-11T14:02:00.804Z","path":"/blogs/chip-design/women-in-tech-engineering-scholarship","step":"verify","ok":true}
{"t":"2026-09-11T14:02:01.819Z","path":"/blogs/chip-design/zebu-cloud-saas-flow","step":"verify","ok":true}
{"t":"2026-09-11T14:02:02.950Z","path":"/blogs/chip-design/worlds-first-hbm4-ip-test-chip-ai-hpc-validation","step":"verify","ok":true}
{"t":"2026-09-11T14:02:04.434Z","path":"/blogs/chip-design/ywca-tribute-to-women-awards-honors-synopsys","step":"verify","ok":true}
{"t":"2026-09-11T14:02:06.275Z","path":"/careers/benefits/uk-gender-pay-results","step":"verify","ok":true}
{"t":"2026-09-11T14:02:06.393Z","path":"/careers/benefits/ireland-gender-pay-results","step":"verify","ok":true}
{"t":"2026-09-11T14:02:07.338Z","path":"/blogs/chip-design/zebu-use-cases-tackling-soc-verification-tasks","step":"verify","ok":true}
{"t":"2026-09-11T14:02:08.308Z","path":"/careers/global/asia-pacific/china","step":"verify","ok":true}
{"t":"2026-09-11T14:02:09.828Z","path":"/careers/global/asia-pacific/taiwan","step":"verify","ok":true}
{"t":"2026-09-11T14:02:09.879Z","path":"/careers/global/europe-and-middle-east/portugal/microelectronics-academy","step":"verify","ok":true}
{"t":"2026-09-11T14:02:11.797Z","path":"/cloud/analog-saas/cloud-based-analog-design-flow","step":"verify","ok":true}
{"t":"2026-09-11T14:02:14.367Z","path":"/cloud/astera-labs","step":"verify","ok":true}
{"t":"2026-09-11T14:02:15.974Z","path":"/cloud/contact-us","step":"verify","ok":true}
{"t":"2026-09-11T14:02:16.221Z","path":"/cloud/design-in-the-cloud","step":"verify","ok":true}
{"t":"2026-09-11T14:02:18.029Z","path":"/cloud/analog-saas","step":"verify","ok":false,"why":"about:error in delivered html"}
{"t":"2026-09-11T14:02:18.313Z","path":"/cloud/digital-saas","step":"verify","ok":false,"why":"about:error in delivered html"}
{"t":"2026-09-11T14:02:20.170Z","path":"/cloud/hcltech-success","step":"verify","ok":true}
{"t":"2026-09-11T14:02:20.251Z","path":"/careers/global/europe-and-middle-east/portugal","step":"verify","ok":true}
{"t":"2026-09-11T14:02:21.528Z","path":"/cloud/latest-release","step":"verify","ok":true}
{"t":"2026-09-11T14:02:22.224Z","path":"/cloud/mentium-success","step":"verify","ok":true}
{"t":"2026-09-11T14:02:24.599Z","path":"/cloud/news/byoc-on-google-cloud","step":"verify","ok":true}
{"t":"2026-09-11T14:02:24.863Z","path":"/cloud/openlink/api","step":"verify","ok":true}
{"t":"2026-09-11T14:02:25.319Z","path":"/cloud/openlink/contact-us","step":"verify","ok":true}
{"t":"2026-09-11T14:02:26.347Z","path":"/cloud/openlink","step":"verify","ok":true}
{"t":"2026-09-11T14:02:28.004Z","path":"/cloud/startup-program","step":"verify","ok":true}
{"t":"2026-09-11T14:02:28.550Z","path":"/cloud/resources","step":"verify","ok":true}
{"t":"2026-09-11T14:02:30.294Z","path":"/cloud/verification-saas/cloud-based-verification-design-flow","step":"verify","ok":true}
{"t":"2026-09-11T14:02:30.610Z","path":"/cloud/tetramem-success","step":"verify","ok":true}
{"t":"2026-09-11T14:02:30.962Z","path":"/cloud/verification-saas","step":"verify","ok":true}
{"t":"2026-09-11T14:02:32.391Z","path":"/cloud","step":"verify","ok":true}
{"t":"2026-09-11T14:02:33.808Z","path":"/community/resources/videos/snug-silicon-videos","step":"verify","ok":true}
{"t":"2026-09-11T14:02:34.292Z","path":"/community/snug/snug-china/2021-proceedings","step":"verify","ok":true}
{"t":"2026-09-11T14:02:35.479Z","path":"/community/snug/snug-europe/location-proceedings-2025","step":"verify","ok":true}
{"t":"2026-09-11T14:02:37.365Z","path":"/community/snug/snug-europe/call-for-content","step":"verify","ok":true}
{"t":"2026-09-11T14:02:37.930Z","path":"/community/snug/snug-india/2025-keynote","step":"verify","ok":true}
{"t":"2026-09-11T14:02:38.051Z","path":"/community/snug/snug-europe","step":"verify","ok":true}
{"t":"2026-09-11T14:02:39.050Z","path":"/community/snug/snug-india/2026-keynote","step":"verify","ok":true}
{"t":"2026-09-11T14:02:40.947Z","path":"/community/snug/snug-india/reg-test-cvent","step":"verify","ok":true}
{"t":"2026-09-11T14:02:42.332Z","path":"/community/snug/snug-india","step":"verify","ok":true}
{"t":"2026-09-11T14:02:42.749Z","path":"/community/snug/snug-israel/call-for-content","step":"verify","ok":true}
{"t":"2026-09-11T14:02:43.934Z","path":"/community/snug/snug-israel","step":"verify","ok":true}
{"t":"2026-09-11T14:02:44.387Z","path":"/community/snug/snug-korea/call-for-content","step":"verify","ok":true}
{"t":"2026-09-11T14:02:44.535Z","path":"/community/snug/snug-korea/location-proceedings-2025","step":"verify","ok":true}
{"t":"2026-09-11T14:02:46.755Z","path":"/community/snug/snug-news/2025-keynote","step":"verify","ok":true}
{"t":"2026-09-11T14:02:47.881Z","path":"/community/snug/snug-news/keynote-day-2","step":"verify","ok":true}
{"t":"2026-09-11T14:02:48.011Z","path":"/community/snug/snug-news/keynote-day-1","step":"verify","ok":true}
{"t":"2026-09-11T14:02:49.543Z","path":"/community/snug/snug-proceedings","step":"verify","ok":true}
{"t":"2026-09-11T14:02:49.994Z","path":"/community/snug/snug-penang/authors-kit","step":"verify","ok":true}
{"t":"2026-09-11T14:02:51.017Z","path":"/community/snug/snug-news/snug-news-2024","step":"verify","ok":true}
{"t":"2026-09-11T14:02:51.854Z","path":"/community/snug/snug-roadshow-austin/location-proceedings-2025","step":"verify","ok":true}
{"t":"2026-09-11T14:02:54.411Z","path":"/community/snug/snug-silicon-valley/2020-on-demand","step":"verify","ok":true}
{"t":"2026-09-11T14:02:54.421Z","path":"/community/snug/snug-silicon-valley/location-proceedings-2022","step":"verify","ok":true}
{"t":"2026-09-11T14:02:56.159Z","path":"/community/snug/snug-silicon-valley","step":"verify","ok":true}
{"t":"2026-09-11T14:02:56.226Z","path":"/community/snug/snug-silicon-valley/authors-kit","step":"verify","ok":true}
{"t":"2026-09-11T14:02:56.711Z","path":"/community/snug/snug-singapore/call-for-content","step":"verify","ok":true}
{"t":"2026-09-11T14:02:57.925Z","path":"/community/snug/snug-taiwan/call-for-content","step":"verify","ok":true}
{"t":"2026-09-11T14:02:59.744Z","path":"/community/snug/snug-vietnam/call-for-content","step":"verify","ok":true}
{"t":"2026-09-11T14:03:00.129Z","path":"/community/snug/snug-vietnam/authors-kit","step":"verify","ok":true}
{"t":"2026-09-11T14:03:01.608Z","path":"/company/contact-synopsys/office-locations/armenia/about-us/about-synopsys-armenia","step":"verify","ok":true}
{"t":"2026-09-11T14:03:01.926Z","path":"/company/contact-synopsys/office-locations/armenia/educational-programs/ai-multimedia-course","step":"verify","ok":true}
{"t":"2026-09-11T14:03:02.409Z","path":"/company/contact-synopsys/office-locations/armenia/about-us","step":"verify","ok":true}
{"t":"2026-09-11T14:03:03.064Z","path":"/company/contact-synopsys/office-locations/armenia/educational-programs/cooperation-with-universities","step":"verify","ok":true}
{"t":"2026-09-11T14:03:05.243Z","path":"/company/contact-synopsys/office-locations/armenia/educational-programs/training-and-internships","step":"verify","ok":true}
{"t":"2026-09-11T14:03:05.366Z","path":"/company/contact-synopsys/office-locations/armenia/educational-programs/high-school-program-step","step":"verify","ok":true}
{"t":"2026-09-11T14:03:07.196Z","path":"/company/contact-synopsys/office-locations/armenia/stem-initiatives/international-microelectronics-olympiad","step":"verify","ok":true}
{"t":"2026-09-11T14:03:07.298Z","path":"/company/contact-synopsys/office-locations/armenia/stem-initiatives/state-educational-award-in-it-sphere","step":"verify","ok":true}
{"t":"2026-09-11T14:03:08.603Z","path":"/company/contact-synopsys/office-locations/europe-middle-east","step":"verify","ok":true}
{"t":"2026-09-11T14:03:09.671Z","path":"/company/contact-synopsys/office-locations/india/about-synopsys-india","step":"verify","ok":true}
{"t":"2026-09-11T14:03:10.724Z","path":"/company/contact-synopsys/office-locations/india/educational-program/student-design-contest","step":"verify","ok":true}
{"t":"2026-09-11T14:03:11.156Z","path":"/company/contact-synopsys/office-locations","step":"verify","ok":true}
{"t":"2026-09-11T14:03:13.353Z","path":"/company/corporate-governance-ethics/audit-committee","step":"verify","ok":true}
{"t":"2026-09-11T14:03:13.636Z","path":"/company/contact-synopsys","step":"verify","ok":true}
{"t":"2026-09-11T14:03:15.684Z","path":"/company/corporate-governance-ethics/board-of-directors","step":"verify","ok":true}
{"t":"2026-09-11T14:03:15.762Z","path":"/company/corporate-governance-ethics/board-committees","step":"verify","ok":true}
{"t":"2026-09-11T14:03:16.323Z","path":"/company/corporate-governance-ethics/compensation-committee","step":"verify","ok":true}
{"t":"2026-09-11T14:03:17.188Z","path":"/company/corporate-governance-ethics/governance-committee","step":"verify","ok":true}
{"t":"2026-09-11T14:03:19.317Z","path":"/company/corporate-governance-ethics/government-affairs","step":"verify","ok":true}
{"t":"2026-09-11T14:03:19.507Z","path":"/company/legal/contractor-nda","step":"verify","ok":true}
{"t":"2026-09-11T14:03:21.410Z","path":"/company/legal/copyright","step":"verify","ok":true}
{"t":"2026-09-11T14:03:21.983Z","path":"/company/legal/employment-candidate-privacy-notice","step":"verify","ok":true}
{"t":"2026-09-11T14:03:22.024Z","path":"/company/legal/dpa-supplement","step":"verify","ok":true}
{"t":"2026-09-11T14:03:23.628Z","path":"/company/legal/security-commitments","step":"verify","ok":true}
{"t":"2026-09-11T14:03:24.880Z","path":"/company/legal/simpleware-medical-regulatory-information","step":"verify","ok":true}
{"t":"2026-09-11T14:03:26.272Z","path":"/company/legal/trademarks-brands","step":"verify","ok":true}
{"t":"2026-09-11T14:03:26.540Z","path":"/company/legal/vulnerability-disclosure-policy/advisories","step":"verify","ok":true}
{"t":"2026-09-11T14:03:27.440Z","path":"/company/responsible-business/environment/environmental-policy","step":"verify","ok":true}
{"t":"2026-09-11T14:03:27.835Z","path":"/company/legal/vulnerability-disclosure-policy","step":"verify","ok":true}
{"t":"2026-09-11T14:03:30.236Z","path":"/company/responsible-business/environment","step":"verify","ok":true}
{"t":"2026-09-11T14:03:32.060Z","path":"/company/responsible-business/governance/supply-chain","step":"verify","ok":true}
{"t":"2026-09-11T14:03:32.254Z","path":"/company/responsible-business/social/social-impact","step":"verify","ok":true}
{"t":"2026-09-11T14:03:32.355Z","path":"/company/responsible-business/reporting","step":"verify","ok":true}
{"t":"2026-09-11T14:03:33.253Z","path":"/converge/livestream-2026","step":"verify","ok":true}
{"t":"2026-09-11T14:03:33.652Z","path":"/converge/call-for-content","step":"verify","ok":true}
{"t":"2026-09-11T14:03:37.386Z","path":"/converge","step":"verify","ok":true}
{"t":"2026-09-11T14:03:37.497Z","path":"/demo/ldw-vc-spyglass-lint","step":"verify","ok":true}
{"t":"2026-09-11T14:03:37.674Z","path":"/demo/ldw-sms","step":"verify","ok":true}
{"t":"2026-09-11T14:03:38.375Z","path":"/designware-ip/interface-ip/ddr/ddr-enhanced-universal-ctls","step":"verify","ok":true}
{"t":"2026-09-11T14:03:39.042Z","path":"/designware-ip/interface-ip/ddr/ddr-universal-ctls","step":"verify","ok":true}
{"t":"2026-09-11T14:03:39.213Z","path":"/designware-ip/interface-ip/ddr/ddr-universal-umctl2","step":"verify","ok":true}
{"t":"2026-09-11T14:03:43.298Z","path":"/designware-ip/interface-ip/ddr/ddr5-mrdimm-controller","step":"verify","ok":true}
{"t":"2026-09-11T14:03:43.336Z","path":"/designware-ip/interface-ip/ddr/ddr3-phy","step":"verify","ok":true}
{"t":"2026-09-11T14:03:43.438Z","path":"/designware-ip/interface-ip/ddr/ddr43-phy","step":"verify","ok":true}
{"t":"2026-09-11T14:03:44.285Z","path":"/designware-ip/interface-ip/ddr/ddr54-controller","step":"verify","ok":true}
{"t":"2026-09-11T14:03:44.338Z","path":"/designware-ip/interface-ip/ddr/lpddr54-controller","step":"verify","ok":true}
{"t":"2026-09-11T14:03:44.874Z","path":"/designware-ip/interface-ip/ddr/lpddr5x54x-controller","step":"verify","ok":true}
{"t":"2026-09-11T14:03:48.835Z","path":"/designware-ip/interface-ip/die-to-die/ucie-controller-ip","step":"verify","ok":true}
{"t":"2026-09-11T14:03:49.278Z","path":"/designware-ip/interface-ip/die-to-die/ucie-phy-ip","step":"verify","ok":true}
{"t":"2026-09-11T14:03:49.911Z","path":"/designware-ip/interface-ip/displayport/dptx-ip","step":"verify","ok":true}
{"t":"2026-09-11T14:03:50.652Z","path":"/designware-ip/interface-ip/ethernet/224g-ethernet-phy-ip","step":"verify","ok":true}
{"t":"2026-09-11T14:03:50.729Z","path":"/designware-ip/interface-ip/ethernet/1-6t-ethernet-ip","step":"verify","ok":true}
{"t":"2026-09-11T14:03:50.754Z","path":"/designware-ip/interface-ip/ethernet/25g-ethernet-mac-ip","step":"verify","ok":true}
{"t":"2026-09-11T14:03:54.493Z","path":"/designware-ip/interface-ip/ethernet/ether-mac10-100-1000-unive","step":"verify","ok":true}
{"t":"2026-09-11T14:03:55.164Z","path":"/designware-ip/interface-ip/ethernet/ether-mac10-100-universal","step":"verify","ok":true}
{"t":"2026-09-11T14:03:56.114Z","path":"/designware-ip/interface-ip/ethernet/ether-qos","step":"verify","ok":true}
{"t":"2026-09-11T14:03:56.355Z","path":"/designware-ip/interface-ip/ethernet/ethernet-scale-up-networking-esun","step":"verify","ok":true}
{"t":"2026-09-11T14:03:56.520Z","path":"/designware-ip/interface-ip/ethernet/ether-pcs","step":"verify","ok":true}
{"t":"2026-09-11T14:03:56.767Z","path":"/designware-ip/interface-ip/ethernet/ether-xgmac","step":"verify","ok":true}
{"t":"2026-09-11T14:04:00.440Z","path":"/designware-ip/interface-ip/ethernet","step":"verify","ok":true}
{"t":"2026-09-11T14:04:00.846Z","path":"/designware-ip/interface-ip/hbm/hbm4-controller","step":"verify","ok":true}
{"t":"2026-09-11T14:04:01.933Z","path":"/designware-ip/interface-ip/hdmi/hdmi-13-csds-tx","step":"verify","ok":true}
{"t":"2026-09-11T14:04:02.073Z","path":"/designware-ip/interface-ip/hdmi/hdmi-14-csds-tx","step":"verify","ok":true}
{"t":"2026-09-11T14:04:02.247Z","path":"/designware-ip/interface-ip/hdmi/hdmi-20-csds-rx","step":"verify","ok":true}
{"t":"2026-09-11T14:04:02.301Z","path":"/designware-ip/interface-ip/hdmi/hdmi-14-csds-rx","step":"verify","ok":true}
{"t":"2026-09-11T14:04:05.903Z","path":"/designware-ip/interface-ip/hdmi/hdmi-20-csds-tx","step":"verify","ok":true}
{"t":"2026-09-11T14:04:06.582Z","path":"/designware-ip/interface-ip/hdmi/hdmi-csds-rx","step":"verify","ok":true}
{"t":"2026-09-11T14:04:07.847Z","path":"/designware-ip/interface-ip/mipi/mipi-csi2","step":"verify","ok":true}
{"t":"2026-09-11T14:04:07.963Z","path":"/designware-ip/interface-ip/mipi/mipi-dsi","step":"verify","ok":true}
{"t":"2026-09-11T14:04:07.971Z","path":"/designware-ip/interface-ip/mipi/mipi-m-phy","step":"verify","ok":true}
{"t":"2026-09-11T14:04:08.051Z","path":"/designware-ip/interface-ip/hdmi/hdmi-csds-tx","step":"verify","ok":true}
{"t":"2026-09-11T14:04:11.757Z","path":"/designware-ip/interface-ip/mipi/mipi-unipro","step":"verify","ok":true}
{"t":"2026-09-11T14:04:12.897Z","path":"/designware-ip/interface-ip/pci-express/pci-express-controllers","step":"verify","ok":true}
{"t":"2026-09-11T14:04:13.563Z","path":"/designware-ip/interface-ip/usb/eusb2-repeater","step":"verify","ok":true}
{"t":"2026-09-11T14:04:13.830Z","path":"/designware-ip/interface-ip/usb/eusb2-phy","step":"verify","ok":true}
{"t":"2026-09-11T14:04:14.185Z","path":"/designware-ip/interface-ip/pci-express/pcie6-controller","step":"verify","ok":true}
{"t":"2026-09-11T14:04:14.229Z","path":"/designware-ip/interface-ip/ufs","step":"verify","ok":true}
{"t":"2026-09-11T14:04:17.487Z","path":"/designware-ip/interface-ip/usb/usb-2-0-digital-controllers","step":"verify","ok":true}
{"t":"2026-09-11T14:04:18.387Z","path":"/designware-ip/interface-ip/usb/usb-2-0-phy","step":"verify","ok":true}
{"t":"2026-09-11T14:04:19.032Z","path":"/designware-ip/interface-ip/usb/usb-3-0-controllers","step":"verify","ok":true}
{"t":"2026-09-11T14:04:19.845Z","path":"/designware-ip/interface-ip/usb/usb-c-30-controllers","step":"verify","ok":true}
{"t":"2026-09-11T14:04:20.154Z","path":"/designware-ip/interface-ip/usb/usb-3","step":"verify","ok":true}
{"t":"2026-09-11T14:04:20.457Z","path":"/designware-ip/interface-ip/usb/usb-3-1-phy","step":"verify","ok":true}
{"t":"2026-09-11T14:04:22.942Z","path":"/designware-ip/interface-ip/usb/usb-c-31-controllers","step":"verify","ok":true}
{"t":"2026-09-11T14:04:23.975Z","path":"/designware-ip/interface-ip/usb/usb-c-31-displayport","step":"verify","ok":true}
{"t":"2026-09-11T14:04:24.180Z","path":"/designware-ip/interface-ip/usb/usb-c-31-dp-14-ss","step":"verify","ok":true}
{"t":"2026-09-11T14:04:25.520Z","path":"/designware-ip/interface-ip/usb/usb-c-31-dp-14","step":"verify","ok":true}
{"t":"2026-09-11T14:04:25.822Z","path":"/designware-ip/interface-ip/usb/usb2-type-c-iot","step":"verify","ok":true}
{"t":"2026-09-11T14:04:25.839Z","path":"/designware-ip/interface-ip/usb/usb2-picophy","step":"verify","ok":true}
{"t":"2026-09-11T14:04:28.334Z","path":"/designware-ip/interface-ip/usb/usb3-femtophy","step":"verify","ok":true}
{"t":"2026-09-11T14:04:29.486Z","path":"/designware-ip/ip-accelerated/ip-hardening","step":"verify","ok":true}
{"t":"2026-09-11T14:04:30.067Z","path":"/designware-ip/ip-market-segments/automotive/functional-safety","step":"verify","ok":true}
{"t":"2026-09-11T14:04:31.676Z","path":"/designware-ip/ip-market-segments/automotive/gateways","step":"verify","ok":true}
{"t":"2026-09-11T14:04:32.443Z","path":"/designware-ip/ip-market-segments/hpc","step":"verify","ok":true}
{"t":"2026-09-11T14:04:32.457Z","path":"/designware-ip/ip-market-segments/automotive","step":"verify","ok":true}
{"t":"2026-09-11T14:04:34.198Z","path":"/designware-ip/ip-oem-partners","step":"verify","ok":true}
{"t":"2026-09-11T14:04:35.409Z","path":"/designware-ip/memories-logic-libraries/3dio","step":"verify","ok":true}
{"t":"2026-09-11T14:04:35.634Z","path":"/designware-ip/memories-logic-libraries/duet-package","step":"verify","ok":true}
{"t":"2026-09-11T14:04:37.724Z","path":"/designware-ip/memories-logic-libraries/eco-kits","step":"verify","ok":true}
{"t":"2026-09-11T14:04:37.822Z","path":"/designware-ip/memories-logic-libraries/hpc-design-kit","step":"verify","ok":true}
{"t":"2026-09-11T14:04:38.055Z","path":"/designware-ip/memories-logic-libraries/high-speed-test-io","step":"verify","ok":true}
{"t":"2026-09-11T14:04:40.169Z","path":"/designware-ip/memories-logic-libraries/logic-libraries","step":"verify","ok":true}
{"t":"2026-09-11T14:04:41.114Z","path":"/designware-ip/memories-logic-libraries/multi-port-memory","step":"verify","ok":true}
{"t":"2026-09-11T14:04:41.371Z","path":"/designware-ip/memories-logic-libraries/non-volatile-memory/ftp-trim","step":"verify","ok":true}
{"t":"2026-09-11T14:04:43.026Z","path":"/designware-ip/memories-logic-libraries/non-volatile-memory/medium-density","step":"verify","ok":true}
{"t":"2026-09-11T14:04:43.493Z","path":"/designware-ip/memories-logic-libraries/non-volatile-memory/otp-xbc","step":"verify","ok":true}
{"t":"2026-09-11T14:04:43.941Z","path":"/designware-ip/memories-logic-libraries/non-volatile-memory/otp-xsc","step":"verify","ok":true}
{"t":"2026-09-11T14:04:46.422Z","path":"/designware-ip/memories-logic-libraries/non-volatile-memory/otp","step":"verify","ok":true}
{"t":"2026-09-11T14:04:47.352Z","path":"/designware-ip/memories-logic-libraries/power-optimization-kit","step":"verify","ok":true}
{"t":"2026-09-11T14:04:48.147Z","path":"/designware-ip/memories-logic-libraries/secure-storage-otp-ip","step":"verify","ok":true}
{"t":"2026-09-11T14:04:48.453Z","path":"/designware-ip/memories-logic-libraries/specialty-io","step":"verify","ok":true}
{"t":"2026-09-11T14:04:48.974Z","path":"/designware-ip/memories-logic-libraries/tcam-memory-compilers","step":"verify","ok":true}
{"t":"2026-09-11T14:04:50.333Z","path":"/designware-ip/memories-logic-libraries","step":"verify","ok":true}
{"t":"2026-09-11T14:04:52.216Z","path":"/designware-ip/security-ip/cryptography-ip/public-key-accelerators/security-public-key-accelerator","step":"verify","ok":true}
{"t":"2026-09-11T14:04:53.425Z","path":"/designware-ip/security-ip/cryptography-ip/puf/embedded-microcontrollers","step":"verify","ok":true}
{"t":"2026-09-11T14:04:54.760Z","path":"/designware-ip/security-ip/cryptography-ip/puf/ip-software","step":"verify","ok":true}
{"t":"2026-09-11T14:04:54.903Z","path":"/designware-ip/security-ip/cryptography-ip/puf/firmware-ip-protection","step":"verify","ok":true}
{"t":"2026-09-11T14:04:55.482Z","path":"/designware-ip/security-ip/cryptography-ip/puf/just-in-time-key-management","step":"verify","ok":true}
{"t":"2026-09-11T14:04:56.984Z","path":"/designware-ip/security-ip/cryptography-ip/puf/medical","step":"verify","ok":true}
{"t":"2026-09-11T14:04:57.668Z","path":"/designware-ip/security-ip/cryptography-ip/puf/security-puf-fpga-a","step":"verify","ok":true}
{"t":"2026-09-11T14:04:58.808Z","path":"/designware-ip/security-ip/cryptography-ip/puf/security-puf-ip","step":"verify","ok":true}
{"t":"2026-09-11T14:05:00.410Z","path":"/designware-ip/security-ip/cryptography-ip/puf/soft-skus","step":"verify","ok":true}
{"t":"2026-09-11T14:05:00.894Z","path":"/designware-ip/security-ip/cryptography-ip/puf","step":"verify","ok":true}
{"t":"2026-09-11T14:05:01.457Z","path":"/designware-ip/security-ip/cryptography-ip/random-number-generators/trng","step":"verify","ok":true}
{"t":"2026-09-11T14:05:02.895Z","path":"/designware-ip/security-ip/cryptography-ip/symmetric-cryptographic-engines/ultra-high-perf-aes-xts-ecb","step":"verify","ok":true}
{"t":"2026-09-11T14:05:03.230Z","path":"/designware-ip/security-ip/interface-security-modules/automotive-macsec-1g-25g","step":"verify","ok":true}
{"t":"2026-09-11T14:05:04.838Z","path":"/designware-ip/security-ip/interface-security-modules/security-cxl3-ide","step":"verify","ok":true}
{"t":"2026-09-11T14:05:06.242Z","path":"/designware-ip/security-ip/interface-security-modules/security-ddr-ime","step":"verify","ok":true}
{"t":"2026-09-11T14:06:18.256Z","path":"/designware-ip/security-ip/interface-security-modules/security-ethernet-macsec","step":"verify","ok":true}
{"t":"2026-09-11T14:06:18.609Z","path":"/designware-ip/security-ip/interface-security-modules/security-pcie5-ide","step":"verify","ok":true}
{"t":"2026-09-11T14:06:20.000Z","path":"/designware-ip/security-ip/root-of-trust/troot-hsm-isim","step":"verify","ok":true}
{"t":"2026-09-11T14:06:20.312Z","path":"/designware-ip/security-ip/interface-security-modules/security-pcie6-ide","step":"verify","ok":true}
{"t":"2026-09-11T14:06:21.988Z","path":"/designware-ip/security-ip/security-protocol-accelerators/multipurpose-spacc","step":"verify","ok":true}
{"t":"2026-09-11T14:06:23.312Z","path":"/designware-ip/soc-infrastructure-ip/amba/amba-apb-advanced","step":"verify","ok":true}
{"t":"2026-09-11T14:06:23.990Z","path":"/designware-ip/soc-infrastructure-ip/amba/amba-fabric","step":"verify","ok":true}
{"t":"2026-09-11T14:06:24.592Z","path":"/designware-ip/soc-infrastructure-ip/amba/amba-ssi","step":"verify","ok":true}
{"t":"2026-09-11T14:06:25.817Z","path":"/designware-ip/soc-infrastructure-ip/amba/amba-uart","step":"verify","ok":true}
{"t":"2026-09-11T14:06:26.449Z","path":"/designware-ip/soc-infrastructure-ip/amba/dw-amba-hybrid","step":"verify","ok":true}
{"t":"2026-09-11T14:06:27.454Z","path":"/designware-ip/soc-infrastructure-ip/amba/espi-controller","step":"verify","ok":true}
{"t":"2026-09-11T14:06:29.011Z","path":"/designware-ip/soc-infrastructure-ip/designware-library","step":"verify","ok":true}
{"t":"2026-09-11T14:06:29.287Z","path":"/designware-ip/soc-infrastructure-ip/foundation-cores","step":"verify","ok":true}
{"t":"2026-09-11T14:06:30.344Z","path":"/designware-ip/technical-bulletin/dwtb-archives","step":"verify","ok":true}
{"t":"2026-09-11T14:06:31.723Z","path":"/designware-ip/technical-bulletin","step":"verify","ok":true}
{"t":"2026-09-11T14:06:32.240Z","path":"/designware-ip/videos/hdmi","step":"verify","ok":true}
{"t":"2026-09-11T14:06:33.289Z","path":"/designware-ip/videos/nvm","step":"verify","ok":true}
{"t":"2026-09-11T14:06:35.047Z","path":"/designware-ip/videos","step":"verify","ok":true}
{"t":"2026-09-11T14:06:35.789Z","path":"/dw/doc/ds/c/dwc-hdmi13-tx-phy-225gbps-tsmc-65gp25-pdf","step":"verify","ok":true}
{"t":"2026-09-11T14:06:35.790Z","path":"/dw/buildingblock","step":"verify","ok":true}
{"t":"2026-09-11T14:06:37.048Z","path":"/dw/doc/ds/c/dwc-sata-phy-pdf","step":"verify","ok":true}
{"t":"2026-09-11T14:06:37.144Z","path":"/dw/doc/ds/c/sensor-subsystem-ds-pdf","step":"verify","ok":true}
{"t":"2026-09-11T14:06:38.892Z","path":"/dw/doc/ds/c/uart-pdf","step":"verify","ok":true}
{"t":"2026-09-11T14:06:40.468Z","path":"/dw/doc/ds/cc/arc-hs-enhanced-security-package-pdf","step":"verify","ok":true}
{"t":"2026-09-11T14:06:42.027Z","path":"/dw/doc/ds/cc/asip-designer-ds-pdf","step":"verify","ok":true}
{"t":"2026-09-11T14:06:42.386Z","path":"/dw/doc/ds/cc/arc-hs4x-pdf","step":"verify","ok":true}
{"t":"2026-09-11T14:06:42.896Z","path":"/dw/doc/ds/o/ip-prototyping-kit-usb2-hs-otg-pdf","step":"verify","ok":true}
{"t":"2026-09-11T14:06:42.896Z","path":"/dw/doc/ds/es/embed-test-repair-ecc-pdf","step":"verify","ok":true}
{"t":"2026-09-11T14:06:44.410Z","path":"/dw/doc/ds/o/ip-prototyping-kit-usb3-1-host-device-pdf","step":"verify","ok":true}
{"t":"2026-09-11T14:06:46.059Z","path":"/dw/doc/ds/o/ip-prototyping-kits-ds-pdf","step":"verify","ok":true}
{"t":"2026-09-11T14:06:47.721Z","path":"/dw/doc/wp/arc-low-power-machine-learning-for-iot-pdf","step":"verify","ok":true}
{"t":"2026-09-11T14:06:48.035Z","path":"/dw/doc/wp/amba-hybrid-wp-pdf","step":"verify","ok":true}
{"t":"2026-09-11T14:06:48.290Z","path":"/dw/doc/wp/calibrate-and-configure-your-power-management-ic-with-nvm-ip-wp-sch-pdf","step":"verify","ok":true}
{"t":"2026-09-11T14:06:49.258Z","path":"/dw/doc/wp/arc-software-test-library-pdf","step":"verify","ok":true}
{"t":"2026-09-11T14:06:49.951Z","path":"/dw/doc/wp/dataconverters-ip-for-automotive-socs-white-paper-pdf","step":"verify","ok":true}
{"t":"2026-09-11T14:06:51.218Z","path":"/dw/doc/wp/designing-computational-imaging-systems-wp-pdf","step":"verify","ok":true}
{"t":"2026-09-11T14:06:53.208Z","path":"/dw/doc/wp/how-new-storage-technologies-enhance-hpc-systems-pdf","step":"verify","ok":true}
{"t":"2026-09-11T14:06:53.854Z","path":"/dw/doc/wp/tortuga-build-secure-processor-systems-faster-pdf","step":"verify","ok":true}
{"t":"2026-09-11T14:06:54.226Z","path":"/dw/doc/wp/neuromorphic-computing-emerging-memories-artificial-intelligence-socs-pdf","step":"verify","ok":true}
{"t":"2026-09-11T14:06:56.155Z","path":"/dw/emllselector/io","step":"verify","ok":true}
{"t":"2026-09-11T14:06:56.671Z","path":"/dw/emllselector/university","step":"verify","ok":true}
{"t":"2026-09-11T14:06:57.458Z","path":"/dw/emllselector","step":"verify","ok":true}
{"t":"2026-09-11T14:06:58.486Z","path":"/dw/ipdir/dw-8b10b-dec","step":"verify","ok":true}
{"t":"2026-09-11T14:06:59.676Z","path":"/dw/ipdir/dw-8b10b-enc","step":"verify","ok":true}
{"t":"2026-09-11T14:06:59.836Z","path":"/dw/ipdir/dw-8b10b-unbal","step":"verify","ok":true}
{"t":"2026-09-11T14:07:01.811Z","path":"/dw/ipdir/dw-addsub-dx","step":"verify","ok":true}
{"t":"2026-09-11T14:07:02.143Z","path":"/dw/ipdir/dw-ahb-dmac","step":"verify","ok":true}
{"t":"2026-09-11T14:07:02.992Z","path":"/dw/ipdir/dw-ahb-eh2h","step":"verify","ok":true}
{"t":"2026-09-11T14:07:04.268Z","path":"/dw/ipdir/dw-ahb-h2h","step":"verify","ok":true}
{"t":"2026-09-11T14:07:05.591Z","path":"/dw/ipdir/dw-ahb-icm","step":"verify","ok":true}
{"t":"2026-09-11T14:07:06.243Z","path":"/dw/ipdir/dw-ahb-ictl-dw-apb-ictl","step":"verify","ok":true}
{"t":"2026-09-11T14:07:07.501Z","path":"/dw/ipdir/dw-ahb","step":"verify","ok":true}
{"t":"2026-09-11T14:07:07.986Z","path":"/dw/ipdir/dw-apb-gpio","step":"verify","ok":true}
{"t":"2026-09-11T14:07:09.181Z","path":"/dw/ipdir/dw-apb-i2s","step":"verify","ok":true}
{"t":"2026-09-11T14:07:10.537Z","path":"/dw/ipdir/dw-apb-rap","step":"verify","ok":true}
{"t":"2026-09-11T14:07:10.875Z","path":"/dw/ipdir/dw-apb-rtc","step":"verify","ok":true}
{"t":"2026-09-11T14:07:12.247Z","path":"/dw/ipdir/dw-apb-ssi","step":"verify","ok":true}
{"t":"2026-09-11T14:07:12.900Z","path":"/dw/ipdir/dw-apb-timers","step":"verify","ok":true}
{"t":"2026-09-11T14:07:13.785Z","path":"/dw/ipdir/dw-apb-wdt","step":"verify","ok":true}
{"t":"2026-09-11T14:07:14.408Z","path":"/dw/ipdir/dw-apb","step":"verify","ok":true}
{"t":"2026-09-11T14:07:16.896Z","path":"/dw/ipdir/dw-arb-dp","step":"verify","ok":true}
{"t":"2026-09-11T14:07:17.037Z","path":"/dw/ipdir/dw-arb-2t","step":"verify","ok":true}
{"t":"2026-09-11T14:07:18.500Z","path":"/dw/ipdir/dw-arb-fcfs","step":"verify","ok":true}
{"t":"2026-09-11T14:07:18.556Z","path":"/dw/ipdir/dw-arb-rr","step":"verify","ok":true}
{"t":"2026-09-11T14:07:19.496Z","path":"/dw/ipdir/dw-arb-sp","step":"verify","ok":true}
{"t":"2026-09-11T14:07:20.466Z","path":"/dw/ipdir/dw-asymdata-inbuf","step":"verify","ok":true}
{"t":"2026-09-11T14:07:22.558Z","path":"/dw/ipdir/dw-asymfifo-s1-df","step":"verify","ok":true}
{"t":"2026-09-11T14:07:24.415Z","path":"/dw/ipdir/dw-asymfifo-s1-sf","step":"verify","ok":true}
{"t":"2026-09-11T14:07:24.756Z","path":"/dw/ipdir/dw-asymfifo-s2-sf","step":"verify","ok":true}
{"t":"2026-09-11T14:07:24.770Z","path":"/dw/ipdir/dw-asymdata-outbuf","step":"verify","ok":true}
{"t":"2026-09-11T14:07:25.106Z","path":"/dw/ipdir/dw-asymfifoctl-2c-df","step":"verify","ok":true}
{"t":"2026-09-11T14:07:26.062Z","path":"/dw/ipdir/dw-asymfifoctl-s1-df","step":"verify","ok":true}
{"t":"2026-09-11T14:07:27.963Z","path":"/dw/ipdir/dw-asymfifoctl-s1-sf","step":"verify","ok":true}
{"t":"2026-09-11T14:07:29.768Z","path":"/dw/ipdir/dw-asymfifoctl-s2-sf","step":"verify","ok":true}
{"t":"2026-09-11T14:07:30.337Z","path":"/dw/ipdir/dw-axi-dmac","step":"verify","ok":true}
{"t":"2026-09-11T14:07:31.288Z","path":"/dw/ipdir/dw-axi-a2x","step":"verify","ok":true}
{"t":"2026-09-11T14:07:31.494Z","path":"/dw/ipdir/dw-axi-gm","step":"verify","ok":true}
{"t":"2026-09-11T14:07:31.783Z","path":"/dw/ipdir/dw-axi-gs","step":"verify","ok":true}
{"t":"2026-09-11T14:07:33.647Z","path":"/dw/ipdir/dw-axi-hmx","step":"verify","ok":true}
{"t":"2026-09-11T14:07:36.408Z","path":"/dw/ipdir/dw-axi-rs","step":"verify","ok":true}
{"t":"2026-09-11T14:07:36.783Z","path":"/dw/ipdir/dw-axi-x2p","step":"verify","ok":true}
{"t":"2026-09-11T14:07:37.044Z","path":"/dw/ipdir/dw-axi-x2h","step":"verify","ok":true}
{"t":"2026-09-11T14:07:37.583Z","path":"/dw/ipdir/dw-axi","step":"verify","ok":true}
{"t":"2026-09-11T14:07:37.672Z","path":"/dw/ipdir/dw-axi-x2x","step":"verify","ok":true}
{"t":"2026-09-11T14:07:38.737Z","path":"/dw/ipdir/dw-bc-1","step":"verify","ok":true}
{"t":"2026-09-11T14:07:42.103Z","path":"/dw/ipdir/dw-bc-10","step":"verify","ok":true}
{"t":"2026-09-11T14:07:42.614Z","path":"/dw/ipdir/dw-bc-2","step":"verify","ok":true}
{"t":"2026-09-11T14:07:43.145Z","path":"/dw/ipdir/dw-bc-3","step":"verify","ok":true}
{"t":"2026-09-11T14:07:44.195Z","path":"/dw/ipdir/dw-bc-4","step":"verify","ok":true}
{"t":"2026-09-11T14:07:44.520Z","path":"/dw/ipdir/dw-bc-7","step":"verify","ok":true}
{"t":"2026-09-11T14:07:44.948Z","path":"/dw/ipdir/dw-bc-5","step":"verify","ok":true}
{"t":"2026-09-11T14:07:47.386Z","path":"/dw/ipdir/dw-bc-8","step":"verify","ok":true}
{"t":"2026-09-11T14:07:49.044Z","path":"/dw/ipdir/dw-bin2gray","step":"verify","ok":true}
{"t":"2026-09-11T14:07:49.596Z","path":"/dw/ipdir/dw-bc-9","step":"verify","ok":true}
{"t":"2026-09-11T14:07:52.591Z","path":"/dw/ipdir/dw-cmp-dx","step":"verify","ok":true}
{"t":"2026-09-11T14:07:52.592Z","path":"/dw/ipdir/dw-crc-p","step":"verify","ok":true}
{"t":"2026-09-11T14:07:53.443Z","path":"/dw/ipdir/dw-cntr-gray","step":"verify","ok":true}
{"t":"2026-09-11T14:07:54.873Z","path":"/dw/ipdir/dw-crc-s","step":"verify","ok":true}
{"t":"2026-09-11T14:07:56.884Z","path":"/dw/ipdir/dw-data-qsync-hl","step":"verify","ok":true}
{"t":"2026-09-11T14:07:58.512Z","path":"/dw/ipdir/dw-data-qsync-lh","step":"verify","ok":true}
{"t":"2026-09-11T14:07:59.257Z","path":"/dw/ipdir/dw-data-sync-na","step":"verify","ok":true}
{"t":"2026-09-11T14:07:59.787Z","path":"/dw/ipdir/dw-data-sync-1c","step":"verify","ok":true}
{"t":"2026-09-11T14:08:00.274Z","path":"/dw/ipdir/dw-data-sync","step":"verify","ok":true}
{"t":"2026-09-11T14:08:00.581Z","path":"/dw/ipdir/dw-dct-2d","step":"verify","ok":true}
{"t":"2026-09-11T14:08:02.856Z","path":"/dw/ipdir/dw-decode-en","step":"verify","ok":true}
{"t":"2026-09-11T14:08:04.457Z","path":"/dw/ipdir/dw-div-pipe","step":"verify","ok":true}
{"t":"2026-09-11T14:08:05.369Z","path":"/dw/ipdir/dw-div-sat","step":"verify","ok":true}
{"t":"2026-09-11T14:08:05.902Z","path":"/dw/ipdir/dw-div-seq","step":"verify","ok":true}
{"t":"2026-09-11T14:08:06.336Z","path":"/dw/ipdir/dw-dpll-sd","step":"verify","ok":true}
{"t":"2026-09-11T14:08:06.658Z","path":"/dw/ipdir/dw-div","step":"verify","ok":true}
{"t":"2026-09-11T14:08:08.296Z","path":"/dw/ipdir/dw-ecc","step":"verify","ok":true}
{"t":"2026-09-11T14:08:10.130Z","path":"/dw/ipdir/dw-exp2","step":"verify","ok":true}
{"t":"2026-09-11T14:08:11.161Z","path":"/dw/ipdir/dw-fifo-2c-df","step":"verify","ok":true}
{"t":"2026-09-11T14:08:12.053Z","path":"/dw/ipdir/dw-fifo-s1-df","step":"verify","ok":true}
{"t":"2026-09-11T14:08:12.611Z","path":"/dw/ipdir/dw-fifo-s2-sf","step":"verify","ok":true}
{"t":"2026-09-11T14:08:12.944Z","path":"/dw/ipdir/dw-fifo-s1-sf","step":"verify","ok":true}
{"t":"2026-09-11T14:08:14.138Z","path":"/dw/ipdir/dw-fifoctl-2c-df","step":"verify","ok":true}
{"t":"2026-09-11T14:08:16.314Z","path":"/dw/ipdir/dw-fifoctl-s1-df","step":"verify","ok":true}
{"t":"2026-09-11T14:08:16.892Z","path":"/dw/ipdir/dw-fifoctl-s1-sf","step":"verify","ok":true}
{"t":"2026-09-11T14:08:18.177Z","path":"/dw/ipdir/dw-fifoctl-s2-sf","step":"verify","ok":true}
{"t":"2026-09-11T14:08:19.116Z","path":"/dw/ipdir/dw-fir","step":"verify","ok":true}
{"t":"2026-09-11T14:08:19.187Z","path":"/dw/ipdir/dw-fir-seq","step":"verify","ok":true}
{"t":"2026-09-11T14:08:19.702Z","path":"/dw/ipdir/dw-fp-add-dg","step":"verify","ok":true}
{"t":"2026-09-11T14:08:22.025Z","path":"/dw/ipdir/dw-fp-add","step":"verify","ok":true}
{"t":"2026-09-11T14:08:22.351Z","path":"/dw/ipdir/dw-fp-addsub-dg","step":"verify","ok":true}
{"t":"2026-09-11T14:08:23.689Z","path":"/dw/ipdir/dw-fp-addsub","step":"verify","ok":true}
{"t":"2026-09-11T14:08:25.131Z","path":"/dw/ipdir/dw-fp-cmp-dg","step":"verify","ok":true}
{"t":"2026-09-11T14:08:25.498Z","path":"/dw/ipdir/dw-fp-cmp","step":"verify","ok":true}
{"t":"2026-09-11T14:08:25.948Z","path":"/dw/ipdir/dw-fp-div-dg","step":"verify","ok":true}
{"t":"2026-09-11T14:08:28.142Z","path":"/dw/ipdir/dw-fp-div-seq","step":"verify","ok":true}
{"t":"2026-09-11T14:08:28.413Z","path":"/dw/ipdir/dw-fp-div","step":"verify","ok":true}
{"t":"2026-09-11T14:08:29.255Z","path":"/dw/ipdir/dw-fp-dp2","step":"verify","ok":true}
{"t":"2026-09-11T14:08:30.977Z","path":"/dw/ipdir/dw-fp-dp3","step":"verify","ok":true}
{"t":"2026-09-11T14:08:32.508Z","path":"/dw/ipdir/dw-fp-dp4","step":"verify","ok":true}
{"t":"2026-09-11T14:08:32.602Z","path":"/dw/ipdir/dw-fp-exp","step":"verify","ok":true}
{"t":"2026-09-11T14:08:34.199Z","path":"/dw/ipdir/dw-fp-exp2","step":"verify","ok":true}
{"t":"2026-09-11T14:08:34.199Z","path":"/dw/ipdir/dw-fp-flt2i","step":"verify","ok":true}
{"t":"2026-09-11T14:08:35.080Z","path":"/dw/ipdir/dw-fp-i2flt","step":"verify","ok":true}
{"t":"2026-09-11T14:08:36.249Z","path":"/dw/ipdir/dw-fp-invsqrt","step":"verify","ok":true}
{"t":"2026-09-11T14:08:38.435Z","path":"/dw/ipdir/dw-fp-log2","step":"verify","ok":true}
{"t":"2026-09-11T14:08:38.435Z","path":"/dw/ipdir/dw-fp-ln","step":"verify","ok":true}
{"t":"2026-09-11T14:08:40.102Z","path":"/dw/ipdir/dw-fp-mac-dg","step":"verify","ok":true}
{"t":"2026-09-11T14:08:41.069Z","path":"/dw/ipdir/dw-fp-mac","step":"verify","ok":true}
{"t":"2026-09-11T14:08:41.172Z","path":"/dw/ipdir/dw-fp-mult-dg","step":"verify","ok":true}
{"t":"2026-09-11T14:08:42.035Z","path":"/dw/ipdir/dw-fp-mult","step":"verify","ok":true}
{"t":"2026-09-11T14:08:44.623Z","path":"/dw/ipdir/dw-fp-recip","step":"verify","ok":true}
{"t":"2026-09-11T14:08:44.980Z","path":"/dw/ipdir/dw-fp-recip-dg","step":"verify","ok":true}
{"t":"2026-09-11T14:08:46.504Z","path":"/dw/ipdir/dw-fp-sincos","step":"verify","ok":true}
{"t":"2026-09-11T14:08:46.821Z","path":"/dw/ipdir/dw-fp-sqrt","step":"verify","ok":true}
{"t":"2026-09-11T14:08:47.506Z","path":"/dw/ipdir/dw-fp-square","step":"verify","ok":true}
{"t":"2026-09-11T14:08:47.812Z","path":"/dw/ipdir/dw-fp-sub-dg","step":"verify","ok":true}
{"t":"2026-09-11T14:08:50.023Z","path":"/dw/ipdir/dw-fp-sub","step":"verify","ok":true}
{"t":"2026-09-11T14:08:51.818Z","path":"/dw/ipdir/dw-fp-sum3-dg","step":"verify","ok":true}
{"t":"2026-09-11T14:08:52.421Z","path":"/dw/ipdir/dw-fp-sum4","step":"verify","ok":true}
{"t":"2026-09-11T14:08:53.075Z","path":"/dw/ipdir/dw-fp-sum3","step":"verify","ok":true}
{"t":"2026-09-11T14:08:53.075Z","path":"/dw/ipdir/dw-gray-sync","step":"verify","ok":true}
{"t":"2026-09-11T14:08:53.510Z","path":"/dw/ipdir/dw-gray2bin","step":"verify","ok":true}
{"t":"2026-09-11T14:08:55.777Z","path":"/dw/ipdir/dw-iir-dc","step":"verify","ok":true}
{"t":"2026-09-11T14:08:57.982Z","path":"/dw/ipdir/dw-inc-gray","step":"verify","ok":true}
{"t":"2026-09-11T14:08:58.141Z","path":"/dw/ipdir/dw-iir-sc","step":"verify","ok":true}
{"t":"2026-09-11T14:08:58.980Z","path":"/dw/ipdir/dw-lbsh","step":"verify","ok":true}
{"t":"2026-09-11T14:08:59.267Z","path":"/dw/ipdir/dw-ln","step":"verify","ok":true}
{"t":"2026-09-11T14:08:59.385Z","path":"/dw/ipdir/dw-inv-sqrt","step":"verify","ok":true}
{"t":"2026-09-11T14:09:01.442Z","path":"/dw/ipdir/dw-lod","step":"verify","ok":true}
{"t":"2026-09-11T14:09:03.641Z","path":"/dw/ipdir/dw-log2","step":"verify","ok":true}
{"t":"2026-09-11T14:09:04.673Z","path":"/dw/ipdir/dw-lp-cntr-up-df","step":"verify","ok":true}
{"t":"2026-09-11T14:09:05.385Z","path":"/dw/ipdir/dw-lp-fifo-1c-df","step":"verify","ok":true}
{"t":"2026-09-11T14:09:05.664Z","path":"/dw/ipdir/dw-lp-fifoctl-1c-df","step":"verify","ok":true}
{"t":"2026-09-11T14:09:05.664Z","path":"/dw/ipdir/dw-lp-cntr-updn-df","step":"verify","ok":true}
{"t":"2026-09-11T14:09:07.731Z","path":"/dw/ipdir/dw-lp-fp-multifunc-dg","step":"verify","ok":true}
{"t":"2026-09-11T14:09:09.272Z","path":"/dw/ipdir/dw-lp-fp-multifunc","step":"verify","ok":true}
{"t":"2026-09-11T14:09:10.842Z","path":"/dw/ipdir/dw-lp-multifunc-dg","step":"verify","ok":true}
{"t":"2026-09-11T14:09:11.146Z","path":"/dw/ipdir/dw-lp-multifunc","step":"verify","ok":true}
{"t":"2026-09-11T14:09:11.515Z","path":"/dw/ipdir/dw-lp-pipe-mgr","step":"verify","ok":true}
{"t":"2026-09-11T14:09:12.034Z","path":"/dw/ipdir/dw-lp-piped-div","step":"verify","ok":true}
{"t":"2026-09-11T14:09:13.347Z","path":"/dw/ipdir/dw-lp-piped-ecc","step":"verify","ok":true}
{"t":"2026-09-11T14:09:14.538Z","path":"/dw/ipdir/dw-lp-piped-fp-add","step":"verify","ok":true}
{"t":"2026-09-11T14:09:16.707Z","path":"/dw/ipdir/dw-lp-piped-fp-div","step":"verify","ok":true}
{"t":"2026-09-11T14:09:17.219Z","path":"/dw/ipdir/dw-lp-piped-fp-recip","step":"verify","ok":true}
{"t":"2026-09-11T14:09:17.222Z","path":"/dw/ipdir/dw-lp-piped-fp-mult","step":"verify","ok":true}
{"t":"2026-09-11T14:09:18.624Z","path":"/dw/ipdir/dw-lp-piped-fp-sum3","step":"verify","ok":true}
{"t":"2026-09-11T14:09:19.604Z","path":"/dw/ipdir/dw-lp-piped-mult","step":"verify","ok":true}
{"t":"2026-09-11T14:09:20.528Z","path":"/dw/ipdir/dw-lp-piped-prod-sum","step":"verify","ok":true}
{"t":"2026-09-11T14:09:22.342Z","path":"/dw/ipdir/dw-lp-piped-sqrt","step":"verify","ok":true}
{"t":"2026-09-11T14:09:22.744Z","path":"/dw/ipdir/dw-lza","step":"verify","ok":true}
{"t":"2026-09-11T14:09:22.911Z","path":"/dw/ipdir/dw-lsd","step":"verify","ok":true}
{"t":"2026-09-11T14:09:23.986Z","path":"/dw/ipdir/dw-lzd","step":"verify","ok":true}
{"t":"2026-09-11T14:09:25.379Z","path":"/dw/ipdir/dw-minmax","step":"verify","ok":true}
{"t":"2026-09-11T14:09:26.321Z","path":"/dw/ipdir/dw-mult-dx","step":"verify","ok":true}
{"t":"2026-09-11T14:09:28.427Z","path":"/dw/ipdir/dw-mult-pipe","step":"verify","ok":true}
{"t":"2026-09-11T14:09:28.427Z","path":"/dw/ipdir/dw-mult-seq","step":"verify","ok":true}
{"t":"2026-09-11T14:09:29.061Z","path":"/dw/ipdir/dw-norm-rnd","step":"verify","ok":true}
{"t":"2026-09-11T14:09:30.424Z","path":"/dw/ipdir/dw-norm","step":"verify","ok":true}
{"t":"2026-09-11T14:09:30.783Z","path":"/dw/ipdir/dw-piped-mac","step":"verify","ok":true}
{"t":"2026-09-11T14:09:32.085Z","path":"/dw/ipdir/dw-pl-reg","step":"verify","ok":true}
{"t":"2026-09-11T14:09:33.938Z","path":"/dw/ipdir/dw-pricod","step":"verify","ok":true}
{"t":"2026-09-11T14:09:34.292Z","path":"/dw/ipdir/dw-prod-sum-pipe","step":"verify","ok":true}
{"t":"2026-09-11T14:09:34.649Z","path":"/dw/ipdir/dw-pulse-sync","step":"verify","ok":true}
{"t":"2026-09-11T14:09:36.226Z","path":"/dw/ipdir/dw-pulseack-sync","step":"verify","ok":true}
{"t":"2026-09-11T14:09:37.118Z","path":"/dw/ipdir/dw-ram-2r-2w-s-dff","step":"verify","ok":true}
{"t":"2026-09-11T14:09:38.022Z","path":"/dw/ipdir/dw-ram-2r-w-a-dff","step":"verify","ok":true}
{"t":"2026-09-11T14:09:39.796Z","path":"/dw/ipdir/dw-ram-2r-w-a-lat","step":"verify","ok":true}
{"t":"2026-09-11T14:09:40.020Z","path":"/dw/ipdir/dw-ram-2r-w-s-dff","step":"verify","ok":true}
{"t":"2026-09-11T14:09:40.124Z","path":"/dw/ipdir/dw-ram-2r-w-s-lat","step":"verify","ok":true}
{"t":"2026-09-11T14:09:41.865Z","path":"/dw/ipdir/dw-ram-r-w-2c-dff","step":"verify","ok":true}
{"t":"2026-09-11T14:09:42.870Z","path":"/dw/ipdir/dw-ram-r-w-a-dff","step":"verify","ok":true}
{"t":"2026-09-11T14:09:43.856Z","path":"/dw/ipdir/dw-ram-r-w-a-lat","step":"verify","ok":true}
{"t":"2026-09-11T14:09:45.268Z","path":"/dw/ipdir/dw-ram-r-w-s-dff","step":"verify","ok":true}
{"t":"2026-09-11T14:09:45.942Z","path":"/dw/ipdir/dw-ram-r-w-s-lat","step":"verify","ok":true}
{"t":"2026-09-11T14:09:45.943Z","path":"/dw/ipdir/dw-ram-rw-a-dff","step":"verify","ok":true}
{"t":"2026-09-11T14:09:48.192Z","path":"/dw/ipdir/dw-ram-rw-a-lat","step":"verify","ok":true}
{"t":"2026-09-11T14:09:48.757Z","path":"/dw/ipdir/dw-ram-rw-s-dff","step":"verify","ok":true}
{"t":"2026-09-11T14:09:50.254Z","path":"/dw/ipdir/dw-ram-rw-s-lat","step":"verify","ok":true}
{"t":"2026-09-11T14:09:51.102Z","path":"/dw/ipdir/dw-rash","step":"verify","ok":true}
{"t":"2026-09-11T14:09:51.381Z","path":"/dw/ipdir/dw-reset-sync","step":"verify","ok":true}
{"t":"2026-09-11T14:09:51.561Z","path":"/dw/ipdir/dw-rbsh","step":"verify","ok":true}
{"t":"2026-09-11T14:09:53.873Z","path":"/dw/ipdir/dw-shifter","step":"verify","ok":true}
{"t":"2026-09-11T14:09:54.272Z","path":"/dw/ipdir/dw-sincos","step":"verify","ok":true}
{"t":"2026-09-11T14:09:56.805Z","path":"/dw/ipdir/dw-sla","step":"verify","ok":true}
{"t":"2026-09-11T14:09:57.152Z","path":"/dw/ipdir/dw-sqrt-pipe","step":"verify","ok":true}
{"t":"2026-09-11T14:09:57.691Z","path":"/dw/ipdir/dw-sqrt-seq","step":"verify","ok":true}
{"t":"2026-09-11T14:09:58.540Z","path":"/dw/ipdir/dw-sqrt","step":"verify","ok":true}
{"t":"2026-09-11T14:09:59.623Z","path":"/dw/ipdir/dw-square","step":"verify","ok":true}
{"t":"2026-09-11T14:09:59.727Z","path":"/dw/ipdir/dw-squarep","step":"verify","ok":true}
{"t":"2026-09-11T14:10:02.592Z","path":"/dw/ipdir/dw-sra","step":"verify","ok":true}
{"t":"2026-09-11T14:10:03.874Z","path":"/dw/ipdir/dw-stack","step":"verify","ok":true}
{"t":"2026-09-11T14:10:06.296Z","path":"/dw/ipdir/dw-tap-uc","step":"verify","ok":true}
{"t":"2026-09-11T14:10:06.747Z","path":"/dw/ipdir/dw-sync","step":"verify","ok":true}
{"t":"2026-09-11T14:10:07.470Z","path":"/dw/ipdir/dw-stackctl","step":"verify","ok":true}
{"t":"2026-09-11T14:10:08.193Z","path":"/dw/ipdir/dw-stream-sync","step":"verify","ok":true}
{"t":"2026-09-11T14:10:09.313Z","path":"/dw/ipdir/dw-tap","step":"verify","ok":true}
{"t":"2026-09-11T14:10:09.947Z","path":"/dw/ipdir/dw-thermdec","step":"verify","ok":true}
{"t":"2026-09-11T14:10:12.231Z","path":"/dw/ipdir/dw01-absval","step":"verify","ok":true}
{"t":"2026-09-11T14:10:12.461Z","path":"/dw/ipdir/dw01-add","step":"verify","ok":true}
{"t":"2026-09-11T14:10:13.584Z","path":"/dw/ipdir/dw01-addsub","step":"verify","ok":true}
{"t":"2026-09-11T14:10:14.076Z","path":"/dw/ipdir/dw01-ash","step":"verify","ok":true}
{"t":"2026-09-11T14:10:15.354Z","path":"/dw/ipdir/dw01-binenc","step":"verify","ok":true}
{"t":"2026-09-11T14:10:15.845Z","path":"/dw/ipdir/dw01-bsh","step":"verify","ok":true}
{"t":"2026-09-11T14:10:19.118Z","path":"/dw/ipdir/dw01-cmp6","step":"verify","ok":true}
{"t":"2026-09-11T14:10:19.353Z","path":"/dw/ipdir/dw01-cmp2","step":"verify","ok":true}
{"t":"2026-09-11T14:10:19.874Z","path":"/dw/ipdir/dw01-csa","step":"verify","ok":true}
{"t":"2026-09-11T14:10:20.178Z","path":"/dw/ipdir/dw01-dec","step":"verify","ok":true}
{"t":"2026-09-11T14:10:21.485Z","path":"/dw/ipdir/dw01-decode","step":"verify","ok":true}
{"t":"2026-09-11T14:10:23.726Z","path":"/dw/ipdir/dw01-inc","step":"verify","ok":true}
{"t":"2026-09-11T14:10:24.674Z","path":"/dw/ipdir/dw01-incdec","step":"verify","ok":true}
{"t":"2026-09-11T14:10:25.360Z","path":"/dw/ipdir/dw01-mux-any","step":"verify","ok":true}
{"t":"2026-09-11T14:10:25.848Z","path":"/dw/ipdir/dw01-prienc","step":"verify","ok":true}
{"t":"2026-09-11T14:10:26.024Z","path":"/dw/ipdir/dw01-satrnd","step":"verify","ok":true}
{"t":"2026-09-11T14:10:27.099Z","path":"/dw/ipdir/dw01-sub","step":"verify","ok":true}
{"t":"2026-09-11T14:10:29.209Z","path":"/dw/ipdir/dw02-mac","step":"verify","ok":true}
{"t":"2026-09-11T14:10:30.187Z","path":"/dw/ipdir/dw02-mult-2-stage","step":"verify","ok":true}
{"t":"2026-09-11T14:10:31.396Z","path":"/dw/ipdir/dw02-mult-4-stage","step":"verify","ok":true}
{"t":"2026-09-11T14:10:31.518Z","path":"/dw/ipdir/dw02-mult-3-stage","step":"verify","ok":true}
{"t":"2026-09-11T14:10:32.357Z","path":"/dw/ipdir/dw02-mult-5-stage","step":"verify","ok":true}
{"t":"2026-09-11T14:10:32.988Z","path":"/dw/ipdir/dw02-mult-6-stage","step":"verify","ok":true}
{"t":"2026-09-11T14:10:35.290Z","path":"/dw/ipdir/dw02-mult","step":"verify","ok":true}
{"t":"2026-09-11T14:10:36.294Z","path":"/dw/ipdir/dw02-multp","step":"verify","ok":true}
{"t":"2026-09-11T14:10:37.487Z","path":"/dw/ipdir/dw02-prod-sum","step":"verify","ok":true}
{"t":"2026-09-11T14:10:37.671Z","path":"/dw/ipdir/dw02-prod-sum1","step":"verify","ok":true}
{"t":"2026-09-11T14:10:38.431Z","path":"/dw/ipdir/dw02-sum","step":"verify","ok":true}
{"t":"2026-09-11T14:10:39.330Z","path":"/dw/ipdir/dw02-tree","step":"verify","ok":true}
{"t":"2026-09-11T14:10:41.086Z","path":"/dw/ipdir/dw03-bictr-dcnto","step":"verify","ok":true}
{"t":"2026-09-11T14:10:42.587Z","path":"/dw/ipdir/dw03-bictr-decode","step":"verify","ok":true}
{"t":"2026-09-11T14:10:43.236Z","path":"/dw/ipdir/dw03-lfsr-dcnto","step":"verify","ok":true}
{"t":"2026-09-11T14:10:43.506Z","path":"/dw/ipdir/dw03-bictr-scnto","step":"verify","ok":true}
{"t":"2026-09-11T14:10:44.100Z","path":"/dw/ipdir/dw03-lfsr-load","step":"verify","ok":true}
{"t":"2026-09-11T14:10:45.704Z","path":"/dw/ipdir/dw03-lfsr-scnto","step":"verify","ok":true}
{"t":"2026-09-11T14:10:47.392Z","path":"/dw/ipdir/dw03-lfsr-updn","step":"verify","ok":true}
{"t":"2026-09-11T14:10:48.021Z","path":"/dw/ipdir/dw03-pipe-reg","step":"verify","ok":true}
{"t":"2026-09-11T14:10:49.479Z","path":"/dw/ipdir/dw03-shftreg","step":"verify","ok":true}
{"t":"2026-09-11T14:10:49.881Z","path":"/dw/ipdir/dw03-updn-ctr","step":"verify","ok":true}
{"t":"2026-09-11T14:10:50.251Z","path":"/dw/ipdir/dw03-reg-s-pl","step":"verify","ok":true}
{"t":"2026-09-11T14:10:51.378Z","path":"/dw/ipdir/dw04-par-gen","step":"verify","ok":true}
{"t":"2026-09-11T14:10:53.011Z","path":"/dw/ipdir/dw04-shad-reg","step":"verify","ok":true}
{"t":"2026-09-11T14:10:53.433Z","path":"/dw/ipdir/dwf-dp-absval","step":"verify","ok":true}
{"t":"2026-09-11T14:10:55.115Z","path":"/dw/ipdir/dwf-dp-blend","step":"verify","ok":true}
{"t":"2026-09-11T14:10:56.105Z","path":"/dw/ipdir/dwf-dp-mult-comb-ovfldet","step":"verify","ok":true}
{"t":"2026-09-11T14:10:56.769Z","path":"/dw/ipdir/dwf-dp-count-ones","step":"verify","ok":true}
{"t":"2026-09-11T14:10:56.769Z","path":"/dw/ipdir/dwf-dp-mult-comb-sat","step":"verify","ok":true}
{"t":"2026-09-11T14:10:58.341Z","path":"/dw/ipdir/dwf-dp-mult-comb","step":"verify","ok":true}
{"t":"2026-09-11T14:10:58.861Z","path":"/dw/ipdir/dwf-dp-mult-ovfldet","step":"verify","ok":true}
{"t":"2026-09-11T14:11:00.637Z","path":"/dw/ipdir/dwf-dp-mult-sat","step":"verify","ok":true}
{"t":"2026-09-11T14:11:01.798Z","path":"/dw/ipdir/dwf-dp-rnd","step":"verify","ok":true}
{"t":"2026-09-11T14:11:02.550Z","path":"/dw/ipdir/dwf-dp-sat","step":"verify","ok":true}
{"t":"2026-09-11T14:11:03.151Z","path":"/dw/ipdir/dwf-dp-rndsat","step":"verify","ok":true}
{"t":"2026-09-11T14:11:03.448Z","path":"/dw/ipdir/dwf-dp-sign-select","step":"verify","ok":true}
{"t":"2026-09-11T14:11:04.418Z","path":"/dw/ipdir/dwf-dp-simd-add","step":"verify","ok":true}
{"t":"2026-09-11T14:11:06.234Z","path":"/dw/ipdir/dwf-dp-simd-addc","step":"verify","ok":true}
{"t":"2026-09-11T14:11:08.291Z","path":"/dw/ipdir/dwf-dp-sub-abs","step":"verify","ok":true}
{"t":"2026-09-11T14:11:08.501Z","path":"/dw/ipdir/dwf-dp-simd-mult","step":"verify","ok":true}
{"t":"2026-09-11T14:11:10.172Z","path":"/events/ai-infra-summit","step":"verify","ok":true}
{"t":"2026-09-11T14:11:10.658Z","path":"/events/ams-sig/proceedings-2026","step":"verify","ok":true}
{"t":"2026-09-11T14:11:10.762Z","path":"/dw/nvmipselector","step":"verify","ok":true}
{"t":"2026-09-11T14:11:12.793Z","path":"/events/ces","step":"verify","ok":true}
{"t":"2026-09-11T14:11:15.222Z","path":"/events/dvcon-us","step":"verify","ok":true}
{"t":"2026-09-11T14:11:16.425Z","path":"/events/embedded-world","step":"verify","ok":true}
{"t":"2026-09-11T14:11:16.942Z","path":"/events/isscc","step":"verify","ok":true}
{"t":"2026-09-11T14:11:18.121Z","path":"/events/memory-users-conference","step":"verify","ok":true}
{"t":"2026-09-11T14:11:18.384Z","path":"/events/dac-2026","step":"verify","ok":true}
{"t":"2026-09-11T14:11:19.080Z","path":"/events/nvidia-gtc","step":"verify","ok":true}
{"t":"2026-09-11T14:11:22.003Z","path":"/events/ofc","step":"verify","ok":true}
{"t":"2026-09-11T14:11:23.040Z","path":"/events/pci-sig-devcon","step":"verify","ok":true}
{"t":"2026-09-11T14:11:25.030Z","path":"/events/spie-advanced-lithography-patterning","step":"verify","ok":true}
{"t":"2026-09-11T14:11:25.356Z","path":"/events/spie-advanced-lithography-patterning/spie-papers","step":"verify","ok":true}
{"t":"2026-09-11T14:11:25.451Z","path":"/events/srts2022","step":"verify","ok":true}
{"t":"2026-09-11T14:11:26.311Z","path":"/events/tcad-virtual-asia-seminar","step":"verify","ok":true}
{"t":"2026-09-11T14:11:28.167Z","path":"/events/tsmc-oip-ecosystem-forum","step":"verify","ok":true}
{"t":"2026-09-11T14:11:29.562Z","path":"/events/tsmc-symposium","step":"verify","ok":true}
{"t":"2026-09-11T14:11:31.204Z","path":"/events/virtual-prototyping-day-2025/virtual-prototyping-day-form","step":"verify","ok":true}
{"t":"2026-09-11T14:11:31.617Z","path":"/events/virtual-prototyping-day-2025","step":"verify","ok":true}
{"t":"2026-09-11T14:11:31.721Z","path":"/events/virtual-mask-solutions-seminar-2025","step":"verify","ok":true}
{"t":"2026-09-11T14:11:33.044Z","path":"/glossary/what-are-atomistic-simulations","step":"verify","ok":true}
{"t":"2026-09-11T14:11:35.022Z","path":"/glossary/what-are-chiplets","step":"verify","ok":true}
{"t":"2026-09-11T14:11:35.582Z","path":"/glossary/what-are-machine-learned-force-fields","step":"verify","ok":true}
{"t":"2026-09-11T14:11:37.546Z","path":"/glossary/what-are-pvt-sensors","step":"verify","ok":true}
{"t":"2026-09-11T14:11:38.408Z","path":"/glossary/what-are-s-parameters","step":"verify","ok":true}
{"t":"2026-09-11T14:11:38.783Z","path":"/glossary/what-is-3dic","step":"verify","ok":true}
{"t":"2026-09-11T14:11:40.131Z","path":"/glossary/what-is-a-data-center","step":"verify","ok":true}
{"t":"2026-09-11T14:11:41.518Z","path":"/glossary/what-is-a-digital-twin","step":"verify","ok":true}
{"t":"2026-09-11T14:11:42.441Z","path":"/glossary/what-is-a-finfet","step":"verify","ok":true}
{"t":"2026-09-11T14:11:43.909Z","path":"/glossary/what-is-a-microchip","step":"verify","ok":true}
{"t":"2026-09-11T14:11:44.777Z","path":"/glossary/what-is-a-photonic-integrated-circuit","step":"verify","ok":true}
{"t":"2026-09-11T14:11:44.963Z","path":"/glossary/what-is-a-physical-unclonable-function","step":"verify","ok":true}
{"t":"2026-09-11T14:11:46.451Z","path":"/glossary/what-is-a-process-design-kit","step":"verify","ok":true}
{"t":"2026-09-11T14:11:48.695Z","path":"/glossary/what-is-adas","step":"verify","ok":true}
{"t":"2026-09-11T14:11:48.823Z","path":"/glossary/what-is-advanced-semiconductor-packaging","step":"verify","ok":true}
{"t":"2026-09-11T14:11:50.666Z","path":"/glossary/what-is-ai-chip-design","step":"verify","ok":true}
{"t":"2026-09-11T14:11:51.065Z","path":"/glossary/what-is-an-ai-accelerator","step":"verify","ok":true}
{"t":"2026-09-11T14:11:51.286Z","path":"/glossary/what-is-ai-driven-chip-design","step":"verify","ok":true}
{"t":"2026-09-11T14:11:53.351Z","path":"/glossary/what-is-an-electronics-digital-twin","step":"verify","ok":true}
{"t":"2026-09-11T14:11:54.777Z","path":"/glossary/what-is-an-rlc-circuit","step":"verify","ok":true}
{"t":"2026-09-11T14:11:54.913Z","path":"/glossary/what-is-analog-design","step":"verify","ok":true}
{"t":"2026-09-11T14:11:58.281Z","path":"/glossary/what-is-asil","step":"verify","ok":true}
{"t":"2026-09-11T14:11:58.282Z","path":"/glossary/what-is-asic-design","step":"verify","ok":true}
{"t":"2026-09-11T14:12:01.661Z","path":"/glossary/what-is-automatic-test-equipment","step":"verify","ok":true}
{"t":"2026-09-11T14:12:01.743Z","path":"/glossary/what-is-automotive-hardware-functional-safety","step":"verify","ok":true}
{"t":"2026-09-11T14:12:04.410Z","path":"/glossary/what-is-autonomous-car","step":"verify","ok":true}
{"t":"2026-09-11T14:12:05.455Z","path":"/glossary/what-is-automotive-virtualization","step":"verify","ok":true}
{"t":"2026-09-11T14:12:08.749Z","path":"/glossary/what-is-big-data-analytics","step":"verify","ok":true}
{"t":"2026-09-11T14:12:08.890Z","path":"/glossary/what-is-butterfly-puf","step":"verify","ok":true}
{"t":"2026-09-11T14:12:10.947Z","path":"/glossary/what-is-circuit-simulation","step":"verify","ok":true}
{"t":"2026-09-11T14:12:11.257Z","path":"/glossary/what-is-common-data-model","step":"verify","ok":true}
{"t":"2026-09-11T14:12:14.064Z","path":"/glossary/what-is-custom-ic","step":"verify","ok":true}
{"t":"2026-09-11T14:12:14.733Z","path":"/glossary/what-is-design-for-test","step":"verify","ok":true}
{"t":"2026-09-11T14:12:15.053Z","path":"/glossary/what-is-design-planning","step":"verify","ok":true}
{"t":"2026-09-11T14:12:15.345Z","path":"/glossary/what-is-design-rule-checking","step":"verify","ok":true}
{"t":"2026-09-11T14:12:17.409Z","path":"/glossary/what-is-design-space-optimization","step":"verify","ok":true}
{"t":"2026-09-11T14:12:17.940Z","path":"/glossary/what-is-die-to-die-interface","step":"verify","ok":true}
{"t":"2026-09-11T14:12:20.119Z","path":"/glossary/what-is-eda-agentic-ai","step":"verify","ok":true}
{"t":"2026-09-11T14:12:21.203Z","path":"/glossary/what-is-electromagnetic-coupling","step":"verify","ok":true}
{"t":"2026-09-11T14:12:21.224Z","path":"/glossary/what-is-edge-ai","step":"verify","ok":true}
{"t":"2026-09-11T14:12:21.868Z","path":"/glossary/what-is-electromigration","step":"verify","ok":true}
{"t":"2026-09-11T14:12:24.064Z","path":"/glossary/what-is-electronic-design-automation","step":"verify","ok":true}
{"t":"2026-09-11T14:12:24.593Z","path":"/glossary/what-is-equivalence-checking","step":"verify","ok":true}
{"t":"2026-09-11T14:12:26.276Z","path":"/glossary/what-is-fault-detection","step":"verify","ok":true}
{"t":"2026-09-11T14:12:27.032Z","path":"/glossary/what-is-functional-verification","step":"verify","ok":true}
{"t":"2026-09-11T14:12:27.368Z","path":"/glossary/what-is-functional-eco","step":"verify","ok":true}
{"t":"2026-09-11T14:12:27.378Z","path":"/glossary/what-is-field-programmable-gate-array","step":"verify","ok":true}
{"t":"2026-09-11T14:12:30.151Z","path":"/glossary/what-is-glitch-power","step":"verify","ok":true}
{"t":"2026-09-11T14:12:30.657Z","path":"/glossary/what-is-hav-emulation","step":"verify","ok":true}
{"t":"2026-09-11T14:12:31.918Z","path":"/glossary/what-is-hav-prototyping","step":"verify","ok":true}
{"t":"2026-09-11T14:12:32.956Z","path":"/glossary/what-is-high-bandwitdth-memory-3","step":"verify","ok":true}
{"t":"2026-09-11T14:12:33.174Z","path":"/glossary/what-is-hyper-convergent-design-flow","step":"verify","ok":true}
{"t":"2026-09-11T14:12:34.009Z","path":"/glossary/what-is-ic-design","step":"verify","ok":true}
{"t":"2026-09-11T14:12:35.751Z","path":"/glossary/what-is-ide","step":"verify","ok":true}
{"t":"2026-09-11T14:12:36.746Z","path":"/glossary/what-is-integrated-circuit","step":"verify","ok":true}
{"t":"2026-09-11T14:12:38.036Z","path":"/glossary/what-is-iso-26262","step":"verify","ok":true}
{"t":"2026-09-11T14:12:39.261Z","path":"/glossary/what-is-library-characterization","step":"verify","ok":true}
{"t":"2026-09-11T14:12:39.612Z","path":"/glossary/what-is-layout-versus-schematic-checking","step":"verify","ok":true}
{"t":"2026-09-11T14:12:40.243Z","path":"/glossary/what-is-lithography","step":"verify","ok":true}
{"t":"2026-09-11T14:12:41.591Z","path":"/glossary/what-is-logic-design","step":"verify","ok":true}
{"t":"2026-09-11T14:12:42.415Z","path":"/glossary/what-is-low-power-design","step":"verify","ok":true}
{"t":"2026-09-11T14:12:44.096Z","path":"/glossary/what-is-misra","step":"verify","ok":true}
{"t":"2026-09-11T14:12:44.859Z","path":"/glossary/what-is-mixed-signal-integrated-circuit","step":"verify","ok":true}
{"t":"2026-09-11T14:12:46.086Z","path":"/glossary/what-is-moores-law","step":"verify","ok":true}
{"t":"2026-09-11T14:12:46.670Z","path":"/glossary/what-is-model-based-design","step":"verify","ok":true}
{"t":"2026-09-11T14:12:48.002Z","path":"/glossary/what-is-nodal-analysis","step":"verify","ok":true}
{"t":"2026-09-11T14:12:48.712Z","path":"/glossary/what-is-parasitic-extraction","step":"verify","ok":true}
{"t":"2026-09-11T14:12:50.930Z","path":"/glossary/what-is-pci-express","step":"verify","ok":true}
{"t":"2026-09-11T14:12:53.174Z","path":"/glossary/what-is-physical-ai","step":"verify","ok":true}
{"t":"2026-09-11T14:12:53.174Z","path":"/glossary/what-is-physical-synthesis","step":"verify","ok":true}
{"t":"2026-09-11T14:12:54.455Z","path":"/glossary/what-is-physical-design","step":"verify","ok":true}
{"t":"2026-09-11T14:12:54.913Z","path":"/glossary/what-is-place-and-route","step":"verify","ok":true}
{"t":"2026-09-11T14:12:55.763Z","path":"/glossary/what-is-post-quantum-cryptography","step":"verify","ok":true}
{"t":"2026-09-11T14:12:56.916Z","path":"/glossary/what-is-power-optimization","step":"verify","ok":true}
{"t":"2026-09-11T14:13:04.035Z","path":"/glossary/what-is-programmable-electrical-rules-checking","step":"verify","ok":true}
{"t":"2026-09-11T14:13:04.706Z","path":"/glossary/what-is-power-performance-area-ppa","step":"verify","ok":true}
{"t":"2026-09-11T14:13:06.274Z","path":"/glossary/what-is-rf-circuit-design","step":"verify","ok":true}
{"t":"2026-09-11T14:13:06.544Z","path":"/glossary/what-is-reinforcement-learning","step":"verify","ok":true}
{"t":"2026-09-11T14:13:06.665Z","path":"/glossary/what-is-risc-v","step":"verify","ok":true}
{"t":"2026-09-11T14:13:10.858Z","path":"/glossary/what-is-robustness-analysis","step":"verify","ok":true}
{"t":"2026-09-11T14:13:11.076Z","path":"/glossary/what-is-register-transfer-level-design","step":"verify","ok":true}
{"t":"2026-09-11T14:13:11.746Z","path":"/glossary/what-is-root-of-trust","step":"verify","ok":true}
{"t":"2026-09-11T14:13:13.059Z","path":"/glossary/what-is-silicon-lifecycle-management","step":"verify","ok":true}
{"t":"2026-09-11T14:13:13.070Z","path":"/glossary/what-is-serdes","step":"verify","ok":true}
{"t":"2026-09-11T14:13:13.709Z","path":"/glossary/what-is-silicon-die","step":"verify","ok":true}
{"t":"2026-09-11T14:13:16.384Z","path":"/glossary/what-is-simulation","step":"verify","ok":true}
{"t":"2026-09-11T14:13:17.159Z","path":"/glossary/what-is-smartscaling","step":"verify","ok":true}
{"t":"2026-09-11T14:13:18.979Z","path":"/glossary/what-is-sram-puf","step":"verify","ok":true}
{"t":"2026-09-11T14:13:19.843Z","path":"/glossary/what-is-synthesis","step":"verify","ok":true}
{"t":"2026-09-11T14:13:20.033Z","path":"/glossary/what-is-static-timing-analysis","step":"verify","ok":true}
{"t":"2026-09-11T14:13:20.050Z","path":"/glossary/what-is-system-on-a-chip","step":"verify","ok":true}
{"t":"2026-09-11T14:13:23.675Z","path":"/glossary/what-is-triple-shift-left","step":"verify","ok":true}
{"t":"2026-09-11T14:13:24.573Z","path":"/glossary/what-is-ucie","step":"verify","ok":true}
{"t":"2026-09-11T14:13:25.789Z","path":"/glossary/what-is-universal-flash-storage","step":"verify","ok":true}
{"t":"2026-09-11T14:13:26.260Z","path":"/glossary/what-is-usb4","step":"verify","ok":true}
{"t":"2026-09-11T14:13:26.769Z","path":"/glossary/what-is-vehicle-electrification","step":"verify","ok":true}
{"t":"2026-09-11T14:13:26.874Z","path":"/glossary/what-is-verification","step":"verify","ok":true}
{"t":"2026-09-11T14:13:28.922Z","path":"/glossary/what-is-virtual-prototyping","step":"verify","ok":true}
{"t":"2026-09-11T14:13:30.997Z","path":"/glossary/what-is-voltage-drop","step":"verify","ok":true}
{"t":"2026-09-11T14:13:32.584Z","path":"/glossary/what-is-wiring-harness","step":"verify","ok":true}
{"t":"2026-09-11T14:13:32.770Z","path":"/glossary","step":"verify","ok":true}
{"t":"2026-09-11T14:13:33.140Z","path":"/implementation-and-signoff/ams-simulation/paragonx","step":"verify","ok":true}
{"t":"2026-09-11T14:13:33.629Z","path":"/implementation-and-signoff/ams-simulation/primex","step":"verify","ok":true}
{"t":"2026-09-11T14:13:35.208Z","path":"/implementation-and-signoff/custom-design-platform","step":"verify","ok":true}
{"t":"2026-09-11T14:13:37.281Z","path":"/implementation-and-signoff/lynxnxt-automation-system/flow","step":"verify","ok":true}
{"t":"2026-09-11T14:13:38.748Z","path":"/implementation-and-signoff/physical-verification/demo-video","step":"verify","ok":true}
{"t":"2026-09-11T14:13:39.151Z","path":"/implementation-and-signoff/lynxnxt-automation-system/runtime-manager","step":"verify","ok":true}
{"t":"2026-09-11T14:13:39.484Z","path":"/implementation-and-signoff/physical-verification","step":"verify","ok":true}
{"t":"2026-09-11T14:13:40.519Z","path":"/implementation-and-signoff/resources/videos/rtla-verdi-demo-full","step":"verify","ok":true}
{"t":"2026-09-11T14:13:40.519Z","path":"/implementation-and-signoff/physical-verification/icv-workbench","step":"verify","ok":true}
{"t":"2026-09-11T14:13:43.178Z","path":"/implementation-and-signoff/resources/videos/srts2022","step":"verify","ok":true}
{"t":"2026-09-11T14:13:46.966Z","path":"/implementation-and-signoff/resources/videos/synopsys-custom-compiler","step":"verify","ok":true}
{"t":"2026-09-11T14:13:55.390Z","path":"/implementation-and-signoff/rtl-synthesis-test/design-compiler-nxt","step":"verify","ok":true}
{"t":"2026-09-11T14:13:55.539Z","path":"/implementation-and-signoff/signoff/primeesd","step":"verify","ok":true}
{"t":"2026-09-11T14:13:56.548Z","path":"/implementation-and-signoff/signal-and-power-integrity","step":"verify","ok":true}
{"t":"2026-09-11T14:13:56.896Z","path":"/implementation-and-signoff/signoff/electrical-layout-verification","step":"verify","ok":false,"why":"fetch failed"}
{"t":"2026-09-11T14:13:59.941Z","path":"/implementation-and-signoff/signoff/primepower","step":"verify","ok":true}
{"t":"2026-09-11T14:14:02.239Z","path":"/implementation-and-signoff/signoff/primetime/tool-demos","step":"verify","ok":true}
{"t":"2026-09-11T14:14:03.441Z","path":"/implementation-and-signoff/signoff/redhawk-sc-electrothermal","step":"verify","ok":true}
{"t":"2026-09-11T14:14:03.771Z","path":"/implementation-and-signoff/signoff/starrc","step":"verify","ok":true}
{"t":"2026-09-11T14:14:03.958Z","path":"/implementation-and-signoff/test-automation/testmax-advisor","step":"verify","ok":true}
{"t":"2026-09-11T14:14:05.735Z","path":"/implementation-and-signoff/signoff/primeshield","step":"verify","ok":true}
{"t":"2026-09-11T14:14:05.977Z","path":"/manufacturing/augmented-reality-wp","step":"verify","ok":true}
{"t":"2026-09-11T14:14:08.041Z","path":"/manufacturing/manufacturing-analytics","step":"verify","ok":true}
{"t":"2026-09-11T14:14:09.333Z","path":"/manufacturing/mask-solutions/mdp","step":"verify","ok":true}
{"t":"2026-09-11T14:14:10.332Z","path":"/manufacturing/mask-solutions/proteus","step":"verify","ok":true}
{"t":"2026-09-11T14:14:10.863Z","path":"/manufacturing/mask-solutions/s-litho","step":"verify","ok":true}
{"t":"2026-09-11T14:14:11.560Z","path":"/manufacturing/mask-solutions/silicon-workbench","step":"verify","ok":true}
{"t":"2026-09-11T14:14:12.295Z","path":"/manufacturing/mask-solutions","step":"verify","ok":true}
{"t":"2026-09-11T14:14:14.603Z","path":"/manufacturing/quantumatk/atomistic-simulation-products/machine-learned-force-fields","step":"verify","ok":true}
{"t":"2026-09-11T14:14:16.187Z","path":"/manufacturing/quantumatk/atomistic-simulation-products","step":"verify","ok":true}
{"t":"2026-09-11T14:14:16.421Z","path":"/manufacturing/quantumatk/contact-us/contact-sales","step":"verify","ok":true}
{"t":"2026-09-11T14:14:17.399Z","path":"/manufacturing/quantumatk/contact-us","step":"verify","ok":true}
{"t":"2026-09-11T14:14:17.808Z","path":"/manufacturing/quantumatk/materials-modeling/applications","step":"verify","ok":true}
{"t":"2026-09-11T14:14:19.048Z","path":"/manufacturing/quantumatk/materials-modeling/battery-simulation","step":"verify","ok":true}
{"t":"2026-09-11T14:14:21.851Z","path":"/manufacturing/quantumatk/materials-modeling/polymer-simulation","step":"verify","ok":true}
{"t":"2026-09-11T14:14:23.261Z","path":"/manufacturing/quantumatk/materials-modeling","step":"verify","ok":true}
{"t":"2026-09-11T14:14:24.069Z","path":"/manufacturing/quantumatk/on-demand-webinars","step":"verify","ok":true}
{"t":"2026-09-11T14:14:24.648Z","path":"/manufacturing/quantumatk/semiconductor-modeling","step":"verify","ok":true}
{"t":"2026-09-11T14:14:24.782Z","path":"/manufacturing/resources/datasheets","step":"verify","ok":true}
{"t":"2026-09-11T14:14:25.533Z","path":"/manufacturing/quantumatk","step":"verify","ok":true}
{"t":"2026-09-11T14:14:27.553Z","path":"/manufacturing/tcad/device-simulation/sentaurus-device","step":"verify","ok":true}
{"t":"2026-09-11T14:14:29.636Z","path":"/manufacturing/tcad","step":"verify","ok":true}
{"t":"2026-09-11T14:14:30.744Z","path":"/newsroom","step":"verify","ok":true}
{"t":"2026-09-11T14:14:31.429Z","path":"/partners/arm","step":"verify","ok":true}
{"t":"2026-09-11T14:14:31.943Z","path":"/partners/bluespec","step":"verify","ok":true}
{"t":"2026-09-11T14:14:31.943Z","path":"/partners/globalfoundries","step":"verify","ok":true}
{"t":"2026-09-11T14:14:33.566Z","path":"/partners/imagination","step":"verify","ok":true}
{"t":"2026-09-11T14:14:35.621Z","path":"/partners/nvidia","step":"verify","ok":true}
{"t":"2026-09-11T14:14:37.553Z","path":"/partners/samsung","step":"verify","ok":true}
{"t":"2026-09-11T14:14:38.079Z","path":"/partners/sifive","step":"verify","ok":true}
{"t":"2026-09-11T14:14:38.396Z","path":"/partners/tower-semiconductor","step":"verify","ok":true}
{"t":"2026-09-11T14:14:38.926Z","path":"/partners/tsmc","step":"verify","ok":true}
{"t":"2026-09-11T14:14:39.558Z","path":"/partners/umc","step":"verify","ok":true}
{"t":"2026-09-11T14:14:41.473Z","path":"/photonic-solutions/optocompiler/optodesigner/autorouting","step":"verify","ok":true}
{"t":"2026-09-11T14:14:43.072Z","path":"/photonic-solutions/optocompiler/optodesigner/design-rule-checking-module","step":"verify","ok":true}
{"t":"2026-09-11T14:14:44.587Z","path":"/photonic-solutions/optocompiler/optsim-photonic-ic","step":"verify","ok":false,"why":"about:error in delivered html"}
{"t":"2026-09-11T14:14:45.347Z","path":"/photonic-solutions/optocompiler/optodesigner/lattice-filter-design-module","step":"verify","ok":true}
{"t":"2026-09-11T14:14:46.093Z","path":"/photonic-solutions/product-applications/photonic-integrated-circuits/bidirectional-interface","step":"verify","ok":true}
{"t":"2026-09-11T14:14:46.102Z","path":"/photonic-solutions/product-applications/photonic-integrated-circuits/measurement-modulator-chirp-factor-fiber-dispersion","step":"verify","ok":true}
{"t":"2026-09-11T14:14:47.122Z","path":"/photonic-solutions/product-applications/photonic-integrated-circuits/pic-transparent-components","step":"verify","ok":true}
{"t":"2026-09-11T14:14:49.687Z","path":"/photonic-solutions/product-applications/photonic-integrated-circuits/polarization-in-photonic-integrated-circuit","step":"verify","ok":true}
{"t":"2026-09-11T14:14:51.595Z","path":"/resources/1-6t-ethernet-mac-ip-datasheet","step":"verify","ok":true}
{"t":"2026-09-11T14:14:52.103Z","path":"/photonic-solutions/product-applications/pon-catv-rof/ask-modulated-rf-subcarrier-fiber-optic-transmission","step":"verify","ok":true}
{"t":"2026-09-11T14:14:52.137Z","path":"/photonic-solutions/product-applications/photonic-integrated-circuits/qpsk-transceiver-pic","step":"verify","ok":true}
{"t":"2026-09-11T14:14:52.297Z","path":"/photonic-solutions/product-applications/pon-catv-rof/estimating-noise-figure-of-rf-over-fiber-link","step":"verify","ok":true}
{"t":"2026-09-11T14:14:53.514Z","path":"/resources/1-6t-ethernet-pcs-ip-datasheet","step":"verify","ok":true}
{"t":"2026-09-11T14:14:55.439Z","path":"/resources/1-8v-1-5v-1-2v-gpio-ip-for-gf-12lp-datasheet","step":"verify","ok":true}
{"t":"2026-09-11T14:14:57.497Z","path":"/resources/10g-ethernet-xgmac-datasheet","step":"verify","ok":true}
{"t":"2026-09-11T14:14:57.912Z","path":"/resources/100g-200g-400g-800g-ethernet-mac-ip-datasheet","step":"verify","ok":true}
{"t":"2026-09-11T14:14:58.176Z","path":"/resources/100g-ethernet-pcs-ip-datasheet","step":"verify","ok":true}
{"t":"2026-09-11T14:14:58.577Z","path":"/resources/112g-ethernet-phy-ip-datasheet","step":"verify","ok":true}
{"t":"2026-09-11T14:14:59.598Z","path":"/resources/112g-ethernet-phy-ip-for-very-short-reach-datasheet","step":"verify","ok":true}
{"t":"2026-09-11T14:15:00.550Z","path":"/resources/200g-400g-800g-ethernet-mac-ip-datasheet","step":"verify","ok":true}
{"t":"2026-09-11T14:15:03.721Z","path":"/resources/200g-400g-and-800g-ethernet-mac-and-pcs-ip-datasheet","step":"verify","ok":true}
{"t":"2026-09-11T14:15:04.013Z","path":"/resources/200g-and-400g-ethernet-pcs-ip-datasheet","step":"verify","ok":true}
{"t":"2026-09-11T14:15:05.234Z","path":"/resources/3dicc-brochure","step":"verify","ok":true}
{"t":"2026-09-11T14:15:05.506Z","path":"/resources/224g-phy-ai-networks","step":"verify","ok":true}
{"t":"2026-09-11T14:15:05.568Z","path":"/resources/224g-ethernet-phy-ip-datasheet","step":"verify","ok":true}
{"t":"2026-09-11T14:15:06.967Z","path":"/resources/3dio-ip-solution-datasheet","step":"verify","ok":true}
{"t":"2026-09-11T14:15:09.182Z","path":"/resources/accelerate-sdv-development-electronics-digital-twin-platform","step":"verify","ok":true}
{"t":"2026-09-11T14:15:09.478Z","path":"/resources/achieving-consistent-rtl-power-accuracy","step":"verify","ok":true}
{"t":"2026-09-11T14:15:11.561Z","path":"/resources/agile-pqc-public-key-accelerators-datasheet","step":"verify","ok":true}
{"t":"2026-09-11T14:15:12.342Z","path":"/resources/amba-advanced-i2c-smbus-controller-and-target-device-ip-datasheet","step":"verify","ok":true}
{"t":"2026-09-11T14:15:13.392Z","path":"/resources/avsbus-controller-ip-datasheet","step":"verify","ok":true}
{"t":"2026-09-11T14:15:13.648Z","path":"/resources/advanced-packaging-multi-die","step":"verify","ok":true}
{"t":"2026-09-11T14:15:14.759Z","path":"/resources/bump-tsv-planning-multi-die","step":"verify","ok":true}
{"t":"2026-09-11T14:15:15.073Z","path":"/resources/chip-design-space-applications","step":"verify","ok":true}
{"t":"2026-09-11T14:15:17.848Z","path":"/resources/complete-1-6t-ethernet-ip-solution-datasheet","step":"verify","ok":true}
{"t":"2026-09-11T14:15:18.457Z","path":"/resources/complete-1-6t-ultra-ethernet-ip-solution-datasheet","step":"verify","ok":true}
{"t":"2026-09-11T14:15:19.254Z","path":"/resources/displayport-tx-ip-complete-solution-datasheet","step":"verify","ok":true}
{"t":"2026-09-11T14:15:19.762Z","path":"/resources/deep-low-voltage-transistor-foundation-ip","step":"verify","ok":true}
{"t":"2026-09-11T14:15:21.082Z","path":"/resources/edge-ai-low-voltage-ip","step":"verify","ok":true}
{"t":"2026-09-11T14:15:21.380Z","path":"/resources/exalto","step":"verify","ok":true}
{"t":"2026-09-11T14:15:24.532Z","path":"/resources/foundation-cores-datasheet","step":"verify","ok":true}
{"t":"2026-09-11T14:15:25.081Z","path":"/resources/gpu-support-nvidia","step":"verify","ok":true}
{"t":"2026-09-11T14:15:25.383Z","path":"/resources/foundation-ip-for-tsmc-28hpm-datasheet","step":"verify","ok":true}
{"t":"2026-09-11T14:15:25.502Z","path":"/resources/hardware-root-trust-security-ip","step":"verify","ok":true}
{"t":"2026-09-11T14:15:26.921Z","path":"/resources/hav-for-multi-die","step":"verify","ok":true}
{"t":"2026-09-11T14:15:27.630Z","path":"/resources/hbm4-phy-ip-datasheet","step":"verify","ok":true}
{"t":"2026-09-11T14:15:29.683Z","path":"/resources/hdmi-1-3-receiver-controller-ip-datasheet","step":"verify","ok":true}
{"t":"2026-09-11T14:15:31.087Z","path":"/resources/i2s-controller-ip-datasheet","step":"verify","ok":true}
{"t":"2026-09-11T14:15:31.436Z","path":"/resources/inside-ai-accelerator","step":"verify","ok":true}
{"t":"2026-09-11T14:15:31.951Z","path":"/resources/i2s-tdm-audio-controller-ip-datasheet","step":"verify","ok":true}
{"t":"2026-09-11T14:15:32.914Z","path":"/resources/ip-3d-multi-die-design","step":"verify","ok":true}
{"t":"2026-09-11T14:15:33.955Z","path":"/resources/looking-into-linear-pluggable-optics","step":"verify","ok":true}
{"t":"2026-09-11T14:15:35.341Z","path":"/resources/macsec-security-modules-for-ethernet-datasheet","step":"verify","ok":true}
{"t":"2026-09-11T14:15:36.999Z","path":"/resources/mipi-m-phy-datasheet","step":"verify","ok":true}
{"t":"2026-09-11T14:15:37.268Z","path":"/resources/mtp-eeprom-nvm-ip-datasheet","step":"verify","ok":true}
{"t":"2026-09-11T14:15:38.521Z","path":"/resources/multi-port-switch-ip-for-pci-express-datasheet","step":"verify","ok":true}
{"t":"2026-09-11T14:15:38.572Z","path":"/resources/multi-die-systems-start-guide","step":"verify","ok":true}
{"t":"2026-09-11T14:15:39.838Z","path":"/resources/multi-protocol-10g-phy-ip-datasheet","step":"verify","ok":true}
{"t":"2026-09-11T14:15:41.221Z","path":"/resources/multiphysics-fusion-technology-for-multi-die","step":"verify","ok":true}
{"t":"2026-09-11T14:15:43.028Z","path":"/resources/optimized-system-power","step":"verify","ok":true}
{"t":"2026-09-11T14:15:43.546Z","path":"/resources/optimizing-analog-design-multiphysics","step":"verify","ok":true}
{"t":"2026-09-11T14:15:44.314Z","path":"/resources/pathfinder-sc","step":"verify","ok":true}
{"t":"2026-09-11T14:15:44.826Z","path":"/resources/pci-express-to-arm-amba-ahb-bridge-datasheet","step":"verify","ok":true}
{"t":"2026-09-11T14:15:45.136Z","path":"/resources/pcie-multistream-ai-bandwidth","step":"verify","ok":true}
{"t":"2026-09-11T14:15:46.996Z","path":"/resources/pcie5-edge-ai-soc","step":"verify","ok":true}
{"t":"2026-09-11T14:15:48.389Z","path":"/resources/powerx","step":"verify","ok":true}
{"t":"2026-09-11T14:15:49.298Z","path":"/resources/proven-ip-for-silicon-design","step":"verify","ok":true}
{"t":"2026-09-11T14:15:50.123Z","path":"/resources/puf-based-hardware-ip-defense-applications","step":"verify","ok":true}
{"t":"2026-09-11T14:15:50.457Z","path":"/resources/puf-base-premium-datasheet","step":"verify","ok":true}
{"t":"2026-09-11T14:15:50.823Z","path":"/resources/puf-base-premium-software-datasheet","step":"verify","ok":true}
{"t":"2026-09-11T14:15:52.056Z","path":"/resources/quantumatk","step":"verify","ok":true}
{"t":"2026-09-11T14:15:53.598Z","path":"/resources/redhawk-sc-electrothermal","step":"verify","ok":true}
{"t":"2026-09-11T14:15:55.587Z","path":"/resources/redhawk-sc-security","step":"verify","ok":true}
{"t":"2026-09-11T14:15:56.059Z","path":"/resources/security-ai-whitepaper","step":"verify","ok":true}
{"t":"2026-09-11T14:15:56.466Z","path":"/resources/rethinking-automotive","step":"verify","ok":true}
{"t":"2026-09-11T14:15:56.750Z","path":"/resources/security-puf-fpga-a-datasheet","step":"verify","ok":true}
{"t":"2026-09-11T14:15:58.092Z","path":"/resources/sil-kit-vector-synopsys-wp","step":"verify","ok":true}
{"t":"2026-09-11T14:15:59.177Z","path":"/resources/simulating-atomic-layer-processing-2d-materials","step":"verify","ok":true}
{"t":"2026-09-11T14:16:01.087Z","path":"/resources/software-defined-hardware-assisted-verification-ai-era","step":"verify","ok":true}
{"t":"2026-09-11T14:16:01.684Z","path":"/resources/software-development-system-validation-collaboration-electronics-digital-twin","step":"verify","ok":true}
{"t":"2026-09-11T14:16:03.328Z","path":"/resources/synchronous-serial-interface-ssi-controller-ip-datasheet","step":"verify","ok":true}
{"t":"2026-09-11T14:16:04.366Z","path":"/resources/standards-compliant-112g-phy-for-linear-optics","step":"verify","ok":true}
{"t":"2026-09-11T14:16:04.543Z","path":"/resources/ternary-cam-compilers-datasheet","step":"verify","ok":true}
{"t":"2026-09-11T14:16:04.632Z","path":"/resources/totem","step":"verify","ok":true}
{"t":"2026-09-11T14:16:07.424Z","path":"/resources/troot-hardware-secure-module-for-automotive-datasheet","step":"verify","ok":true}
{"t":"2026-09-11T14:16:07.895Z","path":"/resources/true-random-number-generator-datasheet","step":"verify","ok":true}
{"t":"2026-09-11T14:16:09.509Z","path":"/resources/ualinksec-200-security-module","step":"verify","ok":true}
{"t":"2026-09-11T14:16:09.960Z","path":"/resources/ucie-controller-ip-datasheet","step":"verify","ok":true}
{"t":"2026-09-11T14:16:10.376Z","path":"/resources/ultra-high-performance-aes-xts-ecb-ip-core-datasheet","step":"verify","ok":true}
{"t":"2026-09-11T14:16:10.701Z","path":"/resources/ucie-phy-ip-datasheet","step":"verify","ok":true}
{"t":"2026-09-11T14:16:13.027Z","path":"/resources/unifying-storage-diversity-leveraging-pcie-ip-for-multi-device-multi-form-factor-designs-white-paper","step":"verify","ok":true}
{"t":"2026-09-11T14:16:13.558Z","path":"/resources/unleashing-analog-design","step":"verify","ok":true}
{"t":"2026-09-11T14:16:14.902Z","path":"/resources/usb-2-0-controller-ip-datasheet","step":"verify","ok":true}
{"t":"2026-09-11T14:16:15.673Z","path":"/resources/usb4-ip-solution-datasheet","step":"verify","ok":true}
{"t":"2026-09-11T14:16:16.056Z","path":"/resources/usb-3-1-evolution-and-revolution-white-paper","step":"verify","ok":true}
{"t":"2026-09-11T14:16:16.957Z","path":"/resources/usb4-user-expectations-drive-design-complexity-white-paper","step":"verify","ok":true}
{"t":"2026-09-11T14:16:19.356Z","path":"/resources/what-designers-need-to-know-about-usb-low-power-states-white-paper","step":"verify","ok":true}
{"t":"2026-09-11T14:16:19.556Z","path":"/resources/velocerf","step":"verify","ok":true}
{"t":"2026-09-11T14:16:20.526Z","path":"/resources/which-ddr-sdram-memory-to-use-and-when-white-paper","step":"verify","ok":true}
{"t":"2026-09-11T14:16:21.055Z","path":"/services/design-services/physical-design-assistance","step":"verify","ok":true}
{"t":"2026-09-11T14:16:21.663Z","path":"/resources/xsr-phy-ip-datasheet","step":"verify","ok":true}
{"t":"2026-09-11T14:16:22.501Z","path":"/services/design-services/soc-design-services","step":"verify","ok":true}
{"t":"2026-09-11T14:16:24.829Z","path":"/solutions/aerospace-government/contact-us","step":"verify","ok":true}
{"t":"2026-09-11T14:16:25.920Z","path":"/solutions/aerospace-government","step":"verify","ok":true}
{"t":"2026-09-11T14:16:26.281Z","path":"/solutions/automotive/functional-safety-and-security","step":"verify","ok":true}
{"t":"2026-09-11T14:16:26.838Z","path":"/solutions/automotive/safety-aware-solution","step":"verify","ok":true}
{"t":"2026-09-11T14:16:28.075Z","path":"/solutions/automotive/safety-specification-format","step":"verify","ok":true}
{"t":"2026-09-11T14:16:29.174Z","path":"/solutions/automotive","step":"verify","ok":true}
{"t":"2026-09-11T14:16:41.268Z","path":"/solutions/hpc-data-center","step":"verify","ok":true}
{"t":"2026-09-11T14:16:41.311Z","path":"/solutions/electronics-digital-twin","step":"verify","ok":true}
{"t":"2026-09-11T14:16:43.289Z","path":"/solutions/iot","step":"verify","ok":true}
{"t":"2026-09-11T14:16:45.989Z","path":"/solutions/memory/dtco","step":"verify","ok":true}
{"t":"2026-09-11T14:16:49.625Z","path":"/solutions/multi-die-design/resources","step":"verify","ok":true}
{"t":"2026-09-11T14:16:52.617Z","path":"/solutions/multi-die-design","step":"verify","ok":true}
{"t":"2026-09-11T14:16:52.814Z","path":"/solutions/memory/reliability","step":"verify","ok":true}
{"t":"2026-09-11T14:16:53.020Z","path":"/solutions/multi-die-design/contact-us","step":"verify","ok":true}
{"t":"2026-09-11T14:16:53.873Z","path":"/solutions/risc-v","step":"verify","ok":true}
{"t":"2026-09-11T14:16:54.053Z","path":"/solutions/multi-die-design/heterogeneous-integration","step":"verify","ok":true}
{"t":"2026-09-11T14:16:56.012Z","path":"/solutions/silicon-lifecycle-management/data-highway/high-speed-access-and-test","step":"verify","ok":true}
{"t":"2026-09-11T14:16:58.917Z","path":"/solutions/silicon-lifecycle-management/data-highway/synopsys-ip-shs","step":"verify","ok":true}
{"t":"2026-09-11T14:16:59.946Z","path":"/solutions/silicon-lifecycle-management/environmental-monitors","step":"verify","ok":true}
{"t":"2026-09-11T14:17:00.121Z","path":"/solutions/silicon-lifecycle-management/structural-monitors/path-margin-monitor-ip","step":"verify","ok":true}
{"t":"2026-09-11T14:17:00.343Z","path":"/solutions/silicon-lifecycle-management/environmental-monitors/slm-pvt-monitor-ip","step":"verify","ok":true}
{"t":"2026-09-11T14:17:00.987Z","path":"/solutions/silicon-lifecycle-management/structural-monitors/slm-ucie-mtr-ip","step":"verify","ok":true}
{"t":"2026-09-11T14:17:02.315Z","path":"/solutions/silicon-lifecycle-management/yield-explorer","step":"verify","ok":true}
{"t":"2026-09-11T14:17:06.473Z","path":"/solutions/silicon-lifecycle-management","step":"verify","ok":true}
{"t":"2026-09-11T14:17:06.772Z","path":"/success-stories/fujitsu-next-gen-processor-fugakunext-supercomputer","step":"verify","ok":true}
{"t":"2026-09-11T14:17:06.918Z","path":"/success-stories/carnegie-technologies-iot-security-for-asset-management","step":"verify","ok":true}
{"t":"2026-09-11T14:17:07.620Z","path":"/success-stories/intel-accelerates-x-propagation-debug-with-synopsys-verdi-xrca-technology","step":"verify","ok":true}
{"t":"2026-09-11T14:17:08.475Z","path":"/success-stories/intel-replicates-real-world-vulnerability","step":"verify","ok":true}
{"t":"2026-09-11T14:17:08.734Z","path":"/success-stories/intel-self-timed-sram-timing-verification-nanotime","step":"verify","ok":true}
{"t":"2026-09-11T14:17:13.423Z","path":"/success-stories/rain-ai-low-power-ai-accelerator-chip-synopsys-cloud","step":"verify","ok":true}
{"t":"2026-09-11T14:17:13.438Z","path":"/success-stories/iontra-accelerates-dev-synopsys-cloud-saas","step":"verify","ok":true}
{"t":"2026-09-11T14:17:14.015Z","path":"/success-stories/mediatek-2nm-sram-yield-hcva-primesim-xa","step":"verify","ok":true}
{"t":"2026-09-11T14:17:14.667Z","path":"/success-stories/weeteq-tapes-out-ai","step":"verify","ok":true}
{"t":"2026-09-11T14:17:15.124Z","path":"/support/global-support-centers","step":"verify","ok":true}
{"t":"2026-09-11T14:17:15.125Z","path":"/support/licensing-installation-computeplatforms/ansys-scbu-migration","step":"verify","ok":true}
{"t":"2026-09-11T14:17:20.027Z","path":"/support/licensing-installation-computeplatforms/compute-platforms/compute-platforms-roadmap","step":"verify","ok":true}
{"t":"2026-09-11T14:17:20.120Z","path":"/support/licensing-installation-computeplatforms/ansys","step":"verify","ok":true}
{"t":"2026-09-11T14:17:20.841Z","path":"/support/licensing-installation-computeplatforms/compute-platforms/platform-notice/2020-s-foundation-centos-and-rhel-support-changes","step":"verify","ok":true}
{"t":"2026-09-11T14:17:21.223Z","path":"/support/licensing-installation-computeplatforms/compute-platforms/platform-notice/2021-t-foundation-centos-support-changes","step":"verify","ok":true}
{"t":"2026-09-11T14:17:21.296Z","path":"/support/licensing-installation-computeplatforms/compute-platforms/platform-notice/2023-w-foundation-win-support-changes","step":"verify","ok":true}
{"t":"2026-09-11T14:17:22.049Z","path":"/support/licensing-installation-computeplatforms/compute-platforms/platform-notice/2022-v-foundation-sles-support-changes","step":"verify","ok":true}
{"t":"2026-09-11T14:17:26.701Z","path":"/support/licensing-installation-computeplatforms/compute-platforms/platform-notice/2025-y-foundation-centos-support-changes","step":"verify","ok":true}
{"t":"2026-09-11T14:17:27.293Z","path":"/support/licensing-installation-computeplatforms/compute-platforms/release-specific-support/supported-q-foundation","step":"verify","ok":true}
{"t":"2026-09-11T14:17:27.523Z","path":"/support/licensing-installation-computeplatforms/compute-platforms/platform-notice/2025-y-foundation-sles-and-win-support-changes","step":"verify","ok":true}
{"t":"2026-09-11T14:17:27.792Z","path":"/support/licensing-installation-computeplatforms/compute-platforms/release-specific-support/supported-a-foundation","step":"verify","ok":true}
{"t":"2026-09-11T14:17:27.833Z","path":"/support/licensing-installation-computeplatforms/compute-platforms/release-specific-support/supported-o-foundation","step":"verify","ok":true}
{"t":"2026-09-11T14:17:28.440Z","path":"/support/licensing-installation-computeplatforms/compute-platforms/release-specific-support/supported-r-foundation","step":"verify","ok":true}
{"t":"2026-09-11T14:17:33.023Z","path":"/support/licensing-installation-computeplatforms/compute-platforms/release-specific-support/supported-s-foundation","step":"verify","ok":true}
{"t":"2026-09-11T14:17:33.823Z","path":"/support/licensing-installation-computeplatforms/compute-platforms/release-specific-support/supported-u-foundation","step":"verify","ok":true}
{"t":"2026-09-11T14:17:34.266Z","path":"/support/licensing-installation-computeplatforms/compute-platforms/release-specific-support/supported-v-foundation","step":"verify","ok":true}
{"t":"2026-09-11T14:17:34.445Z","path":"/support/licensing-installation-computeplatforms/compute-platforms/release-specific-support/supported-t-foundation","step":"verify","ok":true}
{"t":"2026-09-11T14:17:34.445Z","path":"/support/licensing-installation-computeplatforms/compute-platforms/release-specific-support/supported-w-foundation","step":"verify","ok":true}
{"t":"2026-09-11T14:17:35.651Z","path":"/support/licensing-installation-computeplatforms/compute-platforms/release-specific-support/supported-x-foundation","step":"verify","ok":true}
{"t":"2026-09-11T14:17:38.911Z","path":"/support/licensing-installation-computeplatforms/compute-platforms/release-specific-support/supported-y-foundation","step":"verify","ok":true}
{"t":"2026-09-11T14:17:40.649Z","path":"/support/licensing-installation-computeplatforms/licensing/dongle","step":"verify","ok":true}
{"t":"2026-09-11T14:17:40.795Z","path":"/support/licensing-installation-computeplatforms/css","step":"verify","ok":true}
{"t":"2026-09-11T14:17:40.956Z","path":"/support/licensing-installation-computeplatforms/compute-platforms/release-specific-support/supported-z-foundation","step":"verify","ok":true}
{"t":"2026-09-11T14:17:41.175Z","path":"/support/licensing-installation-computeplatforms/licensing/determining-the-correct-flexnet-hostid","step":"verify","ok":true}
{"t":"2026-09-11T14:17:41.836Z","path":"/support/licensing-installation-computeplatforms/licensing/springsoft-tools","step":"verify","ok":true}
{"t":"2026-09-11T14:17:45.406Z","path":"/support/training/course-options","step":"verify","ok":true}
{"t":"2026-09-11T14:17:46.788Z","path":"/support/training/locations/locations-taiwan","step":"verify","ok":true}
{"t":"2026-09-11T14:17:47.188Z","path":"/support/training/purple-certification","step":"verify","ok":true}
{"t":"2026-09-11T14:17:48.331Z","path":"/support/training/self-paced","step":"verify","ok":true}
{"t":"2026-09-11T14:17:48.503Z","path":"/support/wget-installation-guide","step":"verify","ok":true}
{"t":"2026-09-11T14:17:49.533Z","path":"/synopsys-ansys-united","step":"verify","ok":true}
{"t":"2026-09-11T14:17:52.090Z","path":"/verification/debug/verdi-hw-sw-debug","step":"verify","ok":true}
{"t":"2026-09-11T14:17:52.826Z","path":"/verification/debug/verdi-upf-architect","step":"verify","ok":true}
{"t":"2026-09-11T14:17:54.892Z","path":"/verification/debug/verdi","step":"verify","ok":true}
{"t":"2026-09-11T14:17:55.246Z","path":"/verification/emulation-prototyping/emulation/zebu-cloud-solution","step":"verify","ok":true}
{"t":"2026-09-11T14:17:55.615Z","path":"/verification/emulation-prototyping/emulation/zebu-server","step":"verify","ok":true}
{"t":"2026-09-11T14:17:56.766Z","path":"/verification/emulation-prototyping/emulation","step":"verify","ok":true}
{"t":"2026-09-11T14:17:58.947Z","path":"/verification/emulation-prototyping/hav-interface-solutions","step":"verify","ok":true}
{"t":"2026-09-11T14:17:59.687Z","path":"/verification/emulation-prototyping/prototyping/haps-100","step":"verify","ok":true}
{"t":"2026-09-11T14:18:02.276Z","path":"/verification/fpga-simulation/fpga-simulator","step":"verify","ok":true}
{"t":"2026-09-11T14:18:02.313Z","path":"/verification/emulation-prototyping/prototyping","step":"verify","ok":true}
{"t":"2026-09-11T14:18:02.338Z","path":"/verification/hardware-assisted-test-solutions","step":"verify","ok":true}
{"t":"2026-09-11T14:18:03.842Z","path":"/verification/imperasdv","step":"verify","ok":true}
{"t":"2026-09-11T14:18:05.382Z","path":"/verification/resources/datasheets/vc-spyglass-idc","step":"verify","ok":true}
{"t":"2026-09-11T14:18:06.040Z","path":"/verification/resources/whitepapers/10x-cdc-debug-ml","step":"verify","ok":true}
{"t":"2026-09-11T14:18:08.341Z","path":"/verification/resources/whitepapers/enabling-high-quality-risc-v-processor-models","step":"verify","ok":true}
{"t":"2026-09-11T14:18:08.574Z","path":"/verification/resources/whitepapers/virtualizer-native-execution-accelerates-sw-defined-product-development-for-arm-solutions-wp","step":"verify","ok":true}
{"t":"2026-09-11T14:18:08.758Z","path":"/verification/resources/whitepapers/reduce-sim-reg-dpo","step":"verify","ok":true}
{"t":"2026-09-11T14:18:10.759Z","path":"/verification/services-costart","step":"verify","ok":true}
{"t":"2026-09-11T14:18:12.617Z","path":"/verification/static-and-formal-verification/spyglass","step":"verify","ok":true}
{"t":"2026-09-11T14:18:12.679Z","path":"/verification/simulation/testbench-quality-assurance","step":"verify","ok":true}
{"t":"2026-09-11T14:18:15.064Z","path":"/verification/static-and-formal-verification/vc-lp","step":"verify","ok":true}
{"t":"2026-09-11T14:18:15.165Z","path":"/verification/static-and-formal-verification/vc-formal","step":"verify","ok":true}
{"t":"2026-09-11T14:18:15.657Z","path":"/verification/static-and-formal-verification/vc-formal/vc-formal-datapath-validation","step":"verify","ok":true}
{"t":"2026-09-11T14:18:17.212Z","path":"/verification/sting","step":"verify","ok":true}
{"t":"2026-09-11T14:18:18.994Z","path":"/verification/vc-formal-services","step":"verify","ok":true}
{"t":"2026-09-11T14:18:19.067Z","path":"/verification/verification-ip/amba/amba-c2c","step":"verify","ok":true}
{"t":"2026-09-11T14:18:21.620Z","path":"/verification/verification-ip/display/displayport","step":"verify","ok":true}
{"t":"2026-09-11T14:18:21.635Z","path":"/verification/verification-ip/amba/amba-chi","step":"verify","ok":true}
{"t":"2026-09-11T14:18:22.161Z","path":"/verification/verification-ip/display/hdmi","step":"verify","ok":true}
{"t":"2026-09-11T14:18:23.861Z","path":"/verification/verification-ip/memory/ip-lpddr","step":"verify","ok":true}
{"t":"2026-09-11T14:18:25.232Z","path":"/verification/verification-ip/mipi/mipi-csi-2","step":"verify","ok":true}
{"t":"2026-09-11T14:18:25.232Z","path":"/verification/virtual-prototyping/atef/contact-us","step":"verify","ok":true}
{"t":"2026-09-11T14:18:27.715Z","path":"/verification/virtual-prototyping/automotive-ecosystem-collaboration","step":"verify","ok":true}
{"t":"2026-09-11T14:18:28.372Z","path":"/verification/virtual-prototyping/references/amg","step":"verify","ok":true}
{"t":"2026-09-11T14:18:28.512Z","path":"/verification/virtual-prototyping/platform-architect","step":"verify","ok":true}
{"t":"2026-09-11T14:18:30.027Z","path":"/verification/virtual-prototyping/references/mercedes-benz","step":"verify","ok":true}
{"t":"2026-09-11T14:18:31.544Z","path":"/verification/virtual-prototyping/references","step":"verify","ok":true}
{"t":"2026-09-11T14:18:32.520Z","path":"/verification/virtual-prototyping/silver","step":"verify","ok":true}
{"t":"2026-09-11T14:18:34.103Z","path":"/verification/virtual-prototyping/virtual-prototyping-solutions-for-arm","step":"verify","ok":true}
{"t":"2026-09-11T14:18:34.927Z","path":"/verification/virtual-prototyping/virtualizer-models","step":"verify","ok":true}
{"t":"2026-09-11T14:18:35.420Z","path":"/verification/virtual-prototyping/virtualizer","step":"verify","ok":true}
{"t":"2026-09-11T14:18:36.645Z","path":"/webinars/448g-ready-or-not","step":"verify","ok":true}
{"t":"2026-09-11T14:18:38.656Z","path":"/webinars/accelerating-ai-hardware-nvidia-haps","step":"verify","ok":true}
{"t":"2026-09-11T14:18:39.362Z","path":"/webinars/a-z-multi-die-design","step":"verify","ok":true}
{"t":"2026-09-11T14:18:41.103Z","path":"/webinars/agentengineer-your-ai-coworker","step":"verify","ok":true}
{"t":"2026-09-11T14:18:41.341Z","path":"/webinars/advancing-sic-power-transistors","step":"verify","ok":true}
{"t":"2026-09-11T14:18:41.816Z","path":"/webinars/agentic-ai-impact-engineering-workflows","step":"verify","ok":true}
{"t":"2026-09-11T14:18:43.197Z","path":"/webinars/agentic-ai-nuts-bolts-agentengineer","step":"verify","ok":true}
{"t":"2026-09-11T14:18:44.670Z","path":"/webinars/agentic-ai-synopsys-nvidia-chip-design","step":"verify","ok":true}
{"t":"2026-09-11T14:18:45.960Z","path":"/webinars/agile-cicd-github-eda-flows","step":"verify","ok":true}
{"t":"2026-09-11T14:18:47.657Z","path":"/webinars/ai-apps-rl-llms-agents","step":"verify","ok":true}
{"t":"2026-09-11T14:18:48.124Z","path":"/webinars/ai-chip-design-synopsys-microsoft","step":"verify","ok":true}
{"t":"2026-09-11T14:18:48.443Z","path":"/webinars/amd-3dic-feasibility-analysis","step":"verify","ok":true}
{"t":"2026-09-11T14:18:50.138Z","path":"/webinars/auto-tech-day","step":"verify","ok":true}
{"t":"2026-09-11T14:18:51.921Z","path":"/webinars/automotive-margin","step":"verify","ok":true}
{"t":"2026-09-11T14:18:52.433Z","path":"/webinars/chip-design-with-generative-agentic-ai","step":"verify","ok":true}
{"t":"2026-09-11T14:18:54.549Z","path":"/webinars/copilot-smarter-chip-design","step":"verify","ok":true}
{"t":"2026-09-11T14:18:55.234Z","path":"/webinars/data-driven-approach-to-multi-die-design-architecture","step":"verify","ok":true}
{"t":"2026-09-11T14:18:55.743Z","path":"/webinars/custom-hbm-ai","step":"verify","ok":true}
{"t":"2026-09-11T14:18:56.947Z","path":"/webinars/design-analysis-multi-die-3d-ic-systems","step":"verify","ok":true}
{"t":"2026-09-11T14:18:58.172Z","path":"/webinars/designing-risc-v-triple-threat-assp-dev","step":"verify","ok":true}
{"t":"2026-09-11T14:18:59.517Z","path":"/webinars/efficient-and-robust-memory-verification-in-modern-socs-using-formal-equivalence-checker","step":"verify","ok":true}
{"t":"2026-09-11T14:19:01.234Z","path":"/webinars/efficient-secure-ai-systems-ualink","step":"verify","ok":true}
{"t":"2026-09-11T14:19:02.088Z","path":"/webinars/enabling-informed-processor-core-selection-early-architecture-analysis","step":"verify","ok":true}
{"t":"2026-09-11T14:19:03.327Z","path":"/webinars/engineering-intelligence-10-watts","step":"verify","ok":true}
{"t":"2026-09-11T14:19:04.423Z","path":"/webinars/functional-ecos-formality","step":"verify","ok":true}
{"t":"2026-09-11T14:19:04.961Z","path":"/webinars/holistic-approach-risc-v-processor","step":"verify","ok":true}
{"t":"2026-09-11T14:19:05.864Z","path":"/webinars/hybrid-prototyping-early-collaboration-automotive-supply-chain","step":"verify","ok":true}
{"t":"2026-09-11T14:19:07.440Z","path":"/webinars/interconnect-memory-performance-exploration-many-core-socs","step":"verify","ok":true}
{"t":"2026-09-11T14:19:08.715Z","path":"/webinars/invisible-keys-from-pufs","step":"verify","ok":true}
{"t":"2026-09-11T14:19:10.587Z","path":"/webinars/ip-design-edge-ai","step":"verify","ok":true}
{"t":"2026-09-11T14:19:11.569Z","path":"/webinars/key-ip-3d-integration-ucie-ai-chips","step":"verify","ok":true}
{"t":"2026-09-11T14:19:12.058Z","path":"/webinars/marvell-accelerating-design-signal-integrity-analysis","step":"verify","ok":true}
{"t":"2026-09-11T14:19:12.975Z","path":"/webinars/mastering-layout-parasitics-with-paragonx-cest","step":"verify","ok":true}
{"t":"2026-09-11T14:19:14.764Z","path":"/webinars/mastering-layout-parasitics-with-paragonx-pst","step":"verify","ok":true}
{"t":"2026-09-11T14:19:15.370Z","path":"/webinars/migrate-analog-design","step":"verify","ok":true}
{"t":"2026-09-11T14:19:17.035Z","path":"/webinars/migrate-architecture-ip-edge-ai","step":"verify","ok":true}
{"t":"2026-09-11T14:19:18.767Z","path":"/webinars/multi-die-designs-co-packaged-optics","step":"verify","ok":true}
{"t":"2026-09-11T14:19:19.149Z","path":"/webinars/multi-die-3dic-partitioning-floorplanning","step":"verify","ok":true}
{"t":"2026-09-11T14:19:19.596Z","path":"/webinars/multi-die-designs-security","step":"verify","ok":true}
{"t":"2026-09-11T14:19:21.227Z","path":"/webinars/multi-die-multi-physics-silicon-design-panel","step":"verify","ok":true}
{"t":"2026-09-11T14:19:22.132Z","path":"/webinars/multi-noc-soc-performance-analysis-tsn-applications","step":"verify","ok":true}
{"t":"2026-09-11T14:19:24.158Z","path":"/webinars/multiphysics-fusion-technology-multi-die-design","step":"verify","ok":true}
{"t":"2026-09-11T14:19:25.948Z","path":"/webinars/new-faster-standards-data-center-shift","step":"verify","ok":true}
{"t":"2026-09-11T14:19:26.594Z","path":"/webinars/next-generation-3dic-interposer-info-design","step":"verify","ok":true}
{"t":"2026-09-11T14:19:26.608Z","path":"/webinars/multiphysics-hbm-3d-integration","step":"verify","ok":true}
{"t":"2026-09-11T14:19:28.523Z","path":"/webinars/noc-design-platform-integration-early-benchmarking-automotive-processor-socs","step":"verify","ok":true}
{"t":"2026-09-11T14:19:29.077Z","path":"/webinars/opportunities-innovation-ai-powered-chip-design","step":"verify","ok":true}
{"t":"2026-09-11T14:19:30.792Z","path":"/webinars/optimal-ppa-targets-dso-ai","step":"verify","ok":true}
{"t":"2026-09-11T14:19:32.564Z","path":"/webinars/optimizing-memory-multi-die-architectures","step":"verify","ok":true}
{"t":"2026-09-11T14:19:33.659Z","path":"/webinars/panel-cloud-access-synopsys-startups","step":"verify","ok":true}
{"t":"2026-09-11T14:19:33.824Z","path":"/webinars/paragonx-ic-layout-parasitics-analysis","step":"verify","ok":true}
{"t":"2026-09-11T14:19:34.654Z","path":"/webinars/pcie-5-edge-benefits","step":"verify","ok":true}
{"t":"2026-09-11T14:19:35.591Z","path":"/webinars/pcie-multistream-ai-connectivity","step":"verify","ok":true}
{"t":"2026-09-11T14:19:36.970Z","path":"/webinars/physical-ai-future-systems-design","step":"verify","ok":true}
{"t":"2026-09-11T14:19:38.903Z","path":"/webinars/power-integrity-signoff-to-design-optimization","step":"verify","ok":true}
{"t":"2026-09-11T14:19:40.588Z","path":"/webinars/re-engineering-the-future","step":"verify","ok":true}
{"t":"2026-09-11T14:19:41.225Z","path":"/webinars/ras-challenges-chiplets-ai","step":"verify","ok":true}
{"t":"2026-09-11T14:19:41.686Z","path":"/webinars/reducing-risk-chiplet-design","step":"verify","ok":true}
{"t":"2026-09-11T14:19:42.179Z","path":"/webinars/renesas-r-car-virtual-platform","step":"verify","ok":true}
{"t":"2026-09-11T14:19:43.713Z","path":"/webinars/rethinking-compute-age-ai","step":"verify","ok":true}
{"t":"2026-09-11T14:19:45.899Z","path":"/webinars/rtl-dft-connectivity-webinar","step":"verify","ok":true}
{"t":"2026-09-11T14:19:46.688Z","path":"/webinars/scaling-ai-agents-formal-workflow","step":"verify","ok":true}
{"t":"2026-09-11T14:19:48.167Z","path":"/webinars/shift-left-soc-ip-verification","step":"verify","ok":true}
{"t":"2026-09-11T14:19:48.842Z","path":"/webinars/shaping-the-future","step":"verify","ok":true}
{"t":"2026-09-11T14:19:49.344Z","path":"/webinars/silicon-lifecycle-management-automotive","step":"verify","ok":true}
{"t":"2026-09-11T14:19:50.597Z","path":"/webinars/silicon-systems-innovation-ai","step":"verify","ok":true}
{"t":"2026-09-11T14:19:52.494Z","path":"/webinars/startups-panel-navigating-the-last-mile","step":"verify","ok":true}
{"t":"2026-09-11T14:19:53.374Z","path":"/webinars/static-esd-simulation-multi-die","step":"verify","ok":true}
{"t":"2026-09-11T14:19:54.903Z","path":"/webinars/synopsys-ai-copilot-design-assistant","step":"verify","ok":true}
{"t":"2026-09-11T14:19:55.850Z","path":"/webinars/synopsys-ai-copilot-productivity","step":"verify","ok":true}
{"t":"2026-09-11T14:19:56.296Z","path":"/webinars/synopsys-guc-coupe","step":"verify","ok":true}
{"t":"2026-09-11T14:19:57.414Z","path":"/webinars/testmax-advisor","step":"verify","ok":true}
{"t":"2026-09-11T14:19:59.614Z","path":"/webinars/transition-to-pcie-7-now","step":"verify","ok":true}
{"t":"2026-09-11T14:19:59.842Z","path":"/webinars/ucie-standard-vs-ucie-advanced","step":"verify","ok":true}
{"t":"2026-09-11T14:20:01.709Z","path":"/webinars/vc-panel-what-does-it-take","step":"verify","ok":true}
{"t":"2026-09-11T14:20:02.828Z","path":"/webinars/vecu-based-integration","step":"verify","ok":true}
{"t":"2026-09-11T14:20:03.446Z","path":"/webinars/verifying-ai-designs","step":"verify","ok":true}
{"t":"2026-09-11T14:20:04.274Z","path":"/webinars/virtual-ecu-deployment","step":"verify","ok":true}
{"t":"2026-09-11T14:20:06.924Z","path":"/webinars/wireline-transmitters-part-1","step":"verify","ok":true}
{"t":"2026-09-11T14:20:07.103Z","path":"/webinars/virtual-prototypes-risc-v-software-development-optimization-test","step":"verify","ok":true}
{"t":"2026-09-11T14:24:07.574Z","path":"/ai/ai-powered-eda/vso-ai","step":"verify","ok":true}
{"t":"2026-09-11T14:24:07.713Z","path":"/ai/generative-ai","step":"verify","ok":true}
{"t":"2026-09-11T14:24:07.801Z","path":"/ai/ai-powered-eda/dso-ai","step":"verify","ok":true}
{"t":"2026-09-11T14:24:07.942Z","path":"/articles/112g-ethernet-ip","step":"verify","ok":true}
{"t":"2026-09-11T14:24:07.942Z","path":"/ai/ai-powered-eda","step":"verify","ok":true}
{"t":"2026-09-11T14:24:08.338Z","path":"/articles/112g-ethernet-implementations","step":"verify","ok":true}
{"t":"2026-09-11T14:24:14.776Z","path":"/articles/25g-ethernet-ip-for-high-performance-data-center-socs","step":"verify","ok":true}
{"t":"2026-09-11T14:24:14.788Z","path":"/articles/112g-linear-optics-phy","step":"verify","ok":true}
{"t":"2026-09-11T14:24:14.851Z","path":"/articles/224g-serdes-interoperability-ai-hpc","step":"verify","ok":true}
{"t":"2026-09-11T14:24:14.869Z","path":"/articles/25g-ethernet","step":"verify","ok":true}
{"t":"2026-09-11T14:24:14.908Z","path":"/articles/224g-ethernet-phy-ip","step":"verify","ok":true}
{"t":"2026-09-11T14:24:15.344Z","path":"/articles/224gbps-electrical-interface","step":"verify","ok":true}
{"t":"2026-09-11T14:24:21.193Z","path":"/articles/3dio-multi-die-integration","step":"verify","ok":true}
{"t":"2026-09-11T14:24:21.252Z","path":"/articles/accelerate-time-to-market-with-interface-ip-subsystems","step":"verify","ok":true}
{"t":"2026-09-11T14:24:21.381Z","path":"/articles/40g-ucie-ip-ai-applications","step":"verify","ok":true}
{"t":"2026-09-11T14:24:21.427Z","path":"/articles/5g-dsp-controller-radio-modems","step":"verify","ok":true}
{"t":"2026-09-11T14:24:21.608Z","path":"/articles/5g-asips-communication-socs","step":"verify","ok":true}
{"t":"2026-09-11T14:24:21.726Z","path":"/articles/accelerating-32gtps-pcie5-designs","step":"verify","ok":true}
{"t":"2026-09-11T14:24:27.669Z","path":"/articles/achieving-10-gbps","step":"verify","ok":true}
{"t":"2026-09-11T14:24:27.787Z","path":"/articles/accelerating-cryptographic-operations","step":"verify","ok":true}
{"t":"2026-09-11T14:24:27.866Z","path":"/articles/achieving-iso-compliance","step":"verify","ok":true}
{"t":"2026-09-11T14:24:27.870Z","path":"/articles/adapting-non-volatile-memory","step":"verify","ok":true}
{"t":"2026-09-11T14:24:28.215Z","path":"/articles/adas-ivi-socs-sdv-automotive-ip","step":"verify","ok":true}
{"t":"2026-09-11T14:24:28.921Z","path":"/articles/addressing-ai-advanced-packaging-3dio-phy","step":"verify","ok":true}
{"t":"2026-09-11T14:24:34.499Z","path":"/articles/advantages-embedded-mtp-nvm-iot-soc-designs","step":"verify","ok":true}
{"t":"2026-09-11T14:24:34.499Z","path":"/articles/addressing-functional-safety-in-socs-with-test-solutions","step":"verify","ok":true}
{"t":"2026-09-11T14:24:34.654Z","path":"/articles/adoption-5g-automotive-applications","step":"verify","ok":true}
{"t":"2026-09-11T14:24:34.863Z","path":"/articles/advanced-processors-virtual-reality-interfaces","step":"verify","ok":true}
{"t":"2026-09-11T14:24:35.030Z","path":"/articles/ai-edge-algorithms","step":"verify","ok":true}
{"t":"2026-09-11T14:24:35.894Z","path":"/articles/ai-hpc-multi-die-designs","step":"verify","ok":true}
{"t":"2026-09-11T14:24:41.768Z","path":"/articles/augmenting-your-reality","step":"verify","ok":true}
{"t":"2026-09-11T14:24:41.797Z","path":"/articles/anatomy-ethernet-phy-for-hpc","step":"verify","ok":true}
{"t":"2026-09-11T14:24:41.881Z","path":"/articles/arc-sem130fs-safety-security-processor","step":"verify","ok":true}
{"t":"2026-09-11T14:24:41.942Z","path":"/articles/asil-d-systematic-iso-26262-compliance","step":"verify","ok":true}
{"t":"2026-09-11T14:24:42.746Z","path":"/articles/automotive-ddr-dram","step":"verify","ok":true}
{"t":"2026-09-11T14:24:44.402Z","path":"/articles/automotive-embedded-storage-ufs","step":"verify","ok":true}
{"t":"2026-09-11T14:24:51.294Z","path":"/articles/automotive-nvm-ip-accelerating-design-schedules","step":"verify","ok":true}
{"t":"2026-09-11T14:24:51.402Z","path":"/articles/automotive-security-pcie-ip-solutions","step":"verify","ok":true}
{"t":"2026-09-11T14:24:51.560Z","path":"/articles/automotive-safety","step":"verify","ok":true}
{"t":"2026-09-11T14:24:51.845Z","path":"/articles/automotive-ic-design","step":"verify","ok":true}
{"t":"2026-09-11T14:24:51.881Z","path":"/articles/automotive-soc-design-platform","step":"verify","ok":true}
{"t":"2026-09-11T14:24:53.082Z","path":"/articles/balancing-security-requirements","step":"verify","ok":true}
{"t":"2026-09-11T14:24:57.172Z","path":"/articles/bluetooth-5-ready-ip-iot-soc-integration","step":"verify","ok":true}
{"t":"2026-09-11T14:24:57.546Z","path":"/articles/benefits-800g-ethernet-implementation","step":"verify","ok":true}
{"t":"2026-09-11T14:24:57.478Z","path":"/articles/best-112g-serdes-ip-performance","step":"verify","ok":true}
{"t":"2026-09-11T14:24:58.502Z","path":"/articles/challenges-of-moving-to-32gts-pcie-designs","step":"verify","ok":true}
{"t":"2026-09-11T14:24:58.840Z","path":"/articles/building-efficient-deep-learning","step":"verify","ok":true}
{"t":"2026-09-11T14:24:59.533Z","path":"/articles/challenges-of-usb-3-1-ip-certification","step":"verify","ok":true}
{"t":"2026-09-11T14:25:04.021Z","path":"/articles/cmos-image-sensor-otp-nvm","step":"verify","ok":true}
{"t":"2026-09-11T14:25:04.536Z","path":"/articles/complete-die-to-die-ip-solution","step":"verify","ok":true}
{"t":"2026-09-11T14:25:04.536Z","path":"/articles/choosing-embedded-processor","step":"verify","ok":true}
{"t":"2026-09-11T14:25:04.557Z","path":"/articles/compute-express-link-standard","step":"verify","ok":true}
{"t":"2026-09-11T14:25:05.654Z","path":"/articles/configuring-ddr-subsystems","step":"verify","ok":true}
{"t":"2026-09-11T14:25:05.868Z","path":"/articles/computer-vision-lab-life","step":"verify","ok":true}
{"t":"2026-09-11T14:25:11.640Z","path":"/articles/content-protection","step":"verify","ok":true}
{"t":"2026-09-11T14:25:11.690Z","path":"/articles/converting-existing-designs-usb-c","step":"verify","ok":true}
{"t":"2026-09-11T14:25:11.816Z","path":"/articles/converging-cloud-computing-infrastucture","step":"verify","ok":true}
{"t":"2026-09-11T14:25:11.928Z","path":"/articles/cxl-in-memory-solutions","step":"verify","ok":true}
{"t":"2026-09-11T14:25:12.505Z","path":"/articles/data-centers-driving-ethernet-interconnects","step":"verify","ok":true}
{"t":"2026-09-11T14:25:13.401Z","path":"/articles/cxl2-3-storage-memory-applications","step":"verify","ok":true}
{"t":"2026-09-11T14:25:18.654Z","path":"/articles/data-conv-ip-auto-func-safety-socs","step":"verify","ok":true}
{"t":"2026-09-11T14:25:18.753Z","path":"/articles/ddr-hardening-demystified","step":"verify","ok":true}
{"t":"2026-09-11T14:25:18.849Z","path":"/articles/data-fusion-ip-iot-accelerating-application-development","step":"verify","ok":true}
{"t":"2026-09-11T14:25:18.899Z","path":"/articles/ddr4-bank-groups","step":"verify","ok":true}
{"t":"2026-09-11T14:25:19.069Z","path":"/articles/deep-learning-adas-applications","step":"verify","ok":true}
{"t":"2026-09-11T14:25:19.951Z","path":"/articles/demystifying-40-interfaces","step":"verify","ok":true}
{"t":"2026-09-11T14:25:25.449Z","path":"/articles/design-precision","step":"verify","ok":true}
{"t":"2026-09-11T14:25:25.693Z","path":"/articles/design-considerations","step":"verify","ok":true}
{"t":"2026-09-11T14:25:25.856Z","path":"/articles/designing-processors","step":"verify","ok":true}
{"t":"2026-09-11T14:25:26.269Z","path":"/articles/design-verification-environment","step":"verify","ok":true}
{"t":"2026-09-11T14:25:26.887Z","path":"/articles/designing-effective-use-pcie6-bandwidth","step":"verify","ok":true}
{"t":"2026-09-11T14:25:27.869Z","path":"/articles/designware-hybrid-ip","step":"verify","ok":true}
{"t":"2026-09-11T14:25:33.306Z","path":"/articles/designware-libraries","step":"verify","ok":true}
{"t":"2026-09-11T14:25:33.720Z","path":"/articles/easing-smart-automotive-design-and-certification","step":"verify","ok":true}
{"t":"2026-09-11T14:25:33.720Z","path":"/articles/direct-drive-electro-optical","step":"verify","ok":true}
{"t":"2026-09-11T14:25:34.805Z","path":"/articles/embedded-design-prototyping","step":"verify","ok":true}
{"t":"2026-09-11T14:25:35.017Z","path":"/articles/ecc-memory-error-correction","step":"verify","ok":true}
{"t":"2026-09-11T14:25:35.106Z","path":"/articles/embedded-challenges-superscalar","step":"verify","ok":true}
{"t":"2026-09-11T14:25:43.486Z","path":"/articles/embedding-artificial-intelligence-into-our-lives","step":"verify","ok":true}
{"t":"2026-09-11T14:25:43.603Z","path":"/articles/embedded-linux-system","step":"verify","ok":true}
{"t":"2026-09-11T14:25:44.125Z","path":"/articles/embedded-memory-test","step":"verify","ok":true}
{"t":"2026-09-11T14:25:45.445Z","path":"/articles/embedding-vision","step":"verify","ok":true}
{"t":"2026-09-11T14:25:45.648Z","path":"/articles/emmc-and-ufs-inline-encryption","step":"verify","ok":true}
{"t":"2026-09-11T14:25:45.788Z","path":"/articles/emerging-applications-cxl","step":"verify","ok":true}
{"t":"2026-09-11T14:25:50.091Z","path":"/articles/emram-low-power-advanced-nodes","step":"verify","ok":true}
{"t":"2026-09-11T14:25:50.706Z","path":"/articles/enabling-cars","step":"verify","ok":true}
{"t":"2026-09-11T14:25:51.311Z","path":"/articles/ensuring-security-processor-socs","step":"verify","ok":true}
{"t":"2026-09-11T14:25:51.582Z","path":"/articles/estimating-power-early-ai-vision","step":"verify","ok":true}
{"t":"2026-09-11T14:25:52.665Z","path":"/articles/ether-time-sens-net-for-auto-adas-socs","step":"verify","ok":true}
{"t":"2026-09-11T14:25:52.776Z","path":"/articles/ethernet-qos-v40","step":"verify","ok":true}
{"t":"2026-09-11T14:25:57.045Z","path":"/articles/ethernet-standards-scale-up-ai","step":"verify","ok":true}
{"t":"2026-09-11T14:25:57.525Z","path":"/articles/ethernet-terminology","step":"verify","ok":true}
{"t":"2026-09-11T14:25:57.873Z","path":"/articles/ev-facial-expression","step":"verify","ok":true}
{"t":"2026-09-11T14:25:58.770Z","path":"/articles/finfet-process","step":"verify","ok":true}
{"t":"2026-09-11T14:25:58.909Z","path":"/articles/faster-iteration","step":"verify","ok":true}
{"t":"2026-09-11T14:25:59.095Z","path":"/articles/finfet-design","step":"verify","ok":true}
{"t":"2026-09-11T14:26:03.364Z","path":"/articles/firmware-based-training-ddr-ip","step":"verify","ok":true}
{"t":"2026-09-11T14:26:04.164Z","path":"/articles/flexible-processing","step":"verify","ok":true}
{"t":"2026-09-11T14:26:04.376Z","path":"/articles/flexible-connectivity","step":"verify","ok":true}
{"t":"2026-09-11T14:26:04.925Z","path":"/articles/foundation-ip-optimized-ppa","step":"verify","ok":true}
{"t":"2026-09-11T14:26:05.743Z","path":"/articles/functional-safety-quality-automotive","step":"verify","ok":true}
{"t":"2026-09-11T14:26:06.169Z","path":"/articles/foundation-ip-low-power-ai","step":"verify","ok":true}
{"t":"2026-09-11T14:26:09.672Z","path":"/articles/future-nvm-memories","step":"verify","ok":true}
{"t":"2026-09-11T14:26:10.425Z","path":"/articles/guidelines-for-integration","step":"verify","ok":true}
{"t":"2026-09-11T14:26:10.479Z","path":"/articles/guaranteed-isochronous-traffic-usb31","step":"verify","ok":true}
{"t":"2026-09-11T14:26:11.514Z","path":"/articles/hardware-aware-training-keyword-spotting","step":"verify","ok":true}
{"t":"2026-09-11T14:26:12.234Z","path":"/articles/hardware-mathematics-for-ai","step":"verify","ok":true}
{"t":"2026-09-11T14:26:12.455Z","path":"/articles/have-linux-your-way-yocto","step":"verify","ok":true}
{"t":"2026-09-11T14:26:15.667Z","path":"/articles/hbm3-ip-dwtb","step":"verify","ok":true}
{"t":"2026-09-11T14:26:16.497Z","path":"/articles/hdmi-fast-switching","step":"verify","ok":true}
{"t":"2026-09-11T14:26:17.040Z","path":"/articles/hdmi-and-mhl","step":"verify","ok":true}
{"t":"2026-09-11T14:26:17.691Z","path":"/articles/hdmi21-for-immersive-consumer-experience","step":"verify","ok":true}
{"t":"2026-09-11T14:26:18.753Z","path":"/articles/high-accuracy-computer-vision-isps-vision-processors","step":"verify","ok":true}
{"t":"2026-09-11T14:26:19.219Z","path":"/articles/high-bandwidth-memory-encryption-security","step":"verify","ok":true}
{"t":"2026-09-11T14:26:21.901Z","path":"/articles/high-performance-dsp-for-5g","step":"verify","ok":true}
{"t":"2026-09-11T14:26:23.065Z","path":"/articles/high-res-displays-hdcp","step":"verify","ok":true}
{"t":"2026-09-11T14:26:23.547Z","path":"/articles/high-speed-test-io","step":"verify","ok":true}
{"t":"2026-09-11T14:26:24.032Z","path":"/articles/how-ai-edge-computing-drives-5g-iot","step":"verify","ok":true}
{"t":"2026-09-11T14:26:24.965Z","path":"/articles/impact-of-100g-ethernet-on-edge-computing","step":"verify","ok":true}
{"t":"2026-09-11T14:26:25.887Z","path":"/articles/implementing-high-performance-deep-learning","step":"verify","ok":true}
{"t":"2026-09-11T14:26:27.703Z","path":"/articles/implementing-large-numbers","step":"verify","ok":true}
{"t":"2026-09-11T14:26:29.102Z","path":"/articles/implementing-mipi-camera","step":"verify","ok":true}
{"t":"2026-09-11T14:26:30.241Z","path":"/articles/implementing-usb-type-c","step":"verify","ok":true}
{"t":"2026-09-11T14:26:30.642Z","path":"/articles/improving-quality-of-service-amba","step":"verify","ok":true}
{"t":"2026-09-11T14:26:31.006Z","path":"/articles/in-chip-sensor-pvt","step":"verify","ok":true}
{"t":"2026-09-11T14:26:32.039Z","path":"/articles/in-memory-computing-ai","step":"verify","ok":true}
{"t":"2026-09-11T14:26:34.022Z","path":"/articles/integrated-400g-800g-ethernet-ip","step":"verify","ok":true}
{"t":"2026-09-11T14:26:35.714Z","path":"/articles/integrated-adas-domain-controller-26262","step":"verify","ok":true}
{"t":"2026-09-11T14:26:36.005Z","path":"/articles/integrated-ip-mipi-camera-display","step":"verify","ok":true}
{"t":"2026-09-11T14:26:37.014Z","path":"/articles/interface-ip-avoid-cloud-jams","step":"verify","ok":true}
{"t":"2026-09-11T14:26:37.037Z","path":"/articles/introduction-ccix","step":"verify","ok":true}
{"t":"2026-09-11T14:26:38.423Z","path":"/articles/introduction-to-tcam","step":"verify","ok":true}
{"t":"2026-09-11T14:26:40.145Z","path":"/articles/iot-connectivity-low-power-solution","step":"verify","ok":true}
{"t":"2026-09-11T14:26:41.961Z","path":"/articles/ip-die-to-die-connectivity","step":"verify","ok":true}
{"t":"2026-09-11T14:26:42.217Z","path":"/articles/ip-integration","step":"verify","ok":true}
{"t":"2026-09-11T14:26:42.766Z","path":"/articles/iso-26262-compliance-adas-socs","step":"verify","ok":true}
{"t":"2026-09-11T14:26:43.713Z","path":"/articles/ip-interfaces-reduce-hpc-latency","step":"verify","ok":true}
{"t":"2026-09-11T14:26:44.666Z","path":"/articles/iso-sae-21434-automotive-cybersecurity","step":"verify","ok":true}
{"t":"2026-09-11T14:26:46.441Z","path":"/articles/key-features-about-lpddr5","step":"verify","ok":true}
{"t":"2026-09-11T14:26:48.519Z","path":"/articles/kgd-ucie-ip-article","step":"verify","ok":true}
{"t":"2026-09-11T14:26:48.981Z","path":"/articles/low-power-mobile-storage","step":"verify","ok":true}
{"t":"2026-09-11T14:26:49.447Z","path":"/articles/logic-library-capabilities","step":"verify","ok":true}
{"t":"2026-09-11T14:26:49.828Z","path":"/articles/low-power-processor-solutions","step":"verify","ok":true}
{"t":"2026-09-11T14:26:50.162Z","path":"/articles/lpddr4","step":"verify","ok":true}
{"t":"2026-09-11T14:26:53.203Z","path":"/articles/mac-pcs-ethernet","step":"verify","ok":true}
{"t":"2026-09-11T14:26:54.190Z","path":"/articles/maximizing-performance-arc-dsp-plugin-ashling","step":"verify","ok":true}
{"t":"2026-09-11T14:26:55.238Z","path":"/articles/meeting-automotive-functional-safety-gpio","step":"verify","ok":true}
{"t":"2026-09-11T14:26:55.774Z","path":"/articles/mhl-protocol","step":"verify","ok":true}
{"t":"2026-09-11T14:26:56.257Z","path":"/articles/memory-options","step":"verify","ok":true}
{"t":"2026-09-11T14:26:57.004Z","path":"/articles/mhl-vs-miracast","step":"verify","ok":true}
{"t":"2026-09-11T14:26:59.244Z","path":"/articles/minimizing-auto-vulnerabilities","step":"verify","ok":true}
{"t":"2026-09-11T14:27:00.000Z","path":"/articles/modeling-integration-112g-phy-ip","step":"verify","ok":true}
{"t":"2026-09-11T14:27:01.329Z","path":"/articles/modern-prototyping-systems","step":"verify","ok":true}
{"t":"2026-09-11T14:27:01.984Z","path":"/articles/monitor-test-repair-slm","step":"verify","ok":true}
{"t":"2026-09-11T14:27:02.426Z","path":"/articles/multi-chip-design-technical-article","step":"verify","ok":true}
{"t":"2026-09-11T14:27:03.425Z","path":"/articles/next-gen-npus-physical-ai","step":"verify","ok":true}
{"t":"2026-09-11T14:27:05.593Z","path":"/articles/noc-interconnects-ucie-ip","step":"verify","ok":true}
{"t":"2026-09-11T14:27:05.888Z","path":"/articles/non-volatile-memory","step":"verify","ok":true}
{"t":"2026-09-11T14:27:07.333Z","path":"/articles/nvm-ip-pmics","step":"verify","ok":true}
{"t":"2026-09-11T14:27:08.506Z","path":"/articles/optimal-ppa-16ff","step":"verify","ok":true}
{"t":"2026-09-11T14:27:08.623Z","path":"/articles/optimized-memory-cpu-gpu-dsp","step":"verify","ok":true}
{"t":"2026-09-11T14:27:09.546Z","path":"/articles/optimizing-high-end-designs","step":"verify","ok":true}
{"t":"2026-09-11T14:27:11.755Z","path":"/articles/optimizing-vision-applications-openvx-visualization","step":"verify","ok":true}
{"t":"2026-09-11T14:27:13.339Z","path":"/articles/optimizing","step":"verify","ok":true}
{"t":"2026-09-11T14:27:14.766Z","path":"/articles/overcoming-design-challengse-vesa-dsc-ip","step":"verify","ok":true}
{"t":"2026-09-11T14:27:15.653Z","path":"/articles/pam4-400g-ethernet","step":"verify","ok":true}
{"t":"2026-09-11T14:27:15.911Z","path":"/articles/pam3-technology-implementation-usb4-v2","step":"verify","ok":true}
{"t":"2026-09-11T14:27:16.109Z","path":"/articles/parallel-based-phy-for-die2die","step":"verify","ok":true}
{"t":"2026-09-11T14:27:19.073Z","path":"/articles/pci-express","step":"verify","ok":true}
{"t":"2026-09-11T14:27:19.416Z","path":"/articles/pci-express-4-lane-margining","step":"verify","ok":true}
{"t":"2026-09-11T14:27:21.630Z","path":"/articles/pcie-6-designs","step":"verify","ok":true}
{"t":"2026-09-11T14:27:22.436Z","path":"/articles/pcie-6-hpc-socs","step":"verify","ok":true}
{"t":"2026-09-11T14:27:22.514Z","path":"/articles/pcie-automotive-application","step":"verify","ok":true}
{"t":"2026-09-11T14:27:23.053Z","path":"/articles/pcie-7-design-ai-bandwidth","step":"verify","ok":true}
{"t":"2026-09-11T14:27:26.503Z","path":"/articles/pcie-u2-u3-data-centers","step":"verify","ok":true}
{"t":"2026-09-11T14:27:26.520Z","path":"/articles/pcie-over-optics","step":"verify","ok":true}
{"t":"2026-09-11T14:27:30.644Z","path":"/articles/pcie3-bandwidth-considerations","step":"verify","ok":true}
{"t":"2026-09-11T14:27:32.204Z","path":"/articles/performance-coding-advantages","step":"verify","ok":true}
{"t":"2026-09-11T14:27:32.727Z","path":"/articles/processor-configurations","step":"verify","ok":true}
{"t":"2026-09-11T14:27:32.848Z","path":"/articles/power-gating","step":"verify","ok":true}
{"t":"2026-09-11T14:27:35.674Z","path":"/articles/processor-safety-adas-automotive-systems","step":"verify","ok":true}
{"t":"2026-09-11T14:27:35.676Z","path":"/articles/protecting-against-side-channel","step":"verify","ok":true}
{"t":"2026-09-11T14:27:37.656Z","path":"/articles/prototyping-your-system","step":"verify","ok":true}
{"t":"2026-09-11T14:27:39.080Z","path":"/articles/ras-data-protection","step":"verify","ok":true}
{"t":"2026-09-11T14:27:39.336Z","path":"/articles/reduce-power-consumption","step":"verify","ok":true}
{"t":"2026-09-11T14:27:39.443Z","path":"/articles/reach-your-targets","step":"verify","ok":true}
{"t":"2026-09-11T14:27:41.395Z","path":"/articles/risc-processors","step":"verify","ok":true}
{"t":"2026-09-11T14:27:41.442Z","path":"/articles/reliable-secure-otp-ip","step":"verify","ok":true}
{"t":"2026-09-11T14:27:43.249Z","path":"/articles/secure-connectivity-integrated-sim-isim","step":"verify","ok":true}
{"t":"2026-09-11T14:27:45.096Z","path":"/articles/secure-iot-system","step":"verify","ok":true}
{"t":"2026-09-11T14:27:45.422Z","path":"/articles/secure-high-speed-interfaces","step":"verify","ok":true}
{"t":"2026-09-11T14:27:45.728Z","path":"/articles/secure-storage-solution-otp-ip","step":"verify","ok":true}
{"t":"2026-09-11T14:27:47.026Z","path":"/articles/securing-high-value-targets","step":"verify","ok":true}
{"t":"2026-09-11T14:27:47.106Z","path":"/articles/securing-camera-data-mipi-cse2","step":"verify","ok":true}
{"t":"2026-09-11T14:27:48.984Z","path":"/articles/security-ide-ip","step":"verify","ok":true}
{"t":"2026-09-11T14:27:50.709Z","path":"/articles/selecting-standard-ip","step":"verify","ok":true}
{"t":"2026-09-11T14:27:51.253Z","path":"/articles/serdes-design-trends-angstrom-era","step":"verify","ok":true}
{"t":"2026-09-11T14:27:51.891Z","path":"/articles/sima-machine-learning-embedded-edge","step":"verify","ok":true}
{"t":"2026-09-11T14:27:52.740Z","path":"/articles/sima-synopsys-multi-die-adas-ivi-solutions","step":"verify","ok":true}
{"t":"2026-09-11T14:27:53.481Z","path":"/articles/software-for-cameras","step":"verify","ok":true}
{"t":"2026-09-11T14:27:55.421Z","path":"/articles/software-image-signal-processor","step":"verify","ok":true}
{"t":"2026-09-11T14:27:56.992Z","path":"/articles/solid-foundation-ai-powered-socs","step":"verify","ok":true}
{"t":"2026-09-11T14:27:58.122Z","path":"/articles/sram-puf-secure-silicon-fingerprint","step":"verify","ok":true}
{"t":"2026-09-11T14:27:58.350Z","path":"/articles/super-resolution-with-arc-ev","step":"verify","ok":true}
{"t":"2026-09-11T14:27:58.494Z","path":"/articles/synopsys-and-arm-display-ip","step":"verify","ok":true}
{"t":"2026-09-11T14:28:00.140Z","path":"/articles/techniques-for-improving-qor","step":"verify","ok":true}
{"t":"2026-09-11T14:28:01.104Z","path":"/articles/tee-device-interface-secure-protocol","step":"verify","ok":true}
{"t":"2026-09-11T14:28:02.829Z","path":"/articles/test-die-to-die-phy","step":"verify","ok":true}
{"t":"2026-09-11T14:28:03.872Z","path":"/articles/the-dna-of-an-ai-soc","step":"verify","ok":true}
{"t":"2026-09-11T14:28:04.588Z","path":"/articles/top-5-features","step":"verify","ok":true}
{"t":"2026-09-11T14:28:04.909Z","path":"/articles/the-next-frontier","step":"verify","ok":true}
{"t":"2026-09-11T14:28:06.439Z","path":"/articles/training-self-driving-cars-video-games","step":"verify","ok":true}
{"t":"2026-09-11T14:28:06.906Z","path":"/articles/transitioning","step":"verify","ok":true}
{"t":"2026-09-11T14:28:08.694Z","path":"/articles/true-random-number-generator-security","step":"verify","ok":true}
{"t":"2026-09-11T14:28:09.981Z","path":"/articles/ucie-3-0-64gbps-challenges","step":"verify","ok":true}
{"t":"2026-09-11T14:28:10.546Z","path":"/articles/ucie-memory-ai-hpc-use-cases","step":"verify","ok":true}
{"t":"2026-09-11T14:28:11.980Z","path":"/articles/ucie-multi-die-socs","step":"verify","ok":true}
{"t":"2026-09-11T14:28:12.577Z","path":"/articles/ulsee-designing-neural-network","step":"verify","ok":true}
{"t":"2026-09-11T14:28:13.216Z","path":"/articles/ultra-ethernet-ualink-ai-networks","step":"verify","ok":true}
{"t":"2026-09-11T14:28:15.257Z","path":"/articles/understanding-hardware-roots-of-trust","step":"verify","ok":true}
{"t":"2026-09-11T14:28:16.559Z","path":"/articles/understanding-peripherals","step":"verify","ok":true}
{"t":"2026-09-11T14:28:16.560Z","path":"/articles/understanding-power-profile","step":"verify","ok":true}
{"t":"2026-09-11T14:28:18.296Z","path":"/articles/understanding-sdram-standards","step":"verify","ok":true}
{"t":"2026-09-11T14:28:19.131Z","path":"/articles/understanding-usb3-1-terminology","step":"verify","ok":true}
{"t":"2026-09-11T14:28:19.184Z","path":"/articles/understanding-the-mipi","step":"verify","ok":true}
{"t":"2026-09-11T14:28:21.370Z","path":"/articles/understanding-usb4-soc-design-upgrades","step":"verify","ok":true}
{"t":"2026-09-11T14:28:22.440Z","path":"/articles/usb-3-1-host-ip-certification-guide","step":"verify","ok":true}
{"t":"2026-09-11T14:28:22.948Z","path":"/articles/usb-30-superspeed-rises","step":"verify","ok":true}
{"t":"2026-09-11T14:28:24.439Z","path":"/articles/usb-audio","step":"verify","ok":true}
{"t":"2026-09-11T14:28:25.855Z","path":"/articles/usb-type-c","step":"verify","ok":true}
{"t":"2026-09-11T14:28:26.430Z","path":"/articles/usb-ip-finfet","step":"verify","ok":true}
{"t":"2026-09-11T14:28:27.494Z","path":"/articles/usb31-protocol-layer-changes","step":"verify","ok":true}
{"t":"2026-09-11T14:28:28.184Z","path":"/articles/usb4-80gbps-ecosystem","step":"verify","ok":true}
{"t":"2026-09-11T14:28:29.368Z","path":"/articles/using-ai-harness-data-explosion","step":"verify","ok":true}
{"t":"2026-09-11T14:28:30.766Z","path":"/articles/using-foundation-ip","step":"verify","ok":true}
{"t":"2026-09-11T14:28:31.576Z","path":"/articles/using-threat-models","step":"verify","ok":true}
{"t":"2026-09-11T14:28:32.600Z","path":"/articles/vdk-fast-track","step":"verify","ok":true}
{"t":"2026-09-11T14:28:33.679Z","path":"/articles/verifying-arm-amba5","step":"verify","ok":true}
{"t":"2026-09-11T14:28:34.192Z","path":"/articles/visually-lossless-compression-for-uhd-displays","step":"verify","ok":true}
{"t":"2026-09-11T14:28:35.348Z","path":"/articles/why-ai-needs-security","step":"verify","ok":true}
{"t":"2026-09-11T14:28:36.486Z","path":"/articles/wired-ethernet-speeds","step":"verify","ok":true}
{"t":"2026-09-11T14:28:37.441Z","path":"/blogs/chip-design/10k-resolution-120hz-display-reality-dsc-1-2-hdmi-2-1","step":"verify","ok":true}
{"t":"2026-09-11T14:28:38.875Z","path":"/blogs/chip-design/2022-esg-report","step":"verify","ok":true}
{"t":"2026-09-11T14:28:40.788Z","path":"/blogs/chip-design/5g-soc-design-virtual-verification-with-keysight","step":"verify","ok":true}
{"t":"2026-09-11T14:28:41.207Z","path":"/blogs/chip-design/800g-ethernet-industry-standards","step":"verify","ok":true}
{"t":"2026-09-11T14:28:41.221Z","path":"/blogs/chip-design/800g-ethernet-bandwidth-for-hyperscale-data-centers","step":"verify","ok":true}
{"t":"2026-09-11T14:28:42.668Z","path":"/blogs/chip-design/8k-uhd-displays-emerging-technologies","step":"verify","ok":true}
{"t":"2026-09-11T14:28:43.146Z","path":"/blogs/chip-design/accelerate-soc-design-flow-with-functional-eco","step":"verify","ok":true}
{"t":"2026-09-11T14:28:45.094Z","path":"/blogs/chip-design/ai-analog-design-migration-samsung-safe-forum-2023","step":"verify","ok":true}
{"t":"2026-09-11T14:28:46.833Z","path":"/blogs/chip-design/ai-chip-design-breakthroughs-snug","step":"verify","ok":true}
{"t":"2026-09-11T14:28:46.840Z","path":"/blogs/chip-design/ai-chip-design-opens-new-doors-for-chip-makers","step":"verify","ok":true}
{"t":"2026-09-11T14:28:47.335Z","path":"/blogs/chip-design/ai-chip-design-with-specialized-soc-ip-solutions","step":"verify","ok":true}
{"t":"2026-09-11T14:28:49.343Z","path":"/blogs/chip-design/ai-hardware-summit-2020-recap","step":"verify","ok":true}
{"t":"2026-09-11T14:28:49.831Z","path":"/blogs/chip-design/ai-soc-design-verification-flow","step":"verify","ok":true}
{"t":"2026-09-11T14:28:51.767Z","path":"/blogs/chip-design/ais-impact-on-chip-design-from-ceo-aart-de-geus","step":"verify","ok":true}
{"t":"2026-09-11T14:28:53.206Z","path":"/blogs/chip-design/asic-hardware-verification-bugs","step":"verify","ok":true}
{"t":"2026-09-11T14:28:53.227Z","path":"/blogs/chip-design/asil-d-certification-automation","step":"verify","ok":true}
{"t":"2026-09-11T14:28:53.291Z","path":"/blogs/chip-design/auto-functional-safety-iso-26262-key-challenges","step":"verify","ok":true}
{"t":"2026-09-11T14:28:55.148Z","path":"/blogs/chip-design/automated-soc-performance-pcie-gen4","step":"verify","ok":true}
{"t":"2026-09-11T14:28:55.527Z","path":"/blogs/chip-design/automating-synchronous-signal-distribution","step":"verify","ok":true}
{"t":"2026-09-11T14:28:57.492Z","path":"/blogs/chip-design/automating-testbench-creation-network-on-chip","step":"verify","ok":true}
{"t":"2026-09-11T14:28:59.069Z","path":"/blogs/chip-design/avoid-bad-asic-design-with-virtual-prototyping","step":"verify","ok":true}
{"t":"2026-09-11T14:28:59.627Z","path":"/blogs/chip-design/automotive-cybersecurity-for-ecus-in-vehicle-networks","step":"verify","ok":true}
{"t":"2026-09-11T14:28:59.762Z","path":"/blogs/chip-design/automotive-cybersecurity-data-management","step":"verify","ok":true}
{"t":"2026-09-11T14:29:01.154Z","path":"/blogs/chip-design/ccix-pcie-ai-networking-storage","step":"verify","ok":true}
{"t":"2026-09-11T14:29:03.354Z","path":"/blogs/chip-design/celebrating-the-76th-anniversary-of-the-transistor","step":"verify","ok":true}
{"t":"2026-09-11T14:29:05.528Z","path":"/blogs/chip-design/chip-design-data-analytics","step":"verify","ok":true}
{"t":"2026-09-11T14:29:05.686Z","path":"/blogs/chip-design/boost-networking-soc-design-cloud-emulation","step":"verify","ok":false,"why":"about:error in delivered html"}
{"t":"2026-09-11T14:29:05.769Z","path":"/blogs/chip-design/chip-floorplan-design-automation","step":"verify","ok":true}
{"t":"2026-09-11T14:29:05.934Z","path":"/blogs/chip-design/cloud-ai-chip-emulation","step":"verify","ok":true}
{"t":"2026-09-11T14:29:07.620Z","path":"/blogs/chip-design/cloud-based-chip-design-innovation-snug","step":"verify","ok":true}
{"t":"2026-09-11T14:29:09.172Z","path":"/blogs/chip-design/connected-vehicle-cybersecurity-wireless-comm","step":"verify","ok":true}
{"t":"2026-09-11T14:29:11.627Z","path":"/blogs/chip-design/continuous-integration-practices","step":"verify","ok":true}
{"t":"2026-09-11T14:29:11.688Z","path":"/blogs/chip-design/custom-compiler-design-assistants","step":"verify","ok":true}
{"t":"2026-09-11T14:29:11.835Z","path":"/blogs/chip-design/custom-compiler-design-assistants-part-2","step":"verify","ok":true}
{"t":"2026-09-11T14:29:12.114Z","path":"/blogs/chip-design/cryogenic-cmos-computing-semiwise","step":"verify","ok":true}
{"t":"2026-09-11T14:29:13.361Z","path":"/blogs/chip-design/custom-compiler-design-insights","step":"verify","ok":true}
{"t":"2026-09-11T14:29:14.526Z","path":"/blogs/chip-design/custom-compiler-layout","step":"verify","ok":true}
{"t":"2026-09-11T14:29:17.176Z","path":"/blogs/chip-design/cxl-protocol-memory-pooling","step":"verify","ok":true}
{"t":"2026-09-11T14:29:17.406Z","path":"/blogs/chip-design/cxl-3-protocol-standard-demo-sc24","step":"verify","ok":true}
{"t":"2026-09-11T14:29:17.542Z","path":"/blogs/chip-design/data-volume-growth-and-moores-law","step":"verify","ok":true}
{"t":"2026-09-11T14:29:18.426Z","path":"/blogs/chip-design/ddr-generations-memory-density-speed","step":"verify","ok":true}
{"t":"2026-09-11T14:29:19.187Z","path":"/blogs/chip-design/delivering-lpddr6-read-write-eyes-10-6-gbps","step":"verify","ok":true}
{"t":"2026-09-11T14:29:22.685Z","path":"/blogs/chip-design/demystifying-pcie-pipe-serdes-architecture","step":"verify","ok":true}
{"t":"2026-09-11T14:29:23.126Z","path":"/blogs/chip-design/eda-license-management","step":"verify","ok":true}
{"t":"2026-09-11T14:29:23.524Z","path":"/blogs/chip-design/designing-hbm3-high-bandwidth-memory-interfaces","step":"verify","ok":true}
{"t":"2026-09-11T14:29:24.546Z","path":"/blogs/chip-design/emulation-helps-find-power-bugs-soc-verification","step":"verify","ok":true}
{"t":"2026-09-11T14:29:24.723Z","path":"/blogs/chip-design/eda-tools-help-students-build-ic-design-skills","step":"verify","ok":true}
{"t":"2026-09-11T14:29:25.153Z","path":"/blogs/chip-design/enhancing-chip-design-with-ai","step":"verify","ok":true}
{"t":"2026-09-11T14:29:29.524Z","path":"/blogs/chip-design/ethernet-tsn-automotive-avb-applications","step":"verify","ok":true}
{"t":"2026-09-11T14:29:29.535Z","path":"/blogs/chip-design/ensuring-reliability-haps-physical-prototyping-systems","step":"verify","ok":true}
{"t":"2026-09-11T14:29:29.772Z","path":"/blogs/chip-design/europe-semiconductor-workforce-development","step":"verify","ok":true}
{"t":"2026-09-11T14:29:30.430Z","path":"/blogs/chip-design/faster-prototyping-haps","step":"verify","ok":true}
{"t":"2026-09-11T14:29:31.100Z","path":"/blogs/chip-design/fault-simulation-techniques","step":"verify","ok":true}
{"t":"2026-09-11T14:29:33.980Z","path":"/blogs/chip-design/extending-mobile-soc-battery-life","step":"verify","ok":true}
{"t":"2026-09-11T14:29:35.693Z","path":"/blogs/chip-design/finding-hardware-bugs-faster","step":"verify","ok":true}
{"t":"2026-09-11T14:29:36.098Z","path":"/blogs/chip-design/fpga-prototyping-for-high-rtl-debug-productivity","step":"verify","ok":true}
{"t":"2026-09-11T14:29:36.269Z","path":"/blogs/chip-design/formal-chip-design-verification-in-the-cloud","step":"verify","ok":true}
{"t":"2026-09-11T14:29:37.272Z","path":"/blogs/chip-design/fpga-prototyping-scaled-out-chip-design-validation","step":"verify","ok":true}
{"t":"2026-09-11T14:29:37.398Z","path":"/blogs/chip-design/fpga-prototyping-powers-soc-process","step":"verify","ok":true}
{"t":"2026-09-11T14:29:40.410Z","path":"/blogs/chip-design/functional-safety-implementation-goes-mainstream","step":"verify","ok":true}
{"t":"2026-09-11T14:29:42.049Z","path":"/blogs/chip-design/future-gaming-displays-advancements","step":"verify","ok":true}
{"t":"2026-09-11T14:29:42.773Z","path":"/blogs/chip-design/future-of-ai-in-chip-design","step":"verify","ok":true}
{"t":"2026-09-11T14:29:43.288Z","path":"/blogs/chip-design/gddr6-ai-vr-autonomous-driving","step":"verify","ok":true}
{"t":"2026-09-11T14:29:44.183Z","path":"/blogs/chip-design/good-activity-data-improve-your-dynamic-voltage-drop-analysis","step":"verify","ok":true}
{"t":"2026-09-11T14:29:44.518Z","path":"/blogs/chip-design/future-semiconductor-industry-multi-die","step":"verify","ok":true}
{"t":"2026-09-11T14:29:46.760Z","path":"/blogs/chip-design/good-enough-government-work","step":"verify","ok":true}
{"t":"2026-09-11T14:29:48.168Z","path":"/blogs/chip-design/high-speed-memory-smartphones-mipi","step":"verify","ok":true}
{"t":"2026-09-11T14:29:50.068Z","path":"/blogs/chip-design/how-dtco-advances-chip-design-process","step":"verify","ok":true}
{"t":"2026-09-11T14:29:50.555Z","path":"/blogs/chip-design/how-eda-forms-basis-for-designing-secure-systems","step":"verify","ok":true}
{"t":"2026-09-11T14:29:51.704Z","path":"/blogs/chip-design/how-prototyping-increases-interoperability-success","step":"verify","ok":true}
{"t":"2026-09-11T14:29:52.102Z","path":"/blogs/chip-design/how-to-design-socs-for-the-sysmoore-era","step":"verify","ok":true}
{"t":"2026-09-11T14:29:53.511Z","path":"/blogs/chip-design/how-to-integrate-usb4-in-soc-design","step":"verify","ok":true}
{"t":"2026-09-11T14:29:55.160Z","path":"/blogs/chip-design/how-to-maximize-pcie-6-with-end-to-end-design-solutions","step":"verify","ok":true}
{"t":"2026-09-11T14:29:56.687Z","path":"/blogs/chip-design/hybrid-prototyping-solution","step":"verify","ok":true}
{"t":"2026-09-11T14:29:57.465Z","path":"/blogs/chip-design/hyper-convergent-chip-designs","step":"verify","ok":true}
{"t":"2026-09-11T14:29:58.759Z","path":"/blogs/chip-design/improved-power-system-optimization-soc-designs","step":"verify","ok":true}
{"t":"2026-09-11T14:29:59.298Z","path":"/blogs/chip-design/ic-design-reliability-analysis-primesim-continuum","step":"verify","ok":true}
{"t":"2026-09-11T14:30:00.406Z","path":"/blogs/chip-design/improving-semiconductor-yield-with-test-data-analytics","step":"verify","ok":true}
{"t":"2026-09-11T14:30:00.994Z","path":"/blogs/chip-design/iot-device-security-isim","step":"verify","ok":true}
{"t":"2026-09-11T14:30:02.616Z","path":"/blogs/chip-design/leveraging-static-linting-tools","step":"verify","ok":true}
{"t":"2026-09-11T14:30:03.317Z","path":"/blogs/chip-design/library-characterization-for-advanced-process-designs","step":"verify","ok":true}
{"t":"2026-09-11T14:30:05.447Z","path":"/blogs/chip-design/linting-tools-machine-learning","step":"verify","ok":true}
{"t":"2026-09-11T14:30:06.000Z","path":"/blogs/chip-design/low-power-chip-design-verification-tool","step":"verify","ok":true}
{"t":"2026-09-11T14:30:06.936Z","path":"/blogs/chip-design/low-power-soc-design-verification","step":"verify","ok":true}
{"t":"2026-09-11T14:30:07.456Z","path":"/blogs/chip-design/lpddr3-vs-ddr3l-differences","step":"verify","ok":true}
{"t":"2026-09-11T14:30:08.590Z","path":"/blogs/chip-design/lpddr5-power-performance-ai-iot","step":"verify","ok":true}
{"t":"2026-09-11T14:30:09.858Z","path":"/blogs/chip-design/machine-learning-chip-design-flow","step":"verify","ok":true}
{"t":"2026-09-11T14:30:11.744Z","path":"/blogs/chip-design/managing-nvme-verification-complexity","step":"verify","ok":true}
{"t":"2026-09-11T14:30:12.453Z","path":"/blogs/chip-design/mastering-ddr-phy-interoperability-dfi","step":"verify","ok":true}
{"t":"2026-09-11T14:30:13.082Z","path":"/blogs/chip-design/mastering-uvm-register-model-simplification","step":"verify","ok":true}
{"t":"2026-09-11T14:30:13.443Z","path":"/blogs/chip-design/maximizing-mobile-performance-lpddr4-ram","step":"verify","ok":true}
{"t":"2026-09-11T14:30:14.850Z","path":"/blogs/chip-design/memory-design-techniques-silicon-reliability","step":"verify","ok":true}
{"t":"2026-09-11T14:30:16.279Z","path":"/blogs/chip-design/memory-design-with-machine-learning","step":"verify","ok":true}
{"t":"2026-09-11T14:30:18.238Z","path":"/blogs/chip-design/mipi-csi2-v21-automotive-drones-iot","step":"verify","ok":true}
{"t":"2026-09-11T14:30:19.011Z","path":"/blogs/chip-design/mipi-csi2-v30-5g-imaging-solution","step":"verify","ok":true}
{"t":"2026-09-11T14:30:19.967Z","path":"/blogs/chip-design/multi-chip-module-packaging-types","step":"verify","ok":true}
{"t":"2026-09-11T14:30:20.658Z","path":"/blogs/chip-design/multi-die-systems-changing-semiconductor-design","step":"verify","ok":true}
{"t":"2026-09-11T14:30:21.001Z","path":"/blogs/chip-design/multi-die-systems-report-mit-technology-review","step":"verify","ok":true}
{"t":"2026-09-11T14:30:22.251Z","path":"/blogs/chip-design/navigating-transition-mil-to-vhil-virtualizer-studio","step":"verify","ok":true}
{"t":"2026-09-11T14:30:24.071Z","path":"/blogs/chip-design/nhtsa-auto-cybersecurity-best-practices","step":"verify","ok":true}
{"t":"2026-09-11T14:30:25.556Z","path":"/blogs/chip-design/nvidia-gpu-circuit-simulation","step":"verify","ok":true}
{"t":"2026-09-11T14:30:26.806Z","path":"/blogs/chip-design/on-the-fly-code-review-chip-design-process","step":"verify","ok":true}
{"t":"2026-09-11T14:30:27.026Z","path":"/blogs/chip-design/optimizing-pcie-pipe-power-management","step":"verify","ok":true}
{"t":"2026-09-11T14:30:27.276Z","path":"/blogs/chip-design/optimizing-hbm2e-runtime-performance","step":"verify","ok":true}
{"t":"2026-09-11T14:30:28.816Z","path":"/blogs/chip-design/pcie-5-0-verification-synopsys-vip","step":"verify","ok":true}
{"t":"2026-09-11T14:30:30.648Z","path":"/blogs/chip-design/pcie-5-applications-and-importance-of-silicon-proven-ip","step":"verify","ok":true}
{"t":"2026-09-11T14:30:31.494Z","path":"/blogs/chip-design/pcie-8-0-verification-ip-ai-hpc-automotive","step":"verify","ok":true}
{"t":"2026-09-11T14:30:32.591Z","path":"/blogs/chip-design/pcie-ptm-spring-ahead","step":"verify","ok":true}
{"t":"2026-09-11T14:30:33.014Z","path":"/blogs/chip-design/pcie-challenges-software-hardware-system","step":"verify","ok":true}
{"t":"2026-09-11T14:30:33.738Z","path":"/blogs/chip-design/photonic-saas-ic-design","step":"verify","ok":true}
{"t":"2026-09-11T14:30:34.646Z","path":"/blogs/chip-design/pipe-5-1-1-pcie-usb-sata","step":"verify","ok":true}
{"t":"2026-09-11T14:30:36.865Z","path":"/blogs/chip-design/powering-ai-chip-design-process-with-ai","step":"verify","ok":true}
{"t":"2026-09-11T14:30:38.404Z","path":"/blogs/chip-design/practical-power-management","step":"verify","ok":true}
{"t":"2026-09-11T14:30:38.701Z","path":"/blogs/chip-design/primesim-continuum-ic-hyperconvergence","step":"verify","ok":true}
{"t":"2026-09-11T14:30:39.373Z","path":"/blogs/chip-design/prototyping-building-blocks-design","step":"verify","ok":true}
{"t":"2026-09-11T14:30:40.505Z","path":"/blogs/chip-design/reduce-memory-model-debug-time","step":"verify","ok":true}
{"t":"2026-09-11T14:30:41.104Z","path":"/blogs/chip-design/rfic-design-flow-corehw","step":"verify","ok":true}
{"t":"2026-09-11T14:30:42.527Z","path":"/blogs/chip-design/rise-popularity-hdmi-2-1","step":"verify","ok":true}
{"t":"2026-09-11T14:30:44.851Z","path":"/blogs/chip-design/saber-for-robust-design-reliable-performance","step":"verify","ok":true}
{"t":"2026-09-11T14:30:44.930Z","path":"/blogs/chip-design/rtl-debug-fpga-prototyping-challenges","step":"verify","ok":true}
{"t":"2026-09-11T14:30:45.177Z","path":"/blogs/chip-design/samsung-ddr4-3ds-tsv-memory","step":"verify","ok":true}
{"t":"2026-09-11T14:30:47.118Z","path":"/blogs/chip-design/semiconductor-engineering-certification-synopsys-purple","step":"verify","ok":true}
{"t":"2026-09-11T14:30:48.931Z","path":"/blogs/chip-design/software-defined-data-centers-sc24","step":"verify","ok":true}
{"t":"2026-09-11T14:30:51.089Z","path":"/blogs/chip-design/upstream-downstream-ports-guide","step":"verify","ok":true}
{"t":"2026-09-11T14:30:51.344Z","path":"/blogs/chip-design/usb-audio-device-class3","step":"verify","ok":true}
{"t":"2026-09-11T14:30:51.397Z","path":"/blogs/chip-design/usb3-2-primer","step":"verify","ok":true}
{"t":"2026-09-11T14:30:51.470Z","path":"/blogs/chip-design/soc-hbm2e-capacity-speed-benefits","step":"verify","ok":false,"why":"about:error in delivered html"}
{"t":"2026-09-11T14:30:52.981Z","path":"/blogs/chip-design/what-is-mobile-industry-processor-interface-protocol","step":"verify","ok":true}
{"t":"2026-09-11T14:30:55.730Z","path":"/blogs/chip-design/what-is-silent-data-corruption-sdc","step":"verify","ok":true}
{"t":"2026-09-11T14:30:57.168Z","path":"/cloud/technical-session","step":"verify","ok":true}
{"t":"2026-09-11T14:30:57.802Z","path":"/designware-ip/security-ip/cryptography-ip/puf/edge-cloud-iot-security","step":"verify","ok":true}
{"t":"2026-09-11T14:30:58.158Z","path":"/designware-ip/security-ip/cryptography-ip/puf/device-to-host-authentication","step":"verify","ok":true}
{"t":"2026-09-11T14:30:58.214Z","path":"/designware-ip/security-ip/cryptography-ip/puf/industrial-iot","step":"verify","ok":true}
{"t":"2026-09-11T14:30:58.978Z","path":"/designware-ip/security-ip/cryptography-ip/puf/key-vault","step":"verify","ok":true}
{"t":"2026-09-11T14:31:01.758Z","path":"/implementation-and-signoff/physical-implementation/fusion-compiler","step":"verify","ok":true}
{"t":"2026-09-11T14:31:03.352Z","path":"/implementation-and-signoff/test-automation/synopsys-ip-sms/sms-silicon-browser","step":"verify","ok":true}
{"t":"2026-09-11T14:31:03.741Z","path":"/implementation-and-signoff/test-automation/synopsys-ip-sms/sms-yield-accelerator","step":"verify","ok":true}
{"t":"2026-09-11T14:31:03.904Z","path":"/implementation-and-signoff/test-automation/testmax-ale","step":"verify","ok":true}
{"t":"2026-09-11T14:31:04.237Z","path":"/implementation-and-signoff/test-automation/testmax-dft/testmax-access","step":"verify","ok":true}
{"t":"2026-09-11T14:31:05.164Z","path":"/manufacturing/manufacturing-analytics/sysnav","step":"verify","ok":true}
{"t":"2026-09-11T14:31:07.541Z","path":"/manufacturing/tcad/extraction-continuum","step":"verify","ok":true}
{"t":"2026-09-11T14:31:09.918Z","path":"/photonic-solutions/product-applications/free-space-optics/nrz-dpsk-transmission","step":"verify","ok":true}
{"t":"2026-09-11T14:31:10.234Z","path":"/photonic-solutions/product-applications/multimode-fiber-optic/25g-base-sr","step":"verify","ok":true}
{"t":"2026-09-11T14:31:10.678Z","path":"/photonic-solutions/product-applications/optical-amplifiers/ropa","step":"verify","ok":true}
{"t":"2026-09-11T14:31:10.693Z","path":"/photonic-solutions/optsim/single-mode-network","step":"verify","ok":true}
{"t":"2026-09-11T14:31:12.398Z","path":"/photonic-solutions/product-applications/other-applications/deterministic-random-jitter","step":"verify","ok":true}
{"t":"2026-09-11T14:31:14.325Z","path":"/photonic-solutions/product-applications/photonic-integrated-circuits/arbitrary-curves-feature","step":"verify","ok":true}
{"t":"2026-09-11T14:31:16.347Z","path":"/photonic-solutions/product-applications/photonic-integrated-circuits/dxf-transfer-function","step":"verify","ok":true}
{"t":"2026-09-11T14:31:17.057Z","path":"/photonic-solutions/product-applications/photonic-integrated-circuits/sensor-pic","step":"verify","ok":true}
{"t":"2026-09-11T14:31:17.430Z","path":"/photonic-solutions/product-applications/photonic-integrated-circuits/foundry-process-tw-mzm","step":"verify","ok":true}
{"t":"2026-09-11T14:31:18.263Z","path":"/photonic-solutions/product-applications/photonic-integrated-circuits/thermal-tuning","step":"verify","ok":true}
{"t":"2026-09-11T14:31:18.648Z","path":"/photonic-solutions/product-applications/photonic-integrated-circuits/phase-shifter-device-circuit","step":"verify","ok":true}
{"t":"2026-09-11T14:31:20.018Z","path":"/photonic-solutions/product-applications/photonic-integrated-circuits/tw-mzm-optical-isolator","step":"verify","ok":true}
{"t":"2026-09-11T14:31:21.841Z","path":"/photonic-solutions/product-applications/pon-catv-rof/rf-dual-parallel-mzm","step":"verify","ok":true}
{"t":"2026-09-11T14:31:23.318Z","path":"/photonic-solutions/product-applications/waveguide-sensors/optsim-methane-gas-sensor","step":"verify","ok":true}
{"t":"2026-09-11T14:31:23.812Z","path":"/solutions/silicon-lifecycle-management/data-highway/synopsys-ip-shs/shs-silicon-browser","step":"verify","ok":true}
{"t":"2026-09-11T14:31:24.161Z","path":"/solutions/silicon-lifecycle-management/data-highway/synopsys-ip-shs/shs-yield-accelerator","step":"verify","ok":true}
{"t":"2026-09-11T14:31:24.887Z","path":"/verification/ide/euclide","step":"verify","ok":true}
{"t":"2026-09-11T14:31:27.331Z","path":"/verification/simulation/vcs/vcs-matlab","step":"verify","ok":true}
{"t":"2026-09-11T14:31:28.346Z","path":"/verification/simulation/vc-z01x","step":"verify","ok":true}
{"t":"2026-09-11T14:31:29.143Z","path":"/verification/soc-verification-automation/vc-autotestbench","step":"verify","ok":true}
{"t":"2026-09-11T14:31:29.676Z","path":"/verification/verification-ip/amba/amba-ace","step":"verify","ok":true}
{"t":"2026-09-11T14:31:29.961Z","path":"/verification/verification-ip/amba/amba-ahb","step":"verify","ok":true}
{"t":"2026-09-11T14:31:30.754Z","path":"/verification/verification-ip/amba/amba-apb","step":"verify","ok":true}
{"t":"2026-09-11T14:31:33.040Z","path":"/verification/verification-ip/amba/amba-atb","step":"verify","ok":true}
{"t":"2026-09-11T14:31:33.686Z","path":"/verification/verification-ip/amba/amba-axi","step":"verify","ok":true}
{"t":"2026-09-11T14:31:34.668Z","path":"/verification/verification-ip/amba/amba-stream","step":"verify","ok":true}
{"t":"2026-09-11T14:36:55.216Z","path":"/ai/contact-us","step":"verify","ok":true}
{"t":"2026-09-11T14:36:55.517Z","path":"/academic-research/researchers","step":"verify","ok":true}
{"t":"2026-09-11T14:36:55.569Z","path":"/academic-research/university","step":"verify","ok":true}
{"t":"2026-09-11T14:36:56.063Z","path":"/articles/112g-ethernet-implementations","step":"verify","ok":true}
{"t":"2026-09-11T14:36:56.251Z","path":"/ai/physical-ai","step":"verify","ok":true}
{"t":"2026-09-11T14:36:56.412Z","path":"/ai/agentic-ai","step":"verify","ok":true}
{"t":"2026-09-11T14:37:01.856Z","path":"/articles/addressing-ai-advanced-packaging-3dio-phy","step":"verify","ok":true}
{"t":"2026-09-11T14:37:01.884Z","path":"/articles/112g-ethernet-ip","step":"verify","ok":true}
{"t":"2026-09-11T14:37:02.231Z","path":"/articles/advantages-embedded-mtp-nvm-iot-soc-designs","step":"verify","ok":true}
{"t":"2026-09-11T14:37:02.336Z","path":"/articles/adoption-5g-automotive-applications","step":"verify","ok":true}
{"t":"2026-09-11T14:37:02.538Z","path":"/articles/accelerating-32gtps-pcie5-designs","step":"verify","ok":true}
{"t":"2026-09-11T14:37:03.632Z","path":"/articles/ai-hpc-multi-die-designs","step":"verify","ok":true}
{"t":"2026-09-11T14:37:08.563Z","path":"/articles/cxl2-3-storage-memory-applications","step":"verify","ok":true}
{"t":"2026-09-11T14:37:08.580Z","path":"/articles/asil-d-systematic-iso-26262-compliance","step":"verify","ok":true}
{"t":"2026-09-11T14:37:08.635Z","path":"/articles/data-centers-driving-ethernet-interconnects","step":"verify","ok":true}
{"t":"2026-09-11T14:37:08.758Z","path":"/articles/converging-cloud-computing-infrastucture","step":"verify","ok":true}
{"t":"2026-09-11T14:37:09.259Z","path":"/articles/design-precision","step":"verify","ok":true}
{"t":"2026-09-11T14:37:09.912Z","path":"/articles/direct-drive-electro-optical","step":"verify","ok":true}
{"t":"2026-09-11T14:37:15.142Z","path":"/articles/improving-quality-of-service-amba","step":"verify","ok":true}
{"t":"2026-09-11T14:37:15.258Z","path":"/articles/hardware-mathematics-for-ai","step":"verify","ok":true}
{"t":"2026-09-11T14:37:15.286Z","path":"/articles/hardware-aware-training-keyword-spotting","step":"verify","ok":true}
{"t":"2026-09-11T14:37:15.459Z","path":"/articles/iso-sae-21434-automotive-cybersecurity","step":"verify","ok":true}
{"t":"2026-09-11T14:37:15.786Z","path":"/articles/introduction-to-tcam","step":"verify","ok":true}
{"t":"2026-09-11T14:37:16.405Z","path":"/articles/minimizing-auto-vulnerabilities","step":"verify","ok":true}
{"t":"2026-09-11T14:37:22.309Z","path":"/articles/security-ide-ip","step":"verify","ok":true}
{"t":"2026-09-11T14:37:22.320Z","path":"/articles/reliable-secure-otp-ip","step":"verify","ok":true}
{"t":"2026-09-11T14:37:22.396Z","path":"/articles/secure-connectivity-integrated-sim-isim","step":"verify","ok":true}
{"t":"2026-09-11T14:37:22.425Z","path":"/articles/serdes-design-trends-angstrom-era","step":"verify","ok":true}
{"t":"2026-09-11T14:37:22.612Z","path":"/articles/selecting-standard-ip","step":"verify","ok":true}
{"t":"2026-09-11T14:37:23.157Z","path":"/articles/tee-device-interface-secure-protocol","step":"verify","ok":true}
{"t":"2026-09-11T14:37:28.659Z","path":"/articles/why-ai-needs-security","step":"verify","ok":true}
{"t":"2026-09-11T14:37:28.700Z","path":"/articles/top-5-features","step":"verify","ok":true}
{"t":"2026-09-11T14:37:28.780Z","path":"/articles/training-self-driving-cars-video-games","step":"verify","ok":true}
{"t":"2026-09-11T14:37:28.951Z","path":"/articles/true-random-number-generator-security","step":"verify","ok":true}
{"t":"2026-09-11T14:37:29.332Z","path":"/articles/understanding-peripherals","step":"verify","ok":true}
{"t":"2026-09-11T14:37:29.637Z","path":"/blogs/chip-design/10baset1-s-vip-automotive-socs","step":"verify","ok":true}
{"t":"2026-09-11T14:37:34.725Z","path":"/blogs/chip-design/2nm-power-efficiency-hyperscale-socs","step":"verify","ok":true}
{"t":"2026-09-11T14:37:34.879Z","path":"/blogs/chip-design/2024-season-of-service","step":"verify","ok":true}
{"t":"2026-09-11T14:37:35.382Z","path":"/blogs/chip-design/2022-eda-and-chip-design-advances","step":"verify","ok":true}
{"t":"2026-09-11T14:37:35.583Z","path":"/blogs/chip-design/346-chip-simulation-technology-multi-die-systems","step":"verify","ok":true}
{"t":"2026-09-11T14:37:35.602Z","path":"/blogs/chip-design/3d-chip-tape-out-socionext-success","step":"verify","ok":true}
{"t":"2026-09-11T14:37:36.552Z","path":"/blogs/chip-design/5-automotive-functional-safety-insights","step":"verify","ok":true}
{"t":"2026-09-11T14:37:41.116Z","path":"/blogs/chip-design/5-ways-flexeda-saas-model-transforms-chip-design","step":"verify","ok":true}
{"t":"2026-09-11T14:37:41.167Z","path":"/blogs/chip-design/600-million-lines-code-cars-2027","step":"verify","ok":true}
{"t":"2026-09-11T14:37:41.536Z","path":"/blogs/chip-design/7nm-european-ai-chip-innovation","step":"verify","ok":true}
{"t":"2026-09-11T14:37:41.679Z","path":"/blogs/chip-design/advancing-quantum-computing-rd","step":"verify","ok":true}
{"t":"2026-09-11T14:37:42.608Z","path":"/blogs/chip-design/agentic-ai-chip-design","step":"verify","ok":true}
{"t":"2026-09-11T14:37:42.853Z","path":"/blogs/chip-design/accelerating-development-for-arm-based-automotive-systems","step":"verify","ok":true}
{"t":"2026-09-11T14:37:47.729Z","path":"/blogs/chip-design/ai-agents-in-2025","step":"verify","ok":true}
{"t":"2026-09-11T14:37:47.884Z","path":"/blogs/chip-design/ai-chip-design-breakthroughs-snug","step":"verify","ok":true}
{"t":"2026-09-11T14:37:48.111Z","path":"/blogs/chip-design/ai-chip-design-adaptive-flows","step":"verify","ok":true}
{"t":"2026-09-11T14:37:48.155Z","path":"/blogs/chip-design/ai-accelerator-ip-development","step":"verify","ok":true}
{"t":"2026-09-11T14:37:48.240Z","path":"/blogs/chip-design/ai-chip-design-synopsys-microsoft","step":"verify","ok":true}
{"t":"2026-09-11T14:37:50.039Z","path":"/blogs/chip-design/ai-chip-design-workflow-automation","step":"verify","ok":true}
{"t":"2026-09-11T14:37:54.692Z","path":"/blogs/chip-design/ai-driven-analog-digital-node-migration","step":"verify","ok":true}
{"t":"2026-09-11T14:37:54.737Z","path":"/blogs/chip-design/ai-compute-architecture-evolution","step":"verify","ok":true}
{"t":"2026-09-11T14:37:54.777Z","path":"/blogs/chip-design/ai-chiplet-integration-arm-synopsys","step":"verify","ok":true}
{"t":"2026-09-11T14:37:54.798Z","path":"/blogs/chip-design/ai-chip-pre-silicon-planning-guide","step":"verify","ok":true}
{"t":"2026-09-11T14:37:54.910Z","path":"/blogs/chip-design/ai-chip-silicon-success-tips","step":"verify","ok":true}
{"t":"2026-09-11T14:37:56.247Z","path":"/blogs/chip-design/ai-edge-devices-tsmc-n2-silicon-success","step":"verify","ok":true}
{"t":"2026-09-11T14:38:01.064Z","path":"/blogs/chip-design/ai-factories-data-center-infrastructure","step":"verify","ok":true}
{"t":"2026-09-11T14:38:01.085Z","path":"/blogs/chip-design/ai-in-engineering-role-transformation","step":"verify","ok":true}
{"t":"2026-09-11T14:38:01.383Z","path":"/blogs/chip-design/ai-infrastructure-hardware-failures-data-corruption","step":"verify","ok":true}
{"t":"2026-09-11T14:38:01.388Z","path":"/blogs/chip-design/ai-security-silicon-level","step":"verify","ok":true}
{"t":"2026-09-11T14:38:01.700Z","path":"/blogs/chip-design/ai-server-architecture","step":"verify","ok":true}
{"t":"2026-09-11T14:38:02.752Z","path":"/blogs/chip-design/ai-sovereignty-strategic-interdependence","step":"verify","ok":true}
{"t":"2026-09-11T14:38:07.551Z","path":"/blogs/chip-design/analog-design-verification","step":"verify","ok":true}
{"t":"2026-09-11T14:38:07.559Z","path":"/blogs/chip-design/analog-layout-synthesis-ai","step":"verify","ok":true}
{"t":"2026-09-11T14:38:07.748Z","path":"/blogs/chip-design/ai-tool-adoption-semiconductor-engineering","step":"verify","ok":true}
{"t":"2026-09-11T14:38:07.819Z","path":"/blogs/chip-design/aiot-edge-ai-chip-design-innovation","step":"verify","ok":true}
{"t":"2026-09-11T14:38:09.269Z","path":"/blogs/chip-design/arm-synopsys-integrated-chip-design-flow","step":"verify","ok":true}
{"t":"2026-09-11T14:38:09.371Z","path":"/blogs/chip-design/analog-design-ai-aimc-innovation","step":"verify","ok":true}
{"t":"2026-09-11T14:38:14.157Z","path":"/blogs/chip-design/automating-synchronous-signal-distribution","step":"verify","ok":true}
{"t":"2026-09-11T14:38:14.267Z","path":"/blogs/chip-design/automotive-ai-vision-chip-design","step":"verify","ok":true}
{"t":"2026-09-11T14:38:14.387Z","path":"/blogs/chip-design/atomic-scale-simulation-resistive-switching-reram","step":"verify","ok":true}
{"t":"2026-09-11T14:38:14.532Z","path":"/blogs/chip-design/automotive-cybersecurity-data-management","step":"verify","ok":true}
{"t":"2026-09-11T14:38:15.649Z","path":"/blogs/chip-design/autosens-detroit-2024-automotive-ee-architectures","step":"verify","ok":true}
{"t":"2026-09-11T14:38:16.373Z","path":"/blogs/chip-design/automotive-finfet-foundation-ip","step":"verify","ok":true}
{"t":"2026-09-11T14:38:20.563Z","path":"/blogs/chip-design/block-storage-vs-object-storage-vs-file-storage","step":"verify","ok":true}
{"t":"2026-09-11T14:38:20.629Z","path":"/blogs/chip-design/benefits-of-adopting-cloud-technology","step":"verify","ok":true}
{"t":"2026-09-11T14:38:20.633Z","path":"/blogs/chip-design/benefits-of-virtualization-in-a-cloud-environment","step":"verify","ok":true}
{"t":"2026-09-11T14:38:20.771Z","path":"/blogs/chip-design/benefits-of-redundancy-in-cloud-computing","step":"verify","ok":true}
{"t":"2026-09-11T14:38:21.895Z","path":"/blogs/chip-design/ceos-synopsys-arm-ai-opportunities-challenges","step":"verify","ok":true}
{"t":"2026-09-11T14:38:22.253Z","path":"/blogs/chip-design/chip-design-latest-technology","step":"verify","ok":true}
{"t":"2026-09-11T14:38:26.538Z","path":"/blogs/chip-design/cloud-access-security-broker","step":"verify","ok":true}
{"t":"2026-09-11T14:38:26.780Z","path":"/blogs/chip-design/chip-design-tools-github-hardware-development","step":"verify","ok":true}
{"t":"2026-09-11T14:38:26.914Z","path":"/blogs/chip-design/chiplet-design-best-practices-multi-die","step":"verify","ok":true}
{"t":"2026-09-11T14:38:27.219Z","path":"/blogs/chip-design/cloud-architecture-patterns","step":"verify","ok":true}
{"t":"2026-09-11T14:38:27.826Z","path":"/blogs/chip-design/cloud-based-soc-virtual-prototyping","step":"verify","ok":true}
{"t":"2026-09-11T14:38:28.446Z","path":"/blogs/chip-design/cloud-capacity-planning","step":"verify","ok":true}
{"t":"2026-09-11T14:38:32.991Z","path":"/blogs/chip-design/cloud-computing-facts","step":"verify","ok":true}
{"t":"2026-09-11T14:38:33.008Z","path":"/blogs/chip-design/cloud-computing-architecture","step":"verify","ok":true}
{"t":"2026-09-11T14:38:33.016Z","path":"/blogs/chip-design/cloud-computing-deployment-models","step":"verify","ok":true}
{"t":"2026-09-11T14:38:33.729Z","path":"/blogs/chip-design/cloud-computing-features","step":"verify","ok":true}
{"t":"2026-09-11T14:38:34.026Z","path":"/blogs/chip-design/cloud-computing-flexibility","step":"verify","ok":true}
{"t":"2026-09-11T14:38:34.463Z","path":"/blogs/chip-design/cloud-computing-infrastructure","step":"verify","ok":true}
{"t":"2026-09-11T14:38:39.390Z","path":"/blogs/chip-design/cloud-computing-security-concerns","step":"verify","ok":true}
{"t":"2026-09-11T14:38:39.504Z","path":"/blogs/chip-design/cloud-computing-overview","step":"verify","ok":true}
{"t":"2026-09-11T14:38:39.732Z","path":"/blogs/chip-design/cloud-configuration-management-tools","step":"verify","ok":true}
{"t":"2026-09-11T14:38:39.963Z","path":"/blogs/chip-design/cloud-consumption","step":"verify","ok":true}
{"t":"2026-09-11T14:38:40.101Z","path":"/blogs/chip-design/cloud-computing-vs-traditional-it-structures","step":"verify","ok":true}
{"t":"2026-09-11T14:38:40.714Z","path":"/blogs/chip-design/cloud-data-center-architecture","step":"verify","ok":true}
{"t":"2026-09-11T14:38:45.349Z","path":"/blogs/chip-design/cloud-eda-license-management","step":"verify","ok":true}
{"t":"2026-09-11T14:38:45.643Z","path":"/blogs/chip-design/cloud-hpc-for-ai-architecture","step":"verify","ok":true}
{"t":"2026-09-11T14:38:45.889Z","path":"/blogs/chip-design/cloud-native-technologies","step":"verify","ok":true}
{"t":"2026-09-11T14:38:46.203Z","path":"/blogs/chip-design/cloud-native-vs-cloud-agnostic","step":"verify","ok":true}
{"t":"2026-09-11T14:38:46.438Z","path":"/blogs/chip-design/cloud-native-benefits","step":"verify","ok":true}
{"t":"2026-09-11T14:38:47.658Z","path":"/blogs/chip-design/cloud-security-architecture","step":"verify","ok":true}
{"t":"2026-09-11T14:38:51.430Z","path":"/blogs/chip-design/cloud-security-challenges","step":"verify","ok":true}
{"t":"2026-09-11T14:38:51.788Z","path":"/blogs/chip-design/cloud-security-strategy","step":"verify","ok":true}
{"t":"2026-09-11T14:38:52.255Z","path":"/blogs/chip-design/cloud-soc-prototyping-fpga-prototyping-tools","step":"verify","ok":true}
{"t":"2026-09-11T14:38:52.713Z","path":"/blogs/chip-design/cloud-storage-security","step":"verify","ok":true}
{"t":"2026-09-11T14:38:53.041Z","path":"/blogs/chip-design/cloud-to-cloud-integration","step":"verify","ok":true}
{"t":"2026-09-11T14:38:53.557Z","path":"/blogs/chip-design/cloud-virtual-prototypes-sdvs","step":"verify","ok":true}
{"t":"2026-09-11T14:38:56.977Z","path":"/blogs/chip-design/cloud-workload-protection","step":"verify","ok":true}
{"t":"2026-09-11T14:38:57.696Z","path":"/blogs/chip-design/comparing-cloud-on-premises-security-chip-design","step":"verify","ok":true}
{"t":"2026-09-11T14:38:58.542Z","path":"/blogs/chip-design/compute-capacity","step":"verify","ok":true}
{"t":"2026-09-11T14:38:58.937Z","path":"/blogs/chip-design/customizing-foundation-ip-low-voltage-design","step":"verify","ok":true}
{"t":"2026-09-11T14:38:59.629Z","path":"/blogs/chip-design/copper-ai-interconnect","step":"verify","ok":true}
{"t":"2026-09-11T14:39:00.447Z","path":"/blogs/chip-design/data-volume-growth-and-moores-law","step":"verify","ok":true}
{"t":"2026-09-11T14:39:03.403Z","path":"/blogs/chip-design/die-to-die-connectivity-for-hpc","step":"verify","ok":true}
{"t":"2026-09-11T14:39:04.705Z","path":"/blogs/chip-design/digital-media-internship-program","step":"verify","ok":true}
{"t":"2026-09-11T14:39:05.073Z","path":"/blogs/chip-design/distributed-object-storage","step":"verify","ok":true}
{"t":"2026-09-11T14:39:06.009Z","path":"/blogs/chip-design/dvcon-2024-multi-die-verification-panel","step":"verify","ok":true}
{"t":"2026-09-11T14:39:06.308Z","path":"/blogs/chip-design/driving-the-future-renesas-r-car-gen-5-virtual-prototypes-enable-sdvs","step":"verify","ok":true}
{"t":"2026-09-11T14:39:06.535Z","path":"/blogs/chip-design/eda-license-management","step":"verify","ok":true}
{"t":"2026-09-11T14:39:09.784Z","path":"/blogs/chip-design/eda-workloads","step":"verify","ok":true}
{"t":"2026-09-11T14:39:11.360Z","path":"/blogs/chip-design/edge-computing-architecture","step":"verify","ok":true}
{"t":"2026-09-11T14:39:11.625Z","path":"/blogs/chip-design/edge-computing-benefits-and-challenges","step":"verify","ok":true}
{"t":"2026-09-11T14:39:11.925Z","path":"/blogs/chip-design/electronics-digital-twin-automotive-innovation","step":"verify","ok":true}
{"t":"2026-09-11T14:39:12.731Z","path":"/blogs/chip-design/electronics-digital-twin-edt","step":"verify","ok":true}
{"t":"2026-09-11T14:39:13.540Z","path":"/blogs/chip-design/electronics-digital-twin-platform","step":"verify","ok":true}
{"t":"2026-09-11T14:39:16.156Z","path":"/blogs/chip-design/energy-efficient-ai-accelerator-data-centers","step":"verify","ok":true}
{"t":"2026-09-11T14:39:18.001Z","path":"/blogs/chip-design/ensuring-reliability-haps-physical-prototyping-systems","step":"verify","ok":true}
{"t":"2026-09-11T14:39:18.549Z","path":"/blogs/chip-design/engineering-intelligent-systems-multiphysics-world","step":"verify","ok":true}
{"t":"2026-09-11T14:39:18.617Z","path":"/blogs/chip-design/energy-efficient-ai-per-watt","step":"verify","ok":true}
{"t":"2026-09-11T14:39:18.994Z","path":"/blogs/chip-design/enterprise-generative-ai-tools-roi","step":"verify","ok":true}
{"t":"2026-09-11T14:39:19.899Z","path":"/blogs/chip-design/essential-cloud-computing-characteristics","step":"verify","ok":true}
{"t":"2026-09-11T14:39:21.873Z","path":"/blogs/chip-design/ethernet-evolution-trends-challenges-future","step":"verify","ok":true}
{"t":"2026-09-11T14:39:23.968Z","path":"/blogs/chip-design/ethernet-tsn-synopsys-verification","step":"verify","ok":true}
{"t":"2026-09-11T14:39:24.380Z","path":"/blogs/chip-design/fundamentals-of-cloud-computing-and-its-role-in-eda","step":"verify","ok":true}
{"t":"2026-09-11T14:39:24.452Z","path":"/blogs/chip-design/fujitsu-monaka-green-data-centers","step":"verify","ok":true}
{"t":"2026-09-11T14:39:25.057Z","path":"/blogs/chip-design/future-of-electronic-design-automation","step":"verify","ok":true}
{"t":"2026-09-11T14:39:26.290Z","path":"/blogs/chip-design/generative-agentic-ai-chip-design","step":"verify","ok":true}
{"t":"2026-09-11T14:39:28.021Z","path":"/blogs/chip-design/hardware-root-of-trust-security","step":"verify","ok":true}
{"t":"2026-09-11T14:39:30.039Z","path":"/blogs/chip-design/hardware-security-vs-software-security","step":"verify","ok":true}
{"t":"2026-09-11T14:39:30.255Z","path":"/blogs/chip-design/high-bandwidth-memory-hbm-ai-future","step":"verify","ok":true}
{"t":"2026-09-11T14:39:30.975Z","path":"/blogs/chip-design/heterogeneous-clusters-and-dynamic-scaling","step":"verify","ok":true}
{"t":"2026-09-11T14:39:31.979Z","path":"/blogs/chip-design/high-frequency-jitter-amplification-accuracy-stateye","step":"verify","ok":true}
{"t":"2026-09-11T14:39:32.098Z","path":"/blogs/chip-design/high-performance-compute-eda-cloud","step":"verify","ok":true}
{"t":"2026-09-11T14:39:34.101Z","path":"/blogs/chip-design/high-performance-computing-2022","step":"verify","ok":true}
{"t":"2026-09-11T14:39:36.330Z","path":"/blogs/chip-design/high-performance-computing-architecture","step":"verify","ok":true}
{"t":"2026-09-11T14:39:36.330Z","path":"/blogs/chip-design/high-performance-computing-cluster","step":"verify","ok":true}
{"t":"2026-09-11T14:39:37.629Z","path":"/blogs/chip-design/high-performance-storage","step":"verify","ok":true}
{"t":"2026-09-11T14:39:37.643Z","path":"/blogs/chip-design/high-speed-memory-smartphones-mipi","step":"verify","ok":true}
{"t":"2026-09-11T14:39:38.457Z","path":"/blogs/chip-design/how-ai-changed-chip-design-eda-tools","step":"verify","ok":true}
{"t":"2026-09-11T14:39:39.945Z","path":"/blogs/chip-design/how-ai-changes-chip-design-flow","step":"verify","ok":true}
{"t":"2026-09-11T14:39:42.510Z","path":"/blogs/chip-design/how-certify-supercomputer","step":"verify","ok":true}
{"t":"2026-09-11T14:39:42.674Z","path":"/blogs/chip-design/how-asu-researcher-became-chip-designer","step":"verify","ok":true}
{"t":"2026-09-11T14:39:44.301Z","path":"/blogs/chip-design/hpc-and-cloud-predictions-2021","step":"verify","ok":true}
{"t":"2026-09-11T14:39:44.354Z","path":"/blogs/chip-design/hpc-multi-die-chip-design-2025","step":"verify","ok":true}
{"t":"2026-09-11T14:39:45.201Z","path":"/blogs/chip-design/hpe-hpc-chip-design-tools","step":"verify","ok":true}
{"t":"2026-09-11T14:39:46.332Z","path":"/blogs/chip-design/hybrid-cloud-architecture-benefits-and-challenges","step":"verify","ok":true}
{"t":"2026-09-11T14:39:48.881Z","path":"/blogs/chip-design/hybrid-cloud-integration","step":"verify","ok":true}
{"t":"2026-09-11T14:39:49.233Z","path":"/blogs/chip-design/hybrid-cloud-chip-design-agility-efficiency","step":"verify","ok":true}
{"t":"2026-09-11T14:39:50.685Z","path":"/blogs/chip-design/india-semiconductor-industry-influence","step":"verify","ok":true}
{"t":"2026-09-11T14:39:51.187Z","path":"/blogs/chip-design/improve-ai-chip-power-efficiency","step":"verify","ok":true}
{"t":"2026-09-11T14:39:51.592Z","path":"/blogs/chip-design/innovation-enablers-synopsys-story","step":"verify","ok":true}
{"t":"2026-09-11T14:39:52.394Z","path":"/blogs/chip-design/integrated-design-ai-chip-software","step":"verify","ok":true}
{"t":"2026-09-11T14:39:54.931Z","path":"/blogs/chip-design/interconnect-ip-scalable-compute-clusters","step":"verify","ok":true}
{"t":"2026-09-11T14:39:55.606Z","path":"/blogs/chip-design/interface-ip-3d-multi-die","step":"verify","ok":true}
{"t":"2026-09-11T14:39:57.306Z","path":"/blogs/chip-design/introducing-zebu-200-haps-200","step":"verify","ok":true}
{"t":"2026-09-11T14:39:58.324Z","path":"/blogs/chip-design/international-day-of-women-in-science-2022","step":"verify","ok":true}
{"t":"2026-09-11T14:39:59.120Z","path":"/blogs/chip-design/journey-of-coverage-closure","step":"verify","ok":true}
{"t":"2026-09-11T14:39:59.185Z","path":"/blogs/chip-design/iot-device-security-isim","step":"verify","ok":true}
{"t":"2026-09-11T14:40:01.291Z","path":"/blogs/chip-design/kioxia-innovates-soc-design-eda-ai-technologies","step":"verify","ok":true}
{"t":"2026-09-11T14:40:01.479Z","path":"/blogs/chip-design/lpddr6-vs-lpddr5x-lpddr5-differences","step":"verify","ok":true}
{"t":"2026-09-11T14:40:03.932Z","path":"/blogs/chip-design/machine-learned-force-fields-atomistic-simulation","step":"verify","ok":true}
{"t":"2026-09-11T14:40:04.877Z","path":"/blogs/chip-design/macsec-ip-iso-pas-8800-automotive","step":"verify","ok":true}
{"t":"2026-09-11T14:40:06.221Z","path":"/blogs/chip-design/mastering-uvm-axi-vip-usage","step":"verify","ok":true}
{"t":"2026-09-11T14:40:06.593Z","path":"/blogs/chip-design/memory-design-techniques-silicon-reliability","step":"verify","ok":true}
{"t":"2026-09-11T14:40:07.641Z","path":"/blogs/chip-design/multi-cloud-infrastructure","step":"verify","ok":true}
{"t":"2026-09-11T14:40:08.713Z","path":"/blogs/chip-design/multi-chip-module-packaging-types","step":"verify","ok":true}
{"t":"2026-09-11T14:40:10.119Z","path":"/blogs/chip-design/multi-cloud-security","step":"verify","ok":true}
{"t":"2026-09-11T14:40:11.414Z","path":"/blogs/chip-design/multi-cloud-storage","step":"verify","ok":true}
{"t":"2026-09-11T14:40:12.945Z","path":"/blogs/chip-design/multi-cloud-strategy","step":"verify","ok":true}
{"t":"2026-09-11T14:40:13.474Z","path":"/blogs/chip-design/multi-die-automotive-chip-designs","step":"verify","ok":true}
{"t":"2026-09-11T14:40:15.372Z","path":"/blogs/chip-design/multi-die-chip-design-tsmc","step":"verify","ok":true}
{"t":"2026-09-11T14:40:15.372Z","path":"/blogs/chip-design/multi-die-chip-design-synopsys-samsung","step":"verify","ok":true}
{"t":"2026-09-11T14:40:18.364Z","path":"/blogs/chip-design/multi-die-design-challenges-industry-insights-chiplet-summit","step":"verify","ok":true}
{"t":"2026-09-11T14:40:18.688Z","path":"/blogs/chip-design/multi-die-design-comparison-monolithic-pcb","step":"verify","ok":true}
{"t":"2026-09-11T14:40:18.909Z","path":"/blogs/chip-design/multi-die-design-stco-ai","step":"verify","ok":true}
{"t":"2026-09-11T14:40:19.669Z","path":"/blogs/chip-design/multi-die-health-reliability-advances","step":"verify","ok":true}
{"t":"2026-09-11T14:40:22.972Z","path":"/blogs/chip-design/multi-die-multiphysics-co-design","step":"verify","ok":true}
{"t":"2026-09-11T14:40:23.891Z","path":"/blogs/chip-design/multi-die-systems-changing-semiconductor-design","step":"verify","ok":true}
{"t":"2026-09-11T14:40:25.060Z","path":"/blogs/chip-design/multiphysics-chip-design-challenges","step":"verify","ok":true}
{"t":"2026-09-11T14:40:25.557Z","path":"/blogs/chip-design/multiphysics-fusion-chip-design","step":"verify","ok":true}
{"t":"2026-09-11T14:40:25.564Z","path":"/blogs/chip-design/nas-vs-san","step":"verify","ok":true}
{"t":"2026-09-11T14:40:26.730Z","path":"/blogs/chip-design/neuromorphic-computing-physical-ai-edge","step":"verify","ok":true}
{"t":"2026-09-11T14:40:29.319Z","path":"/blogs/chip-design/nvidia-gpu-circuit-simulation","step":"verify","ok":true}
{"t":"2026-09-11T14:40:30.720Z","path":"/blogs/chip-design/on-premise-cloud","step":"verify","ok":true}
{"t":"2026-09-11T14:40:31.580Z","path":"/blogs/chip-design/on-premise-vs-cloud-pros-and-cons","step":"verify","ok":true}
{"t":"2026-09-11T14:40:32.010Z","path":"/blogs/chip-design/pcie-6x-compliance-testing-gold-system","step":"verify","ok":true}
{"t":"2026-09-11T14:40:33.380Z","path":"/blogs/chip-design/pcie-challenges-software-hardware-system","step":"verify","ok":true}
{"t":"2026-09-11T14:40:34.130Z","path":"/blogs/chip-design/pcie-6x-112gbps-ethernet-linear-optics","step":"verify","ok":true}
{"t":"2026-09-11T14:40:35.431Z","path":"/blogs/chip-design/pcie-gen1-speed-basics","step":"verify","ok":true}
{"t":"2026-09-11T14:40:36.604Z","path":"/blogs/chip-design/photonic-saas-ic-design","step":"verify","ok":true}
{"t":"2026-09-11T14:40:38.650Z","path":"/blogs/chip-design/photonics-rf-fiber-jigesh-patel","step":"verify","ok":true}
{"t":"2026-09-11T14:40:39.522Z","path":"/blogs/chip-design/physical-ai-silicon-software-robots","step":"verify","ok":true}
{"t":"2026-09-11T14:40:39.749Z","path":"/blogs/chip-design/physical-ai-physics-simulation","step":"verify","ok":true}
{"t":"2026-09-11T14:40:40.666Z","path":"/blogs/chip-design/physical-ai-system-level-engineering","step":"verify","ok":true}
{"t":"2026-09-11T14:40:41.677Z","path":"/blogs/chip-design/physics-chip-design-constraint","step":"verify","ok":true}
{"t":"2026-09-11T14:40:43.032Z","path":"/blogs/chip-design/preeti-sharma-automotive-soc-design","step":"verify","ok":true}
{"t":"2026-09-11T14:40:44.828Z","path":"/blogs/chip-design/private-cloud-vs-public-cloud","step":"verify","ok":true}
{"t":"2026-09-11T14:40:45.546Z","path":"/blogs/chip-design/process-design-kits-intel-foundry","step":"verify","ok":true}
{"t":"2026-09-11T14:40:46.489Z","path":"/blogs/chip-design/qa-with-mariya-braylovska","step":"verify","ok":true}
{"t":"2026-09-11T14:40:46.666Z","path":"/blogs/chip-design/quantum-computing-transforming-technology-science","step":"verify","ok":true}
{"t":"2026-09-11T14:40:47.952Z","path":"/blogs/chip-design/quantum-cryptography-vs-post-quantum-cryptography","step":"verify","ok":true}
{"t":"2026-09-11T14:40:48.874Z","path":"/blogs/chip-design/rapid-elasticity-in-cloud-computing-on-demand-scaling-for-business","step":"verify","ok":true}
{"t":"2026-09-11T14:40:51.617Z","path":"/blogs/chip-design/recap-2022-design-automation-conference","step":"verify","ok":true}
{"t":"2026-09-11T14:40:52.121Z","path":"/blogs/chip-design/resiliency-in-cloud-computing","step":"verify","ok":true}
{"t":"2026-09-11T14:40:52.838Z","path":"/blogs/chip-design/restart-career-after-break-riya-returnship","step":"verify","ok":true}
{"t":"2026-09-11T14:40:53.850Z","path":"/blogs/chip-design/rf-digital-twin-of-the-moon","step":"verify","ok":true}
{"t":"2026-09-11T14:40:54.412Z","path":"/blogs/chip-design/rsoft-device-tools","step":"verify","ok":true}
{"t":"2026-09-11T14:40:54.964Z","path":"/blogs/chip-design/rtl-vs-functional-signoff-differences","step":"verify","ok":true}
{"t":"2026-09-11T14:40:57.520Z","path":"/blogs/chip-design/running-x-prop-with-low-power-simulation","step":"verify","ok":true}
{"t":"2026-09-11T14:40:58.303Z","path":"/blogs/chip-design/scalability-in-cloud-computing","step":"verify","ok":true}
{"t":"2026-09-11T14:40:59.552Z","path":"/blogs/chip-design/secure-chipset-design-in-darpa","step":"verify","ok":true}
{"t":"2026-09-11T14:41:00.233Z","path":"/blogs/chip-design/securing-memory-paths-synopsys-scalable-ime","step":"verify","ok":true}
{"t":"2026-09-11T14:41:00.730Z","path":"/blogs/chip-design/securing-physical-ai-systems","step":"verify","ok":true}
{"t":"2026-09-11T14:41:01.182Z","path":"/blogs/chip-design/semiconductor-engineering-talent-shortage-solutions","step":"verify","ok":true}
{"t":"2026-09-11T14:41:04.922Z","path":"/blogs/chip-design/semiconductor-industry-trends-2023","step":"verify","ok":true}
{"t":"2026-09-11T14:41:05.310Z","path":"/blogs/chip-design/semiconductor-ip-tsmc-n3e","step":"verify","ok":true}
{"t":"2026-09-11T14:41:06.264Z","path":"/blogs/chip-design/semiconductor-workforce-development-programs","step":"verify","ok":true}
{"t":"2026-09-11T14:41:06.542Z","path":"/blogs/chip-design/semiconductors-chip-design-global-innovation","step":"verify","ok":true}
{"t":"2026-09-11T14:41:08.041Z","path":"/blogs/chip-design/sima-ai-bug-free-physical-ai-silicon","step":"verify","ok":true}
{"t":"2026-09-11T14:41:11.571Z","path":"/blogs/chip-design/simulation-quantum-computing-research-development","step":"verify","ok":true}
{"t":"2026-09-11T14:41:12.221Z","path":"/blogs/chip-design/silicon-software-automotive-value-chain","step":"verify","ok":true}
{"t":"2026-09-11T14:41:12.344Z","path":"/blogs/chip-design/slm-data-center-reliability","step":"verify","ok":true}
{"t":"2026-09-11T14:41:13.886Z","path":"/blogs/chip-design/snug-silicon-valley-2025","step":"verify","ok":true}
{"t":"2026-09-11T14:41:15.041Z","path":"/blogs/chip-design/soc-ip-powers-hpc-applications","step":"verify","ok":true}
{"t":"2026-09-11T14:41:17.177Z","path":"/blogs/chip-design/soc-hbm2e-capacity-speed-benefits","step":"verify","ok":false,"why":"about:error in delivered html"}
{"t":"2026-09-11T14:41:18.162Z","path":"/blogs/chip-design/software-defined-hardware-assisted-verification","step":"verify","ok":true}
{"t":"2026-09-11T14:41:18.432Z","path":"/blogs/chip-design/software-defined-automotive-development","step":"verify","ok":true}
{"t":"2026-09-11T14:41:18.636Z","path":"/blogs/chip-design/software-defined-vehicles-blackberry-aws","step":"verify","ok":true}
{"t":"2026-09-11T14:41:21.012Z","path":"/blogs/chip-design/software-defined-vehicles-synopsys-arm","step":"verify","ok":true}
{"t":"2026-09-11T14:41:21.101Z","path":"/blogs/chip-design/software-security-quality-joe-jarzombek","step":"verify","ok":true}
{"t":"2026-09-11T14:41:24.191Z","path":"/blogs/chip-design/startup-vc-connect-ai-silicon","step":"verify","ok":true}
{"t":"2026-09-11T14:41:24.216Z","path":"/blogs/chip-design/space-exploration-engineering-silicon-systems","step":"verify","ok":true}
{"t":"2026-09-11T14:41:26.518Z","path":"/blogs/chip-design/synopsys-ai-copilots-chip-design","step":"verify","ok":true}
{"t":"2026-09-11T14:41:27.399Z","path":"/blogs/chip-design/synopsys-cloud-ic-verification-drc","step":"verify","ok":true}
{"t":"2026-09-11T14:41:27.715Z","path":"/blogs/chip-design/synopsys-arm-aim-to-reduce-silicon-design-cycles","step":"verify","ok":true}
{"t":"2026-09-11T14:41:27.874Z","path":"/blogs/chip-design/synopsys-ceo-sassine-ghazi-future","step":"verify","ok":true}
{"t":"2026-09-11T14:41:30.124Z","path":"/blogs/chip-design/top-cloud-architecture-design-principles-important-for-eda","step":"verify","ok":true}
{"t":"2026-09-11T14:41:31.049Z","path":"/blogs/chip-design/synopsys-converge-2026-silicon-systems-conference","step":"verify","ok":true}
{"t":"2026-09-11T14:41:33.466Z","path":"/blogs/chip-design/tsmc-awards-semiconductor-design-innovation","step":"verify","ok":true}
{"t":"2026-09-11T14:41:33.479Z","path":"/blogs/chip-design/types-of-cloud-security-tools","step":"verify","ok":true}
{"t":"2026-09-11T14:41:33.808Z","path":"/blogs/chip-design/ucie-3-0-chiplet-ip-solutions","step":"verify","ok":true}
{"t":"2026-09-11T14:41:34.949Z","path":"/blogs/chip-design/ultra-ethernet-ualink-ai-infrastructure","step":"verify","ok":true}
{"t":"2026-09-11T14:41:37.395Z","path":"/blogs/chip-design/understanding-cloud-computing-for-eda-workloads","step":"verify","ok":true}
{"t":"2026-09-11T14:41:37.442Z","path":"/blogs/chip-design/usb4-high-performance-combined-data","step":"verify","ok":true}
{"t":"2026-09-11T14:41:39.115Z","path":"/blogs/chip-design/verification-of-ual-uec-protocols-for-scalable-hpc-ai-networks-using-synopsys-vip","step":"verify","ok":true}
{"t":"2026-09-11T14:41:39.679Z","path":"/blogs/chip-design/virtualizer-native-execution-arm","step":"verify","ok":true}
{"t":"2026-09-11T14:41:39.714Z","path":"/blogs/chip-design/volvo-cars-automotive-digital-twin","step":"verify","ok":true}
{"t":"2026-09-11T14:41:41.332Z","path":"/blogs/chip-design/what-does-cloud-native-mean","step":"verify","ok":true}
{"t":"2026-09-11T14:41:43.490Z","path":"/blogs/chip-design/what-is-a-smartnic","step":"verify","ok":true}
{"t":"2026-09-11T14:41:43.591Z","path":"/blogs/chip-design/what-is-a-cloud-data-center","step":"verify","ok":true}
{"t":"2026-09-11T14:41:45.470Z","path":"/blogs/chip-design/what-is-cloud-migration","step":"verify","ok":true}
{"t":"2026-09-11T14:41:45.556Z","path":"/blogs/chip-design/what-is-cloud-native-architecture","step":"verify","ok":true}
{"t":"2026-09-11T14:41:45.848Z","path":"/blogs/chip-design/what-is-cloud-security-framework","step":"verify","ok":true}
{"t":"2026-09-11T14:41:47.415Z","path":"/blogs/chip-design/what-is-distributed-cloud-computing","step":"verify","ok":true}
{"t":"2026-09-11T14:41:49.734Z","path":"/blogs/chip-design/what-is-elasticity-in-cloud-computing","step":"verify","ok":true}
{"t":"2026-09-11T14:41:50.205Z","path":"/blogs/chip-design/what-is-flexeda","step":"verify","ok":true}
{"t":"2026-09-11T14:41:51.465Z","path":"/blogs/chip-design/what-is-multi-cloud-architecture","step":"verify","ok":true}
{"t":"2026-09-11T14:41:52.045Z","path":"/blogs/chip-design/what-is-local-layout-effect-chip-design","step":"verify","ok":true}
{"t":"2026-09-11T14:41:52.639Z","path":"/blogs/chip-design/what-is-multi-die-chip-design","step":"verify","ok":true}
{"t":"2026-09-11T14:41:53.144Z","path":"/blogs/chip-design/what-is-nfs-shared-storage","step":"verify","ok":true}
{"t":"2026-09-11T14:41:56.032Z","path":"/blogs/chip-design/what-is-persistent-storage","step":"verify","ok":true}
{"t":"2026-09-11T14:41:56.633Z","path":"/blogs/chip-design/what-is-object-storage","step":"verify","ok":true}
{"t":"2026-09-11T14:41:57.302Z","path":"/blogs/chip-design/what-is-shared-cloud-storage","step":"verify","ok":true}
{"t":"2026-09-11T14:41:58.407Z","path":"/blogs/chip-design/women-in-tech-engineering-scholarship","step":"verify","ok":true}
{"t":"2026-09-11T14:41:59.057Z","path":"/blogs/chip-design/ywca-tribute-to-women-awards-honors-synopsys","step":"verify","ok":true}
{"t":"2026-09-11T14:41:59.231Z","path":"/blogs/chip-design/zebu-cloud-saas-flow","step":"verify","ok":true}
{"t":"2026-09-11T14:42:02.260Z","path":"/careers/global/asia-pacific/china","step":"verify","ok":true}
{"t":"2026-09-11T14:42:02.928Z","path":"/careers/global/asia-pacific/taiwan","step":"verify","ok":true}
{"t":"2026-09-11T14:42:04.037Z","path":"/careers/global/europe-and-middle-east/portugal/microelectronics-academy","step":"verify","ok":true}
{"t":"2026-09-11T14:42:04.567Z","path":"/careers/global/europe-and-middle-east/portugal","step":"verify","ok":true}
{"t":"2026-09-11T14:42:04.630Z","path":"/cloud/analog-saas/cloud-based-analog-design-flow","step":"verify","ok":true}
{"t":"2026-09-11T14:42:06.801Z","path":"/cloud/astera-labs","step":"verify","ok":true}
{"t":"2026-09-11T14:42:09.244Z","path":"/cloud/contact-us","step":"verify","ok":true}
{"t":"2026-09-11T14:42:10.173Z","path":"/cloud/hcltech-success","step":"verify","ok":true}
{"t":"2026-09-11T14:42:10.427Z","path":"/cloud/mentium-success","step":"verify","ok":true}
{"t":"2026-09-11T14:42:10.505Z","path":"/cloud/openlink/api","step":"verify","ok":true}
{"t":"2026-09-11T14:42:10.750Z","path":"/cloud/design-in-the-cloud","step":"verify","ok":true}
{"t":"2026-09-11T14:42:12.612Z","path":"/cloud/openlink/contact-us","step":"verify","ok":true}
{"t":"2026-09-11T14:42:15.559Z","path":"/cloud/openlink","step":"verify","ok":true}
{"t":"2026-09-11T14:42:16.618Z","path":"/cloud/verification-saas/cloud-based-verification-design-flow","step":"verify","ok":true}
{"t":"2026-09-11T14:42:16.871Z","path":"/cloud/startup-program","step":"verify","ok":true}
{"t":"2026-09-11T14:42:17.368Z","path":"/cloud/tetramem-success","step":"verify","ok":true}
{"t":"2026-09-11T14:42:18.110Z","path":"/cloud","step":"verify","ok":true}
{"t":"2026-09-11T14:42:18.876Z","path":"/community/resources/videos/snug-silicon-videos","step":"verify","ok":true}
{"t":"2026-09-11T14:42:22.553Z","path":"/community/snug/snug-europe/call-for-content","step":"verify","ok":true}
{"t":"2026-09-11T14:42:22.647Z","path":"/community/snug/snug-europe/location-proceedings-2025","step":"verify","ok":true}
{"t":"2026-09-11T14:42:23.786Z","path":"/community/snug/snug-india/2025-keynote","step":"verify","ok":true}
{"t":"2026-09-11T14:42:24.173Z","path":"/community/snug/snug-europe","step":"verify","ok":true}
{"t":"2026-09-11T14:42:24.760Z","path":"/community/snug/snug-india/2026-keynote","step":"verify","ok":true}
{"t":"2026-09-11T14:42:25.213Z","path":"/community/snug/snug-india/reg-test-cvent","step":"verify","ok":true}
{"t":"2026-09-11T14:42:28.187Z","path":"/community/snug/snug-india","step":"verify","ok":true}
{"t":"2026-09-11T14:42:29.544Z","path":"/community/snug/snug-israel/call-for-content","step":"verify","ok":true}
{"t":"2026-09-11T14:42:29.883Z","path":"/community/snug/snug-israel","step":"verify","ok":true}
{"t":"2026-09-11T14:42:30.547Z","path":"/community/snug/snug-news/2025-keynote","step":"verify","ok":true}
{"t":"2026-09-11T14:42:30.824Z","path":"/community/snug/snug-korea/call-for-content","step":"verify","ok":true}
{"t":"2026-09-11T14:42:31.483Z","path":"/community/snug/snug-news/keynote-day-1","step":"verify","ok":true}
{"t":"2026-09-11T14:42:34.955Z","path":"/community/snug/snug-news/keynote-day-2","step":"verify","ok":true}
{"t":"2026-09-11T14:42:35.581Z","path":"/community/snug/snug-penang/authors-kit","step":"verify","ok":true}
{"t":"2026-09-11T14:42:35.807Z","path":"/community/snug/snug-proceedings","step":"verify","ok":true}
{"t":"2026-09-11T14:42:36.747Z","path":"/community/snug/snug-silicon-valley/2020-on-demand","step":"verify","ok":true}
{"t":"2026-09-11T14:42:36.844Z","path":"/community/snug/snug-silicon-valley/location-proceedings-2022","step":"verify","ok":true}
{"t":"2026-09-11T14:42:37.013Z","path":"/community/snug/snug-silicon-valley/authors-kit","step":"verify","ok":true}
{"t":"2026-09-11T14:42:41.911Z","path":"/community/snug/snug-taiwan/call-for-content","step":"verify","ok":true}
{"t":"2026-09-11T14:42:41.966Z","path":"/community/snug/snug-silicon-valley","step":"verify","ok":true}
{"t":"2026-09-11T14:42:42.269Z","path":"/community/snug/snug-singapore/call-for-content","step":"verify","ok":true}
{"t":"2026-09-11T14:42:42.935Z","path":"/community/snug/snug-vietnam/call-for-content","step":"verify","ok":true}
{"t":"2026-09-11T14:42:43.165Z","path":"/company/contact-synopsys/office-locations/armenia/educational-programs/cooperation-with-universities","step":"verify","ok":true}
{"t":"2026-09-11T14:42:43.545Z","path":"/community/snug/snug-vietnam/authors-kit","step":"verify","ok":true}
{"t":"2026-09-11T14:42:48.105Z","path":"/company/contact-synopsys/office-locations/europe-middle-east","step":"verify","ok":true}
{"t":"2026-09-11T14:42:48.246Z","path":"/company/contact-synopsys/office-locations/india/educational-program/student-design-contest","step":"verify","ok":true}
{"t":"2026-09-11T14:42:49.096Z","path":"/company/contact-synopsys/office-locations/armenia/stem-initiatives/state-educational-award-in-it-sphere","step":"verify","ok":true}
{"t":"2026-09-11T14:42:50.121Z","path":"/company/corporate-governance-ethics/board-of-directors","step":"verify","ok":true}
{"t":"2026-09-11T14:42:50.188Z","path":"/company/contact-synopsys/office-locations","step":"verify","ok":true}
{"t":"2026-09-11T14:42:50.201Z","path":"/company/corporate-governance-ethics/government-affairs","step":"verify","ok":true}
{"t":"2026-09-11T14:42:53.855Z","path":"/company/legal/copyright","step":"verify","ok":true}
{"t":"2026-09-11T14:42:53.979Z","path":"/company/legal/contractor-nda","step":"verify","ok":true}
{"t":"2026-09-11T14:42:56.235Z","path":"/company/legal/employment-candidate-privacy-notice","step":"verify","ok":true}
{"t":"2026-09-11T14:42:56.397Z","path":"/company/legal/simpleware-medical-regulatory-information","step":"verify","ok":true}
{"t":"2026-09-11T14:42:56.547Z","path":"/company/legal/dpa-supplement","step":"verify","ok":true}
{"t":"2026-09-11T14:42:57.747Z","path":"/company/legal/security-commitments","step":"verify","ok":true}
{"t":"2026-09-11T14:42:59.400Z","path":"/company/responsible-business/environment/environmental-policy","step":"verify","ok":true}
{"t":"2026-09-11T14:43:00.050Z","path":"/company/legal/trademarks-brands","step":"verify","ok":true}
{"t":"2026-09-11T14:43:02.203Z","path":"/company/responsible-business/governance/supply-chain","step":"verify","ok":true}
{"t":"2026-09-11T14:43:02.505Z","path":"/company/responsible-business/reporting","step":"verify","ok":true}
{"t":"2026-09-11T14:43:02.801Z","path":"/converge/call-for-content","step":"verify","ok":true}
{"t":"2026-09-11T14:43:04.150Z","path":"/converge/livestream-2026","step":"verify","ok":true}
{"t":"2026-09-11T14:43:05.532Z","path":"/demo/ldw-sms","step":"verify","ok":true}
{"t":"2026-09-11T14:43:05.770Z","path":"/demo/ldw-vc-spyglass-lint","step":"verify","ok":true}
{"t":"2026-09-11T14:43:08.612Z","path":"/designware-ip/interface-ip/ddr/ddr43-phy","step":"verify","ok":true}
{"t":"2026-09-11T14:43:08.865Z","path":"/designware-ip/interface-ip/ddr/ddr-enhanced-universal-ctls","step":"verify","ok":true}
{"t":"2026-09-11T14:43:10.041Z","path":"/designware-ip/interface-ip/ddr/ddr5-mrdimm-controller","step":"verify","ok":true}
{"t":"2026-09-11T14:43:11.154Z","path":"/designware-ip/interface-ip/ddr/ddr-universal-ctls","step":"verify","ok":true}
{"t":"2026-09-11T14:43:11.775Z","path":"/designware-ip/interface-ip/ddr/lpddr54-controller","step":"verify","ok":true}
{"t":"2026-09-11T14:43:12.044Z","path":"/designware-ip/interface-ip/ddr/ddr54-controller","step":"verify","ok":true}
{"t":"2026-09-11T14:43:14.710Z","path":"/designware-ip/interface-ip/ddr/lpddr5x54x-controller","step":"verify","ok":true}
{"t":"2026-09-11T14:43:14.956Z","path":"/designware-ip/interface-ip/die-to-die/ucie-controller-ip","step":"verify","ok":true}
{"t":"2026-09-11T14:43:15.919Z","path":"/designware-ip/interface-ip/die-to-die/ucie-phy-ip","step":"verify","ok":true}
{"t":"2026-09-11T14:43:17.147Z","path":"/designware-ip/interface-ip/ethernet/25g-ethernet-mac-ip","step":"verify","ok":true}
{"t":"2026-09-11T14:43:17.767Z","path":"/designware-ip/interface-ip/displayport/dptx-ip","step":"verify","ok":true}
{"t":"2026-09-11T14:43:18.550Z","path":"/designware-ip/interface-ip/ethernet/ether-mac10-100-1000-unive","step":"verify","ok":true}
{"t":"2026-09-11T14:43:20.341Z","path":"/designware-ip/interface-ip/ethernet/ether-mac10-100-universal","step":"verify","ok":true}
{"t":"2026-09-11T14:43:20.922Z","path":"/designware-ip/interface-ip/ethernet/ether-pcs","step":"verify","ok":true}
{"t":"2026-09-11T14:43:21.247Z","path":"/designware-ip/interface-ip/ethernet/ether-qos","step":"verify","ok":true}
{"t":"2026-09-11T14:43:22.950Z","path":"/designware-ip/interface-ip/ethernet/ether-xgmac","step":"verify","ok":true}
{"t":"2026-09-11T14:43:24.473Z","path":"/designware-ip/interface-ip/ethernet/ethernet-scale-up-networking-esun","step":"verify","ok":true}
{"t":"2026-09-11T14:43:25.127Z","path":"/designware-ip/interface-ip/hbm/hbm4-controller","step":"verify","ok":true}
{"t":"2026-09-11T14:43:26.205Z","path":"/designware-ip/interface-ip/hdmi/hdmi-14-csds-tx","step":"verify","ok":true}
{"t":"2026-09-11T14:43:26.525Z","path":"/designware-ip/interface-ip/hdmi/hdmi-20-csds-rx","step":"verify","ok":true}
{"t":"2026-09-11T14:43:27.379Z","path":"/designware-ip/interface-ip/hdmi/hdmi-20-csds-tx","step":"verify","ok":true}
{"t":"2026-09-11T14:43:28.407Z","path":"/designware-ip/interface-ip/hdmi/hdmi-csds-rx","step":"verify","ok":true}
{"t":"2026-09-11T14:43:29.829Z","path":"/designware-ip/interface-ip/hdmi/hdmi-csds-tx","step":"verify","ok":true}
{"t":"2026-09-11T14:43:30.752Z","path":"/designware-ip/interface-ip/mipi/mipi-csi2","step":"verify","ok":true}
{"t":"2026-09-11T14:43:32.381Z","path":"/designware-ip/interface-ip/mipi/mipi-unipro","step":"verify","ok":true}
{"t":"2026-09-11T14:43:32.576Z","path":"/designware-ip/interface-ip/mipi/mipi-m-phy","step":"verify","ok":true}
{"t":"2026-09-11T14:43:33.275Z","path":"/designware-ip/interface-ip/pci-express/pci-express-controllers","step":"verify","ok":true}
{"t":"2026-09-11T14:43:34.486Z","path":"/designware-ip/interface-ip/pci-express/pcie6-controller","step":"verify","ok":true}
{"t":"2026-09-11T14:43:35.509Z","path":"/designware-ip/interface-ip/ufs","step":"verify","ok":true}
{"t":"2026-09-11T14:43:36.471Z","path":"/designware-ip/interface-ip/usb/usb-2-0-digital-controllers","step":"verify","ok":true}
{"t":"2026-09-11T14:43:37.999Z","path":"/designware-ip/interface-ip/usb/usb-2-0-phy","step":"verify","ok":true}
{"t":"2026-09-11T14:43:38.185Z","path":"/designware-ip/interface-ip/usb/usb-3-0-controllers","step":"verify","ok":true}
{"t":"2026-09-11T14:43:38.794Z","path":"/designware-ip/interface-ip/usb/usb-3-1-phy","step":"verify","ok":true}
{"t":"2026-09-11T14:43:40.197Z","path":"/designware-ip/interface-ip/usb/usb-c-30-controllers","step":"verify","ok":true}
{"t":"2026-09-11T14:43:40.665Z","path":"/designware-ip/interface-ip/usb/usb-c-31-controllers","step":"verify","ok":true}
{"t":"2026-09-11T14:43:41.659Z","path":"/designware-ip/interface-ip/usb/usb-c-31-displayport","step":"verify","ok":true}
{"t":"2026-09-11T14:43:43.243Z","path":"/designware-ip/interface-ip/usb/usb-c-31-dp-14-ss","step":"verify","ok":true}
{"t":"2026-09-11T14:43:43.772Z","path":"/designware-ip/interface-ip/usb/usb-c-31-dp-14","step":"verify","ok":true}
{"t":"2026-09-11T14:43:44.185Z","path":"/designware-ip/interface-ip/usb/usb2-picophy","step":"verify","ok":true}
{"t":"2026-09-11T14:43:45.465Z","path":"/designware-ip/interface-ip/usb/usb2-type-c-iot","step":"verify","ok":true}
{"t":"2026-09-11T14:43:45.860Z","path":"/designware-ip/interface-ip/usb/usb3-femtophy","step":"verify","ok":true}
{"t":"2026-09-11T14:43:47.692Z","path":"/designware-ip/ip-accelerated/ip-hardening","step":"verify","ok":true}
{"t":"2026-09-11T14:43:49.239Z","path":"/designware-ip/ip-market-segments/automotive/gateways","step":"verify","ok":true}
{"t":"2026-09-11T14:43:50.389Z","path":"/designware-ip/ip-market-segments/automotive","step":"verify","ok":true}
{"t":"2026-09-11T14:43:51.299Z","path":"/designware-ip/memories-logic-libraries/3dio","step":"verify","ok":true}
{"t":"2026-09-11T14:43:51.326Z","path":"/designware-ip/ip-oem-partners","step":"verify","ok":true}
{"t":"2026-09-11T14:43:51.795Z","path":"/designware-ip/memories-logic-libraries/duet-package","step":"verify","ok":true}
{"t":"2026-09-11T14:43:53.664Z","path":"/designware-ip/memories-logic-libraries/eco-kits","step":"verify","ok":true}
{"t":"2026-09-11T14:43:56.098Z","path":"/designware-ip/memories-logic-libraries/hpc-design-kit","step":"verify","ok":true}
{"t":"2026-09-11T14:43:56.621Z","path":"/designware-ip/memories-logic-libraries/high-speed-test-io","step":"verify","ok":true}
{"t":"2026-09-11T14:43:57.140Z","path":"/designware-ip/memories-logic-libraries/multi-port-memory","step":"verify","ok":true}
{"t":"2026-09-11T14:43:57.660Z","path":"/designware-ip/memories-logic-libraries/logic-libraries","step":"verify","ok":true}
{"t":"2026-09-11T14:43:58.337Z","path":"/designware-ip/memories-logic-libraries/non-volatile-memory/ftp-trim","step":"verify","ok":true}
{"t":"2026-09-11T14:43:59.324Z","path":"/designware-ip/memories-logic-libraries/non-volatile-memory/medium-density","step":"verify","ok":true}
{"t":"2026-09-11T14:44:01.590Z","path":"/designware-ip/memories-logic-libraries/non-volatile-memory/otp-xbc","step":"verify","ok":true}
{"t":"2026-09-11T14:44:02.889Z","path":"/designware-ip/memories-logic-libraries/non-volatile-memory/otp-xsc","step":"verify","ok":true}
{"t":"2026-09-11T14:44:03.194Z","path":"/designware-ip/memories-logic-libraries/non-volatile-memory/otp","step":"verify","ok":true}
{"t":"2026-09-11T14:44:03.534Z","path":"/designware-ip/memories-logic-libraries/power-optimization-kit","step":"verify","ok":true}
{"t":"2026-09-11T14:44:04.758Z","path":"/designware-ip/memories-logic-libraries/secure-storage-otp-ip","step":"verify","ok":true}
{"t":"2026-09-11T14:44:04.928Z","path":"/designware-ip/memories-logic-libraries/specialty-io","step":"verify","ok":true}
{"t":"2026-09-11T14:44:07.010Z","path":"/designware-ip/memories-logic-libraries/tcam-memory-compilers","step":"verify","ok":true}
{"t":"2026-09-11T14:44:09.133Z","path":"/designware-ip/security-ip/cryptography-ip/puf/ip-software","step":"verify","ok":true}
{"t":"2026-09-11T14:44:09.459Z","path":"/designware-ip/security-ip/cryptography-ip/public-key-accelerators/security-public-key-accelerator","step":"verify","ok":true}
{"t":"2026-09-11T14:44:09.792Z","path":"/designware-ip/memories-logic-libraries","step":"verify","ok":true}
{"t":"2026-09-11T14:44:11.319Z","path":"/designware-ip/security-ip/cryptography-ip/puf/just-in-time-key-management","step":"verify","ok":true}
{"t":"2026-09-11T14:44:11.646Z","path":"/designware-ip/security-ip/cryptography-ip/puf/medical","step":"verify","ok":true}
{"t":"2026-09-11T14:44:12.854Z","path":"/designware-ip/security-ip/cryptography-ip/puf/security-puf-fpga-a","step":"verify","ok":true}
{"t":"2026-09-11T14:44:15.361Z","path":"/designware-ip/security-ip/cryptography-ip/puf/security-puf-ip","step":"verify","ok":true}
{"t":"2026-09-11T14:44:15.828Z","path":"/designware-ip/security-ip/cryptography-ip/random-number-generators/trng","step":"verify","ok":true}
{"t":"2026-09-11T14:44:16.351Z","path":"/designware-ip/security-ip/cryptography-ip/symmetric-cryptographic-engines/ultra-high-perf-aes-xts-ecb","step":"verify","ok":true}
{"t":"2026-09-11T14:44:17.636Z","path":"/designware-ip/security-ip/interface-security-modules/automotive-macsec-1g-25g","step":"verify","ok":true}
{"t":"2026-09-11T14:44:17.806Z","path":"/designware-ip/security-ip/interface-security-modules/security-cxl3-ide","step":"verify","ok":true}
{"t":"2026-09-11T14:44:18.405Z","path":"/designware-ip/security-ip/interface-security-modules/security-ddr-ime","step":"verify","ok":true}
{"t":"2026-09-11T14:44:21.174Z","path":"/designware-ip/security-ip/interface-security-modules/security-ethernet-macsec","step":"verify","ok":true}
{"t":"2026-09-11T14:44:21.799Z","path":"/designware-ip/security-ip/interface-security-modules/security-pcie5-ide","step":"verify","ok":true}
{"t":"2026-09-11T14:44:21.945Z","path":"/designware-ip/security-ip/interface-security-modules/security-pcie6-ide","step":"verify","ok":true}
{"t":"2026-09-11T14:44:23.528Z","path":"/designware-ip/soc-infrastructure-ip/amba/amba-apb-advanced","step":"verify","ok":true}
{"t":"2026-09-11T14:44:23.973Z","path":"/designware-ip/security-ip/security-protocol-accelerators/multipurpose-spacc","step":"verify","ok":true}
{"t":"2026-09-11T14:44:24.380Z","path":"/designware-ip/soc-infrastructure-ip/amba/amba-fabric","step":"verify","ok":true}
{"t":"2026-09-11T14:44:26.900Z","path":"/designware-ip/soc-infrastructure-ip/amba/amba-ssi","step":"verify","ok":true}
{"t":"2026-09-11T14:44:28.137Z","path":"/designware-ip/soc-infrastructure-ip/amba/dw-amba-hybrid","step":"verify","ok":true}
{"t":"2026-09-11T14:44:28.972Z","path":"/designware-ip/soc-infrastructure-ip/amba/amba-uart","step":"verify","ok":true}
{"t":"2026-09-11T14:44:29.064Z","path":"/designware-ip/soc-infrastructure-ip/amba/espi-controller","step":"verify","ok":true}
{"t":"2026-09-11T14:44:30.059Z","path":"/designware-ip/soc-infrastructure-ip/foundation-cores","step":"verify","ok":true}
{"t":"2026-09-11T14:44:30.167Z","path":"/designware-ip/soc-infrastructure-ip/designware-library","step":"verify","ok":true}
{"t":"2026-09-11T14:44:33.240Z","path":"/designware-ip/technical-bulletin/dwtb-archives","step":"verify","ok":true}
{"t":"2026-09-11T14:44:34.605Z","path":"/designware-ip/videos/nvm","step":"verify","ok":true}
{"t":"2026-09-11T14:44:35.076Z","path":"/designware-ip/videos/hdmi","step":"verify","ok":true}
{"t":"2026-09-11T14:44:35.076Z","path":"/designware-ip/technical-bulletin","step":"verify","ok":true}
{"t":"2026-09-11T14:44:36.166Z","path":"/events/ai-infra-summit","step":"verify","ok":true}
{"t":"2026-09-11T14:44:36.244Z","path":"/designware-ip/videos","step":"verify","ok":true}
{"t":"2026-09-11T14:44:39.423Z","path":"/events/ams-sig/proceedings-2026","step":"verify","ok":true}
{"t":"2026-09-11T14:44:40.820Z","path":"/events/dvcon-us","step":"verify","ok":true}
{"t":"2026-09-11T14:44:41.113Z","path":"/events/embedded-world","step":"verify","ok":true}
{"t":"2026-09-11T14:44:42.074Z","path":"/events/isscc","step":"verify","ok":true}
{"t":"2026-09-11T14:44:42.967Z","path":"/events/memory-users-conference","step":"verify","ok":true}
{"t":"2026-09-11T14:44:43.787Z","path":"/events/dac-2026","step":"verify","ok":true}
{"t":"2026-09-11T14:44:45.131Z","path":"/events/nvidia-gtc","step":"verify","ok":true}
{"t":"2026-09-11T14:44:47.020Z","path":"/events/ofc","step":"verify","ok":true}
{"t":"2026-09-11T14:44:47.768Z","path":"/events/spie-advanced-lithography-patterning","step":"verify","ok":true}
{"t":"2026-09-11T14:44:48.640Z","path":"/events/srts2022","step":"verify","ok":true}
{"t":"2026-09-11T14:44:49.011Z","path":"/events/tcad-virtual-asia-seminar","step":"verify","ok":true}
{"t":"2026-09-11T14:44:50.177Z","path":"/events/tsmc-oip-ecosystem-forum","step":"verify","ok":true}
{"t":"2026-09-11T14:44:50.510Z","path":"/events/virtual-prototyping-day-2025/virtual-prototyping-day-form","step":"verify","ok":true}
{"t":"2026-09-11T14:44:53.179Z","path":"/glossary/what-are-chiplets","step":"verify","ok":true}
{"t":"2026-09-11T14:44:53.894Z","path":"/glossary/what-is-3dic","step":"verify","ok":true}
{"t":"2026-09-11T14:44:55.224Z","path":"/glossary/what-is-advanced-semiconductor-packaging","step":"verify","ok":true}
{"t":"2026-09-11T14:44:55.447Z","path":"/glossary/what-is-a-microchip","step":"verify","ok":true}
{"t":"2026-09-11T14:44:56.630Z","path":"/glossary/what-is-an-ai-accelerator","step":"verify","ok":true}
{"t":"2026-09-11T14:44:56.742Z","path":"/glossary/what-is-asic-design","step":"verify","ok":true}
{"t":"2026-09-11T14:44:59.749Z","path":"/glossary/what-is-autonomous-car","step":"verify","ok":true}
{"t":"2026-09-11T14:44:59.905Z","path":"/glossary/what-is-circuit-simulation","step":"verify","ok":true}
{"t":"2026-09-11T14:45:01.191Z","path":"/glossary/what-is-field-programmable-gate-array","step":"verify","ok":true}
{"t":"2026-09-11T14:45:02.684Z","path":"/glossary/what-is-hav-prototyping","step":"verify","ok":true}
{"t":"2026-09-11T14:45:02.864Z","path":"/glossary/what-is-electromigration","step":"verify","ok":true}
{"t":"2026-09-11T14:45:03.677Z","path":"/glossary/what-is-hav-emulation","step":"verify","ok":true}
{"t":"2026-09-11T14:45:05.982Z","path":"/glossary/what-is-ide","step":"verify","ok":true}
{"t":"2026-09-11T14:45:06.659Z","path":"/glossary/what-is-library-characterization","step":"verify","ok":true}
{"t":"2026-09-11T14:45:08.043Z","path":"/glossary/what-is-lithography","step":"verify","ok":true}
{"t":"2026-09-11T14:45:08.790Z","path":"/glossary/what-is-logic-design","step":"verify","ok":true}
{"t":"2026-09-11T14:45:09.278Z","path":"/glossary/what-is-low-power-design","step":"verify","ok":true}
{"t":"2026-09-11T14:45:10.049Z","path":"/glossary/what-is-physical-ai","step":"verify","ok":true}
{"t":"2026-09-11T14:45:12.440Z","path":"/glossary/what-is-power-optimization","step":"verify","ok":true}
{"t":"2026-09-11T14:45:12.879Z","path":"/glossary/what-is-power-performance-area-ppa","step":"verify","ok":true}
{"t":"2026-09-11T14:45:14.883Z","path":"/glossary/what-is-root-of-trust","step":"verify","ok":true}
{"t":"2026-09-11T14:45:16.114Z","path":"/glossary/what-is-serdes","step":"verify","ok":true}
{"t":"2026-09-11T14:45:16.169Z","path":"/glossary/what-is-register-transfer-level-design","step":"verify","ok":true}
{"t":"2026-09-11T14:45:16.750Z","path":"/glossary/what-is-silicon-die","step":"verify","ok":true}
{"t":"2026-09-11T14:45:19.040Z","path":"/glossary/what-is-system-on-a-chip","step":"verify","ok":true}
{"t":"2026-09-11T14:45:19.049Z","path":"/glossary/what-is-triple-shift-left","step":"verify","ok":true}
{"t":"2026-09-11T14:45:21.584Z","path":"/glossary/what-is-vehicle-electrification","step":"verify","ok":true}
{"t":"2026-09-11T14:45:22.117Z","path":"/glossary/what-is-verification","step":"verify","ok":true}
{"t":"2026-09-11T14:45:22.216Z","path":"/glossary","step":"verify","ok":true}
{"t":"2026-09-11T14:45:23.589Z","path":"/implementation-and-signoff/custom-design-platform","step":"verify","ok":true}
{"t":"2026-09-11T14:45:24.729Z","path":"/implementation-and-signoff/physical-verification/icv-workbench","step":"verify","ok":true}
{"t":"2026-09-11T14:45:24.809Z","path":"/implementation-and-signoff/lynxnxt-automation-system/flow","step":"verify","ok":true}
{"t":"2026-09-11T14:45:27.662Z","path":"/implementation-and-signoff/resources/videos/synopsys-custom-compiler","step":"verify","ok":true}
{"t":"2026-09-11T14:45:27.753Z","path":"/implementation-and-signoff/resources/videos/rtla-verdi-demo-full","step":"verify","ok":true}
{"t":"2026-09-11T14:45:28.180Z","path":"/implementation-and-signoff/resources/videos/srts2022","step":"verify","ok":true}
{"t":"2026-09-11T14:45:29.863Z","path":"/implementation-and-signoff/rtl-synthesis-test/design-compiler-nxt","step":"verify","ok":true}
{"t":"2026-09-11T14:45:30.574Z","path":"/implementation-and-signoff/signoff/electrical-layout-verification","step":"verify","ok":true}
{"t":"2026-09-11T14:45:31.398Z","path":"/implementation-and-signoff/signoff/primeesd","step":"verify","ok":true}
{"t":"2026-09-11T14:45:33.503Z","path":"/manufacturing/augmented-reality-wp","step":"verify","ok":true}
{"t":"2026-09-11T14:45:34.125Z","path":"/manufacturing/quantumatk/contact-us/contact-sales","step":"verify","ok":true}
{"t":"2026-09-11T14:45:34.954Z","path":"/implementation-and-signoff/signoff/primeshield","step":"verify","ok":true}
{"t":"2026-09-11T14:45:36.153Z","path":"/manufacturing/quantumatk/materials-modeling/applications","step":"verify","ok":true}
{"t":"2026-09-11T14:45:37.483Z","path":"/manufacturing/quantumatk/materials-modeling/polymer-simulation","step":"verify","ok":true}
{"t":"2026-09-11T14:45:37.929Z","path":"/manufacturing/quantumatk/contact-us","step":"verify","ok":true}
{"t":"2026-09-11T14:45:39.839Z","path":"/manufacturing/resources/datasheets","step":"verify","ok":true}
{"t":"2026-09-11T14:45:40.093Z","path":"/manufacturing/quantumatk/on-demand-webinars","step":"verify","ok":true}
{"t":"2026-09-11T14:45:40.911Z","path":"/partners/globalfoundries","step":"verify","ok":true}
{"t":"2026-09-11T14:45:42.043Z","path":"/photonic-solutions/optocompiler/optodesigner/autorouting","step":"verify","ok":true}
{"t":"2026-09-11T14:45:43.255Z","path":"/photonic-solutions/optocompiler/optodesigner/design-rule-checking-module","step":"verify","ok":true}
{"t":"2026-09-11T14:45:44.198Z","path":"/photonic-solutions/optocompiler/optodesigner/lattice-filter-design-module","step":"verify","ok":true}
{"t":"2026-09-11T14:45:45.763Z","path":"/photonic-solutions/product-applications/photonic-integrated-circuits/bidirectional-interface","step":"verify","ok":true}
{"t":"2026-09-11T14:45:46.821Z","path":"/photonic-solutions/product-applications/photonic-integrated-circuits/polarization-in-photonic-integrated-circuit","step":"verify","ok":true}
{"t":"2026-09-11T14:45:47.092Z","path":"/resources/1-6t-ethernet-mac-ip-datasheet","step":"verify","ok":true}
{"t":"2026-09-11T14:45:47.945Z","path":"/resources/1-6t-ethernet-pcs-ip-datasheet","step":"verify","ok":true}
{"t":"2026-09-11T14:45:48.955Z","path":"/resources/100g-ethernet-pcs-ip-datasheet","step":"preview","status":409,"text":"error from content-bus"}
{"t":"2026-09-11T14:45:48.982Z","path":"/resources/1-8v-1-5v-1-2v-gpio-ip-for-gf-12lp-datasheet","step":"verify","ok":true}
{"t":"2026-09-11T14:45:49.843Z","path":"/resources/100g-200g-400g-800g-ethernet-mac-ip-datasheet","step":"verify","ok":true}
{"t":"2026-09-11T14:45:52.527Z","path":"/resources/10g-ethernet-xgmac-datasheet","step":"verify","ok":true}
{"t":"2026-09-11T14:45:53.308Z","path":"/resources/112g-ethernet-phy-ip-datasheet","step":"verify","ok":true}
{"t":"2026-09-11T14:45:54.811Z","path":"/resources/200g-400g-and-800g-ethernet-mac-and-pcs-ip-datasheet","step":"verify","ok":true}
{"t":"2026-09-11T14:45:54.903Z","path":"/resources/112g-ethernet-phy-ip-for-very-short-reach-datasheet","step":"verify","ok":true}
{"t":"2026-09-11T14:45:55.159Z","path":"/resources/200g-400g-800g-ethernet-mac-ip-datasheet","step":"verify","ok":true}
{"t":"2026-09-11T14:45:56.148Z","path":"/resources/200g-and-400g-ethernet-pcs-ip-datasheet","step":"verify","ok":true}
{"t":"2026-09-11T14:45:57.955Z","path":"/resources/224g-ethernet-phy-ip-datasheet","step":"verify","ok":true}
{"t":"2026-09-11T14:45:59.633Z","path":"/resources/224g-phy-ai-networks","step":"verify","ok":true}
{"t":"2026-09-11T14:46:00.657Z","path":"/resources/3dio-ip-solution-datasheet","step":"verify","ok":true}
{"t":"2026-09-11T14:46:00.961Z","path":"/resources/3dicc-brochure","step":"verify","ok":true}
{"t":"2026-09-11T14:46:01.067Z","path":"/resources/accelerate-sdv-development-electronics-digital-twin-platform","step":"verify","ok":true}
{"t":"2026-09-11T14:46:01.382Z","path":"/resources/achieving-consistent-rtl-power-accuracy","step":"verify","ok":true}
{"t":"2026-09-11T14:46:03.479Z","path":"/resources/advanced-packaging-multi-die","step":"verify","ok":true}
{"t":"2026-09-11T14:46:05.574Z","path":"/resources/agile-pqc-public-key-accelerators-datasheet","step":"verify","ok":true}
{"t":"2026-09-11T14:46:06.466Z","path":"/resources/amba-advanced-i2c-smbus-controller-and-target-device-ip-datasheet","step":"verify","ok":true}
{"t":"2026-09-11T14:46:06.999Z","path":"/resources/avsbus-controller-ip-datasheet","step":"verify","ok":true}
{"t":"2026-09-11T14:46:07.265Z","path":"/resources/chip-design-space-applications","step":"verify","ok":true}
{"t":"2026-09-11T14:46:07.430Z","path":"/resources/bump-tsv-planning-multi-die","step":"verify","ok":true}
{"t":"2026-09-11T14:46:09.255Z","path":"/resources/complete-1-6t-ethernet-ip-solution-datasheet","step":"verify","ok":true}
{"t":"2026-09-11T14:46:11.648Z","path":"/resources/complete-1-6t-ultra-ethernet-ip-solution-datasheet","step":"verify","ok":true}
{"t":"2026-09-11T14:46:12.678Z","path":"/resources/deep-low-voltage-transistor-foundation-ip","step":"verify","ok":true}
{"t":"2026-09-11T14:46:12.897Z","path":"/resources/displayport-tx-ip-complete-solution-datasheet","step":"verify","ok":true}
{"t":"2026-09-11T14:46:13.255Z","path":"/resources/edge-ai-low-voltage-ip","step":"verify","ok":true}
{"t":"2026-09-11T14:46:13.427Z","path":"/resources/exalto","step":"verify","ok":true}
{"t":"2026-09-11T14:46:15.246Z","path":"/resources/foundation-cores-datasheet","step":"verify","ok":true}
{"t":"2026-09-11T14:46:18.211Z","path":"/resources/foundation-ip-for-tsmc-28hpm-datasheet","step":"verify","ok":true}
{"t":"2026-09-11T14:46:19.001Z","path":"/resources/hav-for-multi-die","step":"verify","ok":true}
{"t":"2026-09-11T14:46:19.194Z","path":"/resources/gpu-support-nvidia","step":"verify","ok":true}
{"t":"2026-09-11T14:46:19.278Z","path":"/resources/hbm4-phy-ip-datasheet","step":"verify","ok":true}
{"t":"2026-09-11T14:46:19.385Z","path":"/resources/hardware-root-trust-security-ip","step":"verify","ok":true}
{"t":"2026-09-11T14:46:21.238Z","path":"/resources/hdmi-1-3-receiver-controller-ip-datasheet","step":"verify","ok":true}
{"t":"2026-09-11T14:46:24.698Z","path":"/resources/i2s-tdm-audio-controller-ip-datasheet","step":"verify","ok":true}
{"t":"2026-09-11T14:46:24.997Z","path":"/resources/i2s-controller-ip-datasheet","step":"verify","ok":true}
{"t":"2026-09-11T14:46:25.199Z","path":"/resources/inside-ai-accelerator","step":"verify","ok":true}
{"t":"2026-09-11T14:46:25.447Z","path":"/resources/looking-into-linear-pluggable-optics","step":"verify","ok":true}
{"t":"2026-09-11T14:46:26.018Z","path":"/resources/ip-3d-multi-die-design","step":"verify","ok":true}
{"t":"2026-09-11T14:46:26.934Z","path":"/resources/macsec-security-modules-for-ethernet-datasheet","step":"verify","ok":true}
{"t":"2026-09-11T14:46:31.110Z","path":"/resources/mipi-m-phy-datasheet","step":"verify","ok":true}
{"t":"2026-09-11T14:46:31.310Z","path":"/resources/multi-port-switch-ip-for-pci-express-datasheet","step":"verify","ok":true}
{"t":"2026-09-11T14:46:31.358Z","path":"/resources/multi-die-systems-start-guide","step":"verify","ok":true}
{"t":"2026-09-11T14:46:32.181Z","path":"/resources/multi-protocol-10g-phy-ip-datasheet","step":"verify","ok":true}
{"t":"2026-09-11T14:46:33.111Z","path":"/resources/mtp-eeprom-nvm-ip-datasheet","step":"verify","ok":true}
{"t":"2026-09-11T14:46:33.112Z","path":"/resources/multiphysics-fusion-technology-for-multi-die","step":"verify","ok":true}
{"t":"2026-09-11T14:46:36.525Z","path":"/resources/optimized-system-power","step":"verify","ok":true}
{"t":"2026-09-11T14:46:37.151Z","path":"/resources/optimizing-analog-design-multiphysics","step":"verify","ok":true}
{"t":"2026-09-11T14:46:37.493Z","path":"/resources/pci-express-to-arm-amba-ahb-bridge-datasheet","step":"verify","ok":true}
{"t":"2026-09-11T14:46:37.716Z","path":"/resources/pathfinder-sc","step":"verify","ok":true}
{"t":"2026-09-11T14:46:38.617Z","path":"/resources/pcie-multistream-ai-bandwidth","step":"verify","ok":true}
{"t":"2026-09-11T14:46:38.870Z","path":"/resources/pcie5-edge-ai-soc","step":"verify","ok":true}
{"t":"2026-09-11T14:46:43.003Z","path":"/resources/proven-ip-for-silicon-design","step":"verify","ok":true}
{"t":"2026-09-11T14:46:43.406Z","path":"/resources/powerx","step":"verify","ok":true}
{"t":"2026-09-11T14:46:43.675Z","path":"/resources/puf-base-premium-software-datasheet","step":"verify","ok":true}
{"t":"2026-09-11T14:46:44.053Z","path":"/resources/puf-base-premium-datasheet","step":"verify","ok":true}
{"t":"2026-09-11T14:46:44.073Z","path":"/resources/quantumatk","step":"verify","ok":true}
{"t":"2026-09-11T14:46:44.347Z","path":"/resources/puf-based-hardware-ip-defense-applications","step":"verify","ok":true}
{"t":"2026-09-11T14:46:49.221Z","path":"/resources/redhawk-sc-security","step":"verify","ok":true}
{"t":"2026-09-11T14:46:49.493Z","path":"/resources/security-puf-fpga-a-datasheet","step":"verify","ok":true}
{"t":"2026-09-11T14:46:49.633Z","path":"/resources/redhawk-sc-electrothermal","step":"verify","ok":true}
{"t":"2026-09-11T14:46:49.927Z","path":"/resources/rethinking-automotive","step":"verify","ok":true}
{"t":"2026-09-11T14:46:50.092Z","path":"/resources/security-ai-whitepaper","step":"verify","ok":true}
{"t":"2026-09-11T14:46:50.616Z","path":"/resources/sil-kit-vector-synopsys-wp","step":"verify","ok":true}
{"t":"2026-09-11T14:46:55.573Z","path":"/resources/software-defined-hardware-assisted-verification-ai-era","step":"verify","ok":true}
{"t":"2026-09-11T14:46:55.610Z","path":"/resources/standards-compliant-112g-phy-for-linear-optics","step":"verify","ok":true}
{"t":"2026-09-11T14:46:55.851Z","path":"/resources/simulating-atomic-layer-processing-2d-materials","step":"verify","ok":true}
{"t":"2026-09-11T14:46:56.007Z","path":"/resources/software-development-system-validation-collaboration-electronics-digital-twin","step":"verify","ok":true}
{"t":"2026-09-11T14:46:56.358Z","path":"/resources/synchronous-serial-interface-ssi-controller-ip-datasheet","step":"verify","ok":true}
{"t":"2026-09-11T14:46:57.130Z","path":"/resources/ternary-cam-compilers-datasheet","step":"verify","ok":true}
{"t":"2026-09-11T14:47:01.808Z","path":"/resources/troot-hardware-secure-module-for-automotive-datasheet","step":"verify","ok":true}
{"t":"2026-09-11T14:47:01.958Z","path":"/resources/totem","step":"verify","ok":true}
{"t":"2026-09-11T14:47:02.065Z","path":"/resources/ucie-controller-ip-datasheet","step":"verify","ok":true}
{"t":"2026-09-11T14:47:02.130Z","path":"/resources/ualinksec-200-security-module","step":"verify","ok":true}
{"t":"2026-09-11T14:47:02.848Z","path":"/resources/true-random-number-generator-datasheet","step":"verify","ok":true}
{"t":"2026-09-11T14:47:03.393Z","path":"/resources/ucie-phy-ip-datasheet","step":"verify","ok":true}
{"t":"2026-09-11T14:47:08.101Z","path":"/resources/unleashing-analog-design","step":"verify","ok":true}
{"t":"2026-09-11T14:47:08.216Z","path":"/resources/usb-2-0-controller-ip-datasheet","step":"verify","ok":true}
{"t":"2026-09-11T14:47:08.335Z","path":"/resources/ultra-high-performance-aes-xts-ecb-ip-core-datasheet","step":"verify","ok":true}
{"t":"2026-09-11T14:47:08.431Z","path":"/resources/unifying-storage-diversity-leveraging-pcie-ip-for-multi-device-multi-form-factor-designs-white-paper","step":"verify","ok":true}
{"t":"2026-09-11T14:47:08.658Z","path":"/resources/usb-3-1-evolution-and-revolution-white-paper","step":"verify","ok":true}
{"t":"2026-09-11T14:47:09.373Z","path":"/resources/usb4-ip-solution-datasheet","step":"verify","ok":true}
{"t":"2026-09-11T14:47:13.953Z","path":"/resources/velocerf","step":"verify","ok":true}
{"t":"2026-09-11T14:47:14.175Z","path":"/resources/usb4-user-expectations-drive-design-complexity-white-paper","step":"verify","ok":true}
{"t":"2026-09-11T14:47:14.292Z","path":"/resources/what-designers-need-to-know-about-usb-low-power-states-white-paper","step":"verify","ok":true}
{"t":"2026-09-11T14:47:14.535Z","path":"/resources/xsr-phy-ip-datasheet","step":"verify","ok":true}
{"t":"2026-09-11T14:47:14.625Z","path":"/resources/which-ddr-sdram-memory-to-use-and-when-white-paper","step":"verify","ok":true}
{"t":"2026-09-11T14:47:15.420Z","path":"/services/design-services/physical-design-assistance","step":"verify","ok":true}
{"t":"2026-09-11T14:47:19.917Z","path":"/services/design-services/soc-design-services","step":"verify","ok":true}
{"t":"2026-09-11T14:47:20.275Z","path":"/solutions/automotive","step":"verify","ok":true}
{"t":"2026-09-11T14:47:20.442Z","path":"/solutions/multi-die-design/contact-us","step":"verify","ok":true}
{"t":"2026-09-11T14:47:20.790Z","path":"/solutions/aerospace-government/contact-us","step":"verify","ok":true}
{"t":"2026-09-11T14:47:21.115Z","path":"/solutions/multi-die-design/heterogeneous-integration","step":"verify","ok":true}
{"t":"2026-09-11T14:47:21.863Z","path":"/solutions/silicon-lifecycle-management/data-highway/synopsys-ip-shs","step":"verify","ok":true}
{"t":"2026-09-11T14:47:25.645Z","path":"/solutions/silicon-lifecycle-management/environmental-monitors","step":"verify","ok":true}
{"t":"2026-09-11T14:47:26.431Z","path":"/success-stories/carnegie-technologies-iot-security-for-asset-management","step":"verify","ok":true}
{"t":"2026-09-11T14:47:26.507Z","path":"/solutions/silicon-lifecycle-management/yield-explorer","step":"verify","ok":true}
{"t":"2026-09-11T14:47:26.713Z","path":"/success-stories/fujitsu-next-gen-processor-fugakunext-supercomputer","step":"verify","ok":true}
{"t":"2026-09-11T14:47:26.960Z","path":"/success-stories/rain-ai-low-power-ai-accelerator-chip-synopsys-cloud","step":"verify","ok":true}
{"t":"2026-09-11T14:47:27.676Z","path":"/success-stories/weeteq-tapes-out-ai","step":"verify","ok":true}
{"t":"2026-09-11T14:47:31.207Z","path":"/support/global-support-centers","step":"verify","ok":true}
{"t":"2026-09-11T14:47:32.477Z","path":"/support/licensing-installation-computeplatforms/ansys","step":"verify","ok":true}
{"t":"2026-09-11T14:47:32.594Z","path":"/support/licensing-installation-computeplatforms/compute-platforms/platform-notice/2023-w-foundation-win-support-changes","step":"verify","ok":true}
{"t":"2026-09-11T14:47:32.709Z","path":"/support/licensing-installation-computeplatforms/compute-platforms/platform-notice/2022-v-foundation-sles-support-changes","step":"verify","ok":true}
{"t":"2026-09-11T14:47:32.868Z","path":"/support/licensing-installation-computeplatforms/ansys-scbu-migration","step":"verify","ok":true}
{"t":"2026-09-11T14:47:34.200Z","path":"/support/licensing-installation-computeplatforms/compute-platforms/platform-notice/2025-y-foundation-centos-support-changes","step":"verify","ok":true}
{"t":"2026-09-11T14:47:36.735Z","path":"/support/licensing-installation-computeplatforms/compute-platforms/platform-notice/2025-y-foundation-sles-and-win-support-changes","step":"verify","ok":true}
{"t":"2026-09-11T14:47:38.260Z","path":"/support/licensing-installation-computeplatforms/compute-platforms/release-specific-support/supported-a-foundation","step":"verify","ok":true}
{"t":"2026-09-11T14:47:38.542Z","path":"/support/licensing-installation-computeplatforms/compute-platforms/release-specific-support/supported-q-foundation","step":"verify","ok":true}
{"t":"2026-09-11T14:47:38.555Z","path":"/support/licensing-installation-computeplatforms/compute-platforms/release-specific-support/supported-o-foundation","step":"verify","ok":true}
{"t":"2026-09-11T14:47:38.925Z","path":"/support/licensing-installation-computeplatforms/compute-platforms/release-specific-support/supported-r-foundation","step":"verify","ok":true}
{"t":"2026-09-11T14:47:40.082Z","path":"/support/licensing-installation-computeplatforms/compute-platforms/release-specific-support/supported-t-foundation","step":"verify","ok":true}
{"t":"2026-09-11T14:47:42.458Z","path":"/support/licensing-installation-computeplatforms/compute-platforms/release-specific-support/supported-u-foundation","step":"verify","ok":true}
{"t":"2026-09-11T14:47:44.001Z","path":"/support/licensing-installation-computeplatforms/compute-platforms/release-specific-support/supported-w-foundation","step":"verify","ok":true}
{"t":"2026-09-11T14:47:44.105Z","path":"/support/licensing-installation-computeplatforms/compute-platforms/release-specific-support/supported-x-foundation","step":"verify","ok":true}
{"t":"2026-09-11T14:47:44.519Z","path":"/support/licensing-installation-computeplatforms/compute-platforms/release-specific-support/supported-v-foundation","step":"verify","ok":true}
{"t":"2026-09-11T14:47:45.481Z","path":"/support/licensing-installation-computeplatforms/compute-platforms/release-specific-support/supported-y-foundation","step":"verify","ok":true}
{"t":"2026-09-11T14:47:46.003Z","path":"/support/licensing-installation-computeplatforms/compute-platforms/release-specific-support/supported-z-foundation","step":"verify","ok":true}
{"t":"2026-09-11T14:47:48.071Z","path":"/support/licensing-installation-computeplatforms/css","step":"verify","ok":true}
{"t":"2026-09-11T14:47:50.106Z","path":"/support/licensing-installation-computeplatforms/licensing/determining-the-correct-flexnet-hostid","step":"verify","ok":true}
{"t":"2026-09-11T14:47:50.307Z","path":"/support/training/course-options","step":"verify","ok":true}
{"t":"2026-09-11T14:47:50.573Z","path":"/support/licensing-installation-computeplatforms/licensing/springsoft-tools","step":"verify","ok":true}
{"t":"2026-09-11T14:47:51.448Z","path":"/support/training/locations/locations-taiwan","step":"verify","ok":true}
{"t":"2026-09-11T14:47:52.112Z","path":"/support/training/purple-certification","step":"verify","ok":true}
{"t":"2026-09-11T14:47:54.125Z","path":"/support/training/self-paced","step":"verify","ok":true}
{"t":"2026-09-11T14:47:55.619Z","path":"/support/wget-installation-guide","step":"verify","ok":true}
{"t":"2026-09-11T14:47:56.776Z","path":"/synopsys-ansys-united","step":"verify","ok":true}
{"t":"2026-09-11T14:47:57.146Z","path":"/verification/fpga-simulation/fpga-simulator","step":"verify","ok":true}
{"t":"2026-09-11T14:47:57.282Z","path":"/verification/emulation-prototyping/prototyping/haps-100","step":"verify","ok":true}
{"t":"2026-09-11T14:47:58.306Z","path":"/verification/hardware-assisted-test-solutions","step":"verify","ok":true}
{"t":"2026-09-11T14:47:59.465Z","path":"/verification/resources/datasheets/vc-spyglass-idc","step":"verify","ok":true}
{"t":"2026-09-11T14:48:01.472Z","path":"/verification/resources/whitepapers/10x-cdc-debug-ml","step":"verify","ok":true}
{"t":"2026-09-11T14:48:02.091Z","path":"/verification/resources/whitepapers/enabling-high-quality-risc-v-processor-models","step":"verify","ok":true}
{"t":"2026-09-11T14:48:02.929Z","path":"/verification/resources/whitepapers/virtualizer-native-execution-accelerates-sw-defined-product-development-for-arm-solutions-wp","step":"verify","ok":true}
{"t":"2026-09-11T14:48:03.156Z","path":"/verification/resources/whitepapers/reduce-sim-reg-dpo","step":"verify","ok":true}
{"t":"2026-09-11T14:48:04.130Z","path":"/verification/verification-ip/amba/amba-c2c","step":"verify","ok":true}
{"t":"2026-09-11T14:48:05.400Z","path":"/verification/verification-ip/amba/amba-chi","step":"verify","ok":true}
{"t":"2026-09-11T14:48:07.227Z","path":"/verification/verification-ip/display/displayport","step":"verify","ok":true}
{"t":"2026-09-11T14:48:08.659Z","path":"/verification/verification-ip/display/hdmi","step":"verify","ok":true}
{"t":"2026-09-11T14:48:08.917Z","path":"/verification/virtual-prototyping/atef/contact-us","step":"verify","ok":true}
{"t":"2026-09-11T14:48:08.967Z","path":"/verification/verification-ip/mipi/mipi-csi-2","step":"verify","ok":true}
{"t":"2026-09-11T14:48:10.660Z","path":"/verification/virtual-prototyping/references/amg","step":"verify","ok":true}
{"t":"2026-09-11T14:48:11.226Z","path":"/verification/virtual-prototyping/platform-architect","step":"verify","ok":true}
{"t":"2026-09-11T14:48:12.700Z","path":"/verification/virtual-prototyping/references/mercedes-benz","step":"verify","ok":true}
{"t":"2026-09-11T14:48:14.378Z","path":"/webinars/448g-ready-or-not","step":"verify","ok":true}
{"t":"2026-09-11T14:48:14.596Z","path":"/webinars/accelerating-ai-hardware-nvidia-haps","step":"verify","ok":true}
{"t":"2026-09-11T14:48:14.689Z","path":"/webinars/a-z-multi-die-design","step":"verify","ok":true}
{"t":"2026-09-11T14:48:16.579Z","path":"/webinars/advancing-sic-power-transistors","step":"verify","ok":true}
{"t":"2026-09-11T14:48:17.049Z","path":"/webinars/agentengineer-your-ai-coworker","step":"verify","ok":true}
{"t":"2026-09-11T14:48:18.406Z","path":"/webinars/agentic-ai-impact-engineering-workflows","step":"verify","ok":true}
{"t":"2026-09-11T14:48:19.852Z","path":"/webinars/agentic-ai-nuts-bolts-agentengineer","step":"verify","ok":true}
{"t":"2026-09-11T14:48:20.129Z","path":"/webinars/agentic-ai-synopsys-nvidia-chip-design","step":"verify","ok":true}
{"t":"2026-09-11T14:48:20.193Z","path":"/webinars/agile-cicd-github-eda-flows","step":"verify","ok":true}
{"t":"2026-09-11T14:48:22.180Z","path":"/webinars/ai-apps-rl-llms-agents","step":"verify","ok":true}
{"t":"2026-09-11T14:48:22.876Z","path":"/webinars/ai-chip-design-synopsys-microsoft","step":"verify","ok":true}
{"t":"2026-09-11T14:48:24.530Z","path":"/webinars/amd-3dic-feasibility-analysis","step":"verify","ok":true}
{"t":"2026-09-11T14:48:25.878Z","path":"/webinars/auto-tech-day","step":"verify","ok":true}
{"t":"2026-09-11T14:48:26.196Z","path":"/webinars/chip-design-with-generative-agentic-ai","step":"verify","ok":true}
{"t":"2026-09-11T14:48:26.572Z","path":"/webinars/automotive-margin","step":"verify","ok":true}
{"t":"2026-09-11T14:48:27.717Z","path":"/webinars/copilot-smarter-chip-design","step":"verify","ok":true}
{"t":"2026-09-11T14:48:29.344Z","path":"/webinars/custom-hbm-ai","step":"verify","ok":true}
{"t":"2026-09-11T14:48:29.931Z","path":"/webinars/data-driven-approach-to-multi-die-design-architecture","step":"verify","ok":true}
{"t":"2026-09-11T14:48:31.085Z","path":"/webinars/design-analysis-multi-die-3d-ic-systems","step":"verify","ok":true}
{"t":"2026-09-11T14:48:32.137Z","path":"/webinars/designing-risc-v-triple-threat-assp-dev","step":"verify","ok":true}
{"t":"2026-09-11T14:48:32.369Z","path":"/webinars/efficient-and-robust-memory-verification-in-modern-socs-using-formal-equivalence-checker","step":"verify","ok":true}
{"t":"2026-09-11T14:48:33.249Z","path":"/webinars/efficient-secure-ai-systems-ualink","step":"verify","ok":true}
{"t":"2026-09-11T14:48:34.997Z","path":"/webinars/enabling-informed-processor-core-selection-early-architecture-analysis","step":"verify","ok":true}
{"t":"2026-09-11T14:48:35.670Z","path":"/webinars/engineering-intelligence-10-watts","step":"verify","ok":true}
{"t":"2026-09-11T14:48:37.534Z","path":"/webinars/functional-ecos-formality","step":"verify","ok":true}
{"t":"2026-09-11T14:48:38.211Z","path":"/webinars/holistic-approach-risc-v-processor","step":"verify","ok":true}
{"t":"2026-09-11T14:48:38.566Z","path":"/webinars/hybrid-prototyping-early-collaboration-automotive-supply-chain","step":"verify","ok":true}
{"t":"2026-09-11T14:48:38.982Z","path":"/webinars/interconnect-memory-performance-exploration-many-core-socs","step":"verify","ok":true}
{"t":"2026-09-11T14:48:40.809Z","path":"/webinars/invisible-keys-from-pufs","step":"verify","ok":true}
{"t":"2026-09-11T14:48:41.389Z","path":"/webinars/ip-design-edge-ai","step":"verify","ok":true}
{"t":"2026-09-11T14:48:43.217Z","path":"/webinars/key-ip-3d-integration-ucie-ai-chips","step":"verify","ok":true}
{"t":"2026-09-11T14:48:44.870Z","path":"/webinars/mastering-layout-parasitics-with-paragonx-pst","step":"verify","ok":true}
{"t":"2026-09-11T14:48:45.409Z","path":"/webinars/mastering-layout-parasitics-with-paragonx-cest","step":"verify","ok":true}
{"t":"2026-09-11T14:48:45.736Z","path":"/webinars/marvell-accelerating-design-signal-integrity-analysis","step":"verify","ok":true}
{"t":"2026-09-11T14:48:46.647Z","path":"/webinars/migrate-analog-design","step":"verify","ok":true}
{"t":"2026-09-11T14:48:47.262Z","path":"/webinars/migrate-architecture-ip-edge-ai","step":"verify","ok":true}
{"t":"2026-09-11T14:48:48.898Z","path":"/webinars/multi-die-3dic-partitioning-floorplanning","step":"verify","ok":true}
{"t":"2026-09-11T14:48:50.889Z","path":"/webinars/multi-die-multi-physics-silicon-design-panel","step":"verify","ok":true}
{"t":"2026-09-11T14:48:51.143Z","path":"/webinars/multi-die-designs-security","step":"verify","ok":true}
{"t":"2026-09-11T14:48:51.206Z","path":"/webinars/multi-die-designs-co-packaged-optics","step":"verify","ok":true}
{"t":"2026-09-11T14:48:53.074Z","path":"/webinars/multi-noc-soc-performance-analysis-tsn-applications","step":"verify","ok":true}
{"t":"2026-09-11T14:48:53.134Z","path":"/webinars/multiphysics-fusion-technology-multi-die-design","step":"verify","ok":true}
{"t":"2026-09-11T14:48:54.691Z","path":"/webinars/multiphysics-hbm-3d-integration","step":"verify","ok":true}
{"t":"2026-09-11T14:48:56.530Z","path":"/webinars/new-faster-standards-data-center-shift","step":"verify","ok":true}
{"t":"2026-09-11T14:48:56.780Z","path":"/webinars/noc-design-platform-integration-early-benchmarking-automotive-processor-socs","step":"verify","ok":true}
{"t":"2026-09-11T14:48:56.832Z","path":"/webinars/next-generation-3dic-interposer-info-design","step":"verify","ok":true}
{"t":"2026-09-11T14:48:58.721Z","path":"/webinars/optimal-ppa-targets-dso-ai","step":"verify","ok":true}
{"t":"2026-09-11T14:48:58.872Z","path":"/webinars/opportunities-innovation-ai-powered-chip-design","step":"verify","ok":true}
{"t":"2026-09-11T14:49:01.424Z","path":"/webinars/optimizing-memory-multi-die-architectures","step":"verify","ok":true}
{"t":"2026-09-11T14:49:02.575Z","path":"/webinars/paragonx-ic-layout-parasitics-analysis","step":"verify","ok":true}
{"t":"2026-09-11T14:49:02.711Z","path":"/webinars/panel-cloud-access-synopsys-startups","step":"verify","ok":true}
{"t":"2026-09-11T14:49:03.286Z","path":"/webinars/pcie-5-edge-benefits","step":"verify","ok":true}
{"t":"2026-09-11T14:49:04.414Z","path":"/webinars/pcie-multistream-ai-connectivity","step":"verify","ok":true}
{"t":"2026-09-11T14:49:04.744Z","path":"/webinars/physical-ai-future-systems-design","step":"verify","ok":true}
{"t":"2026-09-11T14:49:07.394Z","path":"/webinars/power-integrity-signoff-to-design-optimization","step":"verify","ok":true}
{"t":"2026-09-11T14:49:08.733Z","path":"/webinars/re-engineering-the-future","step":"verify","ok":true}
{"t":"2026-09-11T14:49:08.876Z","path":"/webinars/reducing-risk-chiplet-design","step":"verify","ok":true}
{"t":"2026-09-11T14:49:09.314Z","path":"/webinars/ras-challenges-chiplets-ai","step":"verify","ok":true}
{"t":"2026-09-11T14:49:10.097Z","path":"/webinars/renesas-r-car-virtual-platform","step":"verify","ok":true}
{"t":"2026-09-11T14:49:10.284Z","path":"/webinars/rethinking-compute-age-ai","step":"verify","ok":true}
{"t":"2026-09-11T14:49:14.144Z","path":"/webinars/rtl-dft-connectivity-webinar","step":"verify","ok":true}
{"t":"2026-09-11T14:49:14.520Z","path":"/webinars/scaling-ai-agents-formal-workflow","step":"verify","ok":true}
{"t":"2026-09-11T14:49:15.051Z","path":"/webinars/shift-left-soc-ip-verification","step":"verify","ok":true}
{"t":"2026-09-11T14:49:15.286Z","path":"/webinars/shaping-the-future","step":"verify","ok":true}
{"t":"2026-09-11T14:49:16.229Z","path":"/webinars/silicon-systems-innovation-ai","step":"verify","ok":true}
{"t":"2026-09-11T14:49:16.245Z","path":"/webinars/silicon-lifecycle-management-automotive","step":"verify","ok":true}
{"t":"2026-09-11T14:49:20.068Z","path":"/webinars/startups-panel-navigating-the-last-mile","step":"verify","ok":true}
{"t":"2026-09-11T14:49:20.436Z","path":"/webinars/static-esd-simulation-multi-die","step":"verify","ok":true}
{"t":"2026-09-11T14:49:20.639Z","path":"/webinars/synopsys-ai-copilot-design-assistant","step":"verify","ok":true}
{"t":"2026-09-11T14:49:20.915Z","path":"/webinars/synopsys-ai-copilot-productivity","step":"verify","ok":true}
{"t":"2026-09-11T14:49:21.796Z","path":"/webinars/testmax-advisor","step":"verify","ok":true}
{"t":"2026-09-11T14:49:22.620Z","path":"/webinars/synopsys-guc-coupe","step":"verify","ok":true}
{"t":"2026-09-11T14:49:26.018Z","path":"/webinars/transition-to-pcie-7-now","step":"verify","ok":true}
{"t":"2026-09-11T14:49:26.319Z","path":"/webinars/vc-panel-what-does-it-take","step":"verify","ok":true}
{"t":"2026-09-11T14:49:26.349Z","path":"/webinars/ucie-standard-vs-ucie-advanced","step":"verify","ok":true}
{"t":"2026-09-11T14:49:27.664Z","path":"/webinars/verifying-ai-designs","step":"verify","ok":true}
{"t":"2026-09-11T14:49:27.934Z","path":"/webinars/vecu-based-integration","step":"verify","ok":true}
{"t":"2026-09-11T14:49:28.716Z","path":"/webinars/virtual-ecu-deployment","step":"verify","ok":true}
{"t":"2026-09-11T14:49:31.508Z","path":"/webinars/virtual-prototypes-risc-v-software-development-optimization-test","step":"verify","ok":true}
{"t":"2026-09-11T14:49:32.000Z","path":"/webinars/wireline-transmitters-part-1","step":"verify","ok":true}
