{"t":"2026-09-10T07:59:38.976Z","path":"/ai/agentic-ai","step":"verify","ok":true}
{"t":"2026-09-10T07:59:39.336Z","path":"/academic-research/contactus","step":"verify","ok":true}
{"t":"2026-09-10T07:59:39.416Z","path":"/ai/ai-chip-development","step":"verify","ok":true}
{"t":"2026-09-10T07:59:39.458Z","path":"/academic-research/university","step":"verify","ok":true}
{"t":"2026-09-10T07:59:44.261Z","path":"/ai/ai-powered-eda/silicon-da","step":"verify","ok":true}
{"t":"2026-09-10T07:59:44.621Z","path":"/ai/ai-powered-eda/videos","step":"verify","ok":true}
{"t":"2026-09-10T07:59:44.887Z","path":"/ai/ai-powered-eda","step":"verify","ok":true}
{"t":"2026-09-10T07:59:45.007Z","path":"/ai/generative-ai","step":"verify","ok":true}
{"t":"2026-09-10T07:59:50.026Z","path":"/articles/112g-ethernet-implementations","step":"verify","ok":true}
{"t":"2026-09-10T07:59:50.042Z","path":"/ai/physical-ai","step":"verify","ok":true}
{"t":"2026-09-10T07:59:50.421Z","path":"/articles/112g-ethernet-ip","step":"verify","ok":true}
{"t":"2026-09-10T07:59:50.605Z","path":"/ai","step":"verify","ok":true}
{"t":"2026-09-10T07:59:55.605Z","path":"/articles/112g-linear-optics-phy","step":"verify","ok":true}
{"t":"2026-09-10T07:59:55.776Z","path":"/articles/224g-ethernet-phy-ip","step":"verify","ok":true}
{"t":"2026-09-10T07:59:56.478Z","path":"/articles/224g-serdes-interoperability-ai-hpc","step":"verify","ok":true}
{"t":"2026-09-10T07:59:56.602Z","path":"/articles/224g-serdes-ip-linear-drive-optics","step":"verify","ok":true}
{"t":"2026-09-10T08:00:01.319Z","path":"/articles/224gbps-electrical-interface","step":"verify","ok":true}
{"t":"2026-09-10T08:00:01.660Z","path":"/articles/25g-ethernet-ip-for-high-performance-data-center-socs","step":"verify","ok":true}
{"t":"2026-09-10T08:00:01.952Z","path":"/articles/25g-ethernet","step":"verify","ok":true}
{"t":"2026-09-10T08:00:02.995Z","path":"/articles/3dio-multi-die-integration","step":"verify","ok":true}
{"t":"2026-09-10T08:00:08.102Z","path":"/articles/5g-asips-communication-socs","step":"verify","ok":true}
{"t":"2026-09-10T08:00:08.191Z","path":"/articles/40g-ucie-ip-ai-applications","step":"verify","ok":true}
{"t":"2026-09-10T08:00:08.970Z","path":"/articles/5g-dsp-controller-radio-modems","step":"verify","ok":true}
{"t":"2026-09-10T08:00:09.250Z","path":"/articles/accelerate-time-to-market-with-interface-ip-subsystems","step":"verify","ok":true}
{"t":"2026-09-10T08:00:13.744Z","path":"/articles/accelerating-32gtps-pcie5-designs","step":"verify","ok":true}
{"t":"2026-09-10T08:00:13.980Z","path":"/articles/accelerating-cryptographic-operations","step":"verify","ok":true}
{"t":"2026-09-10T08:00:14.602Z","path":"/articles/achieving-10-gbps","step":"verify","ok":true}
{"t":"2026-09-10T08:00:14.753Z","path":"/articles/achieving-iso-compliance","step":"verify","ok":true}
{"t":"2026-09-10T08:00:19.230Z","path":"/articles/adapting-non-volatile-memory","step":"verify","ok":true}
{"t":"2026-09-10T08:00:19.286Z","path":"/articles/adas-ivi-automotive-grade","step":"verify","ok":true}
{"t":"2026-09-10T08:00:20.386Z","path":"/articles/addressing-ai-advanced-packaging-3dio-phy","step":"verify","ok":true}
{"t":"2026-09-10T08:00:20.598Z","path":"/articles/adas-ivi-socs-sdv-automotive-ip","step":"verify","ok":true}
{"t":"2026-09-10T08:00:24.442Z","path":"/articles/addressing-functional-safety-in-socs-with-test-solutions","step":"verify","ok":true}
{"t":"2026-09-10T08:00:25.135Z","path":"/articles/adoption-5g-automotive-applications","step":"verify","ok":true}
{"t":"2026-09-10T08:00:26.174Z","path":"/articles/advantages-embedded-mtp-nvm-iot-soc-designs","step":"verify","ok":true}
{"t":"2026-09-10T08:00:26.592Z","path":"/articles/advanced-processors-virtual-reality-interfaces","step":"verify","ok":true}
{"t":"2026-09-10T08:00:30.194Z","path":"/articles/ai-edge-algorithms","step":"verify","ok":true}
{"t":"2026-09-10T08:00:31.526Z","path":"/articles/ai-powered-analog-design","step":"verify","ok":true}
{"t":"2026-09-10T08:00:32.502Z","path":"/articles/ai-hpc-multi-die-designs","step":"verify","ok":true}
{"t":"2026-09-10T08:00:33.819Z","path":"/articles/anatomy-ethernet-phy-for-hpc","step":"verify","ok":true}
{"t":"2026-09-10T08:00:37.416Z","path":"/articles/arc-sem130fs-safety-security-processor","step":"verify","ok":true}
{"t":"2026-09-10T08:00:37.983Z","path":"/articles/asil-d-systematic-iso-26262-compliance","step":"verify","ok":true}
{"t":"2026-09-10T08:00:38.252Z","path":"/articles/artificial-intelligence-soc-nature-nurture","step":"verify","ok":true}
{"t":"2026-09-10T08:00:40.109Z","path":"/articles/augmenting-your-reality","step":"verify","ok":true}
{"t":"2026-09-10T08:00:43.103Z","path":"/articles/automotive-ddr-dram","step":"verify","ok":true}
{"t":"2026-09-10T08:00:43.367Z","path":"/articles/automotive-certified-trng-ip","step":"verify","ok":true}
{"t":"2026-09-10T08:00:44.969Z","path":"/articles/automotive-embedded-storage-ufs","step":"verify","ok":true}
{"t":"2026-09-10T08:00:45.703Z","path":"/articles/automotive-ic-design","step":"verify","ok":true}
{"t":"2026-09-10T08:00:48.575Z","path":"/articles/automotive-macsec-ethernet","step":"verify","ok":true}
{"t":"2026-09-10T08:00:49.446Z","path":"/articles/automotive-nvm-ip-accelerating-design-schedules","step":"verify","ok":true}
{"t":"2026-09-10T08:00:50.046Z","path":"/articles/automotive-puf-unclonable-silicon-identity","step":"verify","ok":true}
{"t":"2026-09-10T08:00:51.242Z","path":"/articles/automotive-safety","step":"verify","ok":true}
{"t":"2026-09-10T08:00:54.176Z","path":"/articles/automotive-security-pcie-ip-solutions","step":"verify","ok":true}
{"t":"2026-09-10T08:00:54.435Z","path":"/articles/automotive-soc-design-platform","step":"verify","ok":true}
{"t":"2026-09-10T08:00:56.028Z","path":"/articles/balancing-security-requirements","step":"verify","ok":true}
{"t":"2026-09-10T08:00:57.045Z","path":"/articles/benefits-800g-ethernet-implementation","step":"verify","ok":true}
{"t":"2026-09-10T08:01:00.170Z","path":"/articles/bluetooth-5-ready-ip-iot-soc-integration","step":"verify","ok":true}
{"t":"2026-09-10T08:01:01.915Z","path":"/articles/building-efficient-deep-learning","step":"verify","ok":true}
{"t":"2026-09-10T08:01:02.892Z","path":"/articles/catching-clock-integrity-jitter-issues","step":"verify","ok":true}
{"t":"2026-09-10T08:01:03.838Z","path":"/articles/category-5g-wireless","step":"verify","ok":true}
{"t":"2026-09-10T08:01:04.115Z","path":"/articles/best-112g-serdes-ip-performance","step":"verify","ok":true}
{"t":"2026-09-10T08:01:05.959Z","path":"/articles/category-ai-and-machine-learning","step":"verify","ok":true}
{"t":"2026-09-10T08:01:07.326Z","path":"/articles/category-analog-ip","step":"verify","ok":true}
{"t":"2026-09-10T08:01:07.490Z","path":"/articles/category-automotive","step":"verify","ok":true}
{"t":"2026-09-10T08:01:09.901Z","path":"/articles/category-cloud","step":"verify","ok":true}
{"t":"2026-09-10T08:01:11.008Z","path":"/articles/category-consumer","step":"verify","ok":true}
{"t":"2026-09-10T08:01:11.220Z","path":"/articles/category-consideration","step":"verify","ok":true}
{"t":"2026-09-10T08:01:11.517Z","path":"/articles/category-custom-design-platform","step":"verify","ok":true}
{"t":"2026-09-10T08:01:13.827Z","path":"/articles/category-data-center","step":"verify","ok":true}
{"t":"2026-09-10T08:01:14.873Z","path":"/articles/category-design","step":"verify","ok":true}
{"t":"2026-09-10T08:01:15.322Z","path":"/articles/category-emulation","step":"verify","ok":true}
{"t":"2026-09-10T08:01:15.583Z","path":"/articles/category-energy-efficient-socs","step":"verify","ok":true}
{"t":"2026-09-10T08:01:18.227Z","path":"/articles/category-foundation-ip","step":"verify","ok":true}
{"t":"2026-09-10T08:01:18.815Z","path":"/articles/category-fpga-design","step":"verify","ok":true}
{"t":"2026-09-10T08:01:18.913Z","path":"/articles/category-general-ip","step":"verify","ok":true}
{"t":"2026-09-10T08:01:19.528Z","path":"/articles/category-hpc-data-center","step":"verify","ok":true}
{"t":"2026-09-10T08:01:22.015Z","path":"/articles/category-interface-ip","step":"verify","ok":true}
{"t":"2026-09-10T08:01:22.607Z","path":"/articles/category-internet-of-things","step":"verify","ok":true}
{"t":"2026-09-10T08:01:22.859Z","path":"/articles/category-ip-accelerated","step":"verify","ok":true}
{"t":"2026-09-10T08:01:23.522Z","path":"/articles/category-multi-die-system","step":"verify","ok":true}
{"t":"2026-09-10T08:01:26.281Z","path":"/articles/category-security-ip","step":"verify","ok":true}
{"t":"2026-09-10T08:01:26.457Z","path":"/articles/category-signoff","step":"verify","ok":true}
{"t":"2026-09-10T08:01:26.612Z","path":"/articles/category-prototyping","step":"verify","ok":true}
{"t":"2026-09-10T08:01:27.368Z","path":"/articles/category-silicon-ip-technical-bulletin","step":"verify","ok":true}
{"t":"2026-09-10T08:01:30.087Z","path":"/articles/category-silicon-ip","step":"verify","ok":true}
{"t":"2026-09-10T08:01:30.293Z","path":"/articles/category-silicon-lifecycle-management","step":"verify","ok":true}
{"t":"2026-09-10T08:01:30.579Z","path":"/articles/category-soc-infrastructure-ip","step":"verify","ok":true}
{"t":"2026-09-10T08:01:31.323Z","path":"/articles/category-test","step":"verify","ok":true}
{"t":"2026-09-10T08:01:33.888Z","path":"/articles/category-verification","step":"verify","ok":true}
{"t":"2026-09-10T08:01:34.268Z","path":"/articles/category-verificationip","step":"verify","ok":true}
{"t":"2026-09-10T08:01:34.400Z","path":"/articles/category-virtualprototyping","step":"verify","ok":true}
{"t":"2026-09-10T08:01:36.523Z","path":"/articles/challenges-of-moving-to-32gts-pcie-designs","step":"verify","ok":true}
{"t":"2026-09-10T08:01:39.287Z","path":"/articles/cmos-image-sensor-otp-nvm","step":"verify","ok":true}
{"t":"2026-09-10T08:01:39.566Z","path":"/articles/challenges-of-usb-3-1-ip-certification","step":"verify","ok":true}
{"t":"2026-09-10T08:01:39.657Z","path":"/articles/choosing-embedded-processor","step":"verify","ok":true}
{"t":"2026-09-10T08:01:41.584Z","path":"/articles/competitive-advantage-sram-puf","step":"verify","ok":true}
{"t":"2026-09-10T08:01:44.720Z","path":"/articles/complete-die-to-die-ip-solution","step":"verify","ok":true}
{"t":"2026-09-10T08:01:44.850Z","path":"/articles/compute-express-link-standard","step":"verify","ok":true}
{"t":"2026-09-10T08:01:45.866Z","path":"/articles/computer-vision-lab-life","step":"verify","ok":true}
{"t":"2026-09-10T08:01:46.117Z","path":"/articles/configuring-ddr-subsystems","step":"verify","ok":true}
{"t":"2026-09-10T08:01:50.126Z","path":"/articles/content-protection","step":"verify","ok":true}
{"t":"2026-09-10T08:01:50.482Z","path":"/articles/considerations-chiplet-designs","step":"verify","ok":true}
{"t":"2026-09-10T08:01:51.150Z","path":"/articles/converging-cloud-computing-infrastucture","step":"verify","ok":true}
{"t":"2026-09-10T08:01:51.810Z","path":"/articles/converting-existing-designs-usb-c","step":"verify","ok":true}
{"t":"2026-09-10T08:01:55.555Z","path":"/articles/cxl-in-memory-solutions","step":"verify","ok":true}
{"t":"2026-09-10T08:01:55.839Z","path":"/articles/cxl-applications","step":"verify","ok":true}
{"t":"2026-09-10T08:01:56.966Z","path":"/articles/cxl2-3-storage-memory-applications","step":"verify","ok":true}
{"t":"2026-09-10T08:01:58.277Z","path":"/articles/data-centers-driving-ethernet-interconnects","step":"verify","ok":true}
{"t":"2026-09-10T08:02:00.750Z","path":"/articles/data-conv-ip-auto-func-safety-socs","step":"verify","ok":true}
{"t":"2026-09-10T08:02:01.391Z","path":"/articles/data-fusion-ip-iot-accelerating-application-development","step":"verify","ok":true}
{"t":"2026-09-10T08:02:02.599Z","path":"/articles/ddr-hardening-demystified","step":"verify","ok":true}
{"t":"2026-09-10T08:02:03.840Z","path":"/articles/ddr4-bank-groups","step":"verify","ok":true}
{"t":"2026-09-10T08:02:05.462Z","path":"/articles/ddr5-features","step":"verify","ok":true}
{"t":"2026-09-10T08:02:07.467Z","path":"/articles/deep-learning-adas-applications","step":"verify","ok":true}
{"t":"2026-09-10T08:02:09.589Z","path":"/articles/demystifying-40-interfaces","step":"verify","ok":true}
{"t":"2026-09-10T08:02:11.797Z","path":"/articles/design-considerations","step":"verify","ok":true}
{"t":"2026-09-10T08:02:12.083Z","path":"/articles/design-challenges-of-clock-integrity-and-clock-jitter","step":"verify","ok":true}
{"t":"2026-09-10T08:02:13.164Z","path":"/articles/design-precision","step":"verify","ok":true}
{"t":"2026-09-10T08:02:15.207Z","path":"/articles/design-verification-environment","step":"verify","ok":true}
{"t":"2026-09-10T08:02:17.162Z","path":"/articles/designing-processors","step":"verify","ok":true}
{"t":"2026-09-10T08:02:17.811Z","path":"/articles/designing-effective-use-pcie6-bandwidth","step":"verify","ok":true}
{"t":"2026-09-10T08:02:18.793Z","path":"/articles/designware-hybrid-ip","step":"verify","ok":true}
{"t":"2026-09-10T08:02:21.558Z","path":"/articles/designware-libraries","step":"verify","ok":true}
{"t":"2026-09-10T08:02:22.938Z","path":"/articles/direct-drive-electro-optical","step":"verify","ok":true}
{"t":"2026-09-10T08:02:23.464Z","path":"/articles/easing-smart-automotive-design-and-certification","step":"verify","ok":true}
{"t":"2026-09-10T08:02:24.248Z","path":"/articles/ecc-memory-error-correction","step":"verify","ok":true}
{"t":"2026-09-10T08:02:26.623Z","path":"/articles/edge-ai-near-threshold-foundation-ip","step":"verify","ok":true}
{"t":"2026-09-10T08:02:28.313Z","path":"/articles/embedded-challenges-superscalar","step":"verify","ok":true}
{"t":"2026-09-10T08:02:28.742Z","path":"/articles/embedded-design-prototyping","step":"verify","ok":true}
{"t":"2026-09-10T08:02:29.872Z","path":"/articles/embedded-linux-system","step":"verify","ok":true}
{"t":"2026-09-10T08:02:31.576Z","path":"/articles/embedded-memory-test","step":"verify","ok":true}
{"t":"2026-09-10T08:02:33.545Z","path":"/articles/embedding-artificial-intelligence-into-our-lives","step":"verify","ok":true}
{"t":"2026-09-10T08:02:34.375Z","path":"/articles/embedding-vision","step":"verify","ok":true}
{"t":"2026-09-10T08:02:35.722Z","path":"/articles/emerging-applications-cxl","step":"verify","ok":true}
{"t":"2026-09-10T08:02:36.850Z","path":"/articles/emmc-and-ufs-inline-encryption","step":"verify","ok":true}
{"t":"2026-09-10T08:02:39.083Z","path":"/articles/emram-low-power-advanced-nodes","step":"verify","ok":true}
{"t":"2026-09-10T08:02:39.657Z","path":"/articles/enabling-cars","step":"verify","ok":true}
{"t":"2026-09-10T08:02:41.586Z","path":"/articles/ensuring-security-processor-socs","step":"verify","ok":true}
{"t":"2026-09-10T08:02:41.900Z","path":"/articles/estimating-power-early-ai-vision","step":"verify","ok":true}
{"t":"2026-09-10T08:02:44.988Z","path":"/articles/ether-time-sens-net-for-auto-adas-socs","step":"verify","ok":true}
{"t":"2026-09-10T08:02:45.231Z","path":"/articles/ethernet-qos-v40","step":"verify","ok":true}
{"t":"2026-09-10T08:02:46.753Z","path":"/articles/ethernet-security-macsec","step":"verify","ok":true}
{"t":"2026-09-10T08:02:47.109Z","path":"/articles/ethernet-standards-scale-up-ai","step":"verify","ok":true}
{"t":"2026-09-10T08:02:50.252Z","path":"/articles/eusb2v2-interoperability-fpga-prototyping","step":"verify","ok":true}
{"t":"2026-09-10T08:02:50.733Z","path":"/articles/ethernet-terminology","step":"verify","ok":true}
{"t":"2026-09-10T08:02:52.391Z","path":"/articles/ev-facial-expression","step":"verify","ok":true}
{"t":"2026-09-10T08:02:52.730Z","path":"/articles/face-recognition-detection-arc-ev","step":"verify","ok":true}
{"t":"2026-09-10T08:02:55.779Z","path":"/articles/faster-iteration","step":"verify","ok":true}
{"t":"2026-09-10T08:02:56.023Z","path":"/articles/finfet-design","step":"verify","ok":true}
{"t":"2026-09-10T08:02:57.404Z","path":"/articles/finfet-process","step":"verify","ok":true}
{"t":"2026-09-10T08:02:58.037Z","path":"/articles/firmware-based-training-ddr-ip","step":"verify","ok":true}
{"t":"2026-09-10T08:03:01.093Z","path":"/articles/flexible-connectivity","step":"verify","ok":true}
{"t":"2026-09-10T08:03:01.895Z","path":"/articles/flexible-processing","step":"verify","ok":true}
{"t":"2026-09-10T08:03:02.732Z","path":"/articles/foundation-ip-low-power-ai","step":"verify","ok":true}
{"t":"2026-09-10T08:03:03.102Z","path":"/articles/foundation-ip-optimized-ppa","step":"verify","ok":true}
{"t":"2026-09-10T08:03:07.284Z","path":"/articles/functional-safety-quality-automotive","step":"verify","ok":true}
{"t":"2026-09-10T08:03:07.833Z","path":"/articles/future-nvm-memories","step":"verify","ok":true}
{"t":"2026-09-10T08:03:08.869Z","path":"/articles/guaranteed-isochronous-traffic-usb31","step":"verify","ok":true}
{"t":"2026-09-10T08:03:08.947Z","path":"/articles/guidelines-for-integration","step":"verify","ok":true}
{"t":"2026-09-10T08:03:14.136Z","path":"/articles/hardware-mathematics-for-ai","step":"verify","ok":true}
{"t":"2026-09-10T08:03:14.137Z","path":"/articles/hardware-aware-training-keyword-spotting","step":"verify","ok":true}
{"t":"2026-09-10T08:03:14.721Z","path":"/articles/hbm3-ip-dwtb","step":"verify","ok":true}
{"t":"2026-09-10T08:03:15.729Z","path":"/articles/have-linux-your-way-yocto","step":"verify","ok":true}
{"t":"2026-09-10T08:03:19.873Z","path":"/articles/hdmi-fast-switching","step":"verify","ok":true}
{"t":"2026-09-10T08:03:20.074Z","path":"/articles/hdmi-and-mhl","step":"verify","ok":true}
{"t":"2026-09-10T08:03:20.347Z","path":"/articles/hdmi21-for-immersive-consumer-experience","step":"verify","ok":true}
{"t":"2026-09-10T08:03:21.527Z","path":"/articles/high-accuracy-computer-vision-isps-vision-processors","step":"verify","ok":true}
{"t":"2026-09-10T08:03:25.559Z","path":"/articles/high-bandwidth-memory-encryption-security","step":"verify","ok":true}
{"t":"2026-09-10T08:03:25.926Z","path":"/articles/high-performance-dsp-for-5g","step":"verify","ok":true}
{"t":"2026-09-10T08:03:25.963Z","path":"/articles/high-bandwidth-interconnects-224g-phy-ip","step":"verify","ok":true}
{"t":"2026-09-10T08:03:27.012Z","path":"/articles/high-res-displays-hdcp","step":"verify","ok":true}
{"t":"2026-09-10T08:03:30.919Z","path":"/articles/high-speed-test-io","step":"verify","ok":true}
{"t":"2026-09-10T08:03:31.183Z","path":"/articles/impact-of-100g-ethernet-on-edge-computing","step":"verify","ok":true}
{"t":"2026-09-10T08:03:31.451Z","path":"/articles/how-ai-edge-computing-drives-5g-iot","step":"verify","ok":true}
{"t":"2026-09-10T08:03:33.173Z","path":"/articles/implementing-high-performance-deep-learning","step":"verify","ok":true}
{"t":"2026-09-10T08:03:36.002Z","path":"/articles/implementing-large-numbers","step":"verify","ok":true}
{"t":"2026-09-10T08:03:36.254Z","path":"/articles/implementing-usb-type-c","step":"verify","ok":true}
{"t":"2026-09-10T08:03:36.618Z","path":"/articles/implementing-mipi-camera","step":"verify","ok":true}
{"t":"2026-09-10T08:03:38.522Z","path":"/articles/improving-quality-of-service-amba","step":"verify","ok":true}
{"t":"2026-09-10T08:03:41.374Z","path":"/articles/in-chip-sensor-pvt","step":"verify","ok":true}
{"t":"2026-09-10T08:03:41.547Z","path":"/articles/in-memory-computing-ai","step":"verify","ok":true}
{"t":"2026-09-10T08:03:41.982Z","path":"/articles/integrated-400g-800g-ethernet-ip","step":"verify","ok":true}
{"t":"2026-09-10T08:03:43.295Z","path":"/articles/integrated-adas-domain-controller-26262","step":"verify","ok":true}
{"t":"2026-09-10T08:03:46.346Z","path":"/articles/integrated-ip-mipi-camera-display","step":"verify","ok":true}
{"t":"2026-09-10T08:03:46.974Z","path":"/articles/introduction-ccix","step":"verify","ok":true}
{"t":"2026-09-10T08:03:47.581Z","path":"/articles/interface-ip-avoid-cloud-jams","step":"verify","ok":true}
{"t":"2026-09-10T08:03:48.297Z","path":"/articles/introduction-to-tcam","step":"verify","ok":true}
{"t":"2026-09-10T08:03:51.732Z","path":"/articles/ip-die-to-die-connectivity","step":"verify","ok":true}
{"t":"2026-09-10T08:03:51.942Z","path":"/articles/iot-connectivity-low-power-solution","step":"verify","ok":true}
{"t":"2026-09-10T08:03:53.464Z","path":"/articles/ip-integration","step":"verify","ok":true}
{"t":"2026-09-10T08:03:54.275Z","path":"/articles/ip-interfaces-reduce-hpc-latency","step":"verify","ok":true}
{"t":"2026-09-10T08:03:56.939Z","path":"/articles/iso-sae-21434-automotive-cybersecurity","step":"verify","ok":true}
{"t":"2026-09-10T08:03:57.226Z","path":"/articles/iso-26262-compliance-adas-socs","step":"verify","ok":true}
{"t":"2026-09-10T08:03:58.589Z","path":"/articles/key-features-about-lpddr5","step":"verify","ok":true}
{"t":"2026-09-10T08:03:59.596Z","path":"/articles/kgd-ucie-ip-article","step":"verify","ok":true}
{"t":"2026-09-10T08:04:02.189Z","path":"/articles/logic-library-capabilities","step":"verify","ok":true}
{"t":"2026-09-10T08:04:02.352Z","path":"/articles/low-power-mobile-storage","step":"verify","ok":true}
{"t":"2026-09-10T08:04:03.905Z","path":"/articles/low-power-processor-solutions","step":"verify","ok":true}
{"t":"2026-09-10T08:04:04.768Z","path":"/articles/lpddr4","step":"verify","ok":true}
{"t":"2026-09-10T08:04:07.895Z","path":"/articles/mac-pcs-ethernet","step":"verify","ok":true}
{"t":"2026-09-10T08:04:08.482Z","path":"/articles/maximizing-performance-arc-dsp-plugin-ashling","step":"verify","ok":true}
{"t":"2026-09-10T08:04:09.783Z","path":"/articles/meeting-automotive-functional-safety-gpio","step":"verify","ok":true}
{"t":"2026-09-10T08:04:10.537Z","path":"/articles/memory-architectures-ai-socs","step":"verify","ok":true}
{"t":"2026-09-10T08:04:13.251Z","path":"/articles/memory-options","step":"verify","ok":true}
{"t":"2026-09-10T08:04:14.246Z","path":"/articles/mhl-protocol","step":"verify","ok":true}
{"t":"2026-09-10T08:04:14.825Z","path":"/articles/mhl-vs-miracast","step":"verify","ok":true}
{"t":"2026-09-10T08:04:16.056Z","path":"/articles/minimizing-auto-vulnerabilities","step":"verify","ok":true}
{"t":"2026-09-10T08:04:18.925Z","path":"/articles/modeling-integration-112g-phy-ip","step":"verify","ok":true}
{"t":"2026-09-10T08:04:19.584Z","path":"/articles/modern-prototyping-systems","step":"verify","ok":true}
{"t":"2026-09-10T08:04:20.489Z","path":"/articles/monitor-test-repair-slm","step":"verify","ok":true}
{"t":"2026-09-10T08:04:21.338Z","path":"/articles/multi-chip-design-technical-article","step":"verify","ok":true}
{"t":"2026-09-10T08:04:24.796Z","path":"/articles/multi-die-design-3d-ip","step":"verify","ok":true}
{"t":"2026-09-10T08:04:24.868Z","path":"/articles/next-gen-npus-physical-ai","step":"verify","ok":true}
{"t":"2026-09-10T08:04:25.927Z","path":"/articles/noc-interconnects-ucie-ip","step":"verify","ok":true}
{"t":"2026-09-10T08:04:26.417Z","path":"/articles/non-volatile-memory","step":"verify","ok":true}
{"t":"2026-09-10T08:04:29.953Z","path":"/articles/optimal-ppa-16ff","step":"verify","ok":true}
{"t":"2026-09-10T08:04:30.780Z","path":"/articles/nvm-ip-pmics","step":"verify","ok":true}
{"t":"2026-09-10T08:04:30.997Z","path":"/articles/optimized-memory-cpu-gpu-dsp","step":"verify","ok":true}
{"t":"2026-09-10T08:04:31.791Z","path":"/articles/optimizing-high-end-designs","step":"verify","ok":true}
{"t":"2026-09-10T08:04:35.910Z","path":"/articles/optimizing-vision-applications-openvx-visualization","step":"verify","ok":true}
{"t":"2026-09-10T08:04:36.656Z","path":"/articles/optimizing","step":"verify","ok":true}
{"t":"2026-09-10T08:04:36.677Z","path":"/articles/overcoming-design-challengse-vesa-dsc-ip","step":"verify","ok":true}
{"t":"2026-09-10T08:04:37.484Z","path":"/articles/pam3-technology-implementation-usb4-v2","step":"verify","ok":true}
{"t":"2026-09-10T08:04:41.412Z","path":"/articles/pam4-400g-ethernet","step":"verify","ok":true}
{"t":"2026-09-10T08:04:41.715Z","path":"/articles/parallel-based-phy-for-die2die","step":"verify","ok":true}
{"t":"2026-09-10T08:04:42.179Z","path":"/articles/pci-design-challenges","step":"verify","ok":true}
{"t":"2026-09-10T08:04:43.110Z","path":"/articles/pci-express-4-lane-margining","step":"verify","ok":true}
{"t":"2026-09-10T08:04:46.952Z","path":"/articles/pci-express","step":"verify","ok":true}
{"t":"2026-09-10T08:04:47.120Z","path":"/articles/pcie-6-designs","step":"verify","ok":true}
{"t":"2026-09-10T08:04:47.839Z","path":"/articles/pcie-6-hpc-socs","step":"verify","ok":true}
{"t":"2026-09-10T08:04:48.530Z","path":"/articles/pcie-7-design-ai-bandwidth","step":"verify","ok":true}
{"t":"2026-09-10T08:04:51.777Z","path":"/articles/pcie-automotive-application","step":"verify","ok":true}
{"t":"2026-09-10T08:04:52.250Z","path":"/articles/pcie-cxl-chip-to-chip-ai-scaling","step":"verify","ok":true}
{"t":"2026-09-10T08:04:52.799Z","path":"/articles/pcie-over-optics","step":"verify","ok":true}
{"t":"2026-09-10T08:04:54.024Z","path":"/articles/pcie-u2-u3-data-centers","step":"verify","ok":true}
{"t":"2026-09-10T08:04:57.511Z","path":"/articles/pcie3-bandwidth-considerations","step":"verify","ok":true}
{"t":"2026-09-10T08:04:57.772Z","path":"/articles/pcie5-edge-soc-designs","step":"verify","ok":true}
{"t":"2026-09-10T08:04:58.747Z","path":"/articles/performance-coding-advantages","step":"verify","ok":true}
{"t":"2026-09-10T08:04:59.431Z","path":"/articles/power-gating","step":"verify","ok":true}
{"t":"2026-09-10T08:05:03.040Z","path":"/articles/processor-configurations","step":"verify","ok":true}
{"t":"2026-09-10T08:05:03.922Z","path":"/articles/processor-safety-adas-automotive-systems","step":"verify","ok":true}
{"t":"2026-09-10T08:05:04.415Z","path":"/articles/protecting-against-side-channel","step":"verify","ok":true}
{"t":"2026-09-10T08:05:04.584Z","path":"/articles/prototyping-your-system","step":"verify","ok":true}
{"t":"2026-09-10T08:05:08.237Z","path":"/articles/pvt-monitoring-ip-gaa-process","step":"verify","ok":true}
{"t":"2026-09-10T08:05:09.770Z","path":"/articles/ras-data-protection","step":"verify","ok":true}
{"t":"2026-09-10T08:05:10.187Z","path":"/articles/reach-your-targets","step":"verify","ok":true}
{"t":"2026-09-10T08:05:10.274Z","path":"/articles/reduce-power-consumption","step":"verify","ok":true}
{"t":"2026-09-10T08:05:14.841Z","path":"/articles/reliable-secure-otp-ip","step":"verify","ok":true}
{"t":"2026-09-10T08:05:15.371Z","path":"/articles/risc-processors","step":"verify","ok":true}
{"t":"2026-09-10T08:05:15.993Z","path":"/articles/secure-connectivity-integrated-sim-isim","step":"verify","ok":true}
{"t":"2026-09-10T08:05:16.227Z","path":"/articles/secure-high-speed-interfaces","step":"verify","ok":true}
{"t":"2026-09-10T08:05:20.512Z","path":"/articles/secure-storage-solution-otp-ip","step":"verify","ok":true}
{"t":"2026-09-10T08:05:20.772Z","path":"/articles/secure-iot-system","step":"verify","ok":true}
{"t":"2026-09-10T08:05:21.758Z","path":"/articles/securing-high-value-targets","step":"verify","ok":true}
{"t":"2026-09-10T08:05:22.240Z","path":"/articles/securing-camera-data-mipi-cse2","step":"verify","ok":true}
{"t":"2026-09-10T08:05:26.178Z","path":"/articles/securing-ualink-security-module","step":"verify","ok":true}
{"t":"2026-09-10T08:05:27.173Z","path":"/articles/selecting-standard-ip","step":"verify","ok":true}
{"t":"2026-09-10T08:05:27.196Z","path":"/articles/security-ide-ip","step":"verify","ok":true}
{"t":"2026-09-10T08:05:27.975Z","path":"/articles/serdes-design-trends-angstrom-era","step":"verify","ok":true}
{"t":"2026-09-10T08:05:32.057Z","path":"/articles/sima-machine-learning-embedded-edge","step":"verify","ok":true}
{"t":"2026-09-10T08:05:32.709Z","path":"/articles/sima-synopsys-multi-die-adas-ivi-solutions","step":"verify","ok":true}
{"t":"2026-09-10T08:05:33.057Z","path":"/articles/slm-pvt-monitoring-advanced-node-gaa","step":"verify","ok":true}
{"t":"2026-09-10T08:05:33.204Z","path":"/articles/software-for-cameras","step":"verify","ok":true}
{"t":"2026-09-10T08:05:37.586Z","path":"/articles/software-image-signal-processor","step":"verify","ok":true}
{"t":"2026-09-10T08:05:37.768Z","path":"/articles/solid-foundation-ai-powered-socs","step":"verify","ok":true}
{"t":"2026-09-10T08:05:38.598Z","path":"/articles/solving-clock-signal-integrity-and-jitter-issues","step":"verify","ok":true}
{"t":"2026-09-10T08:05:38.937Z","path":"/articles/sram-puf-secure-silicon-fingerprint","step":"verify","ok":true}
{"t":"2026-09-10T08:05:43.413Z","path":"/articles/sta-strategies-multi-billion-instance-designs","step":"verify","ok":true}
{"t":"2026-09-10T08:05:43.763Z","path":"/articles/super-resolution-with-arc-ev","step":"verify","ok":true}
{"t":"2026-09-10T08:05:44.150Z","path":"/articles/synopsys-and-arm-display-ip","step":"verify","ok":true}
{"t":"2026-09-10T08:05:45.421Z","path":"/articles/techniques-for-improving-qor","step":"verify","ok":true}
{"t":"2026-09-10T08:05:48.780Z","path":"/articles/tee-device-interface-secure-protocol","step":"verify","ok":true}
{"t":"2026-09-10T08:05:49.245Z","path":"/articles/terabit-ethernet-macsec-security","step":"verify","ok":true}
{"t":"2026-09-10T08:05:49.875Z","path":"/articles/test-die-to-die-phy","step":"verify","ok":true}
{"t":"2026-09-10T08:05:50.533Z","path":"/articles/the-dna-of-an-ai-soc","step":"verify","ok":true}
{"t":"2026-09-10T08:05:54.096Z","path":"/articles/the-next-frontier","step":"verify","ok":true}
{"t":"2026-09-10T08:05:54.403Z","path":"/articles/top-5-features","step":"verify","ok":true}
{"t":"2026-09-10T08:05:55.232Z","path":"/articles/training-self-driving-cars-video-games","step":"verify","ok":true}
{"t":"2026-09-10T08:05:56.312Z","path":"/articles/transitioning","step":"verify","ok":true}
{"t":"2026-09-10T08:05:59.729Z","path":"/articles/ucie-3-0-64gbps-challenges","step":"verify","ok":true}
{"t":"2026-09-10T08:06:00.231Z","path":"/articles/true-random-number-generator-security","step":"verify","ok":true}
{"t":"2026-09-10T08:06:00.469Z","path":"/articles/ucie-memory-ai-hpc-use-cases","step":"verify","ok":true}
{"t":"2026-09-10T08:06:01.561Z","path":"/articles/ucie-multi-die-socs","step":"verify","ok":true}
{"t":"2026-09-10T08:06:05.418Z","path":"/articles/ulsee-designing-neural-network","step":"verify","ok":true}
{"t":"2026-09-10T08:06:05.546Z","path":"/articles/understanding-hardware-roots-of-trust","step":"verify","ok":true}
{"t":"2026-09-10T08:06:05.878Z","path":"/articles/ultra-ethernet-ualink-ai-networks","step":"verify","ok":true}
{"t":"2026-09-10T08:06:06.854Z","path":"/articles/understanding-peripherals","step":"verify","ok":true}
{"t":"2026-09-10T08:06:11.566Z","path":"/articles/understanding-sdram-standards","step":"verify","ok":true}
{"t":"2026-09-10T08:06:11.604Z","path":"/articles/understanding-power-profile","step":"verify","ok":true}
{"t":"2026-09-10T08:06:11.734Z","path":"/articles/understanding-the-mipi","step":"verify","ok":true}
{"t":"2026-09-10T08:06:12.834Z","path":"/articles/understanding-usb3-1-terminology","step":"verify","ok":true}
{"t":"2026-09-10T08:06:17.048Z","path":"/articles/usb-30-superspeed-rises","step":"verify","ok":true}
{"t":"2026-09-10T08:06:17.368Z","path":"/articles/usb-3-1-host-ip-certification-guide","step":"verify","ok":true}
{"t":"2026-09-10T08:06:17.446Z","path":"/articles/understanding-usb4-soc-design-upgrades","step":"verify","ok":true}
{"t":"2026-09-10T08:06:18.846Z","path":"/articles/usb-audio","step":"verify","ok":true}
{"t":"2026-09-10T08:06:22.517Z","path":"/articles/usb-ip-finfet","step":"verify","ok":true}
{"t":"2026-09-10T08:06:23.310Z","path":"/articles/usb-type-c","step":"verify","ok":true}
{"t":"2026-09-10T08:06:23.562Z","path":"/articles/usb31-protocol-layer-changes","step":"verify","ok":true}
{"t":"2026-09-10T08:06:24.639Z","path":"/articles/usb4-80gbps-ecosystem","step":"verify","ok":true}
{"t":"2026-09-10T08:06:27.947Z","path":"/articles/using-ai-harness-data-explosion","step":"verify","ok":true}
{"t":"2026-09-10T08:06:29.090Z","path":"/articles/using-threat-models","step":"verify","ok":true}
{"t":"2026-09-10T08:06:29.242Z","path":"/articles/using-foundation-ip","step":"verify","ok":true}
{"t":"2026-09-10T08:06:30.384Z","path":"/articles/vdk-fast-track","step":"verify","ok":true}
{"t":"2026-09-10T08:06:33.185Z","path":"/articles/verifying-arm-amba5","step":"verify","ok":true}
{"t":"2026-09-10T08:06:34.783Z","path":"/articles/virtual-prototyping-interface-ip","step":"verify","ok":true}
{"t":"2026-09-10T08:06:35.234Z","path":"/articles/visually-lossless-compression-for-uhd-displays","step":"verify","ok":true}
{"t":"2026-09-10T08:06:36.710Z","path":"/articles/when-compute-outruns-io-interface-ip-ai-scaling","step":"verify","ok":true}
{"t":"2026-09-10T08:06:39.027Z","path":"/articles/why-ai-needs-security","step":"verify","ok":true}
{"t":"2026-09-10T08:06:40.059Z","path":"/articles/wired-ethernet-speeds","step":"verify","ok":true}
{"t":"2026-09-10T08:06:40.689Z","path":"/articles","step":"verify","ok":true}
{"t":"2026-09-10T08:06:41.549Z","path":"/authors/aart-de-geus","step":"verify","ok":true}
{"t":"2026-09-10T08:06:43.931Z","path":"/authors/abhijeet-chakraborty","step":"verify","ok":true}
{"t":"2026-09-10T08:06:45.241Z","path":"/authors/abhinav-kothiala","step":"verify","ok":true}
{"t":"2026-09-10T08:06:46.135Z","path":"/authors/achim-nohl","step":"verify","ok":true}
{"t":"2026-09-10T08:06:46.487Z","path":"/authors/adam-cron","step":"verify","ok":true}
{"t":"2026-09-10T08:06:48.555Z","path":"/authors/aditi-sharma","step":"verify","ok":true}
{"t":"2026-09-10T08:06:50.737Z","path":"/authors/adrian-ng","step":"verify","ok":true}
{"t":"2026-09-10T08:06:50.976Z","path":"/authors/ahmed-ramadan","step":"verify","ok":true}
{"t":"2026-09-10T08:06:53.799Z","path":"/authors/akanksha-soni","step":"verify","ok":true}
{"t":"2026-09-10T08:06:55.425Z","path":"/authors/al-blais","step":"verify","ok":true}
{"t":"2026-09-10T08:06:55.816Z","path":"/authors/alan-courtay","step":"verify","ok":true}
{"t":"2026-09-10T08:06:56.187Z","path":"/authors/ajay-daga","step":"verify","ok":false,"why":"about:error in delivered html"}
{"t":"2026-09-10T08:06:58.689Z","path":"/authors/alec-vogt","step":"verify","ok":true}
{"t":"2026-09-10T08:06:59.997Z","path":"/authors/alessandra-nardi","step":"verify","ok":true}
{"t":"2026-09-10T08:07:00.602Z","path":"/authors/alex-wakefield","step":"verify","ok":true}
{"t":"2026-09-10T08:07:00.763Z","path":"/authors/alexey-smirnov","step":"verify","ok":true}
{"t":"2026-09-10T08:07:03.536Z","path":"/authors/alfred-koelbl","step":"verify","ok":true}
{"t":"2026-09-10T08:07:04.975Z","path":"/authors/almitra-pradhan","step":"verify","ok":true}
{"t":"2026-09-10T08:07:05.356Z","path":"/authors/amitkumar-gound","step":"verify","ok":true}
{"t":"2026-09-10T08:07:05.637Z","path":"/authors/amlendu-shekhar-choubey","step":"verify","ok":true}
{"t":"2026-09-10T08:07:08.865Z","path":"/authors/anand-thiruvengadam","step":"verify","ok":true}
{"t":"2026-09-10T08:07:10.321Z","path":"/authors/andreas-ropers","step":"verify","ok":true}
{"t":"2026-09-10T08:07:10.575Z","path":"/authors/anders-blom","step":"verify","ok":true}
{"t":"2026-09-10T08:07:10.864Z","path":"/authors/andrew-appleby","step":"verify","ok":true}
{"t":"2026-09-10T08:07:13.641Z","path":"/authors/andrew-elias","step":"verify","ok":true}
{"t":"2026-09-10T08:07:15.188Z","path":"/authors/andy-tai","step":"verify","ok":true}
{"t":"2026-09-10T08:07:15.753Z","path":"/authors/andy-jolley","step":"verify","ok":true}
{"t":"2026-09-10T08:07:16.473Z","path":"/authors/anil-kumar-gurugubelli","step":"verify","ok":true}
{"t":"2026-09-10T08:07:18.809Z","path":"/authors/anjaneya-thakar","step":"verify","ok":true}
{"t":"2026-09-10T08:07:20.252Z","path":"/authors/anmol-gupta","step":"verify","ok":true}
{"t":"2026-09-10T08:07:20.447Z","path":"/authors/ann-keffer","step":"verify","ok":true}
{"t":"2026-09-10T08:07:20.923Z","path":"/authors/anshul-chawla","step":"verify","ok":true}
{"t":"2026-09-10T08:07:23.377Z","path":"/authors/anthony-matarazzo","step":"verify","ok":true}
{"t":"2026-09-10T08:07:25.151Z","path":"/authors/antonio-varas","step":"verify","ok":true}
{"t":"2026-09-10T08:07:26.154Z","path":"/authors/antonio-costa","step":"verify","ok":true}
{"t":"2026-09-10T08:07:26.451Z","path":"/authors/anuj-pant","step":"verify","ok":true}
{"t":"2026-09-10T08:07:28.642Z","path":"/authors/anupama-shojaei","step":"verify","ok":true}
{"t":"2026-09-10T08:07:30.617Z","path":"/authors/aparna-tarde","step":"verify","ok":true}
{"t":"2026-09-10T08:07:30.846Z","path":"/authors/archana-varanasi","step":"verify","ok":true}
{"t":"2026-09-10T08:07:31.555Z","path":"/authors/arturo-salz","step":"verify","ok":true}
{"t":"2026-09-10T08:07:33.125Z","path":"/authors/arun-bhattacharya","step":"verify","ok":true}
{"t":"2026-09-10T08:07:35.809Z","path":"/authors/arun-venkatachar","step":"verify","ok":true}
{"t":"2026-09-10T08:07:35.979Z","path":"/authors/arvind-narayanan","step":"verify","ok":true}
{"t":"2026-09-10T08:07:36.512Z","path":"/authors/ash-patel","step":"verify","ok":true}
{"t":"2026-09-10T08:07:38.078Z","path":"/authors/ashutosh-varma","step":"verify","ok":true}
{"t":"2026-09-10T08:07:40.538Z","path":"/authors/asutosh-mishra","step":"verify","ok":true}
{"t":"2026-09-10T08:07:40.662Z","path":"/authors/atul-walimbe","step":"verify","ok":true}
{"t":"2026-09-10T08:07:42.274Z","path":"/authors/avanish-singh","step":"verify","ok":true}
{"t":"2026-09-10T08:07:43.324Z","path":"/authors/avinash-palepu","step":"verify","ok":true}
{"t":"2026-09-10T08:07:45.255Z","path":"/authors/ayush-goyal","step":"verify","ok":true}
{"t":"2026-09-10T08:07:45.447Z","path":"/authors/barbara-donaldson","step":"verify","ok":true}
{"t":"2026-09-10T08:07:47.377Z","path":"/authors/bhavana-chaurasia","step":"verify","ok":true}
{"t":"2026-09-10T08:07:48.218Z","path":"/authors/biswanath-tayenjam","step":"verify","ok":true}
{"t":"2026-09-10T08:07:50.023Z","path":"/authors/bjoern-hartmann","step":"verify","ok":true}
{"t":"2026-09-10T08:07:50.136Z","path":"/authors/bobby-zuiss","step":"verify","ok":true}
{"t":"2026-09-10T08:07:51.960Z","path":"/authors/brad-bailey","step":"verify","ok":true}
{"t":"2026-09-10T08:07:53.237Z","path":"/authors/bradley-geden","step":"verify","ok":true}
{"t":"2026-09-10T08:07:54.898Z","path":"/authors/brandon-wang","step":"verify","ok":true}
{"t":"2026-09-10T08:07:55.301Z","path":"/authors/brett-murdock","step":"verify","ok":true}
{"t":"2026-09-10T08:07:57.454Z","path":"/authors/brian-davenport","step":"verify","ok":true}
{"t":"2026-09-10T08:07:58.201Z","path":"/authors/bryan-kelly","step":"verify","ok":true}
{"t":"2026-09-10T08:07:59.955Z","path":"/authors/buvanesh-balasubramanian","step":"verify","ok":true}
{"t":"2026-09-10T08:08:00.200Z","path":"/authors/carlos-basto","step":"verify","ok":true}
{"t":"2026-09-10T08:08:02.282Z","path":"/authors/catherine-le-lan","step":"verify","ok":true}
{"t":"2026-09-10T08:08:03.115Z","path":"/authors/chahinez-hamlaoui","step":"verify","ok":true}
{"t":"2026-09-10T08:08:04.486Z","path":"/authors/charles-dittmer","step":"verify","ok":true}
{"t":"2026-09-10T08:08:05.283Z","path":"/authors/charlie-matar","step":"verify","ok":true}
{"t":"2026-09-10T08:08:07.297Z","path":"/authors/chiragkumar-patel","step":"verify","ok":true}
{"t":"2026-09-10T08:08:09.590Z","path":"/authors/chris-clark","step":"verify","ok":true}
{"t":"2026-09-10T08:08:09.835Z","path":"/authors/christian-malter","step":"verify","ok":true}
{"t":"2026-09-10T08:08:10.358Z","path":"/authors/christoph-kuznik","step":"verify","ok":true}
{"t":"2026-09-10T08:08:11.588Z","path":"/authors/chun-chan","step":"verify","ok":true}
{"t":"2026-09-10T08:08:14.593Z","path":"/authors/chun-soo-kim","step":"verify","ok":true}
{"t":"2026-09-10T08:08:14.825Z","path":"/authors/claris-leung","step":"verify","ok":true}
{"t":"2026-09-10T08:08:15.817Z","path":"/authors/dale-donchin","step":"verify","ok":true}
{"t":"2026-09-10T08:08:16.230Z","path":"/authors/damian-roberts","step":"verify","ok":true}
{"t":"2026-09-10T08:08:19.926Z","path":"/authors/daniel-castello","step":"verify","ok":true}
{"t":"2026-09-10T08:08:20.832Z","path":"/authors/daniel-koehler","step":"verify","ok":true}
{"t":"2026-09-10T08:08:21.417Z","path":"/authors/dana-neustadter","step":"verify","ok":true}
{"t":"2026-09-10T08:08:21.686Z","path":"/authors/daryl-seitzer","step":"verify","ok":true}
{"t":"2026-09-10T08:08:25.037Z","path":"/authors/datsen-davies-tharakan","step":"verify","ok":true}
{"t":"2026-09-10T08:08:26.255Z","path":"/authors/debbie-chiu","step":"verify","ok":true}
{"t":"2026-09-10T08:08:26.371Z","path":"/authors/deandre-hoskins","step":"verify","ok":true}
{"t":"2026-09-10T08:08:26.503Z","path":"/authors/deepak-ahuja","step":"verify","ok":true}
{"t":"2026-09-10T08:08:29.872Z","path":"/authors/deepak-kumar-lnu","step":"verify","ok":true}
{"t":"2026-09-10T08:08:31.047Z","path":"/authors/deirdre-hanford","step":"verify","ok":true}
{"t":"2026-09-10T08:08:31.289Z","path":"/authors/deepak-sherlekar","step":"verify","ok":true}
{"t":"2026-09-10T08:08:32.190Z","path":"/authors/deepak-nagaria","step":"verify","ok":true}
{"t":"2026-09-10T08:08:35.056Z","path":"/authors/dennis-kengo-oka","step":"verify","ok":true}
{"t":"2026-09-10T08:08:36.052Z","path":"/authors/dermott-lynch","step":"verify","ok":true}
{"t":"2026-09-10T08:08:36.354Z","path":"/authors/derya-eker","step":"verify","ok":true}
{"t":"2026-09-10T08:08:37.436Z","path":"/authors/dhruv-garg","step":"verify","ok":true}
{"t":"2026-09-10T08:08:40.200Z","path":"/authors/diego-gonzalez-montes","step":"verify","ok":true}
{"t":"2026-09-10T08:08:40.706Z","path":"/authors/dipanjan-basu","step":"verify","ok":true}
{"t":"2026-09-10T08:08:41.096Z","path":"/authors/diwakar-kumaraswamy","step":"verify","ok":true}
{"t":"2026-09-10T08:08:42.331Z","path":"/authors/dr-antonio-salazar","step":"verify","ok":true}
{"t":"2026-09-10T08:08:45.562Z","path":"/authors/dr-johannes-stahl","step":"verify","ok":true}
{"t":"2026-09-10T08:08:45.744Z","path":"/authors/dr-larry-melvin","step":"verify","ok":true}
{"t":"2026-09-10T08:08:45.819Z","path":"/authors/dr-markus-wedler","step":"verify","ok":true}
{"t":"2026-09-10T08:08:47.261Z","path":"/authors/dustin-todd","step":"verify","ok":true}
{"t":"2026-09-10T08:08:50.256Z","path":"/authors/eldon-nelson","step":"verify","ok":true}
{"t":"2026-09-10T08:08:50.521Z","path":"/authors/eldo-n-baby","step":"verify","ok":true}
{"t":"2026-09-10T08:08:50.572Z","path":"/authors/emily-gerken","step":"verify","ok":true}
{"t":"2026-09-10T08:08:51.773Z","path":"/authors/emmanuel-follin-sr","step":"verify","ok":true}
{"t":"2026-09-10T08:08:55.234Z","path":"/authors/erika-varga-mcenroe","step":"verify","ok":true}
{"t":"2026-09-10T08:08:55.477Z","path":"/authors/erin-guzman","step":"verify","ok":true}
{"t":"2026-09-10T08:08:55.759Z","path":"/authors/eric-huang","step":"verify","ok":true}
{"t":"2026-09-10T08:08:56.684Z","path":"/authors/faisal-goriawalla","step":"verify","ok":true}
{"t":"2026-09-10T08:09:00.206Z","path":"/authors/fergus-casey","step":"verify","ok":true}
{"t":"2026-09-10T08:09:00.307Z","path":"/authors/farzin-rasteh","step":"verify","ok":true}
{"t":"2026-09-10T08:09:00.668Z","path":"/authors/falco-munsche","step":"verify","ok":true}
{"t":"2026-09-10T08:09:00.887Z","path":"/authors/filip-thoen","step":"verify","ok":true}
{"t":"2026-09-10T08:09:04.954Z","path":"/authors/frank-gover","step":"verify","ok":true}
{"t":"2026-09-10T08:09:05.472Z","path":"/authors/frank-malloy","step":"verify","ok":true}
{"t":"2026-09-10T08:09:05.814Z","path":"/authors/frank-schirrmeister","step":"verify","ok":true}
{"t":"2026-09-10T08:09:06.339Z","path":"/authors/gabriele-penazzi","step":"verify","ok":true}
{"t":"2026-09-10T08:09:09.641Z","path":"/authors/gandharv-bhatara","step":"verify","ok":true}
{"t":"2026-09-10T08:09:10.899Z","path":"/authors/gary-rudolph","step":"verify","ok":true}
{"t":"2026-09-10T08:09:11.240Z","path":"/authors/gaurav-kumar","step":"verify","ok":true}
{"t":"2026-09-10T08:09:11.536Z","path":"/authors/gary-ruggles","step":"verify","ok":true}
{"t":"2026-09-10T08:09:14.199Z","path":"/authors/geert-jan-schrijen","step":"verify","ok":true}
{"t":"2026-09-10T08:09:15.840Z","path":"/authors/gerhard-scherer","step":"verify","ok":true}
{"t":"2026-09-10T08:09:15.978Z","path":"/authors/geetha-rangarajan","step":"verify","ok":true}
{"t":"2026-09-10T08:09:16.807Z","path":"/authors/gert-goossens","step":"verify","ok":true}
{"t":"2026-09-10T08:09:18.976Z","path":"/authors/gervais-fong","step":"verify","ok":true}
{"t":"2026-09-10T08:09:20.845Z","path":"/authors/gnana-kanagaratnam","step":"verify","ok":true}
{"t":"2026-09-10T08:09:21.292Z","path":"/authors/gopinath-lakshmi-narasimhan","step":"verify","ok":true}
{"t":"2026-09-10T08:09:21.405Z","path":"/authors/godwin-maben","step":"verify","ok":true}
{"t":"2026-09-10T08:09:24.541Z","path":"/authors/gordon-cooper","step":"verify","ok":true}
{"t":"2026-09-10T08:09:26.125Z","path":"/authors/graham-allan","step":"verify","ok":true}
{"t":"2026-09-10T08:09:26.349Z","path":"/authors/gunjan-kumar-gupta","step":"verify","ok":true}
{"t":"2026-09-10T08:09:27.366Z","path":"/authors/greg-sorber","step":"verify","ok":true}
{"t":"2026-09-10T08:09:29.564Z","path":"/authors/gunnar-braun","step":"verify","ok":true}
{"t":"2026-09-10T08:09:31.281Z","path":"/authors/gustavo-pimentel","step":"verify","ok":true}
{"t":"2026-09-10T08:09:31.716Z","path":"/authors/gurbir-singh","step":"verify","ok":true}
{"t":"2026-09-10T08:09:32.875Z","path":"/authors/guy-cortez","step":"verify","ok":true}
{"t":"2026-09-10T08:09:34.473Z","path":"/authors/hany-elhak","step":"verify","ok":true}
{"t":"2026-09-10T08:09:35.910Z","path":"/authors/harsha-vardhan","step":"verify","ok":true}
{"t":"2026-09-10T08:09:36.554Z","path":"/authors/henry-sheng","step":"verify","ok":true}
{"t":"2026-09-10T08:09:38.468Z","path":"/authors/hezi-saar","step":"verify","ok":true}
{"t":"2026-09-10T08:09:39.246Z","path":"/authors/himanshu-kathuria","step":"verify","ok":true}
{"t":"2026-09-10T08:09:41.867Z","path":"/authors/holger-keding","step":"verify","ok":true}
{"t":"2026-09-10T08:09:43.422Z","path":"/authors/hoseong-kim","step":"verify","ok":true}
{"t":"2026-09-10T08:09:43.872Z","path":"/authors/hugo-neto","step":"verify","ok":true}
{"t":"2026-09-10T08:09:45.681Z","path":"/authors/hiromitsu-fujii","step":"verify","ok":false,"why":"about:error in delivered html"}
{"t":"2026-09-10T08:09:47.951Z","path":"/authors/ian-land","step":"verify","ok":true}
{"t":"2026-09-10T08:09:48.095Z","path":"/authors/idan-berko","step":"verify","ok":true}
{"t":"2026-09-10T08:09:48.678Z","path":"/authors/igor-markov","step":"verify","ok":true}
{"t":"2026-09-10T08:09:51.319Z","path":"/authors/ilyat-tolchinsky","step":"verify","ok":true}
{"t":"2026-09-10T08:09:52.840Z","path":"/authors/irfan-shaikh","step":"verify","ok":true}
{"t":"2026-09-10T08:09:52.892Z","path":"/authors/isaac-zafrany","step":"verify","ok":true}
{"t":"2026-09-10T08:09:53.136Z","path":"/authors/jacob-avidan","step":"verify","ok":true}
{"t":"2026-09-10T08:09:56.578Z","path":"/authors/james-chuang","step":"verify","ok":true}
{"t":"2026-09-10T08:09:57.976Z","path":"/authors/jamie-gooch","step":"verify","ok":true}
{"t":"2026-09-10T08:09:58.209Z","path":"/authors/jamil-kawa","step":"verify","ok":true}
{"t":"2026-09-10T08:09:58.608Z","path":"/authors/james-patton","step":"verify","ok":true}
{"t":"2026-09-10T08:10:01.603Z","path":"/authors/jason-niatas","step":"verify","ok":true}
{"t":"2026-09-10T08:10:03.116Z","path":"/authors/jay-roy","step":"verify","ok":true}
{"t":"2026-09-10T08:10:03.335Z","path":"/authors/jayraj-nair","step":"verify","ok":true}
{"t":"2026-09-10T08:10:03.698Z","path":"/authors/jennifer-pyon","step":"verify","ok":true}
{"t":"2026-09-10T08:10:06.416Z","path":"/authors/jerome-avezou","step":"verify","ok":true}
{"t":"2026-09-10T08:10:08.128Z","path":"/authors/jerome-toublanc","step":"verify","ok":true}
{"t":"2026-09-10T08:10:08.278Z","path":"/authors/jian-yang","step":"verify","ok":true}
{"t":"2026-09-10T08:10:08.783Z","path":"/authors/jiangtao-meng","step":"verify","ok":true}
{"t":"2026-09-10T08:10:11.795Z","path":"/authors/jigesh-patel","step":"verify","ok":true}
{"t":"2026-09-10T08:10:13.398Z","path":"/authors/jim-schultz","step":"verify","ok":true}
{"t":"2026-09-10T08:10:13.704Z","path":"/authors/jin-zhang","step":"verify","ok":true}
{"t":"2026-09-10T08:10:13.914Z","path":"/authors/jirka-schatz","step":"verify","ok":true}
{"t":"2026-09-10T08:10:17.362Z","path":"/authors/joao-lucas","step":"verify","ok":true}
{"t":"2026-09-10T08:10:18.483Z","path":"/authors/john-alwyn","step":"verify","ok":true}
{"t":"2026-09-10T08:10:18.745Z","path":"/authors/joep-boonstra","step":"verify","ok":true}
{"t":"2026-09-10T08:10:19.014Z","path":"/authors/john-koeter","step":"verify","ok":true}
{"t":"2026-09-10T08:10:21.909Z","path":"/authors/john-moors","step":"verify","ok":true}
{"t":"2026-09-10T08:10:23.543Z","path":"/authors/john-wilkosz","step":"verify","ok":true}
{"t":"2026-09-10T08:10:24.025Z","path":"/authors/john-swanson","step":"verify","ok":true}
{"t":"2026-09-10T08:10:24.353Z","path":"/authors/jon-ames","step":"verify","ok":true}
{"t":"2026-09-10T08:10:26.510Z","path":"/authors/jon-colburn","step":"verify","ok":true}
{"t":"2026-09-10T08:10:28.363Z","path":"/authors/josefina-hobbs","step":"verify","ok":true}
{"t":"2026-09-10T08:10:28.614Z","path":"/authors/jyotika-athavale","step":"verify","ok":true}
{"t":"2026-09-10T08:10:29.175Z","path":"/authors/kai-wang","step":"verify","ok":true}
{"t":"2026-09-10T08:10:31.873Z","path":"/authors/kamal-desai","step":"verify","ok":true}
{"t":"2026-09-10T08:10:33.383Z","path":"/authors/kant-deshpande","step":"verify","ok":true}
{"t":"2026-09-10T08:10:33.474Z","path":"/authors/karan-shah","step":"verify","ok":true}
{"t":"2026-09-10T08:10:34.623Z","path":"/authors/karthik-kalpat","step":"verify","ok":true}
{"t":"2026-09-10T08:10:36.707Z","path":"/authors/keith-redmond","step":"verify","ok":true}
{"t":"2026-09-10T08:10:38.405Z","path":"/authors/keivan-javadi-khasraghi","step":"verify","ok":true}
{"t":"2026-09-10T08:10:39.137Z","path":"/authors/kelly-damalou","step":"verify","ok":true}
{"t":"2026-09-10T08:10:39.679Z","path":"/authors/kelvin-boey","step":"verify","ok":true}
{"t":"2026-09-10T08:10:41.247Z","path":"/authors/ken-potts","step":"verify","ok":true}
{"t":"2026-09-10T08:10:43.937Z","path":"/authors/kenneth-larsen","step":"verify","ok":true}
{"t":"2026-09-10T08:10:44.008Z","path":"/authors/kent-lusted","step":"verify","ok":true}
{"t":"2026-09-10T08:10:45.118Z","path":"/authors/kerim-genc","step":"verify","ok":true}
{"t":"2026-09-10T08:10:45.991Z","path":"/authors/kevin-brand","step":"verify","ok":true}
{"t":"2026-09-10T08:10:48.662Z","path":"/authors/kevin-wei","step":"verify","ok":true}
{"t":"2026-09-10T08:10:48.931Z","path":"/authors/khalid-khan","step":"verify","ok":true}
{"t":"2026-09-10T08:10:50.326Z","path":"/authors/kiran-vittal","step":"verify","ok":true}
{"t":"2026-09-10T08:10:50.588Z","path":"/authors/kirankumar-karanam","step":"verify","ok":true}
{"t":"2026-09-10T08:10:53.251Z","path":"/authors/kopal-kulshreshtha","step":"verify","ok":true}
{"t":"2026-09-10T08:10:54.358Z","path":"/authors/krishna-balachandran","step":"verify","ok":true}
{"t":"2026-09-10T08:10:54.768Z","path":"/authors/kritti-pathak","step":"verify","ok":true}
{"t":"2026-09-10T08:10:55.735Z","path":"/authors/lakshmi-jain","step":"verify","ok":true}
{"t":"2026-09-10T08:10:58.644Z","path":"/authors/lam-trinh","step":"verify","ok":true}
{"t":"2026-09-10T08:10:59.558Z","path":"/authors/lang-lin","step":"verify","ok":true}
{"t":"2026-09-10T08:10:59.892Z","path":"/authors/larry-williams","step":"verify","ok":true}
{"t":"2026-09-10T08:11:01.014Z","path":"/authors/lauren-wu","step":"verify","ok":true}
{"t":"2026-09-10T08:11:03.935Z","path":"/authors/laxmi-narayan","step":"verify","ok":true}
{"t":"2026-09-10T08:11:04.237Z","path":"/authors/leonard-drucker","step":"verify","ok":true}
{"t":"2026-09-10T08:11:05.018Z","path":"/authors/lianna-balayan","step":"verify","ok":true}
{"t":"2026-09-10T08:11:05.874Z","path":"/authors/licinio-sousa","step":"verify","ok":true}
{"t":"2026-09-10T08:11:09.002Z","path":"/authors/lokesh-ahuja","step":"verify","ok":true}
{"t":"2026-09-10T08:11:09.410Z","path":"/authors/lj-chen","step":"verify","ok":true}
{"t":"2026-09-10T08:11:10.778Z","path":"/authors/lorin-kennedy","step":"verify","ok":true}
{"t":"2026-09-10T08:11:10.909Z","path":"/authors/luca-amaru","step":"verify","ok":true}
{"t":"2026-09-10T08:11:15.323Z","path":"/authors/magaly-sandoval-pichardo","step":"verify","ok":true}
{"t":"2026-09-10T08:11:15.487Z","path":"/authors/madhumita-sanyal","step":"verify","ok":true}
{"t":"2026-09-10T08:11:15.633Z","path":"/authors/malay-ganai","step":"verify","ok":true}
{"t":"2026-09-10T08:11:15.823Z","path":"/authors/makarand-patil","step":"verify","ok":true}
{"t":"2026-09-10T08:11:20.361Z","path":"/authors/mallik-devulapalli","step":"verify","ok":true}
{"t":"2026-09-10T08:11:20.712Z","path":"/authors/manmeet-walia","step":"verify","ok":true}
{"t":"2026-09-10T08:11:20.923Z","path":"/authors/malte-doerper","step":"verify","ok":true}
{"t":"2026-09-10T08:11:20.982Z","path":"/authors/manas-ranjan-raiguru","step":"verify","ok":true}
{"t":"2026-09-10T08:11:25.520Z","path":"/authors/manoj-chacko","step":"verify","ok":true}
{"t":"2026-09-10T08:11:25.767Z","path":"/authors/manoz-palaparthi","step":"verify","ok":true}
{"t":"2026-09-10T08:11:25.932Z","path":"/authors/manu-verma","step":"verify","ok":true}
{"t":"2026-09-10T08:11:26.933Z","path":"/authors/manuel-mota","step":"verify","ok":true}
{"t":"2026-09-10T08:11:30.656Z","path":"/authors/maria-auras-rodriguez","step":"verify","ok":true}
{"t":"2026-09-10T08:11:30.968Z","path":"/authors/marc-swinnen","step":"verify","ok":true}
{"t":"2026-09-10T08:11:31.931Z","path":"/authors/marin-stanev","step":"verify","ok":true}
{"t":"2026-09-10T08:11:32.450Z","path":"/authors/marc-serughetti","step":"verify","ok":true}
{"t":"2026-09-10T08:11:36.023Z","path":"/authors/mark-richards","step":"verify","ok":true}
{"t":"2026-09-10T08:11:36.192Z","path":"/authors/markus-stix","step":"verify","ok":true}
{"t":"2026-09-10T08:11:36.539Z","path":"/authors/markus-willems","step":"verify","ok":true}
{"t":"2026-09-10T08:11:37.565Z","path":"/authors/marta-plantykow","step":"verify","ok":true}
{"t":"2026-09-10T08:11:40.538Z","path":"/authors/martin-niset","step":"verify","ok":true}
{"t":"2026-09-10T08:11:41.114Z","path":"/authors/mary-ann-white","step":"verify","ok":true}
{"t":"2026-09-10T08:11:41.216Z","path":"/authors/martyn-bronziet","step":"verify","ok":true}
{"t":"2026-09-10T08:11:42.282Z","path":"/authors/mathias-hoehne","step":"verify","ok":true}
{"t":"2026-09-10T08:11:45.377Z","path":"/authors/meenakshy-ramachandran","step":"verify","ok":true}
{"t":"2026-09-10T08:11:46.477Z","path":"/authors/meghana-bellumori","step":"verify","ok":true}
{"t":"2026-09-10T08:11:46.598Z","path":"/authors/mehak-kalra","step":"verify","ok":true}
{"t":"2026-09-10T08:11:47.093Z","path":"/authors/michael-posner","step":"verify","ok":true}
{"t":"2026-09-10T08:11:51.282Z","path":"/authors/min-guo","step":"verify","ok":true}
{"t":"2026-09-10T08:11:51.441Z","path":"/authors/mike-borza","step":"verify","ok":true}
{"t":"2026-09-10T08:11:51.646Z","path":"/authors/mike-gianfagna","step":"verify","ok":true}
{"t":"2026-09-10T08:11:52.572Z","path":"/authors/mingchi-liu","step":"verify","ok":true}
{"t":"2026-09-10T08:11:56.182Z","path":"/authors/mohammad-tanveer","step":"verify","ok":true}
{"t":"2026-09-10T08:11:56.235Z","path":"/authors/mischa-jonker","step":"verify","ok":true}
{"t":"2026-09-10T08:11:56.926Z","path":"/authors/mitch-heins","step":"verify","ok":true}
{"t":"2026-09-10T08:11:58.426Z","path":"/authors/mohit-bhardwaj","step":"verify","ok":true}
{"t":"2026-09-10T08:12:01.450Z","path":"/authors/moninder-bansal","step":"verify","ok":true}
{"t":"2026-09-10T08:12:01.558Z","path":"/authors/monica-olvera","step":"verify","ok":true}
{"t":"2026-09-10T08:12:03.176Z","path":"/authors/morten-christiansen","step":"verify","ok":true}
{"t":"2026-09-10T08:12:03.464Z","path":"/authors/myles-glisson","step":"verify","ok":true}
{"t":"2026-09-10T08:12:06.003Z","path":"/authors/nafiz-ahmed","step":"verify","ok":true}
{"t":"2026-09-10T08:12:07.229Z","path":"/authors/nahmsuk-oh","step":"verify","ok":true}
{"t":"2026-09-10T08:12:08.211Z","path":"/authors/nancy-wall","step":"verify","ok":true}
{"t":"2026-09-10T08:12:08.378Z","path":"/authors/narasimha-babu-g-v-l","step":"verify","ok":true}
{"t":"2026-09-10T08:12:11.118Z","path":"/authors/nathalie-bijnens","step":"verify","ok":true}
{"t":"2026-09-10T08:12:12.892Z","path":"/authors/navneet-kumar-chaurasia","step":"verify","ok":true}
{"t":"2026-09-10T08:12:13.266Z","path":"/authors/naveen-battu","step":"verify","ok":true}
{"t":"2026-09-10T08:12:13.384Z","path":"/authors/neel-gopalan","step":"verify","ok":true}
{"t":"2026-09-10T08:12:15.917Z","path":"/authors/neelabja-dutta","step":"verify","ok":true}
{"t":"2026-09-10T08:12:17.649Z","path":"/authors/neeraj-paliwal","step":"verify","ok":true}
{"t":"2026-09-10T08:12:18.325Z","path":"/authors/nicolas-amringer","step":"verify","ok":true}
{"t":"2026-09-10T08:12:19.088Z","path":"/authors/neil-songcuan","step":"verify","ok":true}
{"t":"2026-09-10T08:12:21.186Z","path":"/authors/nikhil-amin","step":"verify","ok":true}
{"t":"2026-09-10T08:12:22.672Z","path":"/authors/nikhil-jain","step":"verify","ok":true}
{"t":"2026-09-10T08:12:23.932Z","path":"/authors/nitin-kalra","step":"verify","ok":true}
{"t":"2026-09-10T08:12:24.006Z","path":"/authors/nishith-sharma","step":"verify","ok":true}
{"t":"2026-09-10T08:12:26.004Z","path":"/authors/noman-hai","step":"verify","ok":true}
{"t":"2026-09-10T08:12:28.439Z","path":"/authors/pamela-mcdaniel","step":"verify","ok":true}
{"t":"2026-09-10T08:12:28.608Z","path":"/authors/nusrat-ali","step":"verify","ok":true}
{"t":"2026-09-10T08:12:29.835Z","path":"/authors/paras-mal-jain","step":"verify","ok":true}
{"t":"2026-09-10T08:12:30.532Z","path":"/authors/paritosh-pushp","step":"verify","ok":true}
{"t":"2026-09-10T08:12:33.758Z","path":"/authors/patrick-haspel","step":"verify","ok":true}
{"t":"2026-09-10T08:12:33.795Z","path":"/authors/patrick-sheridan","step":"verify","ok":true}
{"t":"2026-09-10T08:12:34.771Z","path":"/authors/patrick-verbist","step":"verify","ok":true}
{"t":"2026-09-10T08:12:35.291Z","path":"/authors/paul-holt","step":"verify","ok":true}
{"t":"2026-09-10T08:12:38.912Z","path":"/authors/pavani-jella","step":"verify","ok":true}
{"t":"2026-09-10T08:12:39.573Z","path":"/authors/pawini-mahajan","step":"verify","ok":true}
{"t":"2026-09-10T08:12:39.965Z","path":"/authors/pavithra-c-suriyanarayanan","step":"verify","ok":true}
{"t":"2026-09-10T08:12:40.379Z","path":"/authors/pedro-ricardo-miguel","step":"verify","ok":true}
{"t":"2026-09-10T08:12:43.844Z","path":"/authors/peter-simons","step":"verify","ok":true}
{"t":"2026-09-10T08:12:44.252Z","path":"/authors/peter-tsai","step":"verify","ok":true}
{"t":"2026-09-10T08:12:45.131Z","path":"/authors/phani-emani","step":"verify","ok":true}
{"t":"2026-09-10T08:12:45.704Z","path":"/authors/pieter-van-der-wolf","step":"verify","ok":true}
{"t":"2026-09-10T08:12:48.924Z","path":"/authors/piyush-sancheti","step":"verify","ok":true}
{"t":"2026-09-10T08:12:49.531Z","path":"/authors/plamen-asenov","step":"verify","ok":true}
{"t":"2026-09-10T08:12:49.869Z","path":"/authors/prabha-krishnaswami","step":"verify","ok":true}
{"t":"2026-09-10T08:12:50.873Z","path":"/authors/prasad-saggurti","step":"verify","ok":true}
{"t":"2026-09-10T08:12:53.848Z","path":"/authors/prasad-subudhi-k-s","step":"verify","ok":true}
{"t":"2026-09-10T08:12:54.497Z","path":"/authors/pratap-neelashetty","step":"verify","ok":true}
{"t":"2026-09-10T08:12:54.873Z","path":"/authors/pratik-mahajan","step":"verify","ok":true}
{"t":"2026-09-10T08:12:56.422Z","path":"/authors/praveen-durga","step":"verify","ok":true}
{"t":"2026-09-10T08:12:59.214Z","path":"/authors/preeti-jain","step":"verify","ok":true}
{"t":"2026-09-10T08:12:59.641Z","path":"/authors/prith-banerjee","step":"verify","ok":true}
{"t":"2026-09-10T08:13:01.024Z","path":"/authors/pushpal-nautiyal","step":"verify","ok":true}
{"t":"2026-09-10T08:13:01.095Z","path":"/authors/priyank-shukla","step":"verify","ok":true}
{"t":"2026-09-10T08:13:04.244Z","path":"/authors/rahul-deokar","step":"verify","ok":true}
{"t":"2026-09-10T08:13:04.659Z","path":"/authors/rahul-singhal","step":"verify","ok":true}
{"t":"2026-09-10T08:13:05.676Z","path":"/authors/rahul-thukral","step":"verify","ok":true}
{"t":"2026-09-10T08:13:05.919Z","path":"/authors/raja-badrinarayanan","step":"verify","ok":true}
{"t":"2026-09-10T08:13:09.300Z","path":"/authors/raja-tabet","step":"verify","ok":true}
{"t":"2026-09-10T08:13:09.662Z","path":"/authors/ramesh-narayanaswamy","step":"verify","ok":true}
{"t":"2026-09-10T08:13:10.841Z","path":"/authors/ramsay-allen","step":"verify","ok":true}
{"t":"2026-09-10T08:13:10.903Z","path":"/authors/randy-fish","step":"verify","ok":true}
{"t":"2026-09-10T08:13:14.345Z","path":"/authors/ravi-todi","step":"verify","ok":true}
{"t":"2026-09-10T08:13:14.738Z","path":"/authors/reed-hinkel","step":"verify","ok":true}
{"t":"2026-09-10T08:13:15.691Z","path":"/authors/revi-ofir","step":"verify","ok":true}
{"t":"2026-09-10T08:13:17.187Z","path":"/authors/ricardo-borges","step":"verify","ok":true}
{"t":"2026-09-10T08:13:19.717Z","path":"/authors/rich-collins","step":"verify","ok":true}
{"t":"2026-09-10T08:13:20.004Z","path":"/authors/rich-goldman","step":"verify","ok":true}
{"t":"2026-09-10T08:13:22.058Z","path":"/authors/richard-solomon","step":"verify","ok":true}
{"t":"2026-09-10T08:13:22.115Z","path":"/authors/rick-furtner","step":"verify","ok":true}
{"t":"2026-09-10T08:13:24.859Z","path":"/authors/rishikumar-chauhan","step":"verify","ok":true}
{"t":"2026-09-10T08:13:24.929Z","path":"/authors/rimpy-chugh","step":"verify","ok":true}
{"t":"2026-09-10T08:13:27.137Z","path":"/authors/rita-horner","step":"verify","ok":true}
{"t":"2026-09-10T08:13:27.970Z","path":"/authors/rob-aitken","step":"verify","ok":true}
{"t":"2026-09-10T08:13:29.586Z","path":"/authors/rob-dohanyos","step":"verify","ok":true}
{"t":"2026-09-10T08:13:30.179Z","path":"/authors/rob-kruger","step":"verify","ok":true}
{"t":"2026-09-10T08:13:31.995Z","path":"/authors/rob-parris","step":"verify","ok":true}
{"t":"2026-09-10T08:13:34.057Z","path":"/authors/rob-van-blommestein","step":"verify","ok":true}
{"t":"2026-09-10T08:13:34.386Z","path":"/authors/robert-petrosyan","step":"verify","ok":true}
{"t":"2026-09-10T08:13:35.185Z","path":"/authors/robert-ruiz","step":"verify","ok":true}
{"t":"2026-09-10T08:13:37.002Z","path":"/authors/rohan-bhatangar","step":"verify","ok":true}
{"t":"2026-09-10T08:13:39.652Z","path":"/authors/rohit-kumar-ohlayan","step":"verify","ok":true}
{"t":"2026-09-10T08:13:39.823Z","path":"/authors/rohan-bhatnagar","step":"verify","ok":true}
{"t":"2026-09-10T08:13:40.093Z","path":"/authors/rohitash-shukla","step":"verify","ok":true}
{"t":"2026-09-10T08:13:42.155Z","path":"/authors/ron-digiuseppe","step":"verify","ok":true}
{"t":"2026-09-10T08:13:44.607Z","path":"/authors/ron-duncan","step":"verify","ok":true}
{"t":"2026-09-10T08:13:44.718Z","path":"/authors/ruben-molina","step":"verify","ok":true}
{"t":"2026-09-10T08:13:45.382Z","path":"/authors/ron-lowman","step":"verify","ok":true}
{"t":"2026-09-10T08:13:46.892Z","path":"/authors/ruben-sousa","step":"verify","ok":true}
{"t":"2026-09-10T08:13:49.290Z","path":"/authors/rutger-carlsson","step":"verify","ok":true}
{"t":"2026-09-10T08:13:49.525Z","path":"/authors/rupali-kale-gaikwad","step":"verify","ok":true}
{"t":"2026-09-10T08:13:50.531Z","path":"/authors/ruud-derwig","step":"verify","ok":true}
{"t":"2026-09-10T08:13:51.751Z","path":"/authors/sahil-bargal","step":"verify","ok":true}
{"t":"2026-09-10T08:13:54.214Z","path":"/authors/sai-kumar-yella","step":"verify","ok":true}
{"t":"2026-09-10T08:13:54.336Z","path":"/authors/sairam-kolapalli","step":"verify","ok":true}
{"t":"2026-09-10T08:13:55.994Z","path":"/authors/sajani-patel","step":"verify","ok":true}
{"t":"2026-09-10T08:13:57.022Z","path":"/authors/saksham-gupta","step":"verify","ok":true}
{"t":"2026-09-10T08:13:59.254Z","path":"/authors/samad-parekh","step":"verify","ok":true}
{"t":"2026-09-10T08:13:59.336Z","path":"/authors/sam-tennent","step":"verify","ok":true}
{"t":"2026-09-10T08:14:01.144Z","path":"/authors/samskrut-konduru","step":"verify","ok":true}
{"t":"2026-09-10T08:14:01.964Z","path":"/authors/sandeep-mehndiratta","step":"verify","ok":true}
{"t":"2026-09-10T08:14:03.836Z","path":"/authors/sangeeta-kulkarni","step":"verify","ok":true}
{"t":"2026-09-10T08:14:03.872Z","path":"/authors/sanjay-bali","step":"verify","ok":true}
{"t":"2026-09-10T08:14:05.796Z","path":"/authors/sanjay-gangadhara","step":"verify","ok":true}
{"t":"2026-09-10T08:14:07.265Z","path":"/authors/sara-zafar-jafarzadeh","step":"verify","ok":true}
{"t":"2026-09-10T08:14:08.563Z","path":"/authors/sashi-obilisetty","step":"verify","ok":true}
{"t":"2026-09-10T08:14:09.458Z","path":"/authors/sassine-ghazi","step":"verify","ok":true}
{"t":"2026-09-10T08:14:10.468Z","path":"/authors/scott-durrant","step":"verify","ok":true}
{"t":"2026-09-10T08:14:12.624Z","path":"/authors/scott-knowlton","step":"verify","ok":true}
{"t":"2026-09-10T08:14:13.652Z","path":"/authors/senthil-annamalai","step":"verify","ok":true}
{"t":"2026-09-10T08:14:14.326Z","path":"/authors/sergio-silva","step":"verify","ok":true}
{"t":"2026-09-10T08:14:16.093Z","path":"/authors/shankar-krishnamoorthy","step":"verify","ok":true}
{"t":"2026-09-10T08:14:17.481Z","path":"/authors/shawn-carpenter","step":"verify","ok":true}
{"t":"2026-09-10T08:14:19.864Z","path":"/authors/shekhar-kapoor","step":"verify","ok":true}
{"t":"2026-09-10T08:14:21.633Z","path":"/authors/shruti-bagaria","step":"verify","ok":true}
{"t":"2026-09-10T08:14:22.639Z","path":"/authors/shruti-masaguppi","step":"verify","ok":true}
{"t":"2026-09-10T08:14:24.062Z","path":"/authors/shela-aboud","step":"verify","ok":false,"why":"about:error in delivered html"}
{"t":"2026-09-10T08:14:24.908Z","path":"/authors/shuaiyu-jiang","step":"verify","ok":true}
{"t":"2026-09-10T08:14:26.345Z","path":"/authors/siddartha-papineni","step":"verify","ok":true}
{"t":"2026-09-10T08:14:27.325Z","path":"/authors/simon-han","step":"verify","ok":true}
{"t":"2026-09-10T08:14:29.137Z","path":"/authors/soheil-modirzadeh","step":"verify","ok":true}
{"t":"2026-09-10T08:14:29.685Z","path":"/authors/sojan-philips","step":"verify","ok":true}
{"t":"2026-09-10T08:14:31.081Z","path":"/authors/solaiman-rahim","step":"verify","ok":true}
{"t":"2026-09-10T08:14:32.386Z","path":"/authors/soren-smidstrup","step":"verify","ok":true}
{"t":"2026-09-10T08:14:34.067Z","path":"/authors/sreenath-panganamala","step":"verify","ok":true}
{"t":"2026-09-10T08:14:34.872Z","path":"/authors/sri-ganta","step":"verify","ok":true}
{"t":"2026-09-10T08:14:35.623Z","path":"/authors/srideepti-pisipati","step":"verify","ok":true}
{"t":"2026-09-10T08:14:38.255Z","path":"/authors/sridhar-panchapakesan","step":"verify","ok":true}
{"t":"2026-09-10T08:14:39.422Z","path":"/authors/srini-krishnaswami","step":"verify","ok":true}
{"t":"2026-09-10T08:14:40.000Z","path":"/authors/srinivas-macha","step":"verify","ok":true}
{"t":"2026-09-10T08:14:40.467Z","path":"/authors/srinivas-velivala","step":"verify","ok":true}
{"t":"2026-09-10T08:14:42.869Z","path":"/authors/sriram-balasubramanian","step":"verify","ok":true}
{"t":"2026-09-10T08:14:44.409Z","path":"/authors/stefan-pruisken","step":"verify","ok":true}
{"t":"2026-09-10T08:14:45.446Z","path":"/authors/stephane-maulet","step":"verify","ok":true}
{"t":"2026-09-10T08:14:45.735Z","path":"/authors/stelios-diamantidis","step":"verify","ok":true}
{"t":"2026-09-10T08:14:47.624Z","path":"/authors/steve-pateras","step":"verify","ok":true}
{"t":"2026-09-10T08:14:49.743Z","path":"/authors/stewart-williams","step":"verify","ok":true}
{"t":"2026-09-10T08:14:49.787Z","path":"/authors/sudeep-shivalli","step":"verify","ok":true}
{"t":"2026-09-10T08:14:50.828Z","path":"/authors/sudesh-gadewar","step":"verify","ok":true}
{"t":"2026-09-10T08:14:52.517Z","path":"/authors/sudhanshu-rao","step":"verify","ok":true}
{"t":"2026-09-10T08:14:54.497Z","path":"/authors/sudipta-kundu","step":"verify","ok":true}
{"t":"2026-09-10T08:14:55.090Z","path":"/authors/sumit-vishwakarma","step":"verify","ok":true}
{"t":"2026-09-10T08:14:56.074Z","path":"/authors/surabh-suryavanshi","step":"verify","ok":true}
{"t":"2026-09-10T08:14:57.269Z","path":"/authors/suresh-venkatachalam","step":"verify","ok":true}
{"t":"2026-09-10T08:14:59.572Z","path":"/authors/sushil-sharma","step":"verify","ok":true}
{"t":"2026-09-10T08:15:00.149Z","path":"/authors/sutirtha-kabir","step":"verify","ok":true}
{"t":"2026-09-10T08:15:01.569Z","path":"/authors/swami-venkat","step":"verify","ok":true}
{"t":"2026-09-10T08:15:02.646Z","path":"/authors/sween-kang","step":"verify","ok":true}
{"t":"2026-09-10T08:15:03.247Z","path":"/authors/synopsys-editorial-staff","step":"preview","status":409,"text":"error from content-bus"}
{"t":"2026-09-10T08:15:04.312Z","path":"/authors/sylvain-bayon-de-noyer","step":"verify","ok":true}
{"t":"2026-09-10T08:15:06.507Z","path":"/authors/tao-huang","step":"verify","ok":true}
{"t":"2026-09-10T08:15:08.128Z","path":"/authors/taylor-armerding","step":"verify","ok":true}
{"t":"2026-09-10T08:15:08.342Z","path":"/authors/taruna-reddy","step":"verify","ok":true}
{"t":"2026-09-10T08:15:09.054Z","path":"/authors/ted-mido","step":"verify","ok":true}
{"t":"2026-09-10T08:15:11.092Z","path":"/authors/teng-kiat-lee","step":"verify","ok":true}
{"t":"2026-09-10T08:15:13.169Z","path":"/authors/tim-kogel","step":"verify","ok":true}
{"t":"2026-09-10T08:15:13.248Z","path":"/authors/thomas-andersen","step":"verify","ok":true}
{"t":"2026-09-10T08:15:13.620Z","path":"/authors/todd-koelling","step":"verify","ok":true}
{"t":"2026-09-10T08:15:16.565Z","path":"/authors/tom-de-schutter","step":"verify","ok":true}
{"t":"2026-09-10T08:15:17.969Z","path":"/authors/tri-nguyen","step":"verify","ok":true}
{"t":"2026-09-10T08:15:18.232Z","path":"/authors/tushar-mattu","step":"verify","ok":true}
{"t":"2026-09-10T08:15:18.467Z","path":"/authors/twan-korthorst","step":"verify","ok":true}
{"t":"2026-09-10T08:15:21.407Z","path":"/authors/urmimala-roy","step":"verify","ok":true}
{"t":"2026-09-10T08:15:23.278Z","path":"/authors/uyen-tran","step":"verify","ok":true}
{"t":"2026-09-10T08:15:23.547Z","path":"/authors/vadhiraj-sankaranarayanan","step":"verify","ok":true}
{"t":"2026-09-10T08:15:23.705Z","path":"/authors/vaida-arcisauskaite","step":"verify","ok":true}
{"t":"2026-09-10T08:15:26.570Z","path":"/authors/varun-agrawal","step":"verify","ok":true}
{"t":"2026-09-10T08:15:28.384Z","path":"/authors/varun-shah","step":"verify","ok":true}
{"t":"2026-09-10T08:15:28.605Z","path":"/authors/venkatesh-kudumula","step":"verify","ok":true}
{"t":"2026-09-10T08:15:28.799Z","path":"/authors/venkata-ravella","step":"verify","ok":true}
{"t":"2026-09-10T08:15:31.636Z","path":"/authors/venugopal-santhanam","step":"verify","ok":true}
{"t":"2026-09-10T08:15:33.994Z","path":"/authors/verification-expert","step":"verify","ok":true}
{"t":"2026-09-10T08:15:34.009Z","path":"/authors/victor-moroz","step":"verify","ok":true}
{"t":"2026-09-10T08:15:34.128Z","path":"/authors/victor-grimblatt","step":"verify","ok":true}
{"t":"2026-09-10T08:15:36.476Z","path":"/authors/vikas-gautam","step":"verify","ok":true}
{"t":"2026-09-10T08:15:39.320Z","path":"/authors/vincent-van-der-leest","step":"verify","ok":true}
{"t":"2026-09-10T08:15:39.612Z","path":"/authors/vikram-bhatia","step":"verify","ok":true}
{"t":"2026-09-10T08:15:41.568Z","path":"/authors/vip-expert","step":"verify","ok":true}
{"t":"2026-09-10T08:15:41.776Z","path":"/authors/viral-sharma","step":"verify","ok":true}
{"t":"2026-09-10T08:15:44.499Z","path":"/authors/vivek-jain","step":"verify","ok":true}
{"t":"2026-09-10T08:15:44.697Z","path":"/authors/vita-liao","step":"verify","ok":true}
{"t":"2026-09-10T08:15:46.592Z","path":"/authors/vivek-prasad","step":"verify","ok":true}
{"t":"2026-09-10T08:15:46.974Z","path":"/authors/wagner-nascimento","step":"verify","ok":true}
{"t":"2026-09-10T08:15:49.765Z","path":"/authors/walter-wottreng","step":"verify","ok":true}
{"t":"2026-09-10T08:15:49.874Z","path":"/authors/wei-yu-ma","step":"verify","ok":true}
{"t":"2026-09-10T08:15:51.627Z","path":"/authors/will-felten","step":"verify","ok":true}
{"t":"2026-09-10T08:15:52.589Z","path":"/authors/will-chen","step":"verify","ok":true}
{"t":"2026-09-10T08:15:54.614Z","path":"/authors/wim-slagter","step":"verify","ok":true}
{"t":"2026-09-10T08:15:55.117Z","path":"/authors/william-ruby","step":"verify","ok":true}
{"t":"2026-09-10T08:15:56.438Z","path":"/authors/wolfgang-demmerle","step":"verify","ok":true}
{"t":"2026-09-10T08:15:57.476Z","path":"/authors/xavier-mathes","step":"verify","ok":true}
{"t":"2026-09-10T08:15:59.313Z","path":"/authors/xi-wei-lin","step":"verify","ok":true}
{"t":"2026-09-10T08:16:00.496Z","path":"/authors/xingang-zhao","step":"verify","ok":true}
{"t":"2026-09-10T08:16:01.130Z","path":"/authors/yann-antonioli","step":"verify","ok":true}
{"t":"2026-09-10T08:16:02.382Z","path":"/authors/yervant-zorian","step":"verify","ok":true}
{"t":"2026-09-10T08:16:04.158Z","path":"/authors/youngkwon-cho","step":"verify","ok":true}
{"t":"2026-09-10T08:16:05.679Z","path":"/authors/yuval-shay","step":"verify","ok":true}
{"t":"2026-09-10T08:16:06.325Z","path":"/authors/zongyao-wen","step":"verify","ok":true}
{"t":"2026-09-10T08:16:07.601Z","path":"/blogs/chip-design/1-6t-ethernet-specification-ip","step":"verify","ok":true}
{"t":"2026-09-10T08:16:09.710Z","path":"/blogs/chip-design/10baset1-s-vip-automotive-socs","step":"verify","ok":true}
{"t":"2026-09-10T08:16:10.825Z","path":"/blogs/chip-design/10k-resolution-120hz-display-reality-dsc-1-2-hdmi-2-1","step":"verify","ok":true}
{"t":"2026-09-10T08:16:11.964Z","path":"/blogs/chip-design/112g-serdes-ethernet-ip-hpc-soc","step":"verify","ok":true}
{"t":"2026-09-10T08:16:13.018Z","path":"/blogs/chip-design/2021-eri-summit-and-mto-symposium","step":"verify","ok":true}
{"t":"2026-09-10T08:16:14.992Z","path":"/blogs/chip-design/2022-eda-and-chip-design-advances","step":"verify","ok":true}
{"t":"2026-09-10T08:16:16.237Z","path":"/blogs/chip-design/2022-esg-report","step":"verify","ok":true}
{"t":"2026-09-10T08:16:17.417Z","path":"/blogs/chip-design/2023-big-for-multi-die-systems","step":"verify","ok":true}
{"t":"2026-09-10T08:16:19.287Z","path":"/blogs/chip-design/2023-community-service-hours","step":"verify","ok":true}
{"t":"2026-09-10T08:16:20.265Z","path":"/blogs/chip-design/2023-electronic-design-predictions","step":"verify","ok":true}
{"t":"2026-09-10T08:16:20.829Z","path":"/blogs/chip-design/2023-esg-report","step":"verify","ok":true}
{"t":"2026-09-10T08:16:22.502Z","path":"/blogs/chip-design/2023-hpc-predictions","step":"verify","ok":true}
{"t":"2026-09-10T08:16:24.817Z","path":"/blogs/chip-design/2024-season-of-service","step":"verify","ok":true}
{"t":"2026-09-10T08:16:25.818Z","path":"/blogs/chip-design/2nm-power-efficiency-hyperscale-socs","step":"verify","ok":true}
{"t":"2026-09-10T08:16:25.877Z","path":"/blogs/chip-design/256gb-pcie-gen6-verification-ip","step":"verify","ok":true}
{"t":"2026-09-10T08:16:27.881Z","path":"/blogs/chip-design/2nm-technology-process-design-kit-imec","step":"verify","ok":true}
{"t":"2026-09-10T08:16:29.852Z","path":"/blogs/chip-design/346-chip-simulation-technology-multi-die-systems","step":"verify","ok":true}
{"t":"2026-09-10T08:16:30.805Z","path":"/blogs/chip-design/3d-chip-tape-out-socionext-success","step":"verify","ok":true}
{"t":"2026-09-10T08:16:31.379Z","path":"/blogs/chip-design/3d-ic-design-tools-enhance-productivity","step":"verify","ok":true}
{"t":"2026-09-10T08:16:33.391Z","path":"/blogs/chip-design/3d-pcie-6-0-phy-8-lane-test-chip","step":"verify","ok":true}
{"t":"2026-09-10T08:16:34.557Z","path":"/blogs/chip-design/3dhi-chip-designs","step":"verify","ok":true}
{"t":"2026-09-10T08:16:36.048Z","path":"/blogs/chip-design/3dic-design-optimize-power-performance-area","step":"verify","ok":true}
{"t":"2026-09-10T08:16:36.538Z","path":"/blogs/chip-design/3dic-packaging-design-tools-guc","step":"verify","ok":true}
{"t":"2026-09-10T08:16:38.516Z","path":"/blogs/chip-design/3dics-sparks-innovation-snug-2022","step":"verify","ok":true}
{"t":"2026-09-10T08:16:39.895Z","path":"/blogs/chip-design/3x-verification-performance-hpe-greenlake-flex-synopsys-flexeda","step":"verify","ok":true}
{"t":"2026-09-10T08:16:40.913Z","path":"/blogs/chip-design/4-criteria-for-picking-best-eda-tools","step":"verify","ok":true}
{"t":"2026-09-10T08:16:41.301Z","path":"/blogs/chip-design/4-ways-ualink-2-0-advances-ai-scale-up","step":"verify","ok":true}
{"t":"2026-09-10T08:16:44.064Z","path":"/blogs/chip-design/40g-ucie-ip","step":"verify","ok":true}
{"t":"2026-09-10T08:16:45.638Z","path":"/blogs/chip-design/5-automotive-functional-safety-insights","step":"verify","ok":true}
{"t":"2026-09-10T08:16:45.919Z","path":"/blogs/chip-design/5-challenges-to-achieve-high-level-automated-driving","step":"verify","ok":true}
{"t":"2026-09-10T08:16:46.813Z","path":"/blogs/chip-design/5-key-smart-tech-innovations","step":"verify","ok":true}
{"t":"2026-09-10T08:16:48.866Z","path":"/blogs/chip-design/5-ways-flexeda-saas-model-transforms-chip-design","step":"verify","ok":true}
{"t":"2026-09-10T08:16:50.755Z","path":"/blogs/chip-design/5g-networks-accelerate-development-smart-cities","step":"verify","ok":true}
{"t":"2026-09-10T08:16:51.441Z","path":"/blogs/chip-design/5g-rollout-and-soc-design","step":"verify","ok":true}
{"t":"2026-09-10T08:16:51.836Z","path":"/blogs/chip-design/5g-rollout-with-soc-emulation","step":"verify","ok":true}
{"t":"2026-09-10T08:16:54.068Z","path":"/blogs/chip-design/5g-soc-design-virtual-verification-with-keysight","step":"verify","ok":true}
{"t":"2026-09-10T08:16:55.536Z","path":"/blogs/chip-design/5g-vs-4g","step":"verify","ok":true}
{"t":"2026-09-10T08:16:56.810Z","path":"/blogs/chip-design/600-million-lines-code-cars-2027","step":"verify","ok":true}
{"t":"2026-09-10T08:16:57.129Z","path":"/blogs/chip-design/64g-ucie-ip-high-speed-die-to-die-connectivity","step":"verify","ok":true}
{"t":"2026-09-10T08:16:59.218Z","path":"/blogs/chip-design/7nm-european-ai-chip-innovation","step":"verify","ok":true}
{"t":"2026-09-10T08:17:00.963Z","path":"/blogs/chip-design/800g-ethernet-bandwidth-for-hyperscale-data-centers","step":"verify","ok":true}
{"t":"2026-09-10T08:17:02.061Z","path":"/blogs/chip-design/800g-ethernet-demo-ecoc-2024","step":"verify","ok":true}
{"t":"2026-09-10T08:17:02.973Z","path":"/blogs/chip-design/800g-ethernet-industry-standards","step":"verify","ok":true}
{"t":"2026-09-10T08:17:04.297Z","path":"/blogs/chip-design/8k-uhd-displays-emerging-technologies","step":"verify","ok":true}
{"t":"2026-09-10T08:17:06.028Z","path":"/blogs/chip-design/8k-ultra-hd-evolution","step":"verify","ok":true}
{"t":"2026-09-10T08:17:07.599Z","path":"/blogs/chip-design/aaroh-labs-advanced-node-semiconductor-designs","step":"verify","ok":true}
{"t":"2026-09-10T08:17:08.059Z","path":"/blogs/chip-design/accelerate-ai-silicon-systems-physical-ai","step":"verify","ok":true}
{"t":"2026-09-10T08:17:10.112Z","path":"/blogs/chip-design/accelerate-development-for-soc","step":"verify","ok":true}
{"t":"2026-09-10T08:17:11.579Z","path":"/blogs/chip-design/accelerate-soc-design-flow-with-ai-enabled-kits","step":"verify","ok":true}
{"t":"2026-09-10T08:17:12.949Z","path":"/blogs/chip-design/accelerate-soc-verification-experts","step":"verify","ok":true}
{"t":"2026-09-10T08:17:13.904Z","path":"/blogs/chip-design/accelerate-soc-design-flow-with-functional-eco","step":"verify","ok":true}
{"t":"2026-09-10T08:17:15.345Z","path":"/blogs/chip-design/accelerate-vip-coverage-with-vso","step":"verify","ok":true}
{"t":"2026-09-10T08:17:16.599Z","path":"/blogs/chip-design/accelerating-accuracy-primesim-spice-gpu","step":"verify","ok":true}
{"t":"2026-09-10T08:17:17.945Z","path":"/blogs/chip-design/accelerating-ai-enabled-vehicles-npx-ces","step":"verify","ok":true}
{"t":"2026-09-10T08:17:18.728Z","path":"/blogs/chip-design/accelerating-auto-software-and-processor-design-with-nxp","step":"verify","ok":true}
{"t":"2026-09-10T08:17:20.608Z","path":"/blogs/chip-design/accelerating-development-for-arm-based-automotive-systems","step":"verify","ok":true}
{"t":"2026-09-10T08:17:21.840Z","path":"/blogs/chip-design/accelerating-emib-t-packaging-synopsys-intel-foundry","step":"verify","ok":true}
{"t":"2026-09-10T08:17:23.170Z","path":"/blogs/chip-design/accelerating-l0p-verification-in-pcie-6-designs","step":"verify","ok":true}
{"t":"2026-09-10T08:17:24.022Z","path":"/blogs/chip-design/accelerating-product-design-silicon-to-systems","step":"verify","ok":true}
{"t":"2026-09-10T08:17:25.612Z","path":"/blogs/chip-design/accelerating-rf-designs-keysight-pathwave-ads-custom-design-platform","step":"verify","ok":true}
{"t":"2026-09-10T08:17:28.040Z","path":"/blogs/chip-design/accelerating-system-debug-in-soc-verification-flow","step":"verify","ok":true}
{"t":"2026-09-10T08:17:28.250Z","path":"/blogs/chip-design/access-memory-mapped-registers-cxl","step":"verify","ok":true}
{"t":"2026-09-10T08:17:28.966Z","path":"/blogs/chip-design/achieving-best-arm-ppa-discussion-sudhakar-jilla","step":"verify","ok":true}
{"t":"2026-09-10T08:17:30.923Z","path":"/blogs/chip-design/achieving-functional-safety-high-reliability-design-synplify-tool","step":"verify","ok":true}
{"t":"2026-09-10T08:17:32.590Z","path":"/blogs/chip-design/adaptive-scenario-compression-chip-design-closure","step":"verify","ok":true}
{"t":"2026-09-10T08:17:33.354Z","path":"/blogs/chip-design/advanced-node-challenges-primetime-interview-feroze-taraporevala","step":"verify","ok":true}
{"t":"2026-09-10T08:17:35.139Z","path":"/blogs/chip-design/advanced-node-physical-verification-ic-validator","step":"verify","ok":true}
{"t":"2026-09-10T08:17:36.306Z","path":"/blogs/chip-design/advanced-node-physical-verification-nvidia","step":"verify","ok":true}
{"t":"2026-09-10T08:17:37.828Z","path":"/blogs/chip-design/advanced-rpmb-ufs4-authentication","step":"verify","ok":true}
{"t":"2026-09-10T08:17:38.365Z","path":"/blogs/chip-design/advanced-semiconductor-manufacturing-fab-da","step":"verify","ok":true}
{"t":"2026-09-10T08:17:40.710Z","path":"/blogs/chip-design/advanced-soc-verification-enables-new-era-ai-chips","step":"verify","ok":true}
{"t":"2026-09-10T08:17:41.178Z","path":"/blogs/chip-design/advancing-automotive-with-software-defined-vehicles","step":"verify","ok":true}
{"t":"2026-09-10T08:17:43.336Z","path":"/blogs/chip-design/advancing-quantum-computing-rd","step":"verify","ok":true}
{"t":"2026-09-10T08:17:44.950Z","path":"/blogs/chip-design/aerospace-semiconductor-reliability","step":"verify","ok":true}
{"t":"2026-09-10T08:17:46.571Z","path":"/blogs/chip-design/ag-chip-design-silicon-lifecycle-management","step":"verify","ok":true}
{"t":"2026-09-10T08:17:46.695Z","path":"/blogs/chip-design/agentengineer-technology-transforming-engineering-workflows","step":"verify","ok":true}
{"t":"2026-09-10T08:17:48.114Z","path":"/blogs/chip-design/agentic-ai-chip-design","step":"verify","ok":true}
{"t":"2026-09-10T08:17:50.069Z","path":"/blogs/chip-design/ai-accelerator-data-center-intelligent-edge","step":"verify","ok":true}
{"t":"2026-09-10T08:17:51.592Z","path":"/blogs/chip-design/ai-accelerator-ip-development","step":"verify","ok":true}
{"t":"2026-09-10T08:17:51.858Z","path":"/blogs/chip-design/ai-accelerators-chip-design-eda-tools","step":"verify","ok":true}
{"t":"2026-09-10T08:17:53.975Z","path":"/blogs/chip-design/ai-accelerators-hbm5-verification-ip","step":"verify","ok":true}
{"t":"2026-09-10T08:17:54.515Z","path":"/blogs/chip-design/ai-agents-in-2025","step":"verify","ok":true}
{"t":"2026-09-10T08:17:57.189Z","path":"/blogs/chip-design/ai-chip-architecture","step":"verify","ok":true}
{"t":"2026-09-10T08:17:57.558Z","path":"/blogs/chip-design/ai-analog-design-migration-samsung-safe-forum-2023","step":"verify","ok":true}
{"t":"2026-09-10T08:17:58.687Z","path":"/blogs/chip-design/ai-chip-design-adaptive-flows","step":"verify","ok":true}
{"t":"2026-09-10T08:18:00.819Z","path":"/blogs/chip-design/ai-chip-design-breakthroughs-snug","step":"verify","ok":true}
{"t":"2026-09-10T08:18:02.593Z","path":"/blogs/chip-design/ai-chip-design-cloud-eda-tools-neureality","step":"verify","ok":true}
{"t":"2026-09-10T08:18:02.757Z","path":"/blogs/chip-design/ai-chip-design-dac-2024","step":"verify","ok":true}
{"t":"2026-09-10T08:18:03.977Z","path":"/blogs/chip-design/ai-chip-design-emulation-prototyping-tools","step":"verify","ok":true}
{"t":"2026-09-10T08:18:06.434Z","path":"/blogs/chip-design/ai-chip-design-hot-chips-2024","step":"verify","ok":true}
{"t":"2026-09-10T08:18:07.962Z","path":"/blogs/chip-design/ai-chip-design-opens-new-doors-for-chip-makers","step":"verify","ok":true}
{"t":"2026-09-10T08:18:08.352Z","path":"/blogs/chip-design/ai-chip-design-retargeting","step":"verify","ok":true}
{"t":"2026-09-10T08:18:09.098Z","path":"/blogs/chip-design/ai-chip-design-stmicroelectronics-microsoft","step":"verify","ok":true}
{"t":"2026-09-10T08:18:11.352Z","path":"/blogs/chip-design/ai-chip-design-synopsys-microsoft","step":"verify","ok":true}
{"t":"2026-09-10T08:18:13.397Z","path":"/blogs/chip-design/ai-chip-design-verification-qualcomm","step":"verify","ok":true}
{"t":"2026-09-10T08:18:13.941Z","path":"/blogs/chip-design/ai-chip-design-tools-autonomous-insights","step":"verify","ok":true}
{"t":"2026-09-10T08:18:14.124Z","path":"/blogs/chip-design/ai-chip-design-with-ibm-hybrid-cloud-architecture","step":"verify","ok":true}
{"t":"2026-09-10T08:18:16.343Z","path":"/blogs/chip-design/ai-chip-design-with-specialized-soc-ip-solutions","step":"verify","ok":true}
{"t":"2026-09-10T08:18:18.543Z","path":"/blogs/chip-design/ai-chip-design-workflow-automation","step":"verify","ok":true}
{"t":"2026-09-10T08:18:19.190Z","path":"/blogs/chip-design/ai-chip-pre-silicon-planning-guide","step":"verify","ok":true}
{"t":"2026-09-10T08:18:19.425Z","path":"/blogs/chip-design/ai-chip-silicon-success-tips","step":"verify","ok":true}
{"t":"2026-09-10T08:18:21.771Z","path":"/blogs/chip-design/ai-chip-startups-cloud-eda-tools","step":"verify","ok":true}
{"t":"2026-09-10T08:18:24.198Z","path":"/blogs/chip-design/ai-compute-architecture-evolution","step":"verify","ok":true}
{"t":"2026-09-10T08:18:24.443Z","path":"/blogs/chip-design/ai-chiplet-integration-arm-synopsys","step":"verify","ok":true}
{"t":"2026-09-10T08:18:24.551Z","path":"/blogs/chip-design/ai-driven-analog-digital-node-migration","step":"verify","ok":true}
{"t":"2026-09-10T08:18:26.640Z","path":"/blogs/chip-design/ai-driven-bug-discovery-coverage-closure-chip-design","step":"verify","ok":true}
{"t":"2026-09-10T08:18:29.404Z","path":"/blogs/chip-design/ai-driven-debug-automation-speeds-root-cause-analysis","step":"verify","ok":true}
{"t":"2026-09-10T08:18:29.738Z","path":"/blogs/chip-design/ai-eda-tools-chip-design","step":"verify","ok":true}
{"t":"2026-09-10T08:18:30.094Z","path":"/blogs/chip-design/ai-edge-devices-tsmc-n2-silicon-success","step":"verify","ok":true}
{"t":"2026-09-10T08:18:32.517Z","path":"/blogs/chip-design/ai-factories-data-center-infrastructure","step":"verify","ok":true}
{"t":"2026-09-10T08:18:34.438Z","path":"/blogs/chip-design/ai-hardware-boosts-innovation","step":"verify","ok":true}
{"t":"2026-09-10T08:18:34.948Z","path":"/blogs/chip-design/ai-hardware-summit-2020-recap","step":"verify","ok":true}
{"t":"2026-09-10T08:18:35.283Z","path":"/blogs/chip-design/ai-hardware-design-power-challenges","step":"verify","ok":true}
{"t":"2026-09-10T08:18:37.395Z","path":"/blogs/chip-design/ai-hpc-chip-test-solutions-seq-compression-streaming-fabric","step":"verify","ok":true}
{"t":"2026-09-10T08:18:40.025Z","path":"/blogs/chip-design/ai-impact-chip-design-synopsys-insights","step":"verify","ok":true}
{"t":"2026-09-10T08:18:40.489Z","path":"/blogs/chip-design/ai-in-engineering-role-transformation","step":"verify","ok":true}
{"t":"2026-09-10T08:18:40.517Z","path":"/blogs/chip-design/ai-impact-on-low-power-chip-design","step":"verify","ok":true}
{"t":"2026-09-10T08:18:42.520Z","path":"/blogs/chip-design/ai-infrastructure-hardware-failures-data-corruption","step":"verify","ok":true}
{"t":"2026-09-10T08:18:45.572Z","path":"/blogs/chip-design/ai-iot-impact-power-consumption","step":"verify","ok":true}
{"t":"2026-09-10T08:18:45.913Z","path":"/blogs/chip-design/ai-predictions-2022","step":"verify","ok":true}
{"t":"2026-09-10T08:18:46.812Z","path":"/blogs/chip-design/ai-multi-die-pg-bump-ir-drop-optimization","step":"verify","ok":true}
{"t":"2026-09-10T08:18:48.683Z","path":"/blogs/chip-design/ai-predictions-2023","step":"verify","ok":true}
{"t":"2026-09-10T08:18:50.675Z","path":"/blogs/chip-design/ai-security-silicon-level","step":"verify","ok":true}
{"t":"2026-09-10T08:18:52.197Z","path":"/blogs/chip-design/ai-soc-design-for-better-chips","step":"verify","ok":true}
{"t":"2026-09-10T08:18:52.274Z","path":"/blogs/chip-design/ai-server-architecture","step":"verify","ok":true}
{"t":"2026-09-10T08:18:54.179Z","path":"/blogs/chip-design/ai-soc-design-verification-flow","step":"verify","ok":true}
{"t":"2026-09-10T08:18:55.822Z","path":"/blogs/chip-design/ai-soc-memory-architecture","step":"verify","ok":true}
{"t":"2026-09-10T08:18:57.502Z","path":"/blogs/chip-design/ai-startup-panel-2025","step":"verify","ok":true}
{"t":"2026-09-10T08:18:57.770Z","path":"/blogs/chip-design/ai-sovereignty-strategic-interdependence","step":"verify","ok":true}
{"t":"2026-09-10T08:18:58.961Z","path":"/blogs/chip-design/ai-tool-adoption-semiconductor-engineering","step":"verify","ok":true}
{"t":"2026-09-10T08:19:01.377Z","path":"/blogs/chip-design/aiot-edge-ai-chip-design-innovation","step":"verify","ok":true}
{"t":"2026-09-10T08:19:02.437Z","path":"/blogs/chip-design/aip-vip-technology-benefits","step":"verify","ok":true}
{"t":"2026-09-10T08:19:03.138Z","path":"/blogs/chip-design/aiot-technology-applications","step":"verify","ok":true}
{"t":"2026-09-10T08:19:04.147Z","path":"/blogs/chip-design/ais-impact-on-chip-design-from-ceo-aart-de-geus","step":"verify","ok":true}
{"t":"2026-09-10T08:19:06.382Z","path":"/blogs/chip-design/alessandra-costa-qa","step":"verify","ok":true}
{"t":"2026-09-10T08:19:08.255Z","path":"/blogs/chip-design/amba-chi-c2c-system-verification-solutions","step":"verify","ok":true}
{"t":"2026-09-10T08:19:08.460Z","path":"/blogs/chip-design/alternative-semiconductor-materials","step":"verify","ok":true}
{"t":"2026-09-10T08:19:09.463Z","path":"/blogs/chip-design/amba-chi-g-verification-ip","step":"verify","ok":true}
{"t":"2026-09-10T08:19:11.336Z","path":"/blogs/chip-design/amba5-chi-d-verification-ip-success","step":"verify","ok":true}
{"t":"2026-09-10T08:19:13.834Z","path":"/blogs/chip-design/ams-emulation-dale-donchin-johanness-stahl","step":"verify","ok":true}
{"t":"2026-09-10T08:19:13.853Z","path":"/blogs/chip-design/analog-circuit-design-migration","step":"verify","ok":true}
{"t":"2026-09-10T08:19:14.596Z","path":"/blogs/chip-design/analog-design-ai-aimc-innovation","step":"verify","ok":true}
{"t":"2026-09-10T08:19:16.242Z","path":"/blogs/chip-design/analog-design-verification","step":"verify","ok":true}
{"t":"2026-09-10T08:19:18.723Z","path":"/blogs/chip-design/analog-ic-design-contest","step":"verify","ok":true}
{"t":"2026-09-10T08:19:18.959Z","path":"/blogs/chip-design/analog-ic-design-migration-ai","step":"verify","ok":true}
{"t":"2026-09-10T08:19:20.277Z","path":"/blogs/chip-design/analog-ic-design-tools-snug-panel","step":"verify","ok":true}
{"t":"2026-09-10T08:19:21.439Z","path":"/blogs/chip-design/analog-layout-synthesis-ai","step":"verify","ok":true}
{"t":"2026-09-10T08:19:23.949Z","path":"/blogs/chip-design/angstrom-scale-chip-design","step":"verify","ok":true}
{"t":"2026-09-10T08:19:25.000Z","path":"/blogs/chip-design/analyze-semiconductor-power-devices-more-accurately-with-synopsys-powerx","step":"verify","ok":true}
{"t":"2026-09-10T08:19:26.513Z","path":"/blogs/chip-design/arm-amba-ace5-axi5-test-suite","step":"verify","ok":true}
{"t":"2026-09-10T08:19:26.791Z","path":"/blogs/chip-design/arm-amba-axi5-latest-features","step":"verify","ok":true}
{"t":"2026-09-10T08:19:28.915Z","path":"/blogs/chip-design/arm-automotive-semiconductor-design","step":"verify","ok":true}
{"t":"2026-09-10T08:19:30.741Z","path":"/blogs/chip-design/arm-hardware-software-compliance","step":"verify","ok":true}
{"t":"2026-09-10T08:19:31.535Z","path":"/blogs/chip-design/arm-synopsys-collaboration-interview-deirdre-hanford","step":"verify","ok":true}
{"t":"2026-09-10T08:19:33.240Z","path":"/blogs/chip-design/arm-synopsys-integrated-chip-design-flow","step":"verify","ok":true}
{"t":"2026-09-10T08:19:34.324Z","path":"/blogs/chip-design/asic-hardware-verification-bugs","step":"verify","ok":true}
{"t":"2026-09-10T08:19:35.803Z","path":"/blogs/chip-design/asil-d-certification-automation","step":"verify","ok":true}
{"t":"2026-09-10T08:19:37.596Z","path":"/blogs/chip-design/atomic-scale-simulation-resistive-switching-reram","step":"verify","ok":true}
{"t":"2026-09-10T08:19:38.363Z","path":"/blogs/chip-design/auto-cybersecurity-ota-vehicle-software-updates","step":"verify","ok":true}
{"t":"2026-09-10T08:19:39.463Z","path":"/blogs/chip-design/auto-cybersecurity-vs-aftermarket-car-accessories","step":"verify","ok":true}
{"t":"2026-09-10T08:19:40.890Z","path":"/blogs/chip-design/auto-functional-safety-iso-26262-key-challenges","step":"verify","ok":true}
{"t":"2026-09-10T08:19:43.004Z","path":"/blogs/chip-design/auto-industry-predictions-2023","step":"verify","ok":true}
{"t":"2026-09-10T08:19:43.872Z","path":"/blogs/chip-design/auto-industry-trends-2022","step":"verify","ok":true}
{"t":"2026-09-10T08:19:44.561Z","path":"/blogs/chip-design/auto-soc-design-tools-safe-smart-vehicles","step":"verify","ok":true}
{"t":"2026-09-10T08:19:45.386Z","path":"/blogs/chip-design/automated-soc-performance-pcie-gen4","step":"verify","ok":true}
{"t":"2026-09-10T08:19:47.650Z","path":"/blogs/chip-design/automated-soc-performance-verification","step":"verify","ok":true}
{"t":"2026-09-10T08:19:48.720Z","path":"/blogs/chip-design/automating-synchronous-signal-distribution","step":"verify","ok":true}
{"t":"2026-09-10T08:19:49.783Z","path":"/blogs/chip-design/automating-testbench-creation-network-on-chip","step":"verify","ok":true}
{"t":"2026-09-10T08:19:50.343Z","path":"/blogs/chip-design/automating-testbench-network-chip-verification","step":"verify","ok":true}
{"t":"2026-09-10T08:19:52.626Z","path":"/blogs/chip-design/automating-the-chip-design-flow","step":"verify","ok":true}
{"t":"2026-09-10T08:19:53.879Z","path":"/blogs/chip-design/automotive-ai-vision-chip-design","step":"verify","ok":true}
{"t":"2026-09-10T08:19:54.560Z","path":"/blogs/chip-design/automotive-cybersecurity-best-practices","step":"verify","ok":true}
{"t":"2026-09-10T08:19:55.238Z","path":"/blogs/chip-design/automotive-cybersecurity-data-management","step":"verify","ok":true}
{"t":"2026-09-10T08:19:57.607Z","path":"/blogs/chip-design/automotive-cybersecurity-engineering-standard-iso-sae-21434","step":"verify","ok":true}
{"t":"2026-09-10T08:19:59.993Z","path":"/blogs/chip-design/automotive-cybersecurity-for-ecus-in-vehicle-networks","step":"verify","ok":true}
{"t":"2026-09-10T08:20:00.202Z","path":"/blogs/chip-design/automotive-finfet-foundation-ip","step":"verify","ok":true}
{"t":"2026-09-10T08:20:00.269Z","path":"/blogs/chip-design/automotive-electronics-design-efficiency","step":"verify","ok":true}
{"t":"2026-09-10T08:20:02.889Z","path":"/blogs/chip-design/automotive-industry-trends-2024","step":"verify","ok":true}
{"t":"2026-09-10T08:20:04.914Z","path":"/blogs/chip-design/automotive-innovation-trends-challenges-interview-dr-burkhard-huhnke","step":"verify","ok":true}
{"t":"2026-09-10T08:20:05.633Z","path":"/blogs/chip-design/automotive-mcu-performance-infineon","step":"verify","ok":true}
{"t":"2026-09-10T08:20:05.824Z","path":"/blogs/chip-design/automotive-soc-design-4-requirements","step":"verify","ok":true}
{"t":"2026-09-10T08:20:07.837Z","path":"/blogs/chip-design/automotive-soc-slm","step":"verify","ok":true}
{"t":"2026-09-10T08:20:11.094Z","path":"/blogs/chip-design/avina-verma-custom-routing-technology-interview","step":"verify","ok":true}
{"t":"2026-09-10T08:20:11.163Z","path":"/blogs/chip-design/autosens-detroit-2024-automotive-ee-architectures","step":"verify","ok":true}
{"t":"2026-09-10T08:20:11.584Z","path":"/blogs/chip-design/autonomous-driving-levels","step":"verify","ok":true}
{"t":"2026-09-10T08:20:13.429Z","path":"/blogs/chip-design/avoid-bad-asic-design-with-virtual-prototyping","step":"verify","ok":true}
{"t":"2026-09-10T08:20:16.426Z","path":"/blogs/chip-design/axi-k-arm-support","step":"verify","ok":true}
{"t":"2026-09-10T08:20:16.545Z","path":"/blogs/chip-design/bandwidth-latency-die-to-die-interfaces-data-centers","step":"verify","ok":true}
{"t":"2026-09-10T08:20:17.741Z","path":"/blogs/chip-design/benefits-of-adopting-cloud-technology","step":"verify","ok":true}
{"t":"2026-09-10T08:20:18.604Z","path":"/blogs/chip-design/benefits-of-redundancy-in-cloud-computing","step":"verify","ok":true}
{"t":"2026-09-10T08:20:21.519Z","path":"/blogs/chip-design/bit-error-rates-usb32","step":"verify","ok":true}
{"t":"2026-09-10T08:20:21.942Z","path":"/blogs/chip-design/benefits-of-virtualization-in-a-cloud-environment","step":"verify","ok":true}
{"t":"2026-09-10T08:20:23.534Z","path":"/blogs/chip-design/boost-debug-productivity-serial-protocols","step":"verify","ok":true}
{"t":"2026-09-10T08:20:23.646Z","path":"/blogs/chip-design/block-storage-vs-object-storage-vs-file-storage","step":"verify","ok":true}
{"t":"2026-09-10T08:20:26.888Z","path":"/blogs/chip-design/boost-networking-soc-design-cloud-emulation","step":"verify","ok":true}
{"t":"2026-09-10T08:20:27.026Z","path":"/blogs/chip-design/boosting-eco-optimization-overcoming-ppa-challenges-with-machine-learning","step":"verify","ok":true}
{"t":"2026-09-10T08:20:28.807Z","path":"/blogs/chip-design/building-secure-chips-verified-cxl","step":"verify","ok":true}
{"t":"2026-09-10T08:20:29.397Z","path":"/blogs/chip-design/bumblebee-moment-ai-silicon","step":"verify","ok":true}
{"t":"2026-09-10T08:20:30.717Z","path":"/blogs/chip-design/category-3d-image-processing","step":"verify","ok":true}
{"t":"2026-09-10T08:20:32.372Z","path":"/blogs/chip-design/cache-coherent-verification-amba-chi","step":"verify","ok":true}
{"t":"2026-09-10T08:20:32.708Z","path":"/blogs/chip-design/category-3dic-design","step":"verify","ok":true}
{"t":"2026-09-10T08:20:33.819Z","path":"/blogs/chip-design/category-5g-wireless","step":"verify","ok":true}
{"t":"2026-09-10T08:20:34.440Z","path":"/blogs/chip-design/category-5nm-and-below","step":"verify","ok":true}
{"t":"2026-09-10T08:20:36.064Z","path":"/blogs/chip-design/category-about-synopsys","step":"verify","ok":true}
{"t":"2026-09-10T08:20:36.926Z","path":"/blogs/chip-design/category-aerospace-and-government","step":"verify","ok":true}
{"t":"2026-09-10T08:20:37.489Z","path":"/blogs/chip-design/category-ai-and-machine-learning","step":"verify","ok":true}
{"t":"2026-09-10T08:20:38.195Z","path":"/blogs/chip-design/category-ams-simulation","step":"verify","ok":true}
{"t":"2026-09-10T08:20:39.868Z","path":"/blogs/chip-design/category-amsverification","step":"verify","ok":true}
{"t":"2026-09-10T08:20:41.068Z","path":"/blogs/chip-design/category-ar-vr","step":"verify","ok":true}
{"t":"2026-09-10T08:20:41.071Z","path":"/blogs/chip-design/category-analog-design","step":"verify","ok":true}
{"t":"2026-09-10T08:20:42.144Z","path":"/blogs/chip-design/category-atomic-scale-modeling","step":"verify","ok":true}
{"t":"2026-09-10T08:20:43.556Z","path":"/blogs/chip-design/category-atomistic-simulation-software","step":"verify","ok":true}
{"t":"2026-09-10T08:20:44.966Z","path":"/blogs/chip-design/category-blog","step":"verify","ok":true}
{"t":"2026-09-10T08:20:45.280Z","path":"/blogs/chip-design/category-automotive","step":"verify","ok":true}
{"t":"2026-09-10T08:20:45.912Z","path":"/blogs/chip-design/category-cloud","step":"verify","ok":true}
{"t":"2026-09-10T08:20:47.178Z","path":"/blogs/chip-design/category-consumer","step":"verify","ok":true}
{"t":"2026-09-10T08:20:48.632Z","path":"/blogs/chip-design/category-custom-implementation","step":"verify","ok":true}
{"t":"2026-09-10T08:20:48.999Z","path":"/blogs/chip-design/category-customer-spotlight","step":"verify","ok":true}
{"t":"2026-09-10T08:20:49.569Z","path":"/blogs/chip-design/category-data-center","step":"verify","ok":true}
{"t":"2026-09-10T08:20:50.942Z","path":"/blogs/chip-design/category-debug","step":"verify","ok":true}
{"t":"2026-09-10T08:20:52.562Z","path":"/blogs/chip-design/category-design","step":"verify","ok":true}
{"t":"2026-09-10T08:20:52.652Z","path":"/blogs/chip-design/category-design-technology-co-optimization","step":"verify","ok":true}
{"t":"2026-09-10T08:20:53.284Z","path":"/blogs/chip-design/category-emulation","step":"verify","ok":true}
{"t":"2026-09-10T08:20:54.603Z","path":"/blogs/chip-design/category-energy-efficient-socs","step":"verify","ok":true}
{"t":"2026-09-10T08:20:56.219Z","path":"/blogs/chip-design/category-engineering-central","step":"verify","ok":true}
{"t":"2026-09-10T08:20:56.398Z","path":"/blogs/chip-design/category-executive-voices","step":"verify","ok":true}
{"t":"2026-09-10T08:20:57.469Z","path":"/blogs/chip-design/category-formal-verification","step":"verify","ok":true}
{"t":"2026-09-10T08:20:58.241Z","path":"/blogs/chip-design/category-foundation-ip","step":"verify","ok":true}
{"t":"2026-09-10T08:21:00.085Z","path":"/blogs/chip-design/category-fpga-design","step":"verify","ok":true}
{"t":"2026-09-10T08:21:00.245Z","path":"/blogs/chip-design/category-fusion-design-platform","step":"verify","ok":true}
{"t":"2026-09-10T08:21:01.346Z","path":"/blogs/chip-design/category-fusion-technology","step":"verify","ok":true}
{"t":"2026-09-10T08:21:01.583Z","path":"/blogs/chip-design/category-hpc-data-center","step":"verify","ok":true}
{"t":"2026-09-10T08:21:03.729Z","path":"/blogs/chip-design/category-insights","step":"verify","ok":true}
{"t":"2026-09-10T08:21:04.042Z","path":"/blogs/chip-design/category-ide","step":"verify","ok":true}
{"t":"2026-09-10T08:21:05.104Z","path":"/blogs/chip-design/category-interface-ip","step":"verify","ok":true}
{"t":"2026-09-10T08:21:05.309Z","path":"/blogs/chip-design/category-interface-ip-subsystems","step":"verify","ok":true}
{"t":"2026-09-10T08:21:07.228Z","path":"/blogs/chip-design/category-internet-of-things","step":"verify","ok":true}
{"t":"2026-09-10T08:21:07.753Z","path":"/blogs/chip-design/category-lowpower","step":"verify","ok":true}
{"t":"2026-09-10T08:21:08.975Z","path":"/blogs/chip-design/category-manufacturing","step":"verify","ok":true}
{"t":"2026-09-10T08:21:09.059Z","path":"/blogs/chip-design/category-mask-solutions","step":"verify","ok":true}
{"t":"2026-09-10T08:21:10.735Z","path":"/blogs/chip-design/category-medical","step":"verify","ok":true}
{"t":"2026-09-10T08:21:11.350Z","path":"/blogs/chip-design/category-memory","step":"verify","ok":true}
{"t":"2026-09-10T08:21:12.645Z","path":"/blogs/chip-design/category-multiphysics-fusion","step":"verify","ok":true}
{"t":"2026-09-10T08:21:12.877Z","path":"/blogs/chip-design/category-multi-die-system","step":"verify","ok":true}
{"t":"2026-09-10T08:21:14.508Z","path":"/blogs/chip-design/category-photonic","step":"verify","ok":true}
{"t":"2026-09-10T08:21:15.038Z","path":"/blogs/chip-design/category-physical-implementation","step":"verify","ok":true}
{"t":"2026-09-10T08:21:16.530Z","path":"/blogs/chip-design/category-physical-verification","step":"verify","ok":true}
{"t":"2026-09-10T08:21:16.737Z","path":"/blogs/chip-design/category-platform","step":"verify","ok":true}
{"t":"2026-09-10T08:21:18.079Z","path":"/blogs/chip-design/category-prototyping","step":"verify","ok":true}
{"t":"2026-09-10T08:21:18.839Z","path":"/blogs/chip-design/category-quantum-computing","step":"verify","ok":true}
{"t":"2026-09-10T08:21:20.144Z","path":"/blogs/chip-design/category-rf-design","step":"verify","ok":true}
{"t":"2026-09-10T08:21:20.611Z","path":"/blogs/chip-design/category-risc-v","step":"verify","ok":true}
{"t":"2026-09-10T08:21:21.845Z","path":"/blogs/chip-design/category-rtl-synthesis","step":"verify","ok":true}
{"t":"2026-09-10T08:21:22.246Z","path":"/blogs/chip-design/category-security-ip","step":"verify","ok":true}
{"t":"2026-09-10T08:21:23.816Z","path":"/blogs/chip-design/category-signal-amp-power-integrity","step":"verify","ok":true}
{"t":"2026-09-10T08:21:24.356Z","path":"/blogs/chip-design/category-signoff","step":"verify","ok":true}
{"t":"2026-09-10T08:21:25.570Z","path":"/blogs/chip-design/category-silicon-ip","step":"verify","ok":true}
{"t":"2026-09-10T08:21:26.132Z","path":"/blogs/chip-design/category-silicon-lifecycle-management","step":"verify","ok":true}
{"t":"2026-09-10T08:21:27.716Z","path":"/blogs/chip-design/category-simulation","step":"verify","ok":true}
{"t":"2026-09-10T08:21:28.259Z","path":"/blogs/chip-design/category-simpleware","step":"verify","ok":true}
{"t":"2026-09-10T08:21:28.959Z","path":"/blogs/chip-design/category-smart-manufacturing","step":"verify","ok":true}
{"t":"2026-09-10T08:21:30.147Z","path":"/blogs/chip-design/category-soc-verification-automation","step":"verify","ok":true}
{"t":"2026-09-10T08:21:31.676Z","path":"/blogs/chip-design/category-software-integrity","step":"verify","ok":true}
{"t":"2026-09-10T08:21:31.827Z","path":"/blogs/chip-design/category-static-and-formal-verification","step":"verify","ok":true}
{"t":"2026-09-10T08:21:33.220Z","path":"/blogs/chip-design/category-static-verification","step":"verify","ok":true}
{"t":"2026-09-10T08:21:33.977Z","path":"/blogs/chip-design/category-storage","step":"verify","ok":true}
{"t":"2026-09-10T08:21:35.445Z","path":"/blogs/chip-design/category-synopsys-ip-technical-bulletin","step":"verify","ok":true}
{"t":"2026-09-10T08:21:35.662Z","path":"/blogs/chip-design/category-tcad","step":"verify","ok":true}
{"t":"2026-09-10T08:21:37.022Z","path":"/blogs/chip-design/category-test-automation","step":"verify","ok":true}
{"t":"2026-09-10T08:21:37.679Z","path":"/blogs/chip-design/category-test","step":"verify","ok":true}
{"t":"2026-09-10T08:21:39.066Z","path":"/blogs/chip-design/category-verification","step":"verify","ok":true}
{"t":"2026-09-10T08:21:39.280Z","path":"/blogs/chip-design/category-verificationip","step":"verify","ok":true}
{"t":"2026-09-10T08:21:40.799Z","path":"/blogs/chip-design/category-virtualprototyping","step":"verify","ok":true}
{"t":"2026-09-10T08:21:43.162Z","path":"/blogs/chip-design/ccix-pcie-ai-networking-storage","step":"verify","ok":true}
{"t":"2026-09-10T08:21:44.881Z","path":"/blogs/chip-design/celebrating-the-76th-anniversary-of-the-transistor","step":"verify","ok":true}
{"t":"2026-09-10T08:21:45.051Z","path":"/blogs/chip-design/celebrating-40-years-of-hspice","step":"verify","ok":true}
{"t":"2026-09-10T08:21:45.791Z","path":"/blogs/chip-design/celebrating-women-innovation-nvidia-gtc-2026","step":"verify","ok":true}
{"t":"2026-09-10T08:21:49.246Z","path":"/blogs/chip-design/ces-2024-software-defined-vehicles","step":"verify","ok":true}
{"t":"2026-09-10T08:21:49.491Z","path":"/blogs/chip-design/ceos-synopsys-arm-ai-opportunities-challenges","step":"verify","ok":true}
{"t":"2026-09-10T08:21:50.555Z","path":"/blogs/chip-design/chip-design-data-analytics","step":"verify","ok":true}
{"t":"2026-09-10T08:21:50.754Z","path":"/blogs/chip-design/chip-design-debug-verification-ai","step":"verify","ok":true}
{"t":"2026-09-10T08:21:54.473Z","path":"/blogs/chip-design/chip-design-latest-technology","step":"verify","ok":true}
{"t":"2026-09-10T08:21:54.997Z","path":"/blogs/chip-design/chip-design-tools-github-hardware-development","step":"verify","ok":true}
{"t":"2026-09-10T08:21:55.881Z","path":"/blogs/chip-design/chiplet-design-best-practices-multi-die","step":"verify","ok":true}
{"t":"2026-09-10T08:21:56.207Z","path":"/blogs/chip-design/chip-floorplan-design-automation","step":"verify","ok":true}
{"t":"2026-09-10T08:21:59.738Z","path":"/blogs/chip-design/chiplets-multi-die-alchip","step":"verify","ok":true}
{"t":"2026-09-10T08:21:59.820Z","path":"/blogs/chip-design/chips-act-research-development","step":"verify","ok":true}
{"t":"2026-09-10T08:22:01.039Z","path":"/blogs/chip-design/chips-and-science-act-semiconductor-industry","step":"verify","ok":true}
{"t":"2026-09-10T08:22:01.308Z","path":"/blogs/chip-design/cloud-access-security-broker","step":"verify","ok":true}
{"t":"2026-09-10T08:22:05.096Z","path":"/blogs/chip-design/cloud-adoption-framework-eda-software","step":"verify","ok":true}
{"t":"2026-09-10T08:22:05.298Z","path":"/blogs/chip-design/cloud-ai-chip-emulation","step":"verify","ok":true}
{"t":"2026-09-10T08:22:05.941Z","path":"/blogs/chip-design/cloud-architecture-patterns","step":"verify","ok":true}
{"t":"2026-09-10T08:22:06.561Z","path":"/blogs/chip-design/cloud-based-chip-design-and-verification-2022","step":"verify","ok":true}
{"t":"2026-09-10T08:22:10.828Z","path":"/blogs/chip-design/cloud-based-chip-design-security","step":"verify","ok":true}
{"t":"2026-09-10T08:22:11.236Z","path":"/blogs/chip-design/cloud-based-chip-design-innovation-snug","step":"verify","ok":true}
{"t":"2026-09-10T08:22:11.241Z","path":"/blogs/chip-design/cloud-based-eda-software-ai-accelerator-mentium","step":"verify","ok":true}
{"t":"2026-09-10T08:22:11.436Z","path":"/blogs/chip-design/cloud-based-eda-tools-explained","step":"verify","ok":true}
{"t":"2026-09-10T08:22:15.683Z","path":"/blogs/chip-design/cloud-based-ic-hardware-design-tools-enhance-chip-design","step":"verify","ok":true}
{"t":"2026-09-10T08:22:16.307Z","path":"/blogs/chip-design/cloud-computing-architecture","step":"verify","ok":true}
{"t":"2026-09-10T08:22:16.505Z","path":"/blogs/chip-design/cloud-based-soc-virtual-prototyping","step":"verify","ok":true}
{"t":"2026-09-10T08:22:16.699Z","path":"/blogs/chip-design/cloud-capacity-planning","step":"verify","ok":true}
{"t":"2026-09-10T08:22:21.340Z","path":"/blogs/chip-design/cloud-computing-deployment-models","step":"verify","ok":true}
{"t":"2026-09-10T08:22:21.659Z","path":"/blogs/chip-design/cloud-computing-features","step":"verify","ok":true}
{"t":"2026-09-10T08:22:21.665Z","path":"/blogs/chip-design/cloud-computing-flexibility","step":"verify","ok":true}
{"t":"2026-09-10T08:22:21.722Z","path":"/blogs/chip-design/cloud-computing-facts","step":"verify","ok":true}
{"t":"2026-09-10T08:22:26.157Z","path":"/blogs/chip-design/cloud-computing-infrastructure","step":"verify","ok":true}
{"t":"2026-09-10T08:22:26.525Z","path":"/blogs/chip-design/cloud-computing-vs-traditional-it-structures","step":"verify","ok":true}
{"t":"2026-09-10T08:22:26.659Z","path":"/blogs/chip-design/cloud-computing-security-concerns","step":"verify","ok":true}
{"t":"2026-09-10T08:22:26.991Z","path":"/blogs/chip-design/cloud-computing-overview","step":"verify","ok":true}
{"t":"2026-09-10T08:22:31.477Z","path":"/blogs/chip-design/cloud-configuration-management-tools","step":"verify","ok":true}
{"t":"2026-09-10T08:22:31.898Z","path":"/blogs/chip-design/cloud-consumption","step":"verify","ok":true}
{"t":"2026-09-10T08:22:31.988Z","path":"/blogs/chip-design/cloud-eda-license-management","step":"verify","ok":true}
{"t":"2026-09-10T08:22:32.149Z","path":"/blogs/chip-design/cloud-data-center-architecture","step":"verify","ok":true}
{"t":"2026-09-10T08:22:36.869Z","path":"/blogs/chip-design/cloud-eda-tools-enable-preconfigured-chip-design-flows","step":"verify","ok":true}
{"t":"2026-09-10T08:22:37.012Z","path":"/blogs/chip-design/cloud-eda-tools-scale-soc-design-and-verification","step":"verify","ok":true}
{"t":"2026-09-10T08:22:37.425Z","path":"/blogs/chip-design/cloud-eda-tools-to-saas-model","step":"verify","ok":true}
{"t":"2026-09-10T08:22:38.133Z","path":"/blogs/chip-design/cloud-eda-tools-fuel-semiconductor-design","step":"verify","ok":true}
{"t":"2026-09-10T08:22:41.938Z","path":"/blogs/chip-design/cloud-hpc-for-ai-architecture","step":"verify","ok":true}
{"t":"2026-09-10T08:22:42.147Z","path":"/blogs/chip-design/cloud-enabled-chip-design-education-concept-to-tapeout","step":"verify","ok":true}
{"t":"2026-09-10T08:22:42.775Z","path":"/blogs/chip-design/cloud-interoperability-chip-design","step":"verify","ok":true}
{"t":"2026-09-10T08:22:43.318Z","path":"/blogs/chip-design/cloud-native-benefits","step":"verify","ok":true}
{"t":"2026-09-10T08:22:47.054Z","path":"/blogs/chip-design/cloud-native-technologies","step":"verify","ok":true}
{"t":"2026-09-10T08:22:47.147Z","path":"/blogs/chip-design/cloud-native-vs-cloud-agnostic","step":"verify","ok":true}
{"t":"2026-09-10T08:22:47.770Z","path":"/blogs/chip-design/cloud-predictions-2023","step":"verify","ok":true}
{"t":"2026-09-10T08:22:48.206Z","path":"/blogs/chip-design/cloud-security-architecture","step":"verify","ok":true}
{"t":"2026-09-10T08:22:52.022Z","path":"/blogs/chip-design/cloud-security-challenges","step":"verify","ok":true}
{"t":"2026-09-10T08:22:52.071Z","path":"/blogs/chip-design/cloud-security-strategy","step":"verify","ok":true}
{"t":"2026-09-10T08:22:53.196Z","path":"/blogs/chip-design/cloud-soc-prototyping-fpga-prototyping-tools","step":"verify","ok":true}
{"t":"2026-09-10T08:22:53.743Z","path":"/blogs/chip-design/cloud-storage-security","step":"verify","ok":true}
{"t":"2026-09-10T08:22:57.104Z","path":"/blogs/chip-design/cloud-to-cloud-integration","step":"verify","ok":true}
{"t":"2026-09-10T08:22:57.851Z","path":"/blogs/chip-design/cloud-virtual-prototypes-sdvs","step":"verify","ok":true}
{"t":"2026-09-10T08:22:58.439Z","path":"/blogs/chip-design/cloud-workload-protection","step":"verify","ok":true}
{"t":"2026-09-10T08:22:58.602Z","path":"/blogs/chip-design/color-space-conversions-display","step":"verify","ok":true}
{"t":"2026-09-10T08:23:01.805Z","path":"/blogs/chip-design/community-service-synopsys-for-good","step":"verify","ok":true}
{"t":"2026-09-10T08:23:03.278Z","path":"/blogs/chip-design/complete-ufs-5-0-m-phy-v6-0-ip-solution-storage","step":"verify","ok":true}
{"t":"2026-09-10T08:23:03.645Z","path":"/blogs/chip-design/comparing-cloud-on-premises-security-chip-design","step":"verify","ok":true}
{"t":"2026-09-10T08:23:04.102Z","path":"/blogs/chip-design/compliance-load-board-verification-for-pcie-6-designs","step":"verify","ok":true}
{"t":"2026-09-10T08:23:07.482Z","path":"/blogs/chip-design/computational-lithography-chip-design-with-nvidia","step":"verify","ok":true}
{"t":"2026-09-10T08:23:08.417Z","path":"/blogs/chip-design/compute-capacity","step":"verify","ok":true}
{"t":"2026-09-10T08:23:09.055Z","path":"/blogs/chip-design/connected-vehicle-cybersecurity-wireless-comm","step":"verify","ok":true}
{"t":"2026-09-10T08:23:09.942Z","path":"/blogs/chip-design/continuous-integration-practices","step":"verify","ok":true}
{"t":"2026-09-10T08:23:12.602Z","path":"/blogs/chip-design/copilot-generative-ai-chip-design","step":"verify","ok":true}
{"t":"2026-09-10T08:23:13.647Z","path":"/blogs/chip-design/copper-ai-interconnect","step":"verify","ok":true}
{"t":"2026-09-10T08:23:14.063Z","path":"/blogs/chip-design/corporate-social-responsibility-report-2021","step":"verify","ok":true}
{"t":"2026-09-10T08:23:14.816Z","path":"/blogs/chip-design/coverage-models-memory-vip-solutions","step":"verify","ok":true}
{"t":"2026-09-10T08:23:17.505Z","path":"/blogs/chip-design/cpo-multi-die-design","step":"verify","ok":true}
{"t":"2026-09-10T08:23:18.932Z","path":"/blogs/chip-design/create-ai-accelerator-chip-18-months-neuchips","step":"verify","ok":true}
{"t":"2026-09-10T08:23:19.325Z","path":"/blogs/chip-design/cryogenic-cmos-computing-semiwise","step":"verify","ok":true}
{"t":"2026-09-10T08:23:20.220Z","path":"/blogs/chip-design/custom-compiler-design-assistants-part-2","step":"verify","ok":true}
{"t":"2026-09-10T08:23:22.303Z","path":"/blogs/chip-design/custom-compiler-design-assistants","step":"verify","ok":true}
{"t":"2026-09-10T08:23:24.155Z","path":"/blogs/chip-design/custom-compiler-design-insights","step":"verify","ok":true}
{"t":"2026-09-10T08:23:24.566Z","path":"/blogs/chip-design/custom-compiler-layout","step":"verify","ok":true}
{"t":"2026-09-10T08:23:25.595Z","path":"/blogs/chip-design/custom-design-family-customer-testimonials","step":"verify","ok":true}
{"t":"2026-09-10T08:23:27.159Z","path":"/blogs/chip-design/custom-routing-cmos-image-sensors-co-design-flow","step":"verify","ok":true}
{"t":"2026-09-10T08:23:29.279Z","path":"/blogs/chip-design/customizing-foundation-ip-low-voltage-design","step":"verify","ok":true}
{"t":"2026-09-10T08:23:29.330Z","path":"/blogs/chip-design/cxl-2-data-center-interconnects","step":"verify","ok":true}
{"t":"2026-09-10T08:23:30.201Z","path":"/blogs/chip-design/cxl-2-device-discovery-path","step":"verify","ok":true}
{"t":"2026-09-10T08:23:32.426Z","path":"/blogs/chip-design/cxl-3-0-verification-solution-synopsys","step":"verify","ok":true}
{"t":"2026-09-10T08:23:34.523Z","path":"/blogs/chip-design/cxl-3-1-standard","step":"verify","ok":true}
{"t":"2026-09-10T08:23:34.879Z","path":"/blogs/chip-design/cxl-3-protocol-standard-demo-sc24","step":"verify","ok":true}
{"t":"2026-09-10T08:23:36.537Z","path":"/blogs/chip-design/cxl-4-bandwidth-first-what-designers-are-solving-next","step":"verify","ok":true}
{"t":"2026-09-10T08:23:37.419Z","path":"/blogs/chip-design/cxl-4-ip-solution-ai-memory-connectivity","step":"verify","ok":true}
{"t":"2026-09-10T08:23:39.628Z","path":"/blogs/chip-design/cxl-compliance-testevent","step":"verify","ok":true}
{"t":"2026-09-10T08:23:40.159Z","path":"/blogs/chip-design/cxl-design-verification-synopsys-protocol","step":"verify","ok":true}
{"t":"2026-09-10T08:23:42.320Z","path":"/blogs/chip-design/cxl-protocol-memory-pooling","step":"verify","ok":true}
{"t":"2026-09-10T08:23:43.053Z","path":"/blogs/chip-design/cxl-secured-network-traffic-specification","step":"verify","ok":true}
{"t":"2026-09-10T08:23:45.320Z","path":"/blogs/chip-design/cybersecurity-qa-cso-deirdre-hanford","step":"verify","ok":true}
{"t":"2026-09-10T08:23:45.698Z","path":"/blogs/chip-design/darpa-aiss-security-deirdre-hanford","step":"verify","ok":true}
{"t":"2026-09-10T08:23:47.755Z","path":"/blogs/chip-design/data-volume-growth-and-moores-law","step":"verify","ok":true}
{"t":"2026-09-10T08:23:47.798Z","path":"/blogs/chip-design/datapath-validation-artificial-intelligence-mathematical-cores","step":"verify","ok":true}
{"t":"2026-09-10T08:23:50.256Z","path":"/blogs/chip-design/ddr-generations-memory-density-speed","step":"verify","ok":true}
{"t":"2026-09-10T08:23:50.551Z","path":"/blogs/chip-design/ddr5-technology-advancements-performance","step":"verify","ok":true}
{"t":"2026-09-10T08:23:52.929Z","path":"/blogs/chip-design/delivering-lpddr6-read-write-eyes-10-6-gbps","step":"verify","ok":true}
{"t":"2026-09-10T08:23:53.171Z","path":"/blogs/chip-design/debugging-x-can-be-difficult","step":"verify","ok":true}
{"t":"2026-09-10T08:23:55.480Z","path":"/blogs/chip-design/demanding-chip-complexity-manufacturing-requirements-call-for-data-analytics","step":"verify","ok":true}
{"t":"2026-09-10T08:23:55.990Z","path":"/blogs/chip-design/demystifying-pcie-pipe-serdes-architecture","step":"verify","ok":true}
{"t":"2026-09-10T08:23:58.177Z","path":"/blogs/chip-design/design-automation-conference-2022","step":"verify","ok":true}
{"t":"2026-09-10T08:23:59.176Z","path":"/blogs/chip-design/designing-ai-chips-interview-thomas-andersen","step":"verify","ok":true}
{"t":"2026-09-10T08:24:01.105Z","path":"/blogs/chip-design/designing-chips-with-ai-enabled-tools","step":"verify","ok":true}
{"t":"2026-09-10T08:24:01.405Z","path":"/blogs/chip-design/designing-electrostatic-discharge-protection-for-monolithic-socs-and-multi-die-systems","step":"verify","ok":true}
{"t":"2026-09-10T08:24:03.813Z","path":"/blogs/chip-design/designing-hbm3-high-bandwidth-memory-interfaces","step":"verify","ok":true}
{"t":"2026-09-10T08:24:05.088Z","path":"/blogs/chip-design/dfi-5-enhances-ddr5-lpddr5-performance","step":"verify","ok":true}
{"t":"2026-09-10T08:24:06.566Z","path":"/blogs/chip-design/difference-between-mom-mim-mos-capacitor","step":"verify","ok":true}
{"t":"2026-09-10T08:24:06.761Z","path":"/blogs/chip-design/die-to-die-connectivity-for-hpc","step":"verify","ok":true}
{"t":"2026-09-10T08:24:09.407Z","path":"/blogs/chip-design/digital-design-tech-symposium-2021","step":"verify","ok":true}
{"t":"2026-09-10T08:24:10.322Z","path":"/blogs/chip-design/digital-engineering-transforms-chips-future","step":"verify","ok":true}
{"t":"2026-09-10T08:24:11.863Z","path":"/blogs/chip-design/digital-media-internship-program","step":"verify","ok":true}
{"t":"2026-09-10T08:24:12.900Z","path":"/blogs/chip-design/digital-twins-drive-innovation-in-auto-industry","step":"verify","ok":true}
{"t":"2026-09-10T08:24:14.408Z","path":"/blogs/chip-design/digital-twins-semiconductor-industry","step":"verify","ok":true}
{"t":"2026-09-10T08:24:14.953Z","path":"/blogs/chip-design/digital-twins-transform-aerospace-defense","step":"verify","ok":true}
{"t":"2026-09-10T08:24:17.099Z","path":"/blogs/chip-design/displayport-2-features-20gbps-16k","step":"verify","ok":true}
{"t":"2026-09-10T08:24:18.041Z","path":"/blogs/chip-design/distributed-object-storage","step":"verify","ok":true}
{"t":"2026-09-10T08:24:19.477Z","path":"/blogs/chip-design/dma-enhances-computer-performance","step":"verify","ok":true}
{"t":"2026-09-10T08:24:20.340Z","path":"/blogs/chip-design/dod-microelectronics-commons-hub-eda-tools","step":"verify","ok":true}
{"t":"2026-09-10T08:24:22.062Z","path":"/blogs/chip-design/driving-the-future-renesas-r-car-gen-5-virtual-prototypes-enable-sdvs","step":"verify","ok":true}
{"t":"2026-09-10T08:24:22.669Z","path":"/blogs/chip-design/dvcon-2024-multi-die-verification-panel","step":"verify","ok":true}
{"t":"2026-09-10T08:24:24.766Z","path":"/blogs/chip-design/dynamic-hdr-hdmi2-for-tv-mobiles","step":"verify","ok":true}
{"t":"2026-09-10T08:24:25.248Z","path":"/blogs/chip-design/eda-cloud-predictions-2024","step":"verify","ok":true}
{"t":"2026-09-10T08:24:26.882Z","path":"/blogs/chip-design/eda-in-the-cloud-snug-2023","step":"verify","ok":true}
{"t":"2026-09-10T08:24:27.799Z","path":"/blogs/chip-design/eda-license-management","step":"verify","ok":true}
{"t":"2026-09-10T08:24:29.644Z","path":"/blogs/chip-design/eda-tools-dso-ai-100-tapeouts","step":"verify","ok":true}
{"t":"2026-09-10T08:24:30.284Z","path":"/blogs/chip-design/eda-tools-for-aerospace-chip-designers","step":"verify","ok":true}
{"t":"2026-09-10T08:24:32.115Z","path":"/blogs/chip-design/eda-tools-help-students-build-ic-design-skills","step":"verify","ok":true}
{"t":"2026-09-10T08:24:32.761Z","path":"/blogs/chip-design/eda-tools-ip-solutions-and-auto-compliance","step":"verify","ok":true}
{"t":"2026-09-10T08:24:34.745Z","path":"/blogs/chip-design/eda-workloads-amd-epyc-processors","step":"verify","ok":true}
{"t":"2026-09-10T08:24:35.876Z","path":"/blogs/chip-design/eda-workloads-amd-processors","step":"verify","ok":true}
{"t":"2026-09-10T08:24:37.333Z","path":"/blogs/chip-design/eda-workloads","step":"verify","ok":true}
{"t":"2026-09-10T08:24:37.570Z","path":"/blogs/chip-design/eda-workloads-hybrid-cloud-solution","step":"verify","ok":true}
{"t":"2026-09-10T08:24:39.942Z","path":"/blogs/chip-design/edge-ai-in-memory-compute","step":"verify","ok":true}
{"t":"2026-09-10T08:24:41.422Z","path":"/blogs/chip-design/edge-ai-where-artificial-intelligence-meets-the-physical-world","step":"verify","ok":true}
{"t":"2026-09-10T08:24:42.397Z","path":"/blogs/chip-design/edge-computing-architecture","step":"verify","ok":true}
{"t":"2026-09-10T08:24:42.920Z","path":"/blogs/chip-design/edge-computing-benefits-and-challenges","step":"verify","ok":true}
{"t":"2026-09-10T08:24:44.776Z","path":"/blogs/chip-design/edge-machine-learning-apps-sima-ai-synopsys","step":"verify","ok":true}
{"t":"2026-09-10T08:24:46.755Z","path":"/blogs/chip-design/edp-verification-challenges-panel-refresh","step":"verify","ok":true}
{"t":"2026-09-10T08:24:47.521Z","path":"/blogs/chip-design/efficient-interconnect-planning-synopsys-ic-compiler-ii","step":"verify","ok":true}
{"t":"2026-09-10T08:24:47.882Z","path":"/blogs/chip-design/electron-beam-lithography-multibeam","step":"verify","ok":true}
{"t":"2026-09-10T08:24:50.814Z","path":"/blogs/chip-design/electronic-design-snug-israel-2022","step":"verify","ok":true}
{"t":"2026-09-10T08:24:51.968Z","path":"/blogs/chip-design/electronics-digital-twin-automotive-innovation","step":"verify","ok":true}
{"t":"2026-09-10T08:24:52.532Z","path":"/blogs/chip-design/electronics-digital-twin-edt","step":"verify","ok":true}
{"t":"2026-09-10T08:24:52.814Z","path":"/blogs/chip-design/electronics-digital-twin-platform","step":"verify","ok":true}
{"t":"2026-09-10T08:24:56.019Z","path":"/blogs/chip-design/electronics-industry-sustainable-world","step":"verify","ok":true}
{"t":"2026-09-10T08:24:57.305Z","path":"/blogs/chip-design/emulation-helps-find-power-bugs-soc-verification","step":"verify","ok":true}
{"t":"2026-09-10T08:24:58.361Z","path":"/blogs/chip-design/enabling-electronics-digital-twins-with-nxp-s32n-processor-vdks","step":"verify","ok":true}
{"t":"2026-09-10T08:24:58.676Z","path":"/blogs/chip-design/emulation-technology-soc-power-verification","step":"verify","ok":true}
{"t":"2026-09-10T08:25:00.991Z","path":"/blogs/chip-design/enabling-superior-rtl-with-synopsys-rtl-architect-discussion-with-vineet-rashingkar","step":"verify","ok":true}
{"t":"2026-09-10T08:25:03.080Z","path":"/blogs/chip-design/energy-efficient-ai-accelerator-data-centers","step":"verify","ok":true}
{"t":"2026-09-10T08:25:03.587Z","path":"/blogs/chip-design/energy-efficient-ai-per-watt","step":"verify","ok":true}
{"t":"2026-09-10T08:25:05.108Z","path":"/blogs/chip-design/energy-efficient-compute-designs-cxl-3-0-verification-ip","step":"verify","ok":true}
{"t":"2026-09-10T08:25:06.579Z","path":"/blogs/chip-design/engineering-intelligent-systems-multiphysics-world","step":"verify","ok":true}
{"t":"2026-09-10T08:25:08.811Z","path":"/blogs/chip-design/enhance-chip-verification-with-ai-and-machine-learning","step":"verify","ok":true}
{"t":"2026-09-10T08:25:09.358Z","path":"/blogs/chip-design/enhancing-chip-design-simulation-with-artificial-intelligence","step":"verify","ok":true}
{"t":"2026-09-10T08:25:10.671Z","path":"/blogs/chip-design/enhancing-chip-design-with-ai","step":"verify","ok":true}
{"t":"2026-09-10T08:25:11.863Z","path":"/blogs/chip-design/ensuring-reliability-haps-physical-prototyping-systems","step":"verify","ok":true}
{"t":"2026-09-10T08:25:14.505Z","path":"/blogs/chip-design/enterprise-generative-ai-tools-roi","step":"verify","ok":true}
{"t":"2026-09-10T08:25:14.807Z","path":"/blogs/chip-design/equivalence-checking-and-functional-eco","step":"verify","ok":true}
{"t":"2026-09-10T08:25:16.758Z","path":"/blogs/chip-design/esd-electrostatic-discharge-analysis-prevention","step":"verify","ok":true}
{"t":"2026-09-10T08:25:17.779Z","path":"/blogs/chip-design/esp-bridging-the-gap-video-series","step":"verify","ok":true}
{"t":"2026-09-10T08:25:19.894Z","path":"/blogs/chip-design/esp-technology-high-coverage-symbolic-verification","step":"verify","ok":true}
{"t":"2026-09-10T08:25:21.832Z","path":"/blogs/chip-design/esp-equivalence-checking-custom-design-interview-almitra-pradhan","step":"verify","ok":true}
{"t":"2026-09-10T08:25:22.552Z","path":"/blogs/chip-design/essential-cloud-computing-characteristics","step":"verify","ok":true}
{"t":"2026-09-10T08:25:23.765Z","path":"/blogs/chip-design/esun-ethernet-ai-scale-up-networking","step":"verify","ok":true}
{"t":"2026-09-10T08:25:24.865Z","path":"/blogs/chip-design/ethernet-1-6t-vip-and-protocol-solutions","step":"verify","ok":true}
{"t":"2026-09-10T08:25:27.226Z","path":"/blogs/chip-design/ethernet-802-3ck-800g-terabit-speeds","step":"verify","ok":true}
{"t":"2026-09-10T08:25:29.180Z","path":"/blogs/chip-design/ethernet-connectivity-for-hyperscale-data-centers","step":"verify","ok":true}
{"t":"2026-09-10T08:25:29.414Z","path":"/blogs/chip-design/ethernet-evolution-trends-challenges-future","step":"verify","ok":true}
{"t":"2026-09-10T08:25:30.845Z","path":"/blogs/chip-design/ethernet-interoperability-simulation","step":"verify","ok":true}
{"t":"2026-09-10T08:25:33.590Z","path":"/blogs/chip-design/ethernet-tsn-automotive-avb-applications","step":"verify","ok":true}
{"t":"2026-09-10T08:25:35.211Z","path":"/blogs/chip-design/ethernet-tsn-synopsys-verification","step":"verify","ok":true}
{"t":"2026-09-10T08:25:35.657Z","path":"/blogs/chip-design/europe-semiconductor-workforce-development","step":"verify","ok":true}
{"t":"2026-09-10T08:25:36.185Z","path":"/blogs/chip-design/evolution-of-synthesis-navigating-complex-rules-in-finfet-era","step":"verify","ok":true}
{"t":"2026-09-10T08:25:38.660Z","path":"/blogs/chip-design/evolution-pvt-ip-ams-digitally-assisted-analog-daa","step":"verify","ok":true}
{"t":"2026-09-10T08:25:40.535Z","path":"/blogs/chip-design/examining-data-bus-inversions-for-lpddr-in-stateye","step":"verify","ok":true}
{"t":"2026-09-10T08:25:41.268Z","path":"/blogs/chip-design/exploring-resistance-extraction-techniques-starrc","step":"verify","ok":true}
{"t":"2026-09-10T08:25:41.378Z","path":"/blogs/chip-design/explaining-bizarre-results-p2p-resistance-current-density-on-chip-esd-network-simulations","step":"verify","ok":true}
{"t":"2026-09-10T08:25:44.159Z","path":"/blogs/chip-design/exploring-technical-features-of-starrc-merge-corners","step":"verify","ok":true}
{"t":"2026-09-10T08:25:46.101Z","path":"/blogs/chip-design/exploring-transistor-architecture-for-the-5-nm-node-and-beyond","step":"verify","ok":true}
{"t":"2026-09-10T08:25:46.272Z","path":"/blogs/chip-design/extending-mobile-soc-battery-life","step":"verify","ok":true}
{"t":"2026-09-10T08:25:47.045Z","path":"/blogs/chip-design/extraction-custom-design-advanced-nodes-interview-mo-movahed-ezazi","step":"verify","ok":true}
{"t":"2026-09-10T08:25:49.158Z","path":"/blogs/chip-design/fanout-rdl-routing-design-automation","step":"verify","ok":true}
{"t":"2026-09-10T08:25:51.353Z","path":"/blogs/chip-design/fast-soc-emulation-boost-chip-verification","step":"verify","ok":true}
{"t":"2026-09-10T08:25:51.705Z","path":"/blogs/chip-design/fast-accurate-virtual-prototyping","step":"verify","ok":true}
{"t":"2026-09-10T08:25:52.965Z","path":"/blogs/chip-design/faster-chip-timing-signoff-flexeda","step":"verify","ok":true}
{"t":"2026-09-10T08:25:54.217Z","path":"/blogs/chip-design/faster-chiplet-soc-design-with-arm-collaboration","step":"verify","ok":true}
{"t":"2026-09-10T08:25:56.381Z","path":"/blogs/chip-design/faster-prototyping-haps","step":"verify","ok":true}
{"t":"2026-09-10T08:25:56.719Z","path":"/blogs/chip-design/faster-waveform-dumping-verdi-vcs","step":"verify","ok":true}
{"t":"2026-09-10T08:25:59.211Z","path":"/blogs/chip-design/fault-simulation-techniques-for-safety-critical-chip-designs","step":"verify","ok":true}
{"t":"2026-09-10T08:25:59.723Z","path":"/blogs/chip-design/fault-simulation-techniques","step":"verify","ok":true}
{"t":"2026-09-10T08:26:01.927Z","path":"/blogs/chip-design/first-mobile-phone-usb-type-c","step":"verify","ok":true}
{"t":"2026-09-10T08:26:02.376Z","path":"/blogs/chip-design/finding-hardware-bugs-faster","step":"verify","ok":true}
{"t":"2026-09-10T08:26:04.206Z","path":"/blogs/chip-design/first-verification-ip-arm-amba","step":"verify","ok":true}
{"t":"2026-09-10T08:26:05.195Z","path":"/blogs/chip-design/first-verification-ips-arm-amba","step":"verify","ok":true}
{"t":"2026-09-10T08:26:07.343Z","path":"/blogs/chip-design/formal-chip-design-verification-in-the-cloud","step":"verify","ok":true}
{"t":"2026-09-10T08:26:07.580Z","path":"/blogs/chip-design/formal-verification-increases-soc-design-productivity","step":"verify","ok":true}
{"t":"2026-09-10T08:26:10.215Z","path":"/blogs/chip-design/fpga-prototyping-for-high-rtl-debug-productivity","step":"verify","ok":true}
{"t":"2026-09-10T08:26:10.826Z","path":"/blogs/chip-design/fpga-prototyping-powers-soc-process","step":"verify","ok":true}
{"t":"2026-09-10T08:26:12.849Z","path":"/blogs/chip-design/fpga-prototyping-scaled-out-chip-design-validation","step":"verify","ok":true}
{"t":"2026-09-10T08:26:13.357Z","path":"/blogs/chip-design/freertos-virtual-ecu-development-validation-silver","step":"verify","ok":true}
{"t":"2026-09-10T08:26:15.863Z","path":"/blogs/chip-design/fujitsu-monaka-green-data-centers","step":"verify","ok":true}
{"t":"2026-09-10T08:26:16.255Z","path":"/blogs/chip-design/functional-safety-automotive-digital-mipi-cse","step":"verify","ok":true}
{"t":"2026-09-10T08:26:18.661Z","path":"/blogs/chip-design/functional-safety-implementation-goes-mainstream","step":"verify","ok":true}
{"t":"2026-09-10T08:26:18.961Z","path":"/blogs/chip-design/fundamentals-of-cloud-computing-and-its-role-in-eda","step":"verify","ok":true}
{"t":"2026-09-10T08:26:21.002Z","path":"/blogs/chip-design/fusion-compiler-scaling-design","step":"verify","ok":true}
{"t":"2026-09-10T08:26:21.681Z","path":"/blogs/chip-design/future-gaming-displays-advancements","step":"verify","ok":true}
{"t":"2026-09-10T08:26:23.784Z","path":"/blogs/chip-design/future-mobility-arm-zena-soafee-workflows-ces","step":"verify","ok":true}
{"t":"2026-09-10T08:26:24.051Z","path":"/blogs/chip-design/future-of-ai-in-chip-design","step":"verify","ok":true}
{"t":"2026-09-10T08:26:26.706Z","path":"/blogs/chip-design/future-of-auto-sensor-fusion-data-handling","step":"verify","ok":true}
{"t":"2026-09-10T08:26:27.265Z","path":"/blogs/chip-design/future-of-electronic-design-automation","step":"verify","ok":true}
{"t":"2026-09-10T08:26:28.439Z","path":"/blogs/chip-design/future-semiconductor-industry-multi-die","step":"verify","ok":true}
{"t":"2026-09-10T08:26:28.929Z","path":"/blogs/chip-design/gate-all-around-complementary-fets-whats-next-transistor-scaling","step":"verify","ok":true}
{"t":"2026-09-10T08:26:31.991Z","path":"/blogs/chip-design/gate-resistance-ic-design-flow","step":"verify","ok":true}
{"t":"2026-09-10T08:26:33.252Z","path":"/blogs/chip-design/generative-agentic-ai-chip-design","step":"verify","ok":true}
{"t":"2026-09-10T08:26:33.441Z","path":"/blogs/chip-design/gddr6-ai-vr-autonomous-driving","step":"verify","ok":true}
{"t":"2026-09-10T08:26:34.583Z","path":"/blogs/chip-design/generative-ai-chip-design-panel","step":"verify","ok":true}
{"t":"2026-09-10T08:26:36.586Z","path":"/blogs/chip-design/generative-ai-computex-2024","step":"verify","ok":true}
{"t":"2026-09-10T08:26:38.598Z","path":"/blogs/chip-design/generative-ai-semiconductor-industry-eda-panel","step":"verify","ok":true}
{"t":"2026-09-10T08:26:38.808Z","path":"/blogs/chip-design/generative-ai-in-chip-design-2024","step":"verify","ok":true}
{"t":"2026-09-10T08:26:39.710Z","path":"/blogs/chip-design/ghg-emission-reduction-goals","step":"verify","ok":true}
{"t":"2026-09-10T08:26:41.641Z","path":"/blogs/chip-design/golden-signoff-backbone-fusion-compiler-neeraj-kaul","step":"verify","ok":true}
{"t":"2026-09-10T08:26:44.098Z","path":"/blogs/chip-design/good-activity-data-improve-your-dynamic-voltage-drop-analysis","step":"verify","ok":true}
{"t":"2026-09-10T08:26:44.494Z","path":"/blogs/chip-design/good-enough-government-work","step":"verify","ok":true}
{"t":"2026-09-10T08:26:44.993Z","path":"/blogs/chip-design/gpu-acceleration-chip-design-flow","step":"verify","ok":true}
{"t":"2026-09-10T08:26:46.701Z","path":"/blogs/chip-design/haps-prototyping-systems-use-cases-benefits","step":"verify","ok":true}
{"t":"2026-09-10T08:26:49.051Z","path":"/blogs/chip-design/hardware-root-of-trust-security","step":"verify","ok":true}
{"t":"2026-09-10T08:26:49.710Z","path":"/blogs/chip-design/hbm-performance-verification-guide","step":"verify","ok":true}
{"t":"2026-09-10T08:26:50.296Z","path":"/blogs/chip-design/hardware-security-vs-software-security","step":"verify","ok":true}
{"t":"2026-09-10T08:26:51.539Z","path":"/blogs/chip-design/hbm-signal-integrity-after-routing","step":"verify","ok":true}
{"t":"2026-09-10T08:26:54.209Z","path":"/blogs/chip-design/hbm3-next-generation-memory-standard","step":"verify","ok":true}
{"t":"2026-09-10T08:26:54.500Z","path":"/blogs/chip-design/hdmi-2-1-channeling-the-genx-audio-video-experience","step":"verify","ok":true}
{"t":"2026-09-10T08:26:55.959Z","path":"/blogs/chip-design/hdmi-2-1a-sbtm-gaming-acceleration","step":"verify","ok":true}
{"t":"2026-09-10T08:26:56.164Z","path":"/blogs/chip-design/hdmi-hdcp2-authentication-process","step":"verify","ok":true}
{"t":"2026-09-10T08:26:59.227Z","path":"/blogs/chip-design/hdmi-scrambling-higher-data-rates","step":"verify","ok":true}
{"t":"2026-09-10T08:26:59.568Z","path":"/blogs/chip-design/hdmi-quick-media-switching","step":"verify","ok":true}
{"t":"2026-09-10T08:27:00.779Z","path":"/blogs/chip-design/heterogeneous-clusters-and-dynamic-scaling","step":"verify","ok":true}
{"t":"2026-09-10T08:27:02.069Z","path":"/blogs/chip-design/high-bandwidth-memory-hbm-ai-future","step":"verify","ok":true}
{"t":"2026-09-10T08:27:04.964Z","path":"/blogs/chip-design/high-capacity-high-performance-flash-memory","step":"verify","ok":true}
{"t":"2026-09-10T08:27:05.028Z","path":"/blogs/chip-design/high-frequency-jitter-amplification-accuracy-stateye","step":"verify","ok":true}
{"t":"2026-09-10T08:27:06.558Z","path":"/blogs/chip-design/high-na-euv-computational-lithography","step":"verify","ok":true}
{"t":"2026-09-10T08:27:07.157Z","path":"/blogs/chip-design/high-performance-compute-eda-cloud","step":"verify","ok":true}
{"t":"2026-09-10T08:27:10.080Z","path":"/blogs/chip-design/high-performance-computing-applications","step":"verify","ok":true}
{"t":"2026-09-10T08:27:10.874Z","path":"/blogs/chip-design/high-performance-computing-2022","step":"verify","ok":true}
{"t":"2026-09-10T08:27:11.946Z","path":"/blogs/chip-design/high-performance-computing-architecture","step":"verify","ok":true}
{"t":"2026-09-10T08:27:12.181Z","path":"/blogs/chip-design/high-performance-computing-cluster","step":"verify","ok":true}
{"t":"2026-09-10T08:27:16.005Z","path":"/blogs/chip-design/high-performance-storage","step":"verify","ok":true}
{"t":"2026-09-10T08:27:16.222Z","path":"/blogs/chip-design/high-performance-simulation-predictable-capacity-uplift-cloud","step":"verify","ok":true}
{"t":"2026-09-10T08:27:17.229Z","path":"/blogs/chip-design/high-speed-memory-smartphones-mipi","step":"verify","ok":true}
{"t":"2026-09-10T08:27:17.604Z","path":"/blogs/chip-design/high-res-displays-hdmi-dsc","step":"verify","ok":true}
{"t":"2026-09-10T08:27:21.009Z","path":"/blogs/chip-design/how-3dic-compiler-powers-multidie-design-breakthroughs","step":"verify","ok":true}
{"t":"2026-09-10T08:27:21.976Z","path":"/blogs/chip-design/how-ai-changed-chip-design-eda-tools","step":"verify","ok":true}
{"t":"2026-09-10T08:27:22.606Z","path":"/blogs/chip-design/how-ai-changes-chip-design-flow","step":"verify","ok":true}
{"t":"2026-09-10T08:27:23.066Z","path":"/blogs/chip-design/how-asu-researcher-became-chip-designer","step":"verify","ok":true}
{"t":"2026-09-10T08:27:25.911Z","path":"/blogs/chip-design/how-cameras-use-ai-neural-network-image-processing","step":"verify","ok":true}
{"t":"2026-09-10T08:27:27.319Z","path":"/blogs/chip-design/how-certify-supercomputer","step":"verify","ok":true}
{"t":"2026-09-10T08:27:27.904Z","path":"/blogs/chip-design/how-eda-forms-basis-for-designing-secure-systems","step":"verify","ok":true}
{"t":"2026-09-10T08:27:28.232Z","path":"/blogs/chip-design/how-dtco-advances-chip-design-process","step":"verify","ok":true}
{"t":"2026-09-10T08:27:31.066Z","path":"/blogs/chip-design/how-prototyping-increases-interoperability-success","step":"verify","ok":true}
{"t":"2026-09-10T08:27:32.459Z","path":"/blogs/chip-design/how-secure-ddr-interfaces-protect-dram-from-memory-attacks","step":"verify","ok":true}
{"t":"2026-09-10T08:27:32.826Z","path":"/blogs/chip-design/how-socs-are-designed-for-ai-applications","step":"verify","ok":true}
{"t":"2026-09-10T08:27:33.492Z","path":"/blogs/chip-design/how-synopsys-and-quintauris-accelerate-the-path-to-production","step":"verify","ok":true}
{"t":"2026-09-10T08:27:36.527Z","path":"/blogs/chip-design/how-to-build-chips-functional-safety-applications","step":"verify","ok":true}
{"t":"2026-09-10T08:27:37.618Z","path":"/blogs/chip-design/how-to-integrate-usb4-in-soc-design","step":"verify","ok":true}
{"t":"2026-09-10T08:27:38.134Z","path":"/blogs/chip-design/how-to-design-socs-for-the-sysmoore-era","step":"verify","ok":true}
{"t":"2026-09-10T08:27:38.525Z","path":"/blogs/chip-design/how-to-maximize-pcie-6-with-end-to-end-design-solutions","step":"verify","ok":true}
{"t":"2026-09-10T08:27:41.900Z","path":"/blogs/chip-design/how-to-secure-auto-ota-updates","step":"verify","ok":true}
{"t":"2026-09-10T08:27:42.783Z","path":"/blogs/chip-design/hpc-and-cloud-predictions-2021","step":"verify","ok":true}
{"t":"2026-09-10T08:27:43.274Z","path":"/blogs/chip-design/hpc-data-center-power-consumption","step":"verify","ok":true}
{"t":"2026-09-10T08:27:43.961Z","path":"/blogs/chip-design/hpc-applications-drive-chiplet-demand","step":"verify","ok":true}
{"t":"2026-09-10T08:27:47.091Z","path":"/blogs/chip-design/hpc-multi-die-chip-design-2025","step":"verify","ok":true}
{"t":"2026-09-10T08:27:48.240Z","path":"/blogs/chip-design/hpe-hpc-chip-design-tools","step":"verify","ok":true}
{"t":"2026-09-10T08:27:48.544Z","path":"/blogs/chip-design/hybrid-cloud-architecture-benefits-and-challenges","step":"verify","ok":true}
{"t":"2026-09-10T08:27:49.149Z","path":"/blogs/chip-design/hybrid-cloud-chip-design-agility-efficiency","step":"verify","ok":true}
{"t":"2026-09-10T08:27:52.189Z","path":"/blogs/chip-design/hybrid-cloud-integration","step":"verify","ok":true}
{"t":"2026-09-10T08:27:53.198Z","path":"/blogs/chip-design/hybrid-prototyping-solution","step":"verify","ok":true}
{"t":"2026-09-10T08:27:53.785Z","path":"/blogs/chip-design/hyper-convergent-chip-design-tools-power-soc","step":"verify","ok":true}
{"t":"2026-09-10T08:27:54.853Z","path":"/blogs/chip-design/hyper-convergent-chip-designs-news-and-trends","step":"verify","ok":true}
{"t":"2026-09-10T08:27:57.784Z","path":"/blogs/chip-design/hyper-convergent-chip-designs","step":"verify","ok":true}
{"t":"2026-09-10T08:27:58.907Z","path":"/blogs/chip-design/hyperscale-data-centers-224g-serdes-ethernet","step":"verify","ok":true}
{"t":"2026-09-10T08:27:59.132Z","path":"/blogs/chip-design/hyperscale-data-center-security-cloud-computing","step":"verify","ok":true}
{"t":"2026-09-10T08:27:59.792Z","path":"/blogs/chip-design/i3c-vip-hdr-multi-lane-verification","step":"verify","ok":true}
{"t":"2026-09-10T08:28:02.932Z","path":"/blogs/chip-design/ibm-research-ai-hardware-center","step":"verify","ok":true}
{"t":"2026-09-10T08:28:04.025Z","path":"/blogs/chip-design/ic-design-engineer-training-vietnam","step":"verify","ok":true}
{"t":"2026-09-10T08:28:04.246Z","path":"/blogs/chip-design/ic-design-reliability-analysis-primesim-continuum","step":"verify","ok":true}
{"t":"2026-09-10T08:28:04.773Z","path":"/blogs/chip-design/ic-design-tools-enable-ic-hyperconvergence","step":"verify","ok":true}
{"t":"2026-09-10T08:28:08.250Z","path":"/blogs/chip-design/ieee-8023-launches-study-group-400gbps-per-lane-ethernet-ai-networks","step":"verify","ok":true}
{"t":"2026-09-10T08:28:09.245Z","path":"/blogs/chip-design/ieee-standards-functional-safety","step":"verify","ok":true}
{"t":"2026-09-10T08:28:09.347Z","path":"/blogs/chip-design/impare-chip-design-verification-cloud","step":"verify","ok":true}
{"t":"2026-09-10T08:28:09.660Z","path":"/blogs/chip-design/improve-ai-chip-power-efficiency","step":"verify","ok":true}
{"t":"2026-09-10T08:28:13.873Z","path":"/blogs/chip-design/improved-power-system-optimization-soc-designs","step":"verify","ok":true}
{"t":"2026-09-10T08:28:14.124Z","path":"/blogs/chip-design/improving-analog-layout-efficiency-with-reusable-user-defined-device","step":"verify","ok":true}
{"t":"2026-09-10T08:28:14.371Z","path":"/blogs/chip-design/improving-quality-of-results-with-design-compiler-nxt","step":"verify","ok":true}
{"t":"2026-09-10T08:28:14.458Z","path":"/blogs/chip-design/improving-design-robustness-primeshield-discussion-li-ding","step":"verify","ok":true}
{"t":"2026-09-10T08:28:19.074Z","path":"/blogs/chip-design/improving-robustness-design-variability","step":"verify","ok":true}
{"t":"2026-09-10T08:28:19.089Z","path":"/blogs/chip-design/improving-results-quickly-with-singular-rtl-to-gdsii-product","step":"verify","ok":true}
{"t":"2026-09-10T08:28:19.363Z","path":"/blogs/chip-design/india-semiconductor-industry-influence","step":"verify","ok":true}
{"t":"2026-09-10T08:28:20.109Z","path":"/blogs/chip-design/improving-semiconductor-yield-with-test-data-analytics","step":"verify","ok":true}
{"t":"2026-09-10T08:28:24.276Z","path":"/blogs/chip-design/industry-first-verification-ip-arm-amb-dtih","step":"verify","ok":true}
{"t":"2026-09-10T08:28:24.373Z","path":"/blogs/chip-design/industry-first-verification-ip-arm-amba-axi-l-simplifies-soc","step":"verify","ok":true}
{"t":"2026-09-10T08:28:24.381Z","path":"/blogs/chip-design/industry-1stcxl-verification-ip-transforming-aihpc-systems","step":"verify","ok":true}
{"t":"2026-09-10T08:28:25.846Z","path":"/blogs/chip-design/industry-first-vip-for-arm-amba-dti-g","step":"verify","ok":true}
{"t":"2026-09-10T08:28:29.028Z","path":"/blogs/chip-design/industry-first-vip-for-display-port-automotive-extensions","step":"verify","ok":true}
{"t":"2026-09-10T08:28:29.167Z","path":"/blogs/chip-design/innovation-enablers-synopsys-story","step":"verify","ok":true}
{"t":"2026-09-10T08:28:29.449Z","path":"/blogs/chip-design/industry-first-vip-for-pcie-7-0","step":"verify","ok":true}
{"t":"2026-09-10T08:28:30.584Z","path":"/blogs/chip-design/innovations-formality-equivalence-checking-interview-todd-buzan","step":"verify","ok":true}
{"t":"2026-09-10T08:28:34.043Z","path":"/blogs/chip-design/innovations-in-ic-validator-physical-signoff","step":"verify","ok":true}
{"t":"2026-09-10T08:28:34.149Z","path":"/blogs/chip-design/integrated-design-ai-chip-software","step":"verify","ok":true}
{"t":"2026-09-10T08:28:34.183Z","path":"/blogs/chip-design/intel-ucie-chiplet-test","step":"verify","ok":true}
{"t":"2026-09-10T08:28:35.696Z","path":"/blogs/chip-design/interactive-debugging-reducing-simulation-debug-tat","step":"verify","ok":true}
{"t":"2026-09-10T08:28:39.086Z","path":"/blogs/chip-design/interconnect-ip-scalable-compute-clusters","step":"verify","ok":true}
{"t":"2026-09-10T08:28:39.418Z","path":"/blogs/chip-design/interface-protocol-validation-zebu-solutions","step":"verify","ok":true}
{"t":"2026-09-10T08:28:39.503Z","path":"/blogs/chip-design/interface-ip-3d-multi-die","step":"verify","ok":true}
{"t":"2026-09-10T08:28:40.700Z","path":"/blogs/chip-design/international-day-of-women-in-science-2022","step":"verify","ok":true}
{"t":"2026-09-10T08:28:43.917Z","path":"/blogs/chip-design/introducing-fusion-compiler-synthesis-place-and-route-solution","step":"verify","ok":true}
{"t":"2026-09-10T08:28:44.221Z","path":"/blogs/chip-design/introduction-cxl-device-types","step":"verify","ok":true}
{"t":"2026-09-10T08:28:44.648Z","path":"/blogs/chip-design/introducing-zebu-200-haps-200","step":"verify","ok":true}
{"t":"2026-09-10T08:28:45.409Z","path":"/blogs/chip-design/introduction-to-analog-fault-simulation-using-synopsys-custom-design-platform","step":"verify","ok":true}
{"t":"2026-09-10T08:28:49.453Z","path":"/blogs/chip-design/iot-applications-with-low-power-design-techniques","step":"verify","ok":true}
{"t":"2026-09-10T08:28:49.818Z","path":"/blogs/chip-design/iot-device-security-isim","step":"verify","ok":true}
{"t":"2026-09-10T08:28:50.051Z","path":"/blogs/chip-design/iot-design-the-future-is-smart-and-connected","step":"verify","ok":true}
{"t":"2026-09-10T08:28:50.731Z","path":"/blogs/chip-design/iot-security-challenges-solutions","step":"verify","ok":true}
{"t":"2026-09-10T08:28:54.245Z","path":"/blogs/chip-design/ir-eco-is-it-possible-to-fix-voltage-drop-violations-without-destroying-your-chip-timing","step":"verify","ok":true}
{"t":"2026-09-10T08:28:54.885Z","path":"/blogs/chip-design/jedec-ddr5-sdram-vip-hpc","step":"verify","ok":true}
{"t":"2026-09-10T08:28:55.266Z","path":"/blogs/chip-design/is-your-voltage-drop-flow-obsolete","step":"verify","ok":true}
{"t":"2026-09-10T08:28:55.754Z","path":"/blogs/chip-design/jedec-lpddr4-standard-publication","step":"verify","ok":true}
{"t":"2026-09-10T08:29:00.067Z","path":"/blogs/chip-design/jumpstart-chip-design-digital-instance-cloud","step":"verify","ok":true}
{"t":"2026-09-10T08:29:00.301Z","path":"/blogs/chip-design/journey-of-coverage-closure","step":"verify","ok":true}
{"t":"2026-09-10T08:29:00.739Z","path":"/blogs/chip-design/kioxia-leads-the-way-in-optimizing-simulation-verification","step":"verify","ok":true}
{"t":"2026-09-10T08:29:01.392Z","path":"/blogs/chip-design/kioxia-innovates-soc-design-eda-ai-technologies","step":"verify","ok":true}
{"t":"2026-09-10T08:29:04.875Z","path":"/blogs/chip-design/latin-america-semiconductor-workforce-development","step":"verify","ok":true}
{"t":"2026-09-10T08:29:05.132Z","path":"/blogs/chip-design/latest-arm-amba-ace5-lite-updates","step":"verify","ok":true}
{"t":"2026-09-10T08:29:05.884Z","path":"/blogs/chip-design/leverage-the-pcie-6-0-1-design","step":"verify","ok":true}
{"t":"2026-09-10T08:29:06.775Z","path":"/blogs/chip-design/leveraging-static-linting-tools","step":"verify","ok":true}
{"t":"2026-09-10T08:29:09.495Z","path":"/blogs/chip-design/library-characterization-eda-cloud","step":"verify","ok":true}
{"t":"2026-09-10T08:29:09.876Z","path":"/blogs/chip-design/library-characterization-for-advanced-process-designs","step":"verify","ok":true}
{"t":"2026-09-10T08:29:11.057Z","path":"/blogs/chip-design/library-characterization-tool-advanced-node-soc-design","step":"verify","ok":true}
{"t":"2026-09-10T08:29:11.601Z","path":"/blogs/chip-design/linting-techniques-automotive-aerospace-chip-design","step":"verify","ok":true}
{"t":"2026-09-10T08:29:14.204Z","path":"/blogs/chip-design/linting-tools-machine-learning","step":"verify","ok":true}
{"t":"2026-09-10T08:29:15.457Z","path":"/blogs/chip-design/low-power-chip-design-verification-tool","step":"verify","ok":true}
{"t":"2026-09-10T08:29:15.788Z","path":"/blogs/chip-design/low-power-chip-design-verification","step":"verify","ok":true}
{"t":"2026-09-10T08:29:17.062Z","path":"/blogs/chip-design/low-power-design-and-smart-iot-edge","step":"verify","ok":true}
{"t":"2026-09-10T08:29:19.779Z","path":"/blogs/chip-design/low-power-qa-with-dr-renu-mehra","step":"verify","ok":true}
{"t":"2026-09-10T08:29:20.299Z","path":"/blogs/chip-design/low-power-soc-design-hpc-data-center","step":"verify","ok":true}
{"t":"2026-09-10T08:29:21.316Z","path":"/blogs/chip-design/low-power-soc-design-verification","step":"verify","ok":true}
{"t":"2026-09-10T08:29:21.882Z","path":"/blogs/chip-design/lowering-analog-design-costs-with-strategic-approach","step":"verify","ok":true}
{"t":"2026-09-10T08:29:24.862Z","path":"/blogs/chip-design/lpddr3-vs-ddr3l-differences","step":"verify","ok":true}
{"t":"2026-09-10T08:29:25.358Z","path":"/blogs/chip-design/lpddr5-enhancements-iot-ai-image-processing","step":"verify","ok":true}
{"t":"2026-09-10T08:29:26.522Z","path":"/blogs/chip-design/lpddr5-ip-vip-solution-ddr5-leadership","step":"verify","ok":true}
{"t":"2026-09-10T08:29:27.308Z","path":"/blogs/chip-design/lpddr5-power-performance-ai-iot","step":"verify","ok":true}
{"t":"2026-09-10T08:29:29.963Z","path":"/blogs/chip-design/lpddr5x-future-mobile-memory","step":"verify","ok":true}
{"t":"2026-09-10T08:29:30.265Z","path":"/blogs/chip-design/lpddr5x-specification-memory-design","step":"verify","ok":true}
{"t":"2026-09-10T08:29:31.814Z","path":"/blogs/chip-design/lpddr6-verification-ip-ai-automotive-hpc-mobile-socs","step":"verify","ok":true}
{"t":"2026-09-10T08:29:32.448Z","path":"/blogs/chip-design/lpddr6-vs-lpddr5x-lpddr5-differences","step":"verify","ok":true}
{"t":"2026-09-10T08:29:34.754Z","path":"/blogs/chip-design/lvs-checking-process","step":"verify","ok":true}
{"t":"2026-09-10T08:29:35.066Z","path":"/blogs/chip-design/machine-learned-force-fields-atomistic-simulation","step":"verify","ok":true}
{"t":"2026-09-10T08:29:36.273Z","path":"/blogs/chip-design/machine-learning-chip-design-flow","step":"verify","ok":true}
{"t":"2026-09-10T08:29:37.566Z","path":"/blogs/chip-design/macsec-ip-iso-pas-8800-automotive","step":"verify","ok":true}
{"t":"2026-09-10T08:29:39.678Z","path":"/blogs/chip-design/managing-1000-thermal-states-mobile-soc","step":"verify","ok":true}
{"t":"2026-09-10T08:29:41.213Z","path":"/blogs/chip-design/managing-initial-state-formal-verification","step":"verify","ok":true}
{"t":"2026-09-10T08:29:41.637Z","path":"/blogs/chip-design/managing-nvme-verification-complexity","step":"verify","ok":true}
{"t":"2026-09-10T08:29:42.677Z","path":"/blogs/chip-design/mastering-ddr-phy-interoperability-dfi","step":"verify","ok":true}
{"t":"2026-09-10T08:29:45.079Z","path":"/blogs/chip-design/mastering-uvm-axi-vip-usage","step":"verify","ok":true}
{"t":"2026-09-10T08:29:46.008Z","path":"/blogs/chip-design/mastering-uvm-register-model-simplification","step":"verify","ok":true}
{"t":"2026-09-10T08:29:47.224Z","path":"/blogs/chip-design/maximizing-mobile-performance-lpddr4-ram","step":"verify","ok":true}
{"t":"2026-09-10T08:29:48.114Z","path":"/blogs/chip-design/meeting-ethernet-bandwidth-demand-1-6t-ethernet","step":"verify","ok":true}
{"t":"2026-09-10T08:29:50.232Z","path":"/blogs/chip-design/memory-chip-design-tools-and-challenges","step":"verify","ok":true}
{"t":"2026-09-10T08:29:51.373Z","path":"/blogs/chip-design/memory-design-techniques-silicon-reliability","step":"verify","ok":true}
{"t":"2026-09-10T08:29:52.834Z","path":"/blogs/chip-design/memory-design-with-machine-learning","step":"verify","ok":true}
{"t":"2026-09-10T08:29:53.085Z","path":"/blogs/chip-design/minimizing-late-stage-functional-ecos-interview-todd-buzan","step":"verify","ok":true}
{"t":"2026-09-10T08:29:55.236Z","path":"/blogs/chip-design/mipi-csi2-v21-automotive-drones-iot","step":"verify","ok":true}
{"t":"2026-09-10T08:29:56.452Z","path":"/blogs/chip-design/mipi-csi2-v30-5g-imaging-solution","step":"verify","ok":true}
{"t":"2026-09-10T08:29:58.759Z","path":"/blogs/chip-design/misra-autosar-future-connected-car","step":"verify","ok":true}
{"t":"2026-09-10T08:29:59.130Z","path":"/blogs/chip-design/mipi-m-phy-protocol-sergio-silva-qa","step":"verify","ok":true}
{"t":"2026-09-10T08:30:00.425Z","path":"/blogs/chip-design/ml-regression-failure-analysis","step":"verify","ok":true}
{"t":"2026-09-10T08:30:02.198Z","path":"/blogs/chip-design/multi-chip-module-packaging-types","step":"verify","ok":true}
{"t":"2026-09-10T08:30:04.080Z","path":"/blogs/chip-design/multi-cloud-security","step":"verify","ok":true}
{"t":"2026-09-10T08:30:04.818Z","path":"/blogs/chip-design/multi-cloud-infrastructure","step":"verify","ok":true}
{"t":"2026-09-10T08:30:06.098Z","path":"/blogs/chip-design/multi-cloud-storage","step":"verify","ok":true}
{"t":"2026-09-10T08:30:06.978Z","path":"/blogs/chip-design/multi-cloud-strategy","step":"verify","ok":true}
{"t":"2026-09-10T08:30:09.110Z","path":"/blogs/chip-design/multi-die-automotive-chip-designs","step":"verify","ok":true}
{"t":"2026-09-10T08:30:10.065Z","path":"/blogs/chip-design/multi-die-chip-design-samsung-foundry","step":"verify","ok":true}
{"t":"2026-09-10T08:30:11.496Z","path":"/blogs/chip-design/multi-die-chip-design-synopsys-samsung","step":"verify","ok":true}
{"t":"2026-09-10T08:30:11.963Z","path":"/blogs/chip-design/multi-die-chip-design-tsmc","step":"verify","ok":true}
{"t":"2026-09-10T08:30:15.282Z","path":"/blogs/chip-design/multi-die-design-challenges-industry-insights-chiplet-summit","step":"verify","ok":true}
{"t":"2026-09-10T08:30:15.447Z","path":"/blogs/chip-design/multi-die-design-comparison-monolithic-pcb","step":"verify","ok":true}
{"t":"2026-09-10T08:30:17.199Z","path":"/blogs/chip-design/multi-die-health-reliability-advances","step":"verify","ok":true}
{"t":"2026-09-10T08:30:17.326Z","path":"/blogs/chip-design/multi-die-design-stco-ai","step":"verify","ok":true}
{"t":"2026-09-10T08:30:20.224Z","path":"/blogs/chip-design/multi-die-multiphysics-co-design","step":"verify","ok":true}
{"t":"2026-09-10T08:30:21.915Z","path":"/blogs/chip-design/multi-die-systems-chip-verification","step":"verify","ok":true}
{"t":"2026-09-10T08:30:22.363Z","path":"/blogs/chip-design/multi-die-systems-changing-semiconductor-design","step":"verify","ok":true}
{"t":"2026-09-10T08:30:22.440Z","path":"/blogs/chip-design/multi-die-systems-panel","step":"verify","ok":true}
{"t":"2026-09-10T08:30:25.686Z","path":"/blogs/chip-design/multi-die-systems-report-mit-technology-review","step":"verify","ok":true}
{"t":"2026-09-10T08:30:26.997Z","path":"/blogs/chip-design/multi-die-systems-silicon-lifecycle-management","step":"verify","ok":true}
{"t":"2026-09-10T08:30:27.331Z","path":"/blogs/chip-design/multi-die-systems-semiconductor-companies","step":"verify","ok":true}
{"t":"2026-09-10T08:30:28.493Z","path":"/blogs/chip-design/multi-domain-voltage-control-verification-avsbus-2-vip","step":"verify","ok":true}
{"t":"2026-09-10T08:30:30.810Z","path":"/blogs/chip-design/multi-physics-effects-multi-die-systems","step":"verify","ok":true}
{"t":"2026-09-10T08:30:32.220Z","path":"/blogs/chip-design/multiphysics-fusion-chip-design","step":"verify","ok":true}
{"t":"2026-09-10T08:30:32.329Z","path":"/blogs/chip-design/multiphysics-chip-design-challenges","step":"verify","ok":true}
{"t":"2026-09-10T08:30:34.282Z","path":"/blogs/chip-design/mutli-die-systems-2024","step":"verify","ok":true}
{"t":"2026-09-10T08:30:36.589Z","path":"/blogs/chip-design/nand-flash-memory-system-verification","step":"verify","ok":true}
{"t":"2026-09-10T08:30:37.655Z","path":"/blogs/chip-design/navigating-transition-mil-to-vhil-virtualizer-studio","step":"verify","ok":true}
{"t":"2026-09-10T08:30:37.817Z","path":"/blogs/chip-design/nas-vs-san","step":"verify","ok":true}
{"t":"2026-09-10T08:30:39.914Z","path":"/blogs/chip-design/neuromorphic-computing-physical-ai-edge","step":"verify","ok":true}
{"t":"2026-09-10T08:30:41.407Z","path":"/blogs/chip-design/new-generation-lpddr-advancements","step":"verify","ok":true}
{"t":"2026-09-10T08:30:42.772Z","path":"/blogs/chip-design/new-synopsys-hq","step":"verify","ok":true}
{"t":"2026-09-10T08:30:43.132Z","path":"/blogs/chip-design/new-world-of-tech-innovation","step":"verify","ok":true}
{"t":"2026-09-10T08:30:44.853Z","path":"/blogs/chip-design/next-decade-chip-startups-insights-opportunities","step":"verify","ok":true}
{"t":"2026-09-10T08:30:47.429Z","path":"/blogs/chip-design/next-era-chip-design-and-machine-learning","step":"verify","ok":true}
{"t":"2026-09-10T08:30:47.747Z","path":"/blogs/chip-design/next-evolution-synopsys-digital-toolset-fusion-compiler-design-compiler-nxt","step":"verify","ok":true}
{"t":"2026-09-10T08:30:48.219Z","path":"/blogs/chip-design/next-gen-memory-tech-for-graphics-networking-hpc","step":"verify","ok":true}
{"t":"2026-09-10T08:30:50.668Z","path":"/blogs/chip-design/nhtsa-auto-cybersecurity-best-practices","step":"verify","ok":true}
{"t":"2026-09-10T08:30:52.942Z","path":"/blogs/chip-design/official-pcie-5-speed-chart","step":"verify","ok":true}
{"t":"2026-09-10T08:30:53.159Z","path":"/blogs/chip-design/nvdimms-blending-memory-storage","step":"verify","ok":true}
{"t":"2026-09-10T08:30:53.251Z","path":"/blogs/chip-design/nvidia-gpu-circuit-simulation","step":"verify","ok":true}
{"t":"2026-09-10T08:30:55.977Z","path":"/blogs/chip-design/on-premise-cloud","step":"verify","ok":true}
{"t":"2026-09-10T08:30:58.060Z","path":"/blogs/chip-design/one-on-one-with-aveek-sarkar","step":"verify","ok":true}
{"t":"2026-09-10T08:30:58.334Z","path":"/blogs/chip-design/on-premise-vs-cloud-pros-and-cons","step":"verify","ok":true}
{"t":"2026-09-10T08:30:58.816Z","path":"/blogs/chip-design/on-the-fly-code-review-chip-design-process","step":"verify","ok":true}
{"t":"2026-09-10T08:31:01.507Z","path":"/blogs/chip-design/optical-interconnects-enable-data-center-disaggregation","step":"verify","ok":true}
{"t":"2026-09-10T08:31:03.050Z","path":"/blogs/chip-design/optimize-ucie-verification-synopsys-vip","step":"verify","ok":true}
{"t":"2026-09-10T08:31:03.552Z","path":"/blogs/chip-design/optical-soc-design-tool-lightelligence","step":"verify","ok":true}
{"t":"2026-09-10T08:31:03.981Z","path":"/blogs/chip-design/optimizing-hbm2e-runtime-performance","step":"verify","ok":true}
{"t":"2026-09-10T08:31:06.835Z","path":"/blogs/chip-design/optimizing-pcie-pipe-power-management","step":"verify","ok":true}
{"t":"2026-09-10T08:31:08.549Z","path":"/blogs/chip-design/optimizing-your-hardware-ip-verification-in-the-cloud","step":"verify","ok":true}
{"t":"2026-09-10T08:31:08.699Z","path":"/blogs/chip-design/optimizing-rtl-design-flow-real-time-ppa-analysis","step":"verify","ok":true}
{"t":"2026-09-10T08:31:09.639Z","path":"/blogs/chip-design/ota-updates-automotive-apps","step":"verify","ok":true}
{"t":"2026-09-10T08:31:12.586Z","path":"/blogs/chip-design/overcoming-analog-circuit-design-challenges-at-advanced-semiconductor-nodes","step":"verify","ok":true}
{"t":"2026-09-10T08:31:13.756Z","path":"/blogs/chip-design/overview-haps-prototyping-software","step":"verify","ok":true}
{"t":"2026-09-10T08:31:14.143Z","path":"/blogs/chip-design/overview-synopsys-virtual-prototyping-services","step":"verify","ok":true}
{"t":"2026-09-10T08:31:14.954Z","path":"/blogs/chip-design/parasitic-extraction-high-speed-chip-design","step":"verify","ok":true}
{"t":"2026-09-10T08:31:17.481Z","path":"/blogs/chip-design/pci-express-6-high-bandwidth-interconnect","step":"verify","ok":true}
{"t":"2026-09-10T08:31:18.871Z","path":"/blogs/chip-design/pci-express-sriov-virtualization","step":"verify","ok":true}
{"t":"2026-09-10T08:31:19.599Z","path":"/blogs/chip-design/pcie-5-0-verification-synopsys-vip","step":"verify","ok":true}
{"t":"2026-09-10T08:31:20.216Z","path":"/blogs/chip-design/pcie-5-applications-and-importance-of-silicon-proven-ip","step":"verify","ok":true}
{"t":"2026-09-10T08:31:22.534Z","path":"/blogs/chip-design/pcie-5-demos-ip-vip-ai","step":"verify","ok":true}
{"t":"2026-09-10T08:31:23.512Z","path":"/blogs/chip-design/pcie-5-ip-solutions-pass-compliance-testing","step":"verify","ok":true}
{"t":"2026-09-10T08:31:24.883Z","path":"/blogs/chip-design/pcie-6-high-performance-computing-solutions","step":"verify","ok":true}
{"t":"2026-09-10T08:31:25.366Z","path":"/blogs/chip-design/pcie-6-specification-speed-keysight","step":"verify","ok":true}
{"t":"2026-09-10T08:31:27.749Z","path":"/blogs/chip-design/pcie-6-verifaction-fec-crc","step":"verify","ok":true}
{"t":"2026-09-10T08:31:28.677Z","path":"/blogs/chip-design/pcie-6x-112gbps-ethernet-linear-optics","step":"verify","ok":true}
{"t":"2026-09-10T08:31:29.694Z","path":"/blogs/chip-design/pcie-6x-compliance-testing-gold-system","step":"verify","ok":true}
{"t":"2026-09-10T08:31:30.219Z","path":"/blogs/chip-design/pcie-7-bandwidth-ai-chips","step":"verify","ok":true}
{"t":"2026-09-10T08:31:32.686Z","path":"/blogs/chip-design/pcie-8-0-verification-ip-ai-hpc-automotive","step":"verify","ok":true}
{"t":"2026-09-10T08:31:33.803Z","path":"/blogs/chip-design/pcie-ai-accelerator-chip-design","step":"verify","ok":true}
{"t":"2026-09-10T08:31:34.536Z","path":"/blogs/chip-design/pcie-bifurcation-basic-guide","step":"verify","ok":true}
{"t":"2026-09-10T08:31:35.354Z","path":"/blogs/chip-design/pcie-challenges-software-hardware-system","step":"verify","ok":true}
{"t":"2026-09-10T08:31:37.453Z","path":"/blogs/chip-design/pcie-gen1-speed-basics","step":"verify","ok":true}
{"t":"2026-09-10T08:31:39.429Z","path":"/blogs/chip-design/pcie-over-fiber-optics-pcie-7","step":"verify","ok":true}
{"t":"2026-09-10T08:31:39.601Z","path":"/blogs/chip-design/pcie-ptm-spring-ahead","step":"verify","ok":true}
{"t":"2026-09-10T08:31:40.129Z","path":"/blogs/chip-design/pervasive-intelligence-snug-2024","step":"verify","ok":true}
{"t":"2026-09-10T08:31:42.162Z","path":"/blogs/chip-design/phalanx-greek-warfare-verification","step":"verify","ok":true}
{"t":"2026-09-10T08:31:44.764Z","path":"/blogs/chip-design/photonic-integrated-circuits-ai-chatbot","step":"verify","ok":true}
{"t":"2026-09-10T08:31:45.060Z","path":"/blogs/chip-design/photonic-integrated-circuits-multi-die-systems","step":"verify","ok":true}
{"t":"2026-09-10T08:31:45.312Z","path":"/blogs/chip-design/photonic-integrated-circuits-augmented-reality","step":"verify","ok":true}
{"t":"2026-09-10T08:31:47.367Z","path":"/blogs/chip-design/photonic-saas-ic-design","step":"verify","ok":true}
{"t":"2026-09-10T08:31:50.041Z","path":"/blogs/chip-design/photonics-rf-fiber-jigesh-patel","step":"verify","ok":true}
{"t":"2026-09-10T08:31:50.127Z","path":"/blogs/chip-design/physical-ai-physics-simulation","step":"verify","ok":true}
{"t":"2026-09-10T08:31:50.171Z","path":"/blogs/chip-design/physical-ai-silicon-software-robots","step":"verify","ok":true}
{"t":"2026-09-10T08:31:53.093Z","path":"/blogs/chip-design/physical-ai-system-level-engineering","step":"verify","ok":true}
{"t":"2026-09-10T08:31:54.898Z","path":"/blogs/chip-design/physical-chip-design-verification-aws-cloud","step":"verify","ok":true}
{"t":"2026-09-10T08:31:54.998Z","path":"/blogs/chip-design/piketec-acquisition-digital-twins","step":"verify","ok":true}
{"t":"2026-09-10T08:31:55.517Z","path":"/blogs/chip-design/physics-chip-design-constraint","step":"verify","ok":true}
{"t":"2026-09-10T08:31:58.209Z","path":"/blogs/chip-design/pipe-5-1-1-pcie-usb-sata","step":"verify","ok":true}
{"t":"2026-09-10T08:32:00.084Z","path":"/blogs/chip-design/point-of-care-3d-printing-software","step":"verify","ok":true}
{"t":"2026-09-10T08:32:00.300Z","path":"/blogs/chip-design/pitch-fest-semiconductor-innovation","step":"verify","ok":true}
{"t":"2026-09-10T08:32:00.997Z","path":"/blogs/chip-design/post-quantum-cryptography-algorithms-security","step":"verify","ok":true}
{"t":"2026-09-10T08:32:03.898Z","path":"/blogs/chip-design/post-quantum-cryptography-in-soc-design","step":"verify","ok":true}
{"t":"2026-09-10T08:32:04.698Z","path":"/blogs/chip-design/power-aware-cdc-with-stmicroelectronics","step":"verify","ok":true}
{"t":"2026-09-10T08:32:06.160Z","path":"/blogs/chip-design/power-integrity-challenges-semiconductor-design","step":"verify","ok":true}
{"t":"2026-09-10T08:32:06.398Z","path":"/blogs/chip-design/power-hdmi-arc-technology","step":"verify","ok":true}
{"t":"2026-09-10T08:32:09.201Z","path":"/blogs/chip-design/power-semiconductor-device-design","step":"verify","ok":true}
{"t":"2026-09-10T08:32:10.240Z","path":"/blogs/chip-design/power-semiconductor-devices","step":"verify","ok":true}
{"t":"2026-09-10T08:32:11.661Z","path":"/blogs/chip-design/practical-power-management","step":"verify","ok":true}
{"t":"2026-09-10T08:32:14.571Z","path":"/blogs/chip-design/pre-silicon-design-robustness-analysis-discussion-li-ding","step":"verify","ok":true}
{"t":"2026-09-10T08:32:15.727Z","path":"/blogs/chip-design/predicting-silicon-behavior-test-wafers","step":"verify","ok":true}
{"t":"2026-09-10T08:32:16.084Z","path":"/blogs/chip-design/powering-ai-chip-design-process-with-ai","step":"verify","ok":false,"why":"about:error in delivered html"}
{"t":"2026-09-10T08:32:16.523Z","path":"/blogs/chip-design/predictions-2021-auto-industry","step":"verify","ok":true}
{"t":"2026-09-10T08:32:19.423Z","path":"/blogs/chip-design/predictive-rtl-design-closure-rtl-architect","step":"verify","ok":true}
{"t":"2026-09-10T08:32:21.036Z","path":"/blogs/chip-design/preventing-data-loss-high-speed-devices","step":"verify","ok":true}
{"t":"2026-09-10T08:32:21.459Z","path":"/blogs/chip-design/preeti-sharma-automotive-soc-design","step":"verify","ok":true}
{"t":"2026-09-10T08:32:22.254Z","path":"/blogs/chip-design/primelib-nextgen-library-characterization-discussion-moninder-bansal","step":"verify","ok":true}
{"t":"2026-09-10T08:32:24.748Z","path":"/blogs/chip-design/primeshield-design-robustness-analysis-eco-overview","step":"verify","ok":true}
{"t":"2026-09-10T08:32:26.444Z","path":"/blogs/chip-design/primesim-continuum-advancing-hyperconvergent-ic-design","step":"verify","ok":true}
{"t":"2026-09-10T08:32:26.778Z","path":"/blogs/chip-design/primesim-continuum-ic-hyperconvergence","step":"verify","ok":true}
{"t":"2026-09-10T08:32:27.407Z","path":"/blogs/chip-design/primesim-continuum-transforming-soc-design-insights-hany-elhak","step":"verify","ok":true}
{"t":"2026-09-10T08:32:29.937Z","path":"/blogs/chip-design/primetime-technologies-digital-design","step":"verify","ok":true}
{"t":"2026-09-10T08:32:31.760Z","path":"/blogs/chip-design/private-cloud-vs-public-cloud","step":"verify","ok":true}
{"t":"2026-09-10T08:32:31.987Z","path":"/blogs/chip-design/process-design-kits-intel-foundry","step":"verify","ok":true}
{"t":"2026-09-10T08:32:32.838Z","path":"/blogs/chip-design/protect-advanced-chip-designs","step":"verify","ok":true}
{"t":"2026-09-10T08:32:35.228Z","path":"/blogs/chip-design/protocol-verification-for-soc-designs","step":"verify","ok":true}
{"t":"2026-09-10T08:32:36.799Z","path":"/blogs/chip-design/prototyping-building-blocks-design","step":"verify","ok":true}
{"t":"2026-09-10T08:32:36.977Z","path":"/blogs/chip-design/prototyping-for-chip-verification","step":"verify","ok":true}
{"t":"2026-09-10T08:32:38.331Z","path":"/blogs/chip-design/prototyping-for-electric-car-design","step":"verify","ok":true}
{"t":"2026-09-10T08:32:40.380Z","path":"/blogs/chip-design/prototyping-tools-accelerate-software-development","step":"verify","ok":true}
{"t":"2026-09-10T08:32:41.752Z","path":"/blogs/chip-design/python-gui-builder-eda-tools","step":"verify","ok":true}
{"t":"2026-09-10T08:32:42.488Z","path":"/blogs/chip-design/qa-with-barbara-donaldson","step":"verify","ok":true}
{"t":"2026-09-10T08:32:43.287Z","path":"/blogs/chip-design/qa-with-erika-varga-mcenroe","step":"verify","ok":true}
{"t":"2026-09-10T08:32:45.428Z","path":"/blogs/chip-design/qa-with-latha-venkatachari","step":"verify","ok":true}
{"t":"2026-09-10T08:32:47.284Z","path":"/blogs/chip-design/qa-with-luca-amaru","step":"verify","ok":true}
{"t":"2026-09-10T08:32:47.682Z","path":"/blogs/chip-design/qa-with-mariya-braylovska","step":"verify","ok":true}
{"t":"2026-09-10T08:32:49.277Z","path":"/blogs/chip-design/quantum-computing-transforming-technology-science","step":"verify","ok":true}
{"t":"2026-09-10T08:32:50.799Z","path":"/blogs/chip-design/quantum-cryptography-vs-post-quantum-cryptography","step":"verify","ok":true}
{"t":"2026-09-10T08:32:52.732Z","path":"/blogs/chip-design/radhika-shankar-qa","step":"verify","ok":true}
{"t":"2026-09-10T08:32:52.949Z","path":"/blogs/chip-design/radiation-tolerant-ken-oneill","step":"verify","ok":true}
{"t":"2026-09-10T08:32:54.394Z","path":"/blogs/chip-design/rapid-elasticity-in-cloud-computing-on-demand-scaling-for-business","step":"verify","ok":true}
{"t":"2026-09-10T08:32:55.248Z","path":"/blogs/chip-design/rapid-silicon-validation-ml-edge-chips-memory","step":"verify","ok":true}
{"t":"2026-09-10T08:32:58.064Z","path":"/blogs/chip-design/recap-2022-design-automation-conference","step":"verify","ok":true}
{"t":"2026-09-10T08:32:58.288Z","path":"/blogs/chip-design/re-engineering-engineering-with-ai-innovation","step":"verify","ok":true}
{"t":"2026-09-10T08:32:59.792Z","path":"/blogs/chip-design/redefining-test-expectations-with-synopsys-testmax-an-interview-with-amit-sanghani","step":"verify","ok":true}
{"t":"2026-09-10T08:33:00.319Z","path":"/blogs/chip-design/reduce-integration-risks-high-speed-pcie-5-0-compliant-synopsys-ip","step":"verify","ok":true}
{"t":"2026-09-10T08:33:03.236Z","path":"/blogs/chip-design/reduce-pcie-5-0-link-time","step":"verify","ok":true}
{"t":"2026-09-10T08:33:03.481Z","path":"/blogs/chip-design/reduce-memory-model-debug-time","step":"verify","ok":true}
{"t":"2026-09-10T08:33:04.792Z","path":"/blogs/chip-design/reduce-risk-and-time-to-market-for-ddr6-designs","step":"verify","ok":true}
{"t":"2026-09-10T08:33:05.528Z","path":"/blogs/chip-design/reduced-blanking-high-res-displays","step":"verify","ok":true}
{"t":"2026-09-10T08:33:08.209Z","path":"/blogs/chip-design/reducing-energy-consumption-sustainable-chip-design","step":"verify","ok":true}
{"t":"2026-09-10T08:33:09.063Z","path":"/blogs/chip-design/reducing-metal-semiconductor-contact-resistance-quantumatk","step":"verify","ok":true}
{"t":"2026-09-10T08:33:10.101Z","path":"/blogs/chip-design/reflecting-stem-career-pathways","step":"verify","ok":true}
{"t":"2026-09-10T08:33:10.529Z","path":"/blogs/chip-design/reinforcement-learning-dac-2023","step":"verify","ok":true}
{"t":"2026-09-10T08:33:14.082Z","path":"/blogs/chip-design/renesas-electronics-innovation-multi-power-supply-design-verification","step":"verify","ok":true}
{"t":"2026-09-10T08:33:14.455Z","path":"/blogs/chip-design/resiliency-in-cloud-computing","step":"verify","ok":true}
{"t":"2026-09-10T08:33:15.153Z","path":"/blogs/chip-design/restart-career-after-break-riya-returnship","step":"verify","ok":true}
{"t":"2026-09-10T08:33:15.914Z","path":"/blogs/chip-design/returnships-create-new-opportunities","step":"verify","ok":true}
{"t":"2026-09-10T08:33:19.383Z","path":"/blogs/chip-design/rf-digital-twin-of-the-moon","step":"verify","ok":true}
{"t":"2026-09-10T08:33:19.456Z","path":"/blogs/chip-design/revolutionizing-asic-flows-with-early-stage-in-design-rail-analysis","step":"verify","ok":true}
{"t":"2026-09-10T08:33:19.891Z","path":"/blogs/chip-design/rfic-design-flow-corehw","step":"verify","ok":true}
{"t":"2026-09-10T08:33:20.962Z","path":"/blogs/chip-design/risc-v-accelerator-cloud-eda-tetramem","step":"verify","ok":true}
{"t":"2026-09-10T08:33:24.849Z","path":"/blogs/chip-design/risc-v-core-ip-sifive","step":"verify","ok":true}
{"t":"2026-09-10T08:33:25.011Z","path":"/blogs/chip-design/risc-v-processor-posit-arithmetic-calligo","step":"verify","ok":true}
{"t":"2026-09-10T08:33:25.257Z","path":"/blogs/chip-design/risc-v-verification-cloud","step":"verify","ok":true}
{"t":"2026-09-10T08:33:26.421Z","path":"/blogs/chip-design/rise-automotive-cybersecurity","step":"verify","ok":true}
{"t":"2026-09-10T08:33:30.255Z","path":"/blogs/chip-design/rise-popularity-hdmi-2-1","step":"verify","ok":true}
{"t":"2026-09-10T08:33:30.550Z","path":"/blogs/chip-design/ron-duncan-qa-stem-education-roadtrip-nation","step":"verify","ok":true}
{"t":"2026-09-10T08:33:30.789Z","path":"/blogs/chip-design/rram-mram-non-volatile-memory","step":"verify","ok":true}
{"t":"2026-09-10T08:33:31.567Z","path":"/blogs/chip-design/rsoft-device-tools","step":"verify","ok":true}
{"t":"2026-09-10T08:33:34.724Z","path":"/blogs/chip-design/rtl-architect-breakthrough-technology","step":"verify","ok":true}
{"t":"2026-09-10T08:33:36.066Z","path":"/blogs/chip-design/rtl-architect-verdi-integration","step":"verify","ok":true}
{"t":"2026-09-10T08:33:36.755Z","path":"/blogs/chip-design/rtl-architect-vineet-rashingkar","step":"verify","ok":true}
{"t":"2026-09-10T08:33:36.958Z","path":"/blogs/chip-design/rtl-debug-fpga-prototyping-challenges","step":"verify","ok":true}
{"t":"2026-09-10T08:33:40.687Z","path":"/blogs/chip-design/rtl-vs-functional-signoff-differences","step":"verify","ok":true}
{"t":"2026-09-10T08:33:41.012Z","path":"/blogs/chip-design/running-x-prop-with-low-power-simulation","step":"verify","ok":true}
{"t":"2026-09-10T08:33:41.786Z","path":"/blogs/chip-design/saber-for-robust-design-reliable-performance","step":"verify","ok":true}
{"t":"2026-09-10T08:33:41.967Z","path":"/blogs/chip-design/saas-cloud-eda-tools","step":"verify","ok":true}
{"t":"2026-09-10T08:33:46.149Z","path":"/blogs/chip-design/safeguarding-automotive-sensors-for-safety","step":"verify","ok":true}
{"t":"2026-09-10T08:33:46.165Z","path":"/blogs/chip-design/safety-aware-multi-die-ml-architectures-ai-vehicles","step":"verify","ok":true}
{"t":"2026-09-10T08:33:47.110Z","path":"/blogs/chip-design/samsung-ddr4-3ds-tsv-memory","step":"verify","ok":true}
{"t":"2026-09-10T08:33:47.384Z","path":"/blogs/chip-design/sassine-ghazi-named-new-synopsys-ceo","step":"verify","ok":true}
{"t":"2026-09-10T08:33:51.068Z","path":"/blogs/chip-design/saving-power-electronic-displays","step":"verify","ok":true}
{"t":"2026-09-10T08:33:51.368Z","path":"/blogs/chip-design/scalability-in-cloud-computing","step":"verify","ok":true}
{"t":"2026-09-10T08:33:52.217Z","path":"/blogs/chip-design/scalable-performance-for-soc-design","step":"verify","ok":true}
{"t":"2026-09-10T08:33:52.654Z","path":"/blogs/chip-design/secure-chipset-design-in-darpa","step":"verify","ok":true}
{"t":"2026-09-10T08:33:56.605Z","path":"/blogs/chip-design/securing-chip-supply-chain-for-aerospace-defense","step":"verify","ok":true}
{"t":"2026-09-10T08:33:56.632Z","path":"/blogs/chip-design/securing-memory-paths-synopsys-scalable-ime","step":"verify","ok":true}
{"t":"2026-09-10T08:33:56.824Z","path":"/blogs/chip-design/securing-network-traffic-macsec-ethernet","step":"verify","ok":true}
{"t":"2026-09-10T08:33:58.228Z","path":"/blogs/chip-design/securing-physical-ai-systems","step":"verify","ok":true}
{"t":"2026-09-10T08:34:01.850Z","path":"/blogs/chip-design/semiconductor-design-goes-saas-snug","step":"verify","ok":true}
{"t":"2026-09-10T08:34:01.851Z","path":"/blogs/chip-design/semiconductor-engineering-degree-programs-purdue","step":"verify","ok":true}
{"t":"2026-09-10T08:34:02.023Z","path":"/blogs/chip-design/semiconductor-engineering-certification-synopsys-purple","step":"verify","ok":true}
{"t":"2026-09-10T08:34:03.687Z","path":"/blogs/chip-design/semiconductor-engineering-talent-shortage-solutions","step":"verify","ok":true}
{"t":"2026-09-10T08:34:07.307Z","path":"/blogs/chip-design/semiconductor-ip-development-qa-jumana-muwafi","step":"verify","ok":true}
{"t":"2026-09-10T08:34:07.346Z","path":"/blogs/chip-design/semiconductor-ip-companies-offer-asic-like-services","step":"verify","ok":true}
{"t":"2026-09-10T08:34:07.830Z","path":"/blogs/chip-design/semiconductor-industry-trends-2023","step":"verify","ok":true}
{"t":"2026-09-10T08:34:09.408Z","path":"/blogs/chip-design/semiconductor-ip-tsmc-n3e","step":"verify","ok":true}
{"t":"2026-09-10T08:34:12.367Z","path":"/blogs/chip-design/semiconductor-talent-shortage-qa","step":"verify","ok":true}
{"t":"2026-09-10T08:34:12.802Z","path":"/blogs/chip-design/semiconductor-workforce-development-programs","step":"verify","ok":true}
{"t":"2026-09-10T08:34:13.408Z","path":"/blogs/chip-design/semiconductor-training-workforce-development-program","step":"verify","ok":true}
{"t":"2026-09-10T08:34:14.636Z","path":"/blogs/chip-design/semiconductor-yield-analysis-machine-learning","step":"verify","ok":true}
{"t":"2026-09-10T08:34:17.868Z","path":"/blogs/chip-design/semiconductors-chip-design-global-innovation","step":"verify","ok":true}
{"t":"2026-09-10T08:34:18.138Z","path":"/blogs/chip-design/shelagh-glaser-cfo-qa-women-in-tech","step":"verify","ok":true}
{"t":"2026-09-10T08:34:18.425Z","path":"/blogs/chip-design/shift-left-sdv-embedded-validation-virtual-ecus","step":"verify","ok":true}
{"t":"2026-09-10T08:34:19.661Z","path":"/blogs/chip-design/shifting-left-with-ansys-john-lee-jacob-avidan-interview","step":"verify","ok":true}
{"t":"2026-09-10T08:34:23.179Z","path":"/blogs/chip-design/silent-data-corruption-sdc-challenges","step":"verify","ok":true}
{"t":"2026-09-10T08:34:24.146Z","path":"/blogs/chip-design/shifting-security-left-for-defense-applications","step":"verify","ok":true}
{"t":"2026-09-10T08:34:24.430Z","path":"/blogs/chip-design/silicon-design-and-chip-performance-with-concertio","step":"verify","ok":true}
{"t":"2026-09-10T08:34:24.618Z","path":"/blogs/chip-design/silicon-frontline-technology-acquisition","step":"verify","ok":true}
{"t":"2026-09-10T08:34:28.037Z","path":"/blogs/chip-design/silicon-lifecycle-management-smarter-chip-design","step":"verify","ok":true}
{"t":"2026-09-10T08:34:29.460Z","path":"/blogs/chip-design/silicon-lifecycle-management","step":"verify","ok":true}
{"t":"2026-09-10T08:34:29.641Z","path":"/blogs/chip-design/silicon-photonics-multi-die-systems-aerospace-government","step":"verify","ok":true}
{"t":"2026-09-10T08:34:32.820Z","path":"/blogs/chip-design/silicon-photonics-data-center-interconnect-design","step":"verify","ok":true}
{"t":"2026-09-10T08:34:33.840Z","path":"/blogs/chip-design/silicon-proven-ip-for-soc-design-in-hpc","step":"verify","ok":true}
{"t":"2026-09-10T08:34:34.787Z","path":"/blogs/chip-design/silicon-remastering-addressing-chip-supply-shortage","step":"verify","ok":true}
{"t":"2026-09-10T08:34:35.222Z","path":"/blogs/chip-design/silicon-software-automotive-value-chain","step":"verify","ok":true}
{"t":"2026-09-10T08:34:38.602Z","path":"/blogs/chip-design/sima-ai-bug-free-physical-ai-silicon","step":"verify","ok":true}
{"t":"2026-09-10T08:34:39.828Z","path":"/blogs/chip-design/simplify-entertainment-hdmi-earc","step":"verify","ok":true}
{"t":"2026-09-10T08:34:40.695Z","path":"/blogs/chip-design/simulation-quantum-computing-research-development","step":"verify","ok":true}
{"t":"2026-09-10T08:34:42.488Z","path":"/blogs/chip-design/silicon-testing-with-high-speed-functional-interfaces","step":"verify","ok":false,"why":"about:error in delivered html"}
{"t":"2026-09-10T08:34:43.383Z","path":"/blogs/chip-design/simulation-solutions-structural-integrity-chip-packages","step":"verify","ok":true}
{"t":"2026-09-10T08:34:45.288Z","path":"/blogs/chip-design/slm-data-center-reliability","step":"verify","ok":true}
{"t":"2026-09-10T08:34:45.400Z","path":"/blogs/chip-design/smart-monitors-improve-arm-socs-performance","step":"verify","ok":true}
{"t":"2026-09-10T08:34:47.296Z","path":"/blogs/chip-design/smart-semiconductor-manufacturing-technology","step":"verify","ok":true}
{"t":"2026-09-10T08:34:48.660Z","path":"/blogs/chip-design/smarter-sensors-for-self-driving","step":"verify","ok":true}
{"t":"2026-09-10T08:34:50.444Z","path":"/blogs/chip-design/snug-gets-of-wisdom-synopsys-memory-solutions","step":"verify","ok":true}
{"t":"2026-09-10T08:34:50.704Z","path":"/blogs/chip-design/snug-silicon-valley-2022","step":"verify","ok":true}
{"t":"2026-09-10T08:34:52.117Z","path":"/blogs/chip-design/snug-silicon-valley-2023-keynote","step":"verify","ok":true}
{"t":"2026-09-10T08:34:53.440Z","path":"/blogs/chip-design/snug-silicon-valley-2023","step":"verify","ok":true}
{"t":"2026-09-10T08:34:55.150Z","path":"/blogs/chip-design/snug-silicon-valley-2024","step":"verify","ok":true}
{"t":"2026-09-10T08:34:55.822Z","path":"/blogs/chip-design/snug-silicon-valley-2025","step":"verify","ok":true}
{"t":"2026-09-10T08:34:57.701Z","path":"/blogs/chip-design/soafee-enables-next-gen-connected-vehicles","step":"verify","ok":true}
{"t":"2026-09-10T08:34:58.269Z","path":"/blogs/chip-design/soc-design-services-hpc-data-center","step":"verify","ok":true}
{"t":"2026-09-10T08:35:00.958Z","path":"/blogs/chip-design/soc-design-verification-renesas","step":"verify","ok":true}
{"t":"2026-09-10T08:35:02.842Z","path":"/blogs/chip-design/soc-interfaces-security-enhance-data-protection","step":"verify","ok":true}
{"t":"2026-09-10T08:35:03.365Z","path":"/blogs/chip-design/soc-ip-powers-hpc-applications","step":"verify","ok":true}
{"t":"2026-09-10T08:35:04.783Z","path":"/blogs/chip-design/soc-hbm2e-capacity-speed-benefits","step":"verify","ok":false,"why":"about:error in delivered html"}
{"t":"2026-09-10T08:35:05.563Z","path":"/blogs/chip-design/soc-physical-verification-tool-achronix","step":"verify","ok":true}
{"t":"2026-09-10T08:35:07.886Z","path":"/blogs/chip-design/soc-verification-kit-out-of-the-box-verification-solution","step":"verify","ok":true}
{"t":"2026-09-10T08:35:08.048Z","path":"/blogs/chip-design/socs-take-us-smart-to-smarter","step":"verify","ok":true}
{"t":"2026-09-10T08:35:09.823Z","path":"/blogs/chip-design/software-bring-up-multi-die-systems","step":"verify","ok":true}
{"t":"2026-09-10T08:35:10.431Z","path":"/blogs/chip-design/software-defined-automotive-development","step":"verify","ok":true}
{"t":"2026-09-10T08:35:12.610Z","path":"/blogs/chip-design/software-defined-data-centers-sc24","step":"verify","ok":true}
{"t":"2026-09-10T08:35:14.362Z","path":"/blogs/chip-design/software-defined-hardware-assisted-verification","step":"verify","ok":true}
{"t":"2026-09-10T08:35:14.507Z","path":"/blogs/chip-design/software-defined-vehicle-ecu-architectures","step":"verify","ok":true}
{"t":"2026-09-10T08:35:15.705Z","path":"/blogs/chip-design/software-defined-vehicles-aws","step":"verify","ok":true}
{"t":"2026-09-10T08:35:17.551Z","path":"/blogs/chip-design/software-defined-vehicles-blackberry-aws","step":"verify","ok":true}
{"t":"2026-09-10T08:35:19.510Z","path":"/blogs/chip-design/software-defined-vehicles-synopsys-arm","step":"verify","ok":true}
{"t":"2026-09-10T08:35:19.936Z","path":"/blogs/chip-design/software-defined-vehicles-changes-auto-design","step":"verify","ok":true}
{"t":"2026-09-10T08:35:21.070Z","path":"/blogs/chip-design/software-drives-product-design-innovation","step":"verify","ok":true}
{"t":"2026-09-10T08:35:22.301Z","path":"/blogs/chip-design/software-enabled-full-chip-power-signoff-soc-verification","step":"verify","ok":true}
{"t":"2026-09-10T08:35:25.079Z","path":"/blogs/chip-design/software-modeling-kpi-prototyping","step":"verify","ok":true}
{"t":"2026-09-10T08:35:25.627Z","path":"/blogs/chip-design/software-security-quality-joe-jarzombek","step":"verify","ok":true}
{"t":"2026-09-10T08:35:26.169Z","path":"/blogs/chip-design/south-korean-startup-rebellions-redefines-energy-efficient-ai-computing","step":"verify","ok":true}
{"t":"2026-09-10T08:35:26.878Z","path":"/blogs/chip-design/southeast-asia-semiconductor-workforce-development","step":"verify","ok":true}
{"t":"2026-09-10T08:35:30.059Z","path":"/blogs/chip-design/space-exploration-engineering-silicon-systems","step":"verify","ok":true}
{"t":"2026-09-10T08:35:30.529Z","path":"/blogs/chip-design/speed-up-simulation-coverage-closure","step":"verify","ok":true}
{"t":"2026-09-10T08:35:31.358Z","path":"/blogs/chip-design/sram-margin-analysis-workflow","step":"verify","ok":true}
{"t":"2026-09-10T08:35:32.124Z","path":"/blogs/chip-design/sram-puf-chip-security","step":"verify","ok":true}
{"t":"2026-09-10T08:35:34.996Z","path":"/blogs/chip-design/starrc-advanced-features-custom-soc-design","step":"verify","ok":true}
{"t":"2026-09-10T08:35:35.882Z","path":"/blogs/chip-design/starrc-density-corner-value-proposition","step":"verify","ok":true}
{"t":"2026-09-10T08:35:36.410Z","path":"/blogs/chip-design/starrc-standalone-netlist-reducer","step":"verify","ok":true}
{"t":"2026-09-10T08:35:37.122Z","path":"/blogs/chip-design/starrc-vmf-ic-validator-amf-positioning","step":"verify","ok":true}
{"t":"2026-09-10T08:35:39.826Z","path":"/blogs/chip-design/startup-vc-connect-ai-silicon","step":"verify","ok":true}
{"t":"2026-09-10T08:35:41.087Z","path":"/blogs/chip-design/stem-education-with-eda-tools","step":"verify","ok":true}
{"t":"2026-09-10T08:35:41.624Z","path":"/blogs/chip-design/strategic-role-of-glitch-detection-ip-in-modern-socs","step":"verify","ok":true}
{"t":"2026-09-10T08:35:41.996Z","path":"/blogs/chip-design/streamline-photonic-icd-with-pdks","step":"verify","ok":true}
{"t":"2026-09-10T08:35:45.265Z","path":"/blogs/chip-design/streamlining-camera-security-validation-framework-using-synopsys-mipi-cse-v20-vip","step":"verify","ok":true}
{"t":"2026-09-10T08:35:46.487Z","path":"/blogs/chip-design/summer-2021-internship-interdisciplinary-learning","step":"verify","ok":true}
{"t":"2026-09-10T08:35:46.641Z","path":"/blogs/chip-design/summer-tech-internship-program","step":"verify","ok":true}
{"t":"2026-09-10T08:35:46.657Z","path":"/blogs/chip-design/superconducting-iarpa-jamil-kawa","step":"verify","ok":true}
{"t":"2026-09-10T08:35:50.591Z","path":"/blogs/chip-design/sustainability-efforts-grow-azure-sky-wind-farm","step":"verify","ok":true}
{"t":"2026-09-10T08:35:51.667Z","path":"/blogs/chip-design/swap-marc-swinnen-kenneth-larsen","step":"verify","ok":true}
{"t":"2026-09-10T08:35:52.061Z","path":"/blogs/chip-design/symmetric-layouts-showing-mismatches-spice-simulations","step":"verify","ok":true}
{"t":"2026-09-10T08:35:52.395Z","path":"/blogs/chip-design/synopsys-ai-copilots-chip-design","step":"verify","ok":true}
{"t":"2026-09-10T08:35:56.110Z","path":"/blogs/chip-design/synopsys-ai-eda-tools","step":"verify","ok":true}
{"t":"2026-09-10T08:35:56.668Z","path":"/blogs/chip-design/synopsys-and-fishtail-design-automation","step":"verify","ok":true}
{"t":"2026-09-10T08:35:57.026Z","path":"/blogs/chip-design/synopsys-ansys-engineering-innovation","step":"verify","ok":true}
{"t":"2026-09-10T08:35:57.365Z","path":"/blogs/chip-design/synopsys-arm-aim-to-reduce-silicon-design-cycles","step":"verify","ok":true}
{"t":"2026-09-10T08:36:01.875Z","path":"/blogs/chip-design/synopsys-asem-pcda-advance-malaysia-semiconductor-design","step":"verify","ok":true}
{"t":"2026-09-10T08:36:02.329Z","path":"/blogs/chip-design/synopsys-ceo-sassine-ghazi-future","step":"verify","ok":true}
{"t":"2026-09-10T08:36:02.386Z","path":"/blogs/chip-design/synopsys-cloud-ic-verification-drc","step":"verify","ok":true}
{"t":"2026-09-10T08:36:02.506Z","path":"/blogs/chip-design/synopsys-converge-2026-silicon-systems-conference","step":"verify","ok":true}
{"t":"2026-09-10T08:36:07.122Z","path":"/blogs/chip-design/synopsys-joins-ifs-usmag-alliance","step":"verify","ok":true}
{"t":"2026-09-10T08:36:07.317Z","path":"/blogs/chip-design/synopsys-learning-center","step":"verify","ok":true}
{"t":"2026-09-10T08:36:07.326Z","path":"/blogs/chip-design/synopsys-learning-center-training-accessible-easier","step":"verify","ok":true}
{"t":"2026-09-10T08:36:07.454Z","path":"/blogs/chip-design/synopsys-li-auto-case-study","step":"verify","ok":true}
{"t":"2026-09-10T08:36:12.253Z","path":"/blogs/chip-design/synopsys-pcie-leadership-recognized","step":"verify","ok":true}
{"t":"2026-09-10T08:36:12.358Z","path":"/blogs/chip-design/synopsys-vc-formal-sig-event-2023","step":"verify","ok":true}
{"t":"2026-09-10T08:36:12.686Z","path":"/blogs/chip-design/synopsys-vcs-vip-cloud-simulation","step":"verify","ok":true}
{"t":"2026-09-10T08:36:13.067Z","path":"/blogs/chip-design/synopsys-tapes-out-slm-pvt-monitor-ip-on-tsmc-n5-n3e1","step":"verify","ok":true}
{"t":"2026-09-10T08:36:17.191Z","path":"/blogs/chip-design/system-interoperability-in-hyperscale-data-centers","step":"verify","ok":true}
{"t":"2026-09-10T08:36:17.453Z","path":"/blogs/chip-design/system-architecture-design-tools","step":"verify","ok":true}
{"t":"2026-09-10T08:36:19.182Z","path":"/blogs/chip-design/tackling-tech-talent-shortage-with-stem","step":"verify","ok":true}
{"t":"2026-09-10T08:36:19.599Z","path":"/blogs/chip-design/tachyum-prodigy-hpc-processor-hyperscale-data-centers","step":"verify","ok":true}
{"t":"2026-09-10T08:36:22.401Z","path":"/blogs/chip-design/tcad-semiconductor-industry-iit-bombay","step":"verify","ok":true}
{"t":"2026-09-10T08:36:23.261Z","path":"/blogs/chip-design/tcad-simulations-design-reliable-space-based-chips","step":"verify","ok":true}
{"t":"2026-09-10T08:36:24.445Z","path":"/blogs/chip-design/tech-internships-summer-2023","step":"verify","ok":true}
{"t":"2026-09-10T08:36:25.227Z","path":"/blogs/chip-design/tda5-socs-vdk-ai-autonomous-driving-ces","step":"verify","ok":true}
{"t":"2026-09-10T08:36:27.472Z","path":"/blogs/chip-design/technology-beyond-3nm-interview-jacob-avidan-shankar-krishnamoorthy","step":"verify","ok":true}
{"t":"2026-09-10T08:36:28.360Z","path":"/blogs/chip-design/testmax-test-all-the-limits","step":"verify","ok":true}
{"t":"2026-09-10T08:36:30.609Z","path":"/blogs/chip-design/three-ai-chip-startups-cloud-eda-tools","step":"verify","ok":true}
{"t":"2026-09-10T08:36:30.778Z","path":"/blogs/chip-design/thermal-management-solutions-multi-die-systems","step":"verify","ok":true}
{"t":"2026-09-10T08:36:34.137Z","path":"/blogs/chip-design/tilelink-verification-ip-riscv-socs","step":"verify","ok":true}
{"t":"2026-09-10T08:36:35.546Z","path":"/blogs/chip-design/timing-constraints-signoff-flow","step":"verify","ok":true}
{"t":"2026-09-10T08:36:35.743Z","path":"/blogs/chip-design/timing-aware-multiphysics-eco-design-closure","step":"verify","ok":true}
{"t":"2026-09-10T08:36:36.185Z","path":"/blogs/chip-design/tools-accelerate-memory-chip-design","step":"verify","ok":true}
{"t":"2026-09-10T08:36:39.884Z","path":"/blogs/chip-design/top-cloud-architecture-design-principles-important-for-eda","step":"verify","ok":true}
{"t":"2026-09-10T08:36:40.758Z","path":"/blogs/chip-design/top-medical-device-design-priorities-chip-design","step":"verify","ok":true}
{"t":"2026-09-10T08:36:40.920Z","path":"/blogs/chip-design/toshiba-enhances-memory-bist-synopsys-testmax","step":"verify","ok":true}
{"t":"2026-09-10T08:36:41.679Z","path":"/blogs/chip-design/tsmc-awards-semiconductor-design-innovation","step":"verify","ok":true}
{"t":"2026-09-10T08:36:44.948Z","path":"/blogs/chip-design/tsmc-multi-die-systems-ucie-phy-ip-n3e","step":"verify","ok":true}
{"t":"2026-09-10T08:36:45.884Z","path":"/blogs/chip-design/tsmc-partner-of-the-year-2024","step":"verify","ok":true}
{"t":"2026-09-10T08:36:46.867Z","path":"/blogs/chip-design/types-of-cloud-security-tools","step":"verify","ok":true}
{"t":"2026-09-10T08:36:46.978Z","path":"/blogs/chip-design/turbocharging-ai-how-hardware-assisted-verification-fuels-the-revolution","step":"verify","ok":true}
{"t":"2026-09-10T08:36:50.016Z","path":"/blogs/chip-design/uasp-faster-usb-mass-storage","step":"verify","ok":true}
{"t":"2026-09-10T08:36:51.614Z","path":"/blogs/chip-design/ucie-1-0-protocol-verification-guide","step":"verify","ok":true}
{"t":"2026-09-10T08:36:52.255Z","path":"/blogs/chip-design/ucie-3-0-chiplet-ip-solutions","step":"verify","ok":true}
{"t":"2026-09-10T08:36:52.411Z","path":"/blogs/chip-design/ucie-2-0-setting-the-tone-for-chiplet-interoperability","step":"verify","ok":true}
{"t":"2026-09-10T08:36:54.973Z","path":"/blogs/chip-design/ucie-changes-soc-design","step":"verify","ok":true}
{"t":"2026-09-10T08:36:56.806Z","path":"/blogs/chip-design/ucie-performance-40g-multi-die-systems","step":"verify","ok":true}
{"t":"2026-09-10T08:36:57.425Z","path":"/blogs/chip-design/ucie-protocol-multi-die-chip","step":"verify","ok":true}
{"t":"2026-09-10T08:36:57.648Z","path":"/blogs/chip-design/ucie-standard-multi-die-systems","step":"verify","ok":true}
{"t":"2026-09-10T08:37:00.573Z","path":"/blogs/chip-design/ufs-4-0-specification-flash-storage","step":"verify","ok":true}
{"t":"2026-09-10T08:37:02.061Z","path":"/blogs/chip-design/ufs-5-0-verification-mobile-automotive-ai-storage","step":"verify","ok":true}
{"t":"2026-09-10T08:37:02.558Z","path":"/blogs/chip-design/ultra-ethernet-consortium","step":"verify","ok":true}
{"t":"2026-09-10T08:37:02.738Z","path":"/blogs/chip-design/ultra-ethernet-ualink-ai-infrastructure","step":"verify","ok":true}
{"t":"2026-09-10T08:37:05.546Z","path":"/blogs/chip-design/understanding-amba-axi-exclusive-access","step":"verify","ok":true}
{"t":"2026-09-10T08:37:07.064Z","path":"/blogs/chip-design/understanding-cloud-computing-for-eda-workloads","step":"verify","ok":true}
{"t":"2026-09-10T08:37:07.810Z","path":"/blogs/chip-design/understanding-display-color-space","step":"verify","ok":true}
{"t":"2026-09-10T08:37:07.994Z","path":"/blogs/chip-design/understanding-haps-prototyping-systems-accessories","step":"verify","ok":true}
{"t":"2026-09-10T08:37:10.325Z","path":"/blogs/chip-design/understanding-iso-26262-semiconductors","step":"verify","ok":true}
{"t":"2026-09-10T08:37:12.250Z","path":"/blogs/chip-design/understanding-new-tilelink-standard","step":"verify","ok":true}
{"t":"2026-09-10T08:37:12.697Z","path":"/blogs/chip-design/understanding-pcie-spread-spectrum-clocking","step":"verify","ok":true}
{"t":"2026-09-10T08:37:13.146Z","path":"/blogs/chip-design/understanding-row-hammer-attacks","step":"verify","ok":true}
{"t":"2026-09-10T08:37:14.871Z","path":"/blogs/chip-design/unified-coverage-planning-analysis","step":"verify","ok":true}
{"t":"2026-09-10T08:37:17.643Z","path":"/blogs/chip-design/unified-power-format-low-power-ic-design","step":"verify","ok":true}
{"t":"2026-09-10T08:37:17.871Z","path":"/blogs/chip-design/unified-emulation-prototyping-system","step":"verify","ok":true}
{"t":"2026-09-10T08:37:17.988Z","path":"/blogs/chip-design/unraveling-cxl-technology-overview","step":"verify","ok":true}
{"t":"2026-09-10T08:37:20.540Z","path":"/blogs/chip-design/upgrading-3d-ic-packaging-for-faster-ai-inference-with-psm","step":"verify","ok":true}
{"t":"2026-09-10T08:37:22.802Z","path":"/blogs/chip-design/upstream-downstream-ports-guide","step":"verify","ok":true}
{"t":"2026-09-10T08:37:23.122Z","path":"/blogs/chip-design/usb-audio-device-class3","step":"verify","ok":true}
{"t":"2026-09-10T08:37:23.514Z","path":"/blogs/chip-design/usb-80gbps-specification-and-protocol","step":"verify","ok":true}
{"t":"2026-09-10T08:37:25.396Z","path":"/blogs/chip-design/usb-dual-role-advantages","step":"verify","ok":true}
{"t":"2026-09-10T08:37:27.666Z","path":"/blogs/chip-design/usb-role-in-iot","step":"verify","ok":true}
{"t":"2026-09-10T08:37:27.942Z","path":"/blogs/chip-design/usb-type-c-alternate-mode-universality","step":"verify","ok":true}
{"t":"2026-09-10T08:37:28.809Z","path":"/blogs/chip-design/usb-type-c-trends-worldwide","step":"verify","ok":true}
{"t":"2026-09-10T08:37:30.643Z","path":"/blogs/chip-design/usb-type-c-verification-challenges","step":"verify","ok":true}
{"t":"2026-09-10T08:37:32.639Z","path":"/blogs/chip-design/usb3-2-cable-length-water-delivery","step":"verify","ok":true}
{"t":"2026-09-10T08:37:33.042Z","path":"/blogs/chip-design/usb3-2-power-delivery-charging","step":"verify","ok":true}
{"t":"2026-09-10T08:37:34.125Z","path":"/blogs/chip-design/usb3-2-primer","step":"verify","ok":true}
{"t":"2026-09-10T08:37:36.359Z","path":"/blogs/chip-design/usb4-device-ip-edge-ai","step":"verify","ok":true}
{"t":"2026-09-10T08:37:37.675Z","path":"/blogs/chip-design/usb4-specification-advancements-future-devices","step":"verify","ok":true}
{"t":"2026-09-10T08:37:37.724Z","path":"/blogs/chip-design/usb4-high-performance-combined-data","step":"verify","ok":true}
{"t":"2026-09-10T08:37:39.304Z","path":"/blogs/chip-design/use-cases-benefits-synopsys-virtual-prototyping","step":"verify","ok":true}
{"t":"2026-09-10T08:37:41.018Z","path":"/blogs/chip-design/using-ai-to-debug-more-quickly-and-accurately","step":"verify","ok":true}
{"t":"2026-09-10T08:37:42.310Z","path":"/blogs/chip-design/uvc-device-video-streaming","step":"verify","ok":true}
{"t":"2026-09-10T08:37:42.383Z","path":"/blogs/chip-design/validation-of-autosar-classic-ecus-running-rust-swcs-a-safer-path-to-automotive-software","step":"verify","ok":true}
{"t":"2026-09-10T08:37:43.998Z","path":"/blogs/chip-design/verdi-waveform-utilities","step":"verify","ok":true}
{"t":"2026-09-10T08:37:46.258Z","path":"/blogs/chip-design/verification-challenges-in-the-cloud","step":"verify","ok":true}
{"t":"2026-09-10T08:37:47.105Z","path":"/blogs/chip-design/verification-of-ual-uec-protocols-for-scalable-hpc-ai-networks-using-synopsys-vip","step":"verify","ok":true}
{"t":"2026-09-10T08:37:47.437Z","path":"/blogs/chip-design/verification-in-ai-era-scaling-software-driven-hardware-assisted-verification","step":"verify","ok":true}
{"t":"2026-09-10T08:37:48.878Z","path":"/blogs/chip-design/verification-validation-differences","step":"verify","ok":true}
{"t":"2026-09-10T08:37:50.863Z","path":"/blogs/chip-design/verification-viewpoints-a-new-blog-series","step":"verify","ok":true}
{"t":"2026-09-10T08:37:52.305Z","path":"/blogs/chip-design/verifying-complex-datapath-designs-with-hector","step":"verify","ok":true}
{"t":"2026-09-10T08:37:52.493Z","path":"/blogs/chip-design/verification-viewpoints-shift-left-sanity-testing","step":"verify","ok":true}
{"t":"2026-09-10T08:37:53.545Z","path":"/blogs/chip-design/verifying-cxl3-1-designs-with-synopsys-verification-ip","step":"verify","ok":true}
{"t":"2026-09-10T08:37:56.923Z","path":"/blogs/chip-design/verifying-nvme-2-1-designs-for-ai-hpc-workloads","step":"verify","ok":true}
{"t":"2026-09-10T08:37:58.154Z","path":"/blogs/chip-design/verifying-systems-with-primesim-continuum","step":"verify","ok":true}
{"t":"2026-09-10T08:37:58.473Z","path":"/blogs/chip-design/vip-amba-cxs-early-success","step":"verify","ok":true}
{"t":"2026-09-10T08:37:58.820Z","path":"/blogs/chip-design/virtual-electronic-control-unit-prototyping-tools","step":"verify","ok":true}
{"t":"2026-09-10T08:38:02.432Z","path":"/blogs/chip-design/virtual-prototyping-pre-silicon-verification","step":"verify","ok":true}
{"t":"2026-09-10T08:38:03.236Z","path":"/blogs/chip-design/virtual-prototyping-shifts-software-soc-design-left","step":"verify","ok":true}
{"t":"2026-09-10T08:38:03.437Z","path":"/blogs/chip-design/virtual-prototyping-tools-multi-die-system-architecture-design","step":"verify","ok":true}
{"t":"2026-09-10T08:38:04.456Z","path":"/blogs/chip-design/virtual-sensors-system-design","step":"verify","ok":true}
{"t":"2026-09-10T08:38:07.196Z","path":"/blogs/chip-design/virtualizer-native-execution-arm","step":"verify","ok":true}
{"t":"2026-09-10T08:38:08.500Z","path":"/blogs/chip-design/virtualizing-posix-style-ecus-deterministic-sil-simulation","step":"verify","ok":true}
{"t":"2026-09-10T08:38:08.820Z","path":"/blogs/chip-design/visualizing-cross-die-paths-multi-die-designs","step":"verify","ok":true}
{"t":"2026-09-10T08:38:09.292Z","path":"/blogs/chip-design/volvo-cars-automotive-digital-twin","step":"verify","ok":true}
{"t":"2026-09-10T08:38:12.220Z","path":"/blogs/chip-design/vso-ai-nvidia","step":"verify","ok":true}
{"t":"2026-09-10T08:38:13.351Z","path":"/blogs/chip-design/weikai-sun-interview-synopsys-custom-design-platform","step":"verify","ok":true}
{"t":"2026-09-10T08:38:13.616Z","path":"/blogs/chip-design/what-are-co-packaged-optics","step":"verify","ok":true}
{"t":"2026-09-10T08:38:14.628Z","path":"/blogs/chip-design/what-are-counterfeit-chips","step":"verify","ok":true}
{"t":"2026-09-10T08:38:17.466Z","path":"/blogs/chip-design/what-are-gate-all-around-gaa-transistors","step":"verify","ok":true}
{"t":"2026-09-10T08:38:17.999Z","path":"/blogs/chip-design/what-are-multi-die-systems","step":"verify","ok":true}
{"t":"2026-09-10T08:38:19.318Z","path":"/blogs/chip-design/what-does-cloud-native-mean","step":"verify","ok":true}
{"t":"2026-09-10T08:38:19.535Z","path":"/blogs/chip-design/what-is-a-cloud-data-center","step":"verify","ok":true}
{"t":"2026-09-10T08:38:22.670Z","path":"/blogs/chip-design/what-is-a-smartnic","step":"verify","ok":true}
{"t":"2026-09-10T08:38:23.871Z","path":"/blogs/chip-design/what-is-ams-verification","step":"verify","ok":true}
{"t":"2026-09-10T08:38:24.488Z","path":"/blogs/chip-design/what-is-bring-your-own-cloud","step":"verify","ok":true}
{"t":"2026-09-10T08:38:27.105Z","path":"/blogs/chip-design/what-is-clock-domain-crossing","step":"verify","ok":true}
{"t":"2026-09-10T08:38:27.533Z","path":"/blogs/chip-design/what-is-cloud-migration","step":"verify","ok":true}
{"t":"2026-09-10T08:38:28.510Z","path":"/blogs/chip-design/what-is-cloud-native-architecture","step":"verify","ok":true}
{"t":"2026-09-10T08:38:29.797Z","path":"/blogs/chip-design/what-is-cloud-security-framework","step":"verify","ok":true}
{"t":"2026-09-10T08:38:32.227Z","path":"/blogs/chip-design/what-is-code-linting","step":"verify","ok":true}
{"t":"2026-09-10T08:38:32.807Z","path":"/blogs/chip-design/what-is-compute-express-link-3","step":"verify","ok":true}
{"t":"2026-09-10T08:38:33.642Z","path":"/blogs/chip-design/what-is-cryo-cmos-ip","step":"verify","ok":true}
{"t":"2026-09-10T08:38:34.846Z","path":"/blogs/chip-design/what-is-democratized-design","step":"verify","ok":true}
{"t":"2026-09-10T08:38:37.305Z","path":"/blogs/chip-design/what-is-distributed-cloud-computing","step":"verify","ok":true}
{"t":"2026-09-10T08:38:37.835Z","path":"/blogs/chip-design/what-is-edge-computing","step":"verify","ok":true}
{"t":"2026-09-10T08:38:38.923Z","path":"/blogs/chip-design/what-is-elasticity-in-cloud-computing","step":"verify","ok":true}
{"t":"2026-09-10T08:38:39.507Z","path":"/blogs/chip-design/what-is-emram","step":"verify","ok":true}
{"t":"2026-09-10T08:38:42.020Z","path":"/blogs/chip-design/what-is-flexeda","step":"verify","ok":true}
{"t":"2026-09-10T08:38:43.657Z","path":"/blogs/chip-design/what-is-hardware-assisted-verification-hav","step":"verify","ok":true}
{"t":"2026-09-10T08:38:44.508Z","path":"/blogs/chip-design/what-is-local-layout-effect-chip-design","step":"verify","ok":true}
{"t":"2026-09-10T08:38:44.623Z","path":"/blogs/chip-design/what-is-macsec-protocol","step":"verify","ok":true}
{"t":"2026-09-10T08:38:47.168Z","path":"/blogs/chip-design/what-is-mobile-industry-processor-interface-protocol","step":"verify","ok":true}
{"t":"2026-09-10T08:38:48.611Z","path":"/blogs/chip-design/what-is-multi-cloud-architecture","step":"verify","ok":true}
{"t":"2026-09-10T08:38:49.594Z","path":"/blogs/chip-design/what-is-nfs-shared-storage","step":"verify","ok":true}
{"t":"2026-09-10T08:38:49.646Z","path":"/blogs/chip-design/what-is-multi-die-chip-design","step":"verify","ok":true}
{"t":"2026-09-10T08:38:52.436Z","path":"/blogs/chip-design/what-is-object-storage","step":"verify","ok":true}
{"t":"2026-09-10T08:38:53.326Z","path":"/blogs/chip-design/what-is-persistent-storage","step":"verify","ok":true}
{"t":"2026-09-10T08:38:54.467Z","path":"/blogs/chip-design/what-is-photonics","step":"verify","ok":true}
{"t":"2026-09-10T08:38:54.752Z","path":"/blogs/chip-design/what-is-power-optimization","step":"verify","ok":true}
{"t":"2026-09-10T08:38:57.985Z","path":"/blogs/chip-design/what-is-quantum-computing","step":"verify","ok":true}
{"t":"2026-09-10T08:38:59.134Z","path":"/blogs/chip-design/what-is-reset-domain-crossing","step":"verify","ok":true}
{"t":"2026-09-10T08:38:59.532Z","path":"/blogs/chip-design/what-is-shared-cloud-storage","step":"verify","ok":true}
{"t":"2026-09-10T08:38:59.737Z","path":"/blogs/chip-design/what-is-silent-data-corruption-sdc","step":"verify","ok":true}
{"t":"2026-09-10T08:39:03.071Z","path":"/blogs/chip-design/what-is-silicon-lifecycle-management-slm","step":"verify","ok":true}
{"t":"2026-09-10T08:39:04.404Z","path":"/blogs/chip-design/what-is-usb4-v2-specification","step":"verify","ok":true}
{"t":"2026-09-10T08:39:04.610Z","path":"/blogs/chip-design/what-is-tdisp-pcie-io-virtualization","step":"verify","ok":true}
{"t":"2026-09-10T08:39:04.636Z","path":"/blogs/chip-design/what-is-very-short-reach-vsr-connectivity","step":"verify","ok":true}
{"t":"2026-09-10T08:39:08.062Z","path":"/blogs/chip-design/whats-new-in-pcie-6","step":"verify","ok":true}
{"t":"2026-09-10T08:39:09.988Z","path":"/blogs/chip-design/where-does-innovation-come-from","step":"verify","ok":true}
{"t":"2026-09-10T08:39:10.161Z","path":"/blogs/chip-design/when-ai-gets-a-body-physical-ai","step":"verify","ok":true}
{"t":"2026-09-10T08:39:10.185Z","path":"/blogs/chip-design/when-functional-chip-design-verification-truly-finished","step":"verify","ok":true}
{"t":"2026-09-10T08:39:13.118Z","path":"/blogs/chip-design/why-adaptability-is-key-to-faster-prototyping","step":"verify","ok":true}
{"t":"2026-09-10T08:39:14.888Z","path":"/blogs/chip-design/why-dtco-is-key-to-memory-design-techniques","step":"verify","ok":true}
{"t":"2026-09-10T08:39:14.981Z","path":"/blogs/chip-design/why-ai-hardware-demands-the-highest-verifiable-qor","step":"verify","ok":true}
{"t":"2026-09-10T08:39:15.114Z","path":"/blogs/chip-design/why-ras-matters-in-hpc","step":"verify","ok":true}
{"t":"2026-09-10T08:39:17.867Z","path":"/blogs/chip-design/will-ai-chip-design-tools-take-your-job","step":"verify","ok":true}
{"t":"2026-09-10T08:39:19.620Z","path":"/blogs/chip-design/wish-conference-2021-qa-priyanka-joshi","step":"verify","ok":true}
{"t":"2026-09-10T08:39:19.802Z","path":"/blogs/chip-design/women-in-stem-qa-lisa-mcilwain","step":"verify","ok":true}
{"t":"2026-09-10T08:39:20.318Z","path":"/blogs/chip-design/women-in-tech-engineering-scholarship","step":"verify","ok":true}
{"t":"2026-09-10T08:39:22.843Z","path":"/blogs/chip-design/worlds-first-hbm4-ip-test-chip-ai-hpc-validation","step":"verify","ok":true}
{"t":"2026-09-10T08:39:24.320Z","path":"/blogs/chip-design/zebu-cloud-saas-flow","step":"verify","ok":true}
{"t":"2026-09-10T08:39:24.997Z","path":"/blogs/chip-design/zebu-innovation-advancing-emulation-technology-complex-soc-verification","step":"verify","ok":true}
{"t":"2026-09-10T08:39:25.400Z","path":"/blogs/chip-design/ywca-tribute-to-women-awards-honors-synopsys","step":"verify","ok":true}
{"t":"2026-09-10T08:39:27.668Z","path":"/blogs/chip-design/zebu-use-cases-tackling-soc-verification-tasks","step":"verify","ok":true}
{"t":"2026-09-10T08:39:29.171Z","path":"/blogs/chip-design/zephyr-rtos-silicon-lifecycle-management","step":"verify","ok":true}
{"t":"2026-09-10T08:39:30.139Z","path":"/blogs/chip-design","step":"verify","ok":true}
{"t":"2026-09-10T08:39:30.355Z","path":"/blogs","step":"verify","ok":true}
{"t":"2026-09-10T08:39:33.066Z","path":"/careers/benefits/ireland-gender-pay-results","step":"verify","ok":true}
{"t":"2026-09-10T08:39:34.294Z","path":"/careers/benefits/uk-gender-pay-results","step":"verify","ok":true}
{"t":"2026-09-10T08:39:34.842Z","path":"/cloud/cisco-success","step":"verify","ok":true}
{"t":"2026-09-10T08:39:35.205Z","path":"/careers/global/europe-and-middle-east/portugal","step":"verify","ok":true}
{"t":"2026-09-10T08:39:38.215Z","path":"/cloud/contact-us","step":"verify","ok":true}
{"t":"2026-09-10T08:39:39.779Z","path":"/cloud/free-trial","step":"verify","ok":true}
{"t":"2026-09-10T08:39:39.782Z","path":"/cloud/design-in-the-cloud","step":"verify","ok":true}
{"t":"2026-09-10T08:39:40.033Z","path":"/cloud/hcltech-success","step":"verify","ok":true}
{"t":"2026-09-10T08:39:42.997Z","path":"/cloud/mentium-success","step":"verify","ok":true}
{"t":"2026-09-10T08:39:44.425Z","path":"/cloud/news/byoc-on-google-cloud","step":"verify","ok":true}
{"t":"2026-09-10T08:39:44.718Z","path":"/cloud/openlink","step":"verify","ok":true}
{"t":"2026-09-10T08:39:45.723Z","path":"/cloud/openlink/api","step":"verify","ok":true}
{"t":"2026-09-10T08:39:47.995Z","path":"/cloud/photonic-saas","step":"verify","ok":true}
{"t":"2026-09-10T08:39:49.680Z","path":"/cloud/startup-program","step":"verify","ok":true}
{"t":"2026-09-10T08:39:49.909Z","path":"/cloud/platform","step":"verify","ok":true}
{"t":"2026-09-10T08:39:50.431Z","path":"/cloud/tetramem-success","step":"verify","ok":true}
{"t":"2026-09-10T08:39:53.168Z","path":"/cloud","step":"verify","ok":true}
{"t":"2026-09-10T08:39:54.549Z","path":"/community/resources/videos/snug-keynotes","step":"verify","ok":true}
{"t":"2026-09-10T08:39:54.725Z","path":"/community/snug/snug-china/2018-proceedings","step":"verify","ok":true}
{"t":"2026-09-10T08:39:55.050Z","path":"/community/snug/snug-china/2019-proceedings","step":"verify","ok":true}
{"t":"2026-09-10T08:39:58.103Z","path":"/community/snug/snug-china","step":"verify","ok":true}
{"t":"2026-09-10T08:39:59.749Z","path":"/community/snug/snug-india/call-for-content","step":"verify","ok":true}
{"t":"2026-09-10T08:39:59.749Z","path":"/community/snug/snug-europe/call-for-content","step":"verify","ok":true}
{"t":"2026-09-10T08:40:00.144Z","path":"/community/snug/snug-europe","step":"verify","ok":true}
{"t":"2026-09-10T08:40:04.306Z","path":"/community/snug/snug-india","step":"verify","ok":true}
{"t":"2026-09-10T08:40:04.755Z","path":"/community/snug/snug-israel","step":"verify","ok":true}
{"t":"2026-09-10T08:40:04.869Z","path":"/community/snug/snug-israel/call-for-content","step":"verify","ok":true}
{"t":"2026-09-10T08:40:07.426Z","path":"/community/snug/snug-korea/call-for-content","step":"verify","ok":true}
{"t":"2026-09-10T08:40:09.410Z","path":"/community/snug/snug-korea","step":"verify","ok":true}
{"t":"2026-09-10T08:40:09.774Z","path":"/community/snug/snug-penang","step":"verify","ok":true}
{"t":"2026-09-10T08:40:11.317Z","path":"/community/snug/snug-news/snug-news-2024","step":"verify","ok":true}
{"t":"2026-09-10T08:40:12.268Z","path":"/community/snug/snug-proceedings","step":"verify","ok":true}
{"t":"2026-09-10T08:40:14.636Z","path":"/community/snug/snug-silicon-valley","step":"verify","ok":true}
{"t":"2026-09-10T08:40:16.276Z","path":"/community/snug/snug-singapore","step":"verify","ok":true}
{"t":"2026-09-10T08:40:17.370Z","path":"/community/snug/snug-taiwan/call-for-content","step":"verify","ok":true}
{"t":"2026-09-10T08:40:18.320Z","path":"/community/snug/snug-silicon-valley/2020-on-demand","step":"verify","ok":true}
{"t":"2026-09-10T08:40:19.525Z","path":"/community/snug/snug-taiwan/location-proceedings-2021","step":"verify","ok":true}
{"t":"2026-09-10T08:40:21.190Z","path":"/community/snug/snug-taiwan","step":"verify","ok":true}
{"t":"2026-09-10T08:40:22.407Z","path":"/community/snug/snug-vietnam","step":"verify","ok":true}
{"t":"2026-09-10T08:40:23.136Z","path":"/community/snug","step":"verify","ok":true}
{"t":"2026-09-10T08:40:24.688Z","path":"/company/acquisitions","step":"verify","ok":true}
{"t":"2026-09-10T08:40:25.793Z","path":"/company/contact-synopsys/office-locations/armenia/about-us/about-synopsys-armenia","step":"verify","ok":true}
{"t":"2026-09-10T08:40:27.146Z","path":"/company/contact-synopsys/office-locations/armenia/community-involvement","step":"verify","ok":true}
{"t":"2026-09-10T08:40:27.763Z","path":"/company/contact-synopsys/office-locations/armenia/educational-programs/ai-multimedia-course","step":"verify","ok":true}
{"t":"2026-09-10T08:40:29.096Z","path":"/company/contact-synopsys/office-locations/armenia/educational-programs/training-and-internships","step":"verify","ok":true}
{"t":"2026-09-10T08:40:30.180Z","path":"/company/contact-synopsys/office-locations/armenia","step":"verify","ok":true}
{"t":"2026-09-10T08:40:31.910Z","path":"/company/contact-synopsys/office-locations/europe-middle-east","step":"verify","ok":true}
{"t":"2026-09-10T08:40:33.285Z","path":"/company/contact-synopsys/office-locations/india/about-synopsys-india","step":"verify","ok":true}
{"t":"2026-09-10T08:40:33.878Z","path":"/company/contact-synopsys/office-locations/india/educational-program/student-design-contest","step":"verify","ok":true}
{"t":"2026-09-10T08:40:34.704Z","path":"/company/contact-synopsys/office-locations/korea","step":"verify","ok":true}
{"t":"2026-09-10T08:40:36.428Z","path":"/company/contact-synopsys/office-locations/south-asia","step":"verify","ok":true}
{"t":"2026-09-10T08:40:38.063Z","path":"/company/contact-synopsys/office-locations/taiwan","step":"verify","ok":true}
{"t":"2026-09-10T08:40:38.894Z","path":"/company/contact-synopsys","step":"verify","ok":true}
{"t":"2026-09-10T08:40:39.643Z","path":"/company/corporate-governance-ethics/code-of-ethics","step":"verify","ok":true}
{"t":"2026-09-10T08:40:40.895Z","path":"/company/executive-briefing-center/ebc-hotels","step":"verify","ok":true}
{"t":"2026-09-10T08:40:42.623Z","path":"/company/executive-briefing-center/ebc-map","step":"verify","ok":true}
{"t":"2026-09-10T08:40:43.395Z","path":"/company/legal/privacy-policy","step":"verify","ok":true}
{"t":"2026-09-10T08:40:44.911Z","path":"/company/legal/security-commitments","step":"verify","ok":true}
{"t":"2026-09-10T08:40:45.817Z","path":"/company/resources/synopsys-press/better-software-faster","step":"verify","ok":true}
{"t":"2026-09-10T08:40:47.884Z","path":"/company/resources/synopsys-press/fpga-based-prototyping-methodology-manual","step":"verify","ok":true}
{"t":"2026-09-10T08:40:49.080Z","path":"/company/resources/synopsys-press/low-power-methodology-manual-download","step":"verify","ok":false,"why":"about:error in delivered html"}
{"t":"2026-09-10T08:40:49.864Z","path":"/company/resources/synopsys-press/the-ten-commandments-for-effective-standards","step":"verify","ok":true}
{"t":"2026-09-10T08:40:50.345Z","path":"/company/resources/synopsys-press/verification-methodology-manual-for-systemverilog","step":"verify","ok":true}
{"t":"2026-09-10T08:40:53.542Z","path":"/company/resources/synopsys-press","step":"verify","ok":false,"why":"about:error in delivered html"}
{"t":"2026-09-10T08:40:54.160Z","path":"/company/responsible-business","step":"verify","ok":true}
{"t":"2026-09-10T08:40:54.807Z","path":"/converge/call-for-content","step":"verify","ok":true}
{"t":"2026-09-10T08:40:54.869Z","path":"/designware-ip/interface-ip/ccix-controller","step":"verify","ok":true}
{"t":"2026-09-10T08:40:58.419Z","path":"/designware-ip/interface-ip/consumer8g","step":"verify","ok":true}
{"t":"2026-09-10T08:40:59.350Z","path":"/designware-ip/interface-ip/ddr/ddr-enhanced-universal-ctls","step":"verify","ok":true}
{"t":"2026-09-10T08:40:59.393Z","path":"/designware-ip/interface-ip/cxl/cxl-controller","step":"verify","ok":true}
{"t":"2026-09-10T08:41:01.090Z","path":"/designware-ip/interface-ip/cxl","step":"verify","ok":true}
{"t":"2026-09-10T08:41:03.400Z","path":"/designware-ip/interface-ip/ddr/ddr-gen2-multiphy","step":"verify","ok":true}
{"t":"2026-09-10T08:41:03.963Z","path":"/designware-ip/interface-ip/ddr/ddr-universal-ctls","step":"verify","ok":true}
{"t":"2026-09-10T08:41:04.293Z","path":"/designware-ip/interface-ip/ddr/ddr-multiphy","step":"verify","ok":true}
{"t":"2026-09-10T08:41:05.758Z","path":"/designware-ip/interface-ip/ddr/ddr-universal-umctl","step":"verify","ok":true}
{"t":"2026-09-10T08:41:08.200Z","path":"/designware-ip/interface-ip/ddr/ddr-universal-umctl2","step":"verify","ok":true}
{"t":"2026-09-10T08:41:09.003Z","path":"/designware-ip/interface-ip/ddr/ddr-universal-upctl2","step":"verify","ok":true}
{"t":"2026-09-10T08:41:09.456Z","path":"/designware-ip/interface-ip/ddr/ddr-universal-upctl","step":"verify","ok":true}
{"t":"2026-09-10T08:41:11.029Z","path":"/designware-ip/interface-ip/ddr/ddr2-lite-mem","step":"verify","ok":true}
{"t":"2026-09-10T08:41:12.964Z","path":"/designware-ip/interface-ip/ddr/ddr2-lite-pctl","step":"verify","ok":true}
{"t":"2026-09-10T08:41:13.506Z","path":"/designware-ip/interface-ip/ddr/ddr2-mem","step":"verify","ok":true}
{"t":"2026-09-10T08:41:14.178Z","path":"/designware-ip/interface-ip/ddr/ddr3-pctl","step":"verify","ok":true}
{"t":"2026-09-10T08:41:15.400Z","path":"/designware-ip/interface-ip/ddr/ddr3-phy","step":"verify","ok":true}
{"t":"2026-09-10T08:41:17.552Z","path":"/designware-ip/interface-ip/ddr/ddr4-multiphy","step":"verify","ok":true}
{"t":"2026-09-10T08:41:18.480Z","path":"/designware-ip/interface-ip/ddr/ddr43-phy","step":"verify","ok":true}
{"t":"2026-09-10T08:41:19.295Z","path":"/designware-ip/interface-ip/ddr/ddr5-mrdimm-controller","step":"verify","ok":true}
{"t":"2026-09-10T08:41:20.136Z","path":"/designware-ip/interface-ip/ddr/ddr54-controller","step":"verify","ok":true}
{"t":"2026-09-10T08:41:23.279Z","path":"/designware-ip/interface-ip/ddr/lpddr4-multiphy","step":"verify","ok":true}
{"t":"2026-09-10T08:41:23.464Z","path":"/designware-ip/interface-ip/ddr/ddr54-phy","step":"verify","ok":true}
{"t":"2026-09-10T08:41:24.397Z","path":"/designware-ip/interface-ip/ddr/lpddr54-controller","step":"verify","ok":true}
{"t":"2026-09-10T08:41:24.616Z","path":"/designware-ip/interface-ip/ddr/lpddr54-phy","step":"verify","ok":true}
{"t":"2026-09-10T08:41:27.774Z","path":"/designware-ip/interface-ip/ddr/lpddr5x54x-controller","step":"verify","ok":true}
{"t":"2026-09-10T08:41:28.412Z","path":"/designware-ip/interface-ip/ddr/lpddr5x54x-phy","step":"verify","ok":true}
{"t":"2026-09-10T08:41:29.194Z","path":"/designware-ip/interface-ip/ddr/lpddr65x5-controller","step":"verify","ok":true}
{"t":"2026-09-10T08:41:29.605Z","path":"/designware-ip/interface-ip/ddr/lpddr65x5-phy","step":"verify","ok":true}
{"t":"2026-09-10T08:41:32.481Z","path":"/designware-ip/interface-ip/ddr/mrdimm-phy","step":"verify","ok":true}
{"t":"2026-09-10T08:41:33.421Z","path":"/designware-ip/interface-ip/ddr","step":"verify","ok":true}
{"t":"2026-09-10T08:41:33.702Z","path":"/designware-ip/interface-ip/die-to-die/ucie-controller-ip","step":"verify","ok":true}
{"t":"2026-09-10T08:41:34.465Z","path":"/designware-ip/interface-ip/die-to-die/ucie-phy-ip","step":"verify","ok":true}
{"t":"2026-09-10T08:41:37.008Z","path":"/designware-ip/interface-ip/die-to-die/usr-xsr-phy","step":"verify","ok":true}
{"t":"2026-09-10T08:41:38.064Z","path":"/designware-ip/interface-ip/die-to-die-controller","step":"verify","ok":true}
{"t":"2026-09-10T08:41:38.840Z","path":"/designware-ip/interface-ip/die-to-die","step":"verify","ok":true}
{"t":"2026-09-10T08:41:39.126Z","path":"/designware-ip/interface-ip/displayport/dptx-ip","step":"verify","ok":true}
{"t":"2026-09-10T08:41:41.667Z","path":"/designware-ip/interface-ip/ethernet/1-6t-ethernet-cs","step":"verify","ok":true}
{"t":"2026-09-10T08:41:43.758Z","path":"/designware-ip/interface-ip/ethernet/1-6t-ethernet-ip","step":"verify","ok":true}
{"t":"2026-09-10T08:41:43.920Z","path":"/designware-ip/interface-ip/ethernet/1-6t-ethernet-pcs-ip","step":"verify","ok":true}
{"t":"2026-09-10T08:41:44.120Z","path":"/designware-ip/interface-ip/ethernet/1-6t-ethernet-mac-ip","step":"verify","ok":true}
{"t":"2026-09-10T08:41:46.398Z","path":"/designware-ip/interface-ip/ethernet/1-6t-ultra-ethernet-cs","step":"verify","ok":true}
{"t":"2026-09-10T08:41:48.609Z","path":"/designware-ip/interface-ip/ethernet/100g-200g-400g-800g-ethernet-mac-ip","step":"verify","ok":true}
{"t":"2026-09-10T08:41:49.038Z","path":"/designware-ip/interface-ip/ethernet/100g-ethernet-pcs","step":"verify","ok":true}
{"t":"2026-09-10T08:41:49.132Z","path":"/designware-ip/interface-ip/ethernet/100g-ethernet-mac-tsn","step":"verify","ok":true}
{"t":"2026-09-10T08:41:51.123Z","path":"/designware-ip/interface-ip/ethernet/112g-ethernet-phy","step":"verify","ok":true}
{"t":"2026-09-10T08:41:53.542Z","path":"/designware-ip/interface-ip/ethernet/200g-400g-800g-ethernet-mac-ip","step":"verify","ok":true}
{"t":"2026-09-10T08:41:54.005Z","path":"/designware-ip/interface-ip/ethernet/200g-400g-ethernet-pcs-ip","step":"verify","ok":true}
{"t":"2026-09-10T08:41:54.414Z","path":"/designware-ip/interface-ip/ethernet/224g-ethernet-phy","step":"verify","ok":true}
{"t":"2026-09-10T08:41:55.962Z","path":"/designware-ip/interface-ip/ethernet/25g-ethernet-mac-ip","step":"verify","ok":true}
{"t":"2026-09-10T08:41:58.105Z","path":"/designware-ip/interface-ip/ethernet/56g-ethernet-phy","step":"verify","ok":true}
{"t":"2026-09-10T08:41:59.483Z","path":"/designware-ip/interface-ip/ethernet/enterprise-ether-pcs","step":"verify","ok":true}
{"t":"2026-09-10T08:41:59.580Z","path":"/designware-ip/interface-ip/ethernet/800g-ethernet-pcs-ip","step":"verify","ok":true}
{"t":"2026-09-10T08:42:00.461Z","path":"/designware-ip/interface-ip/ethernet/ether-200g-400g-800g-mac-pcs","step":"verify","ok":true}
{"t":"2026-09-10T08:42:02.863Z","path":"/designware-ip/interface-ip/ethernet/ether-enterprise-mac","step":"verify","ok":true}
{"t":"2026-09-10T08:42:04.592Z","path":"/designware-ip/interface-ip/ethernet/ether-mac10-100-1000-unive","step":"verify","ok":true}
{"t":"2026-09-10T08:42:04.673Z","path":"/designware-ip/interface-ip/ethernet/ether-mac10-100-universal","step":"verify","ok":true}
{"t":"2026-09-10T08:42:05.511Z","path":"/designware-ip/interface-ip/ethernet/ether-pcs","step":"verify","ok":true}
{"t":"2026-09-10T08:42:07.317Z","path":"/designware-ip/interface-ip/ethernet/ether-pcs40","step":"verify","ok":true}
{"t":"2026-09-10T08:42:09.393Z","path":"/designware-ip/interface-ip/ethernet/ether-qos","step":"verify","ok":true}
{"t":"2026-09-10T08:42:09.617Z","path":"/designware-ip/interface-ip/ethernet/ether-xgmac","step":"verify","ok":true}
{"t":"2026-09-10T08:42:10.077Z","path":"/designware-ip/interface-ip/ethernet/ethernet-scale-up-networking-esun/esun-solution","step":"verify","ok":true}
{"t":"2026-09-10T08:42:12.449Z","path":"/designware-ip/interface-ip/ethernet","step":"verify","ok":true}
{"t":"2026-09-10T08:42:13.900Z","path":"/designware-ip/interface-ip/hbm/hbm3-controller","step":"verify","ok":true}
{"t":"2026-09-10T08:42:14.498Z","path":"/designware-ip/interface-ip/hbm/hbm2","step":"verify","ok":true}
{"t":"2026-09-10T08:42:14.645Z","path":"/designware-ip/interface-ip/hbm/hbm3-phy","step":"verify","ok":true}
{"t":"2026-09-10T08:42:17.130Z","path":"/designware-ip/interface-ip/hbm/hbm4-controller","step":"verify","ok":true}
{"t":"2026-09-10T08:42:18.675Z","path":"/designware-ip/interface-ip/hbm/hbm4-phy","step":"verify","ok":true}
{"t":"2026-09-10T08:42:19.014Z","path":"/designware-ip/interface-ip/hdmi/hdmi-13-csds-rx","step":"verify","ok":true}
{"t":"2026-09-10T08:42:19.441Z","path":"/designware-ip/interface-ip/hdmi/hdmi-13-csds-tx","step":"verify","ok":true}
{"t":"2026-09-10T08:42:22.120Z","path":"/designware-ip/interface-ip/hdmi/hdmi-14-csds-rx","step":"verify","ok":true}
{"t":"2026-09-10T08:42:23.390Z","path":"/designware-ip/interface-ip/hdmi/hdmi-14-csds-tx","step":"verify","ok":true}
{"t":"2026-09-10T08:42:23.684Z","path":"/designware-ip/interface-ip/hdmi/hdmi-20-csds-rx","step":"verify","ok":true}
{"t":"2026-09-10T08:42:24.405Z","path":"/designware-ip/interface-ip/hdmi/hdmi-20-csds-tx","step":"verify","ok":true}
{"t":"2026-09-10T08:42:27.312Z","path":"/designware-ip/interface-ip/hdmi/hdmi-21-rx","step":"verify","ok":true}
{"t":"2026-09-10T08:42:28.424Z","path":"/designware-ip/interface-ip/hdmi/hdmi-21-tx","step":"verify","ok":true}
{"t":"2026-09-10T08:42:28.741Z","path":"/designware-ip/interface-ip/hdmi/hdmi-csds-rx","step":"verify","ok":true}
{"t":"2026-09-10T08:42:29.004Z","path":"/designware-ip/interface-ip/hdmi/hdmi-csds-tx","step":"verify","ok":true}
{"t":"2026-09-10T08:42:32.150Z","path":"/designware-ip/interface-ip/mipi/mipi-c-phy-d-phy","step":"verify","ok":true}
{"t":"2026-09-10T08:42:32.838Z","path":"/designware-ip/interface-ip/mipi/mipi-csi2","step":"verify","ok":true}
{"t":"2026-09-10T08:42:33.591Z","path":"/designware-ip/interface-ip/mipi/mipi-dsi","step":"verify","ok":true}
{"t":"2026-09-10T08:42:33.592Z","path":"/designware-ip/interface-ip/mipi/mipi-d-phy","step":"verify","ok":true}
{"t":"2026-09-10T08:42:36.419Z","path":"/designware-ip/interface-ip/mipi/mipi-i3c","step":"verify","ok":true}
{"t":"2026-09-10T08:42:37.461Z","path":"/designware-ip/interface-ip/mipi/mipi-m-phy","step":"verify","ok":true}
{"t":"2026-09-10T08:42:38.370Z","path":"/designware-ip/interface-ip/mipi/mipi-unipro","step":"verify","ok":true}
{"t":"2026-09-10T08:42:38.419Z","path":"/designware-ip/interface-ip/mobile-storage/sd-emmc-host-controller","step":"verify","ok":true}
{"t":"2026-09-10T08:42:40.944Z","path":"/designware-ip/interface-ip/mobile-storage/sd-emmc-phy","step":"verify","ok":true}
{"t":"2026-09-10T08:42:42.318Z","path":"/designware-ip/interface-ip/multi-protocol-10g-phy","step":"verify","ok":true}
{"t":"2026-09-10T08:42:42.771Z","path":"/designware-ip/interface-ip/multi-protocol-112g-phy","step":"verify","ok":true}
{"t":"2026-09-10T08:42:43.279Z","path":"/designware-ip/interface-ip/multi-protocol-16g-phy","step":"verify","ok":true}
{"t":"2026-09-10T08:42:45.433Z","path":"/designware-ip/interface-ip/multi-protocol-25g-phy","step":"verify","ok":true}
{"t":"2026-09-10T08:42:47.250Z","path":"/designware-ip/interface-ip/multi-protocol-32g-phy","step":"verify","ok":true}
{"t":"2026-09-10T08:42:47.360Z","path":"/designware-ip/interface-ip/multi-protocol-6g-phy","step":"verify","ok":true}
{"t":"2026-09-10T08:42:48.630Z","path":"/designware-ip/interface-ip/n3e","step":"verify","ok":true}
{"t":"2026-09-10T08:42:50.012Z","path":"/designware-ip/interface-ip/pci-express/pci-express-ahb","step":"verify","ok":true}
{"t":"2026-09-10T08:42:51.803Z","path":"/designware-ip/interface-ip/pci-express/pci-express-controllers","step":"verify","ok":true}
{"t":"2026-09-10T08:42:51.950Z","path":"/designware-ip/interface-ip/pci-express/pci-express-axi","step":"verify","ok":true}
{"t":"2026-09-10T08:42:53.631Z","path":"/designware-ip/interface-ip/pci-express/pci-express-multi-port-sw","step":"verify","ok":true}
{"t":"2026-09-10T08:42:54.822Z","path":"/designware-ip/interface-ip/pci-express/pci-express-sriov","step":"verify","ok":true}
{"t":"2026-09-10T08:42:56.612Z","path":"/designware-ip/interface-ip/pci-express/pcie-express-eep","step":"verify","ok":true}
{"t":"2026-09-10T08:42:56.656Z","path":"/designware-ip/interface-ip/pci-express/pcie-phy","step":"verify","ok":true}
{"t":"2026-09-10T08:42:58.267Z","path":"/designware-ip/interface-ip/pci-express/pcie2-phy","step":"verify","ok":true}
{"t":"2026-09-10T08:42:59.406Z","path":"/designware-ip/interface-ip/pci-express/pcie3-phy","step":"verify","ok":true}
{"t":"2026-09-10T08:43:01.502Z","path":"/designware-ip/interface-ip/pci-express/pcie5-phy","step":"verify","ok":true}
{"t":"2026-09-10T08:43:01.642Z","path":"/designware-ip/interface-ip/pci-express/pcie4-phy","step":"verify","ok":true}
{"t":"2026-09-10T08:43:02.910Z","path":"/designware-ip/interface-ip/pci-express/pcie6-controller","step":"verify","ok":true}
{"t":"2026-09-10T08:43:04.375Z","path":"/designware-ip/interface-ip/pci-express/pcie6-phy","step":"verify","ok":true}
{"t":"2026-09-10T08:43:06.222Z","path":"/designware-ip/interface-ip/pci-express/pcie7-phy","step":"verify","ok":true}
{"t":"2026-09-10T08:43:06.964Z","path":"/designware-ip/interface-ip/pci-express/pcie7-controller","step":"verify","ok":true}
{"t":"2026-09-10T08:43:08.070Z","path":"/designware-ip/interface-ip/secure-interfaces","step":"verify","ok":true}
{"t":"2026-09-10T08:43:09.106Z","path":"/designware-ip/interface-ip/ufs","step":"verify","ok":true}
{"t":"2026-09-10T08:43:10.825Z","path":"/designware-ip/interface-ip/ultra-accelerator-link-cs","step":"verify","ok":true}
{"t":"2026-09-10T08:43:11.328Z","path":"/designware-ip/interface-ip/usb/eusb2-phy","step":"verify","ok":true}
{"t":"2026-09-10T08:43:12.827Z","path":"/designware-ip/interface-ip/usb/eusb2-repeater","step":"verify","ok":true}
{"t":"2026-09-10T08:43:13.698Z","path":"/designware-ip/interface-ip/usb/usb-1-1-device","step":"verify","ok":true}
{"t":"2026-09-10T08:43:15.293Z","path":"/designware-ip/interface-ip/usb/usb-1-1-hub","step":"verify","ok":true}
{"t":"2026-09-10T08:43:16.057Z","path":"/designware-ip/interface-ip/usb/usb-2-0-device","step":"verify","ok":true}
{"t":"2026-09-10T08:43:17.823Z","path":"/designware-ip/interface-ip/usb/usb-2-0-digital-controllers","step":"verify","ok":true}
{"t":"2026-09-10T08:43:18.170Z","path":"/designware-ip/interface-ip/usb/usb-2-0-eusb2","step":"verify","ok":true}
{"t":"2026-09-10T08:43:19.794Z","path":"/designware-ip/interface-ip/usb/usb-2-0-host-controller","step":"verify","ok":true}
{"t":"2026-09-10T08:43:20.494Z","path":"/designware-ip/interface-ip/usb/usb-2-0-hs-otg","step":"verify","ok":true}
{"t":"2026-09-10T08:43:22.511Z","path":"/designware-ip/interface-ip/usb/usb-2-0-phy","step":"verify","ok":true}
{"t":"2026-09-10T08:43:22.825Z","path":"/designware-ip/interface-ip/usb/usb-3-0-controllers","step":"verify","ok":true}
{"t":"2026-09-10T08:43:24.192Z","path":"/designware-ip/interface-ip/usb/usb-3-0-device-controllers","step":"verify","ok":true}
{"t":"2026-09-10T08:43:25.254Z","path":"/designware-ip/interface-ip/usb/usb-3-0-drd","step":"verify","ok":true}
{"t":"2026-09-10T08:43:27.272Z","path":"/designware-ip/interface-ip/usb/usb-3-0-host-controller","step":"verify","ok":true}
{"t":"2026-09-10T08:43:27.350Z","path":"/designware-ip/interface-ip/usb/usb-3-0-phy","step":"verify","ok":true}
{"t":"2026-09-10T08:43:29.019Z","path":"/designware-ip/interface-ip/usb/usb-3-1-controllers","step":"verify","ok":true}
{"t":"2026-09-10T08:43:30.281Z","path":"/designware-ip/interface-ip/usb/usb-3-1-device-controller","step":"verify","ok":true}
{"t":"2026-09-10T08:43:31.783Z","path":"/designware-ip/interface-ip/usb/usb-3-2-controllers","step":"verify","ok":true}
{"t":"2026-09-10T08:43:32.170Z","path":"/designware-ip/interface-ip/usb/usb-3-1-phy","step":"verify","ok":true}
{"t":"2026-09-10T08:43:34.211Z","path":"/designware-ip/interface-ip/usb/usb-3-2-phy","step":"verify","ok":true}
{"t":"2026-09-10T08:43:34.716Z","path":"/designware-ip/interface-ip/usb/usb-3","step":"verify","ok":true}
{"t":"2026-09-10T08:43:36.517Z","path":"/designware-ip/interface-ip/usb/usb-c-30-controllers","step":"verify","ok":true}
{"t":"2026-09-10T08:43:36.702Z","path":"/designware-ip/interface-ip/usb/usb-c-31-controllers","step":"verify","ok":true}
{"t":"2026-09-10T08:43:38.991Z","path":"/designware-ip/interface-ip/usb/usb-c-31-displayport","step":"verify","ok":true}
{"t":"2026-09-10T08:43:39.051Z","path":"/designware-ip/interface-ip/usb/usb-c-31-dp-14-ss","step":"verify","ok":true}
{"t":"2026-09-10T08:43:40.992Z","path":"/designware-ip/interface-ip/usb/usb-c-32-dp-14","step":"verify","ok":true}
{"t":"2026-09-10T08:43:41.010Z","path":"/designware-ip/interface-ip/usb/usb-c-31-dp-14","step":"verify","ok":true}
{"t":"2026-09-10T08:43:43.971Z","path":"/designware-ip/interface-ip/usb/usb-lpm-hsic","step":"verify","ok":true}
{"t":"2026-09-10T08:43:45.000Z","path":"/designware-ip/interface-ip/usb/usb-university-series","step":"verify","ok":true}
{"t":"2026-09-10T08:43:45.426Z","path":"/designware-ip/interface-ip/usb/usb2-nanophy","step":"verify","ok":true}
{"t":"2026-09-10T08:43:45.604Z","path":"/designware-ip/interface-ip/usb/usb2-femtophy","step":"verify","ok":true}
{"t":"2026-09-10T08:43:48.222Z","path":"/designware-ip/interface-ip/usb/usb2-picophy","step":"verify","ok":true}
{"t":"2026-09-10T08:43:50.022Z","path":"/designware-ip/interface-ip/usb/usb2-type-c-iot","step":"verify","ok":true}
{"t":"2026-09-10T08:43:50.258Z","path":"/designware-ip/interface-ip/usb/usb4-controller-router","step":"verify","ok":true}
{"t":"2026-09-10T08:43:50.512Z","path":"/designware-ip/interface-ip/usb/usb3-femtophy","step":"verify","ok":true}
{"t":"2026-09-10T08:43:53.032Z","path":"/designware-ip/interface-ip/usb/usb4-phy","step":"verify","ok":true}
{"t":"2026-09-10T08:43:54.827Z","path":"/designware-ip/interface-ip/usb/usb4","step":"verify","ok":true}
{"t":"2026-09-10T08:43:55.612Z","path":"/designware-ip/interface-ip/usb","step":"verify","ok":true}
{"t":"2026-09-10T08:43:55.781Z","path":"/designware-ip/interface-ip/vesa-dsc/vesa-dsc-encoder-decoder","step":"verify","ok":true}
{"t":"2026-09-10T08:43:57.973Z","path":"/designware-ip/interface-ip/xaui-phy","step":"verify","ok":true}
{"t":"2026-09-10T08:44:00.176Z","path":"/designware-ip/ip-accelerated/silicon-bring-up","step":"verify","ok":true}
{"t":"2026-09-10T08:44:00.746Z","path":"/designware-ip/ip-accelerated/ip-hardening","step":"verify","ok":true}
{"t":"2026-09-10T08:44:00.946Z","path":"/designware-ip/ip-accelerated/soc-architecture","step":"verify","ok":true}
{"t":"2026-09-10T08:44:02.913Z","path":"/designware-ip/ip-accelerated","step":"verify","ok":true}
{"t":"2026-09-10T08:44:05.040Z","path":"/designware-ip/ip-market-segments/automotive/adas","step":"verify","ok":true}
{"t":"2026-09-10T08:44:05.359Z","path":"/designware-ip/ip-market-segments/automotive/gateways","step":"verify","ok":true}
{"t":"2026-09-10T08:44:05.648Z","path":"/designware-ip/ip-market-segments/automotive/functional-safety","step":"verify","ok":true}
{"t":"2026-09-10T08:44:07.826Z","path":"/designware-ip/ip-market-segments/automotive/infotainment","step":"verify","ok":true}
{"t":"2026-09-10T08:44:10.343Z","path":"/designware-ip/ip-market-segments/edge-ai","step":"verify","ok":true}
{"t":"2026-09-10T08:44:10.783Z","path":"/designware-ip/ip-market-segments/automotive","step":"verify","ok":true}
{"t":"2026-09-10T08:44:11.264Z","path":"/designware-ip/ip-market-segments/hpc","step":"verify","ok":true}
{"t":"2026-09-10T08:44:12.857Z","path":"/designware-ip/ip-oem-partners","step":"verify","ok":true}
{"t":"2026-09-10T08:44:14.836Z","path":"/designware-ip/ip-reuse-tool/core-assembler","step":"verify","ok":true}
{"t":"2026-09-10T08:44:15.215Z","path":"/designware-ip/ip-reuse-tool/core-builder","step":"verify","ok":true}
{"t":"2026-09-10T08:44:15.946Z","path":"/designware-ip/ip-reuse-tool/core-consultant","step":"verify","ok":true}
{"t":"2026-09-10T08:44:18.115Z","path":"/designware-ip/ip-reuse-tool","step":"verify","ok":true}
{"t":"2026-09-10T08:44:19.280Z","path":"/designware-ip/memories-logic-libraries/3dio","step":"verify","ok":true}
{"t":"2026-09-10T08:44:20.145Z","path":"/designware-ip/memories-logic-libraries/duet-package","step":"verify","ok":true}
{"t":"2026-09-10T08:44:20.848Z","path":"/designware-ip/memories-logic-libraries/eco-kits","step":"verify","ok":true}
{"t":"2026-09-10T08:44:23.476Z","path":"/designware-ip/memories-logic-libraries/emram-rram-ip","step":"verify","ok":true}
{"t":"2026-09-10T08:44:24.041Z","path":"/designware-ip/memories-logic-libraries/gpio","step":"verify","ok":true}
{"t":"2026-09-10T08:44:25.002Z","path":"/designware-ip/memories-logic-libraries/high-speed-test-io","step":"verify","ok":true}
{"t":"2026-09-10T08:44:25.660Z","path":"/designware-ip/memories-logic-libraries/hpc-design-kit","step":"verify","ok":true}
{"t":"2026-09-10T08:44:28.206Z","path":"/designware-ip/memories-logic-libraries/io-library-ip","step":"verify","ok":true}
{"t":"2026-09-10T08:44:28.782Z","path":"/designware-ip/memories-logic-libraries/logic-libraries","step":"verify","ok":true}
{"t":"2026-09-10T08:44:29.805Z","path":"/designware-ip/memories-logic-libraries/multi-port-memory","step":"verify","ok":true}
{"t":"2026-09-10T08:44:30.001Z","path":"/designware-ip/memories-logic-libraries/non-volatile-memory/ftp-trim","step":"verify","ok":true}
{"t":"2026-09-10T08:44:32.734Z","path":"/designware-ip/memories-logic-libraries/non-volatile-memory/medium-density","step":"verify","ok":true}
{"t":"2026-09-10T08:44:33.922Z","path":"/designware-ip/memories-logic-libraries/non-volatile-memory/mtp-eeprom","step":"verify","ok":true}
{"t":"2026-09-10T08:44:34.148Z","path":"/designware-ip/memories-logic-libraries/non-volatile-memory/mtp-rfid","step":"verify","ok":true}
{"t":"2026-09-10T08:44:34.943Z","path":"/designware-ip/memories-logic-libraries/non-volatile-memory/otp-slp-c","step":"verify","ok":true}
{"t":"2026-09-10T08:44:37.381Z","path":"/designware-ip/memories-logic-libraries/non-volatile-memory/otp-xbc","step":"verify","ok":true}
{"t":"2026-09-10T08:44:38.829Z","path":"/designware-ip/memories-logic-libraries/non-volatile-memory/otp-xsc","step":"verify","ok":true}
{"t":"2026-09-10T08:44:38.982Z","path":"/designware-ip/memories-logic-libraries/non-volatile-memory/otp-xhc","step":"verify","ok":true}
{"t":"2026-09-10T08:44:39.909Z","path":"/designware-ip/memories-logic-libraries/non-volatile-memory/otp","step":"verify","ok":true}
{"t":"2026-09-10T08:44:43.183Z","path":"/designware-ip/memories-logic-libraries/non-volatile-memory","step":"verify","ok":true}
{"t":"2026-09-10T08:44:43.938Z","path":"/designware-ip/memories-logic-libraries/power-optimization-kit","step":"verify","ok":true}
{"t":"2026-09-10T08:44:44.393Z","path":"/designware-ip/memories-logic-libraries/secure-storage-otp-ip","step":"verify","ok":true}
{"t":"2026-09-10T08:44:44.693Z","path":"/designware-ip/memories-logic-libraries/specialty-io","step":"verify","ok":true}
{"t":"2026-09-10T08:44:47.785Z","path":"/designware-ip/memories-logic-libraries/sram-memory-compilers","step":"verify","ok":true}
{"t":"2026-09-10T08:44:48.637Z","path":"/designware-ip/memories-logic-libraries/tcam-memory-compilers","step":"verify","ok":true}
{"t":"2026-09-10T08:44:48.851Z","path":"/designware-ip/memories-logic-libraries/standard-cell","step":"verify","ok":true}
{"t":"2026-09-10T08:44:49.746Z","path":"/designware-ip/memories-logic-libraries/ull-logic","step":"verify","ok":true}
{"t":"2026-09-10T08:44:52.850Z","path":"/designware-ip/memories-logic-libraries","step":"verify","ok":true}
{"t":"2026-09-10T08:44:53.267Z","path":"/designware-ip/security-ip/contact-us","step":"verify","ok":true}
{"t":"2026-09-10T08:44:53.512Z","path":"/designware-ip/security-ip/cryptography-ip/public-key-accelerators/agile-pqc-pka","step":"verify","ok":true}
{"t":"2026-09-10T08:44:54.280Z","path":"/designware-ip/security-ip/cryptography-ip/public-key-accelerators/security-public-key-accelerator","step":"verify","ok":true}
{"t":"2026-09-10T08:44:58.045Z","path":"/designware-ip/security-ip/cryptography-ip/puf/automotive-security","step":"verify","ok":true}
{"t":"2026-09-10T08:44:58.520Z","path":"/designware-ip/security-ip/cryptography-ip/puf/chiplet-security","step":"verify","ok":true}
{"t":"2026-09-10T08:44:58.741Z","path":"/designware-ip/security-ip/cryptography-ip/puf/embedded-microcontrollers","step":"verify","ok":true}
{"t":"2026-09-10T08:44:59.292Z","path":"/designware-ip/security-ip/cryptography-ip/puf/industrial-iot","step":"verify","ok":true}
{"t":"2026-09-10T08:45:02.619Z","path":"/designware-ip/security-ip/cryptography-ip/puf/ip-software","step":"verify","ok":true}
{"t":"2026-09-10T08:45:03.845Z","path":"/designware-ip/security-ip/cryptography-ip/puf/security-puf-fpga-x","step":"verify","ok":true}
{"t":"2026-09-10T08:45:03.872Z","path":"/designware-ip/security-ip/cryptography-ip/puf/just-in-time-key-management","step":"verify","ok":true}
{"t":"2026-09-10T08:45:04.337Z","path":"/designware-ip/security-ip/cryptography-ip/puf/security-puf-fpga-a","step":"verify","ok":true}
{"t":"2026-09-10T08:45:07.261Z","path":"/designware-ip/security-ip/cryptography-ip/puf/security-puf-ip","step":"verify","ok":true}
{"t":"2026-09-10T08:45:08.743Z","path":"/designware-ip/security-ip/cryptography-ip/puf/sensor-ics","step":"verify","ok":true}
{"t":"2026-09-10T08:45:09.403Z","path":"/designware-ip/security-ip/cryptography-ip/random-number-generators/trng-nist","step":"verify","ok":true}
{"t":"2026-09-10T08:45:09.667Z","path":"/designware-ip/security-ip/cryptography-ip/puf/soft-skus","step":"verify","ok":true}
{"t":"2026-09-10T08:45:11.802Z","path":"/designware-ip/security-ip/cryptography-ip/random-number-generators/trng","step":"verify","ok":true}
{"t":"2026-09-10T08:45:13.368Z","path":"/designware-ip/security-ip/cryptography-ip/secure-boot-sdk","step":"verify","ok":true}
{"t":"2026-09-10T08:45:14.174Z","path":"/designware-ip/security-ip/cryptography-ip/symmetric-cryptographic-engines/security-aes-gcm-ctr","step":"verify","ok":true}
{"t":"2026-09-10T08:45:14.460Z","path":"/designware-ip/security-ip/cryptography-ip/security-crypto-software-library","step":"verify","ok":true}
{"t":"2026-09-10T08:45:16.380Z","path":"/designware-ip/security-ip/cryptography-ip/symmetric-cryptographic-engines/security-aes-xts","step":"verify","ok":true}
{"t":"2026-09-10T08:45:18.065Z","path":"/designware-ip/security-ip/cryptography-ip/symmetric-cryptographic-engines/ultra-aes-gcm-ctr","step":"verify","ok":true}
{"t":"2026-09-10T08:45:18.614Z","path":"/designware-ip/security-ip/cryptography-ip/symmetric-cryptographic-engines/ultra-high-perf-aes-xts-ecb","step":"verify","ok":true}
{"t":"2026-09-10T08:45:18.958Z","path":"/designware-ip/security-ip/interface-security-modules/automotive-macsec-1g-25g","step":"verify","ok":true}
{"t":"2026-09-10T08:45:21.278Z","path":"/designware-ip/security-ip/interface-security-modules/hpc-macsec-up-to-1-6t","step":"verify","ok":true}
{"t":"2026-09-10T08:45:23.004Z","path":"/designware-ip/security-ip/interface-security-modules/mipi-cse2-security-module","step":"verify","ok":true}
{"t":"2026-09-10T08:45:23.118Z","path":"/designware-ip/security-ip/interface-security-modules/security-cxl2-ide","step":"verify","ok":true}
{"t":"2026-09-10T08:45:23.551Z","path":"/designware-ip/security-ip/interface-security-modules/security-cxl3-ide","step":"verify","ok":true}
{"t":"2026-09-10T08:45:25.801Z","path":"/designware-ip/security-ip/interface-security-modules/security-cxl4-ide","step":"verify","ok":true}
{"t":"2026-09-10T08:45:27.212Z","path":"/designware-ip/security-ip/interface-security-modules/security-ddr-ime","step":"verify","ok":true}
{"t":"2026-09-10T08:45:27.651Z","path":"/designware-ip/security-ip/interface-security-modules/security-ethernet-macsec","step":"verify","ok":true}
{"t":"2026-09-10T08:45:28.540Z","path":"/designware-ip/security-ip/interface-security-modules/security-hdcp-esm-dp","step":"verify","ok":true}
{"t":"2026-09-10T08:45:30.974Z","path":"/designware-ip/security-ip/interface-security-modules/security-hdcp-esm-multiport","step":"verify","ok":true}
{"t":"2026-09-10T08:45:32.349Z","path":"/designware-ip/security-ip/interface-security-modules/security-pcie5-ide","step":"verify","ok":true}
{"t":"2026-09-10T08:45:32.601Z","path":"/designware-ip/security-ip/interface-security-modules/security-hdcp-esm","step":"verify","ok":true}
{"t":"2026-09-10T08:45:33.112Z","path":"/designware-ip/security-ip/interface-security-modules/security-pcie6-ide","step":"verify","ok":true}
{"t":"2026-09-10T08:45:35.311Z","path":"/designware-ip/security-ip/interface-security-modules/security-pcie7-ide","step":"verify","ok":true}
{"t":"2026-09-10T08:45:36.971Z","path":"/designware-ip/security-ip/interface-security-modules/ualinksec-200","step":"verify","ok":true}
{"t":"2026-09-10T08:45:37.518Z","path":"/designware-ip/security-ip/root-of-trust/troot-fx-hw-secure-module","step":"verify","ok":true}
{"t":"2026-09-10T08:45:38.150Z","path":"/designware-ip/security-ip/root-of-trust/troot-hsm-automotive","step":"verify","ok":true}
{"t":"2026-09-10T08:45:40.154Z","path":"/designware-ip/security-ip/root-of-trust/troot-hsm-isim","step":"verify","ok":true}
{"t":"2026-09-10T08:45:42.018Z","path":"/designware-ip/security-ip/root-of-trust/troot-hw-secure-module","step":"verify","ok":true}
{"t":"2026-09-10T08:45:42.594Z","path":"/designware-ip/security-ip/security-protocol-accelerators/multipurpose-spacc","step":"verify","ok":true}
{"t":"2026-09-10T08:45:43.072Z","path":"/designware-ip/security-ip/security-protocol-accelerators/security-protocol-accelerator-sm3-sm4","step":"verify","ok":true}
{"t":"2026-09-10T08:45:45.502Z","path":"/designware-ip/security-ip","step":"verify","ok":true}
{"t":"2026-09-10T08:45:46.776Z","path":"/designware-ip/soc-infrastructure-ip/amba/amba-ahb-dma","step":"verify","ok":true}
{"t":"2026-09-10T08:45:47.543Z","path":"/designware-ip/soc-infrastructure-ip/amba/amba-apb-general","step":"verify","ok":true}
{"t":"2026-09-10T08:45:47.557Z","path":"/designware-ip/soc-infrastructure-ip/amba/amba-apb-advanced","step":"verify","ok":true}
{"t":"2026-09-10T08:45:50.160Z","path":"/designware-ip/soc-infrastructure-ip/amba/amba-axi-dma","step":"verify","ok":true}
{"t":"2026-09-10T08:45:51.215Z","path":"/designware-ip/soc-infrastructure-ip/amba/amba-fabric","step":"verify","ok":true}
{"t":"2026-09-10T08:45:52.149Z","path":"/designware-ip/soc-infrastructure-ip/amba/amba-ssi","step":"verify","ok":true}
{"t":"2026-09-10T08:45:52.172Z","path":"/designware-ip/soc-infrastructure-ip/amba/amba-i2c-smbus","step":"verify","ok":true}
{"t":"2026-09-10T08:45:55.871Z","path":"/designware-ip/soc-infrastructure-ip/amba/amba-uart","step":"verify","ok":true}
{"t":"2026-09-10T08:45:56.010Z","path":"/designware-ip/soc-infrastructure-ip/amba/avsbus-controller","step":"verify","ok":true}
{"t":"2026-09-10T08:45:56.840Z","path":"/designware-ip/soc-infrastructure-ip/amba/espi-controller","step":"verify","ok":true}
{"t":"2026-09-10T08:45:57.350Z","path":"/designware-ip/soc-infrastructure-ip/amba/dw-amba-hybrid","step":"verify","ok":true}
{"t":"2026-09-10T08:46:00.575Z","path":"/designware-ip/soc-infrastructure-ip/amba/general-purpose-timer","step":"verify","ok":true}
{"t":"2026-09-10T08:46:00.657Z","path":"/designware-ip/soc-infrastructure-ip/amba/gpio","step":"verify","ok":true}
{"t":"2026-09-10T08:46:01.952Z","path":"/designware-ip/soc-infrastructure-ip/amba/i2s-controller-ip","step":"verify","ok":true}
{"t":"2026-09-10T08:46:02.304Z","path":"/designware-ip/soc-infrastructure-ip/amba/i2c","step":"verify","ok":true}
{"t":"2026-09-10T08:46:04.913Z","path":"/designware-ip/soc-infrastructure-ip/amba/i2s-tdm-audio-controller","step":"verify","ok":true}
{"t":"2026-09-10T08:46:05.229Z","path":"/designware-ip/soc-infrastructure-ip/amba/spi","step":"verify","ok":true}
{"t":"2026-09-10T08:46:06.515Z","path":"/designware-ip/soc-infrastructure-ip/amba/uart","step":"verify","ok":true}
{"t":"2026-09-10T08:46:06.711Z","path":"/designware-ip/soc-infrastructure-ip/amba/watchdog-timer","step":"verify","ok":true}
{"t":"2026-09-10T08:46:09.481Z","path":"/designware-ip/soc-infrastructure-ip/clock-delay-monitor","step":"verify","ok":true}
{"t":"2026-09-10T08:46:09.795Z","path":"/designware-ip/soc-infrastructure-ip/designware-library/microcontrollers","step":"verify","ok":true}
{"t":"2026-09-10T08:46:10.917Z","path":"/designware-ip/soc-infrastructure-ip/foundation-cores","step":"verify","ok":true}
{"t":"2026-09-10T08:46:11.342Z","path":"/designware-ip/soc-infrastructure-ip","step":"verify","ok":true}
{"t":"2026-09-10T08:46:13.934Z","path":"/designware-ip/star-hierarchical-test","step":"verify","ok":true}
{"t":"2026-09-10T08:46:14.874Z","path":"/designware-ip/technical-bulletin/dwtb-archives","step":"verify","ok":true}
{"t":"2026-09-10T08:46:15.787Z","path":"/designware-ip/videos/ddr","step":"verify","ok":true}
{"t":"2026-09-10T08:46:16.468Z","path":"/designware-ip/technical-bulletin","step":"verify","ok":true}
{"t":"2026-09-10T08:46:18.294Z","path":"/designware-ip/videos/die-to-die","step":"verify","ok":true}
{"t":"2026-09-10T08:46:19.026Z","path":"/designware-ip/videos/embedded-memories-logic-libraries","step":"verify","ok":true}
{"t":"2026-09-10T08:46:20.262Z","path":"/designware-ip/videos/ethernet","step":"verify","ok":true}
{"t":"2026-09-10T08:46:20.739Z","path":"/designware-ip/videos/hdmi","step":"verify","ok":true}
{"t":"2026-09-10T08:46:22.569Z","path":"/designware-ip/videos/ip-subsystems","step":"verify","ok":true}
{"t":"2026-09-10T08:46:23.628Z","path":"/designware-ip/videos/mipi","step":"verify","ok":true}
{"t":"2026-09-10T08:46:25.076Z","path":"/designware-ip/videos/nvm","step":"verify","ok":true}
{"t":"2026-09-10T08:46:25.275Z","path":"/designware-ip/videos/pci-express","step":"verify","ok":true}
{"t":"2026-09-10T08:46:26.994Z","path":"/designware-ip/videos/usb-videos","step":"verify","ok":true}
{"t":"2026-09-10T08:46:28.578Z","path":"/designware-ip/videos","step":"verify","ok":true}
{"t":"2026-09-10T08:46:30.042Z","path":"/dw/buildingblock","step":"verify","ok":true}
{"t":"2026-09-10T08:46:30.295Z","path":"/designware-ip","step":"verify","ok":true}
{"t":"2026-09-10T08:46:31.230Z","path":"/dw/doc/ds/c/dwc-100g-ethernet-mac-tsn-ds-pdf","step":"verify","ok":true}
{"t":"2026-09-10T08:46:32.699Z","path":"/dw/doc/ds/c/dwc-hdmi13-tx-phy-225gbps-tsmc-65gp25-pdf","step":"verify","ok":true}
{"t":"2026-09-10T08:46:34.121Z","path":"/dw/doc/ds/c/dwc-sata-phy-pdf","step":"verify","ok":true}
{"t":"2026-09-10T08:46:34.250Z","path":"/dw/doc/ds/c/sensor-subsystem-ds-pdf","step":"verify","ok":true}
{"t":"2026-09-10T08:46:35.304Z","path":"/dw/doc/ds/c/uart-pdf","step":"verify","ok":true}
{"t":"2026-09-10T08:46:36.585Z","path":"/dw/doc/ds/cc/arc-hs-enhanced-security-package-pdf","step":"verify","ok":true}
{"t":"2026-09-10T08:46:37.993Z","path":"/dw/doc/ds/cc/arc-hs4x-pdf","step":"verify","ok":true}
{"t":"2026-09-10T08:46:38.794Z","path":"/dw/doc/ds/cc/asip-designer-ds-pdf","step":"verify","ok":true}
{"t":"2026-09-10T08:46:38.879Z","path":"/dw/doc/ds/cc/dw-processor-solutions-pdf","step":"verify","ok":true}
{"t":"2026-09-10T08:46:40.326Z","path":"/dw/doc/ds/es/embed-test-repair-ecc-pdf","step":"verify","ok":true}
{"t":"2026-09-10T08:46:41.928Z","path":"/dw/doc/ds/es/in-chip-pvt-monitor-sensor-pdf","step":"verify","ok":true}
{"t":"2026-09-10T08:46:42.387Z","path":"/dw/doc/ds/i/dw-6811-pdf","step":"verify","ok":true}
{"t":"2026-09-10T08:46:42.790Z","path":"/dw/doc/ds/i/dw8051-pdf","step":"verify","ok":true}
{"t":"2026-09-10T08:46:43.920Z","path":"/dw/doc/ds/o/automotive-brochure-pdf","step":"verify","ok":true}
{"t":"2026-09-10T08:46:45.816Z","path":"/dw/doc/ds/o/coretools-ds-pdf","step":"verify","ok":true}
{"t":"2026-09-10T08:46:46.049Z","path":"/dw/doc/ds/o/cloud-computing-brochure-cn-pdf","step":"verify","ok":true}
{"t":"2026-09-10T08:46:46.944Z","path":"/dw/doc/ds/o/data-center-brochure-pdf","step":"verify","ok":true}
{"t":"2026-09-10T08:46:47.513Z","path":"/dw/doc/ds/o/ip-accelerated-brochure-pdf","step":"verify","ok":true}
{"t":"2026-09-10T08:46:49.280Z","path":"/dw/doc/ds/o/ip-prototyping-kit-usb2-hs-otg-pdf","step":"verify","ok":true}
{"t":"2026-09-10T08:46:49.961Z","path":"/dw/doc/ds/o/ip-prototyping-kit-usb3-1-host-device-pdf","step":"verify","ok":true}
{"t":"2026-09-10T08:46:51.075Z","path":"/dw/doc/ss/abilis-ss-pdf","step":"verify","ok":true}
{"t":"2026-09-10T08:46:51.562Z","path":"/dw/doc/ds/o/ip-prototyping-kits-ds-pdf","step":"verify","ok":true}
{"t":"2026-09-10T08:46:53.543Z","path":"/dw/doc/ss/amd-ss-cn-pdf","step":"verify","ok":true}
{"t":"2026-09-10T08:46:54.105Z","path":"/dw/doc/ss/achronix-speedster7t-ss-pdf","step":"verify","ok":true}
{"t":"2026-09-10T08:46:55.154Z","path":"/dw/doc/ss/arbe-imaging-radar-ss-pdf","step":"verify","ok":true}
{"t":"2026-09-10T08:46:55.317Z","path":"/dw/doc/ss/asip-riken-success-story-china-pdf","step":"verify","ok":true}
{"t":"2026-09-10T08:46:57.009Z","path":"/dw/doc/ss/ewbm-security-success-story-pdf","step":"verify","ok":true}
{"t":"2026-09-10T08:46:57.689Z","path":"/dw/doc/ss/guc-light-ss-cn-pdf","step":"verify","ok":true}
{"t":"2026-09-10T08:46:58.607Z","path":"/dw/doc/ss/inuitive-usb-ddr-mipi-foundationip-ss-pdf","step":"verify","ok":true}
{"t":"2026-09-10T08:46:58.837Z","path":"/dw/doc/ss/kyocera-usb-pcie-ether-amba-jan2015-ss-pdf","step":"verify","ok":true}
{"t":"2026-09-10T08:47:00.661Z","path":"/dw/doc/ss/megachips-security-success-story-china-pdf","step":"verify","ok":true}
{"t":"2026-09-10T08:47:01.248Z","path":"/dw/doc/ss/megachips-security-success-story-pdf","step":"verify","ok":true}
{"t":"2026-09-10T08:47:01.991Z","path":"/dw/doc/ss/movidius-ss-pdf","step":"verify","ok":true}
{"t":"2026-09-10T08:47:02.632Z","path":"/dw/doc/ss/novatek-mipi-fip-ss-pdf","step":"verify","ok":true}
{"t":"2026-09-10T08:47:04.433Z","path":"/dw/doc/ss/orbbec-ss-ch-pdf","step":"verify","ok":true}
{"t":"2026-09-10T08:47:04.748Z","path":"/dw/doc/ss/siglead-ss-pdf","step":"verify","ok":true}
{"t":"2026-09-10T08:47:05.960Z","path":"/dw/doc/ss/starblaze-ss-cn-pdf","step":"verify","ok":true}
{"t":"2026-09-10T08:47:06.337Z","path":"/dw/doc/ss/starblaze-ss-pdf","step":"verify","ok":true}
{"t":"2026-09-10T08:47:08.363Z","path":"/dw/doc/wp/amba-hybrid-wp-pdf","step":"verify","ok":true}
{"t":"2026-09-10T08:47:08.505Z","path":"/dw/doc/ss/xconn-ss-pdf","step":"verify","ok":true}
{"t":"2026-09-10T08:47:09.810Z","path":"/dw/doc/wp/arc-low-power-machine-learning-for-iot-cn-pdf","step":"verify","ok":true}
{"t":"2026-09-10T08:47:10.146Z","path":"/dw/doc/wp/arc-low-power-machine-learning-for-iot-pdf","step":"verify","ok":true}
{"t":"2026-09-10T08:47:12.329Z","path":"/dw/doc/wp/arc-software-test-library-pdf","step":"verify","ok":true}
{"t":"2026-09-10T08:47:12.401Z","path":"/dw/doc/wp/calibrate-and-configure-your-power-management-ic-with-nvm-ip-wp-sch-pdf","step":"verify","ok":true}
{"t":"2026-09-10T08:47:13.344Z","path":"/dw/doc/wp/dataconverters-ip-for-automotive-socs-white-paper-pdf","step":"verify","ok":true}
{"t":"2026-09-10T08:47:13.901Z","path":"/dw/doc/wp/designing-computational-imaging-systems-wp-pdf","step":"verify","ok":true}
{"t":"2026-09-10T08:47:16.000Z","path":"/dw/doc/wp/evolution-of-data-center-networking-technology-ip-and-beyond-wp-pdf","step":"verify","ok":true}
{"t":"2026-09-10T08:47:16.611Z","path":"/dw/doc/wp/how-new-storage-technologies-enhance-hpc-systems-pdf","step":"verify","ok":true}
{"t":"2026-09-10T08:47:16.997Z","path":"/dw/doc/wp/how-the-doubling-of-interconnect-bandwidth-with-pcie-6-0-impacts-ip-electrical-validation-wp-pdf","step":"verify","ok":true}
{"t":"2026-09-10T08:47:17.372Z","path":"/dw/doc/wp/integrating-fs-and-qms-arc-pdf","step":"verify","ok":true}
{"t":"2026-09-10T08:47:19.746Z","path":"/dw/doc/wp/neuromorphic-computing-emerging-memories-artificial-intelligence-socs-pdf","step":"verify","ok":true}
{"t":"2026-09-10T08:47:20.231Z","path":"/dw/doc/wp/tortuga-build-secure-processor-systems-faster-pdf","step":"verify","ok":true}
{"t":"2026-09-10T08:47:20.857Z","path":"/dw/emllselector/university","step":"verify","ok":true}
{"t":"2026-09-10T08:47:20.901Z","path":"/dw/emllselector/io","step":"verify","ok":true}
{"t":"2026-09-10T08:47:23.287Z","path":"/dw/emllselector","step":"verify","ok":true}
{"t":"2026-09-10T08:47:23.764Z","path":"/dw/ipdir/dw-8b10b-dec","step":"verify","ok":true}
{"t":"2026-09-10T08:47:24.602Z","path":"/dw/ipdir/dw-8b10b-unbal","step":"verify","ok":true}
{"t":"2026-09-10T08:47:25.012Z","path":"/dw/ipdir/dw-8b10b-enc","step":"verify","ok":true}
{"t":"2026-09-10T08:47:26.834Z","path":"/dw/ipdir/dw-addsub-dx","step":"verify","ok":true}
{"t":"2026-09-10T08:47:27.493Z","path":"/dw/ipdir/dw-ahb-dmac","step":"verify","ok":true}
{"t":"2026-09-10T08:47:28.058Z","path":"/dw/ipdir/dw-ahb-eh2h","step":"verify","ok":true}
{"t":"2026-09-10T08:47:28.746Z","path":"/dw/ipdir/dw-ahb-h2h","step":"verify","ok":true}
{"t":"2026-09-10T08:47:30.421Z","path":"/dw/ipdir/dw-ahb-icm","step":"verify","ok":true}
{"t":"2026-09-10T08:47:30.984Z","path":"/dw/ipdir/dw-ahb-ictl-dw-apb-ictl","step":"verify","ok":true}
{"t":"2026-09-10T08:47:31.715Z","path":"/dw/ipdir/dw-ahb","step":"verify","ok":true}
{"t":"2026-09-10T08:47:32.367Z","path":"/dw/ipdir/dw-apb-gpio","step":"verify","ok":true}
{"t":"2026-09-10T08:47:34.424Z","path":"/dw/ipdir/dw-apb-i2s","step":"verify","ok":true}
{"t":"2026-09-10T08:47:34.708Z","path":"/dw/ipdir/dw-apb-rap","step":"verify","ok":true}
{"t":"2026-09-10T08:47:35.714Z","path":"/dw/ipdir/dw-apb-rtc","step":"verify","ok":true}
{"t":"2026-09-10T08:47:36.086Z","path":"/dw/ipdir/dw-apb-ssi","step":"verify","ok":true}
{"t":"2026-09-10T08:47:38.057Z","path":"/dw/ipdir/dw-apb-timers","step":"verify","ok":true}
{"t":"2026-09-10T08:47:38.165Z","path":"/dw/ipdir/dw-apb-wdt","step":"verify","ok":true}
{"t":"2026-09-10T08:47:39.695Z","path":"/dw/ipdir/dw-apb","step":"verify","ok":true}
{"t":"2026-09-10T08:47:39.805Z","path":"/dw/ipdir/dw-arb-2t","step":"verify","ok":true}
{"t":"2026-09-10T08:47:41.567Z","path":"/dw/ipdir/dw-arb-dp","step":"verify","ok":true}
{"t":"2026-09-10T08:47:42.023Z","path":"/dw/ipdir/dw-arb-fcfs","step":"verify","ok":true}
{"t":"2026-09-10T08:47:43.347Z","path":"/dw/ipdir/dw-arb-sp","step":"verify","ok":true}
{"t":"2026-09-10T08:47:43.648Z","path":"/dw/ipdir/dw-arb-rr","step":"verify","ok":true}
{"t":"2026-09-10T08:47:45.551Z","path":"/dw/ipdir/dw-asymdata-inbuf","step":"verify","ok":true}
{"t":"2026-09-10T08:47:45.814Z","path":"/dw/ipdir/dw-asymdata-outbuf","step":"verify","ok":true}
{"t":"2026-09-10T08:47:47.100Z","path":"/dw/ipdir/dw-asymfifo-s1-df","step":"verify","ok":true}
{"t":"2026-09-10T08:47:47.477Z","path":"/dw/ipdir/dw-asymfifo-s1-sf","step":"verify","ok":true}
{"t":"2026-09-10T08:47:49.133Z","path":"/dw/ipdir/dw-asymfifo-s2-sf","step":"verify","ok":true}
{"t":"2026-09-10T08:47:49.354Z","path":"/dw/ipdir/dw-asymfifoctl-2c-df","step":"verify","ok":true}
{"t":"2026-09-10T08:47:50.675Z","path":"/dw/ipdir/dw-asymfifoctl-s1-df","step":"verify","ok":true}
{"t":"2026-09-10T08:47:51.141Z","path":"/dw/ipdir/dw-asymfifoctl-s1-sf","step":"verify","ok":true}
{"t":"2026-09-10T08:47:53.204Z","path":"/dw/ipdir/dw-axi-a2x","step":"verify","ok":true}
{"t":"2026-09-10T08:47:53.308Z","path":"/dw/ipdir/dw-asymfifoctl-s2-sf","step":"verify","ok":true}
{"t":"2026-09-10T08:47:54.757Z","path":"/dw/ipdir/dw-axi-dmac","step":"verify","ok":true}
{"t":"2026-09-10T08:47:55.105Z","path":"/dw/ipdir/dw-axi-gm","step":"verify","ok":true}
{"t":"2026-09-10T08:47:57.018Z","path":"/dw/ipdir/dw-axi-hmx","step":"verify","ok":true}
{"t":"2026-09-10T08:47:57.146Z","path":"/dw/ipdir/dw-axi-gs","step":"verify","ok":true}
{"t":"2026-09-10T08:47:58.865Z","path":"/dw/ipdir/dw-axi-rs","step":"verify","ok":true}
{"t":"2026-09-10T08:47:59.022Z","path":"/dw/ipdir/dw-axi-x2h","step":"verify","ok":true}
{"t":"2026-09-10T08:48:00.740Z","path":"/dw/ipdir/dw-axi-x2p","step":"verify","ok":true}
{"t":"2026-09-10T08:48:00.817Z","path":"/dw/ipdir/dw-axi-x2x","step":"verify","ok":true}
{"t":"2026-09-10T08:48:02.696Z","path":"/dw/ipdir/dw-axi","step":"verify","ok":true}
{"t":"2026-09-10T08:48:03.178Z","path":"/dw/ipdir/dw-bc-1","step":"verify","ok":true}
{"t":"2026-09-10T08:48:04.486Z","path":"/dw/ipdir/dw-bc-10","step":"verify","ok":true}
{"t":"2026-09-10T08:48:04.830Z","path":"/dw/ipdir/dw-bc-2","step":"verify","ok":true}
{"t":"2026-09-10T08:48:06.609Z","path":"/dw/ipdir/dw-bc-3","step":"verify","ok":true}
{"t":"2026-09-10T08:48:06.824Z","path":"/dw/ipdir/dw-bc-4","step":"verify","ok":true}
{"t":"2026-09-10T08:48:08.108Z","path":"/dw/ipdir/dw-bc-5","step":"verify","ok":true}
{"t":"2026-09-10T08:48:08.671Z","path":"/dw/ipdir/dw-bc-7","step":"verify","ok":true}
{"t":"2026-09-10T08:48:10.301Z","path":"/dw/ipdir/dw-bc-8","step":"verify","ok":true}
{"t":"2026-09-10T08:48:10.770Z","path":"/dw/ipdir/dw-bc-9","step":"verify","ok":true}
{"t":"2026-09-10T08:48:12.115Z","path":"/dw/ipdir/dw-bin2gray","step":"verify","ok":true}
{"t":"2026-09-10T08:48:12.567Z","path":"/dw/ipdir/dw-cmp-dx","step":"verify","ok":true}
{"t":"2026-09-10T08:48:14.167Z","path":"/dw/ipdir/dw-cntr-gray","step":"verify","ok":true}
{"t":"2026-09-10T08:48:14.494Z","path":"/dw/ipdir/dw-crc-p","step":"verify","ok":true}
{"t":"2026-09-10T08:48:16.372Z","path":"/dw/ipdir/dw-data-qsync-hl","step":"verify","ok":true}
{"t":"2026-09-10T08:48:16.552Z","path":"/dw/ipdir/dw-crc-s","step":"verify","ok":true}
{"t":"2026-09-10T08:48:18.227Z","path":"/dw/ipdir/dw-data-sync-1c","step":"verify","ok":true}
{"t":"2026-09-10T08:48:18.262Z","path":"/dw/ipdir/dw-data-qsync-lh","step":"verify","ok":true}
{"t":"2026-09-10T08:48:19.869Z","path":"/dw/ipdir/dw-data-sync-na","step":"verify","ok":true}
{"t":"2026-09-10T08:48:20.146Z","path":"/dw/ipdir/dw-data-sync","step":"verify","ok":true}
{"t":"2026-09-10T08:48:21.720Z","path":"/dw/ipdir/dw-decode-en","step":"verify","ok":true}
{"t":"2026-09-10T08:48:21.823Z","path":"/dw/ipdir/dw-dct-2d","step":"verify","ok":true}
{"t":"2026-09-10T08:48:23.409Z","path":"/dw/ipdir/dw-div-pipe","step":"verify","ok":true}
{"t":"2026-09-10T08:48:23.618Z","path":"/dw/ipdir/dw-div-sat","step":"verify","ok":true}
{"t":"2026-09-10T08:48:25.339Z","path":"/dw/ipdir/dw-div","step":"verify","ok":true}
{"t":"2026-09-10T08:48:25.350Z","path":"/dw/ipdir/dw-div-seq","step":"verify","ok":true}
{"t":"2026-09-10T08:48:27.220Z","path":"/dw/ipdir/dw-dpll-sd","step":"verify","ok":true}
{"t":"2026-09-10T08:48:27.277Z","path":"/dw/ipdir/dw-ecc","step":"verify","ok":true}
{"t":"2026-09-10T08:48:29.083Z","path":"/dw/ipdir/dw-exp2","step":"verify","ok":true}
{"t":"2026-09-10T08:48:29.312Z","path":"/dw/ipdir/dw-fifo-2c-df","step":"verify","ok":true}
{"t":"2026-09-10T08:48:30.786Z","path":"/dw/ipdir/dw-fifo-s1-df","step":"verify","ok":true}
{"t":"2026-09-10T08:48:30.892Z","path":"/dw/ipdir/dw-fifo-s1-sf","step":"verify","ok":true}
{"t":"2026-09-10T08:48:32.927Z","path":"/dw/ipdir/dw-fifoctl-2c-df","step":"verify","ok":true}
{"t":"2026-09-10T08:48:33.031Z","path":"/dw/ipdir/dw-fifo-s2-sf","step":"verify","ok":true}
{"t":"2026-09-10T08:48:34.325Z","path":"/dw/ipdir/dw-fifoctl-s1-df","step":"verify","ok":true}
{"t":"2026-09-10T08:48:34.519Z","path":"/dw/ipdir/dw-fifoctl-s1-sf","step":"verify","ok":true}
{"t":"2026-09-10T08:48:36.894Z","path":"/dw/ipdir/dw-fifoctl-s2-sf","step":"verify","ok":true}
{"t":"2026-09-10T08:48:37.370Z","path":"/dw/ipdir/dw-fir-seq","step":"verify","ok":true}
{"t":"2026-09-10T08:48:38.461Z","path":"/dw/ipdir/dw-fir","step":"verify","ok":true}
{"t":"2026-09-10T08:48:38.579Z","path":"/dw/ipdir/dw-fp-add-dg","step":"verify","ok":true}
{"t":"2026-09-10T08:48:41.156Z","path":"/dw/ipdir/dw-fp-add","step":"verify","ok":true}
{"t":"2026-09-10T08:48:41.263Z","path":"/dw/ipdir/dw-fp-addsub-dg","step":"verify","ok":true}
{"t":"2026-09-10T08:48:42.199Z","path":"/dw/ipdir/dw-fp-cmp-dg","step":"verify","ok":true}
{"t":"2026-09-10T08:48:42.318Z","path":"/dw/ipdir/dw-fp-addsub","step":"verify","ok":true}
{"t":"2026-09-10T08:48:44.962Z","path":"/dw/ipdir/dw-fp-div-dg","step":"verify","ok":true}
{"t":"2026-09-10T08:48:45.495Z","path":"/dw/ipdir/dw-fp-cmp","step":"verify","ok":true}
{"t":"2026-09-10T08:48:45.780Z","path":"/dw/ipdir/dw-fp-div-seq","step":"verify","ok":true}
{"t":"2026-09-10T08:48:46.056Z","path":"/dw/ipdir/dw-fp-div","step":"verify","ok":true}
{"t":"2026-09-10T08:48:49.131Z","path":"/dw/ipdir/dw-fp-dp2","step":"verify","ok":true}
{"t":"2026-09-10T08:48:49.190Z","path":"/dw/ipdir/dw-fp-dp3","step":"verify","ok":true}
{"t":"2026-09-10T08:48:49.732Z","path":"/dw/ipdir/dw-fp-dp4","step":"verify","ok":true}
{"t":"2026-09-10T08:48:49.909Z","path":"/dw/ipdir/dw-fp-exp","step":"verify","ok":true}
{"t":"2026-09-10T08:48:52.946Z","path":"/dw/ipdir/dw-fp-flt2i","step":"verify","ok":true}
{"t":"2026-09-10T08:48:53.068Z","path":"/dw/ipdir/dw-fp-exp2","step":"verify","ok":true}
{"t":"2026-09-10T08:48:53.315Z","path":"/dw/ipdir/dw-fp-i2flt","step":"verify","ok":true}
{"t":"2026-09-10T08:48:53.845Z","path":"/dw/ipdir/dw-fp-invsqrt","step":"verify","ok":true}
{"t":"2026-09-10T08:48:56.438Z","path":"/dw/ipdir/dw-fp-ln","step":"verify","ok":true}
{"t":"2026-09-10T08:48:56.770Z","path":"/dw/ipdir/dw-fp-log2","step":"verify","ok":true}
{"t":"2026-09-10T08:48:56.870Z","path":"/dw/ipdir/dw-fp-mac-dg","step":"verify","ok":true}
{"t":"2026-09-10T08:48:57.846Z","path":"/dw/ipdir/dw-fp-mac","step":"verify","ok":true}
{"t":"2026-09-10T08:49:00.139Z","path":"/dw/ipdir/dw-fp-mult","step":"verify","ok":true}
{"t":"2026-09-10T08:49:00.150Z","path":"/dw/ipdir/dw-fp-mult-dg","step":"verify","ok":true}
{"t":"2026-09-10T08:49:00.597Z","path":"/dw/ipdir/dw-fp-recip-dg","step":"verify","ok":true}
{"t":"2026-09-10T08:49:01.571Z","path":"/dw/ipdir/dw-fp-recip","step":"verify","ok":true}
{"t":"2026-09-10T08:49:03.710Z","path":"/dw/ipdir/dw-fp-sincos","step":"verify","ok":true}
{"t":"2026-09-10T08:49:03.764Z","path":"/dw/ipdir/dw-fp-sqrt","step":"verify","ok":true}
{"t":"2026-09-10T08:49:04.668Z","path":"/dw/ipdir/dw-fp-square","step":"verify","ok":true}
{"t":"2026-09-10T08:49:05.151Z","path":"/dw/ipdir/dw-fp-sub-dg","step":"verify","ok":true}
{"t":"2026-09-10T08:49:07.437Z","path":"/dw/ipdir/dw-fp-sum3-dg","step":"verify","ok":true}
{"t":"2026-09-10T08:49:07.747Z","path":"/dw/ipdir/dw-fp-sub","step":"verify","ok":true}
{"t":"2026-09-10T08:49:08.339Z","path":"/dw/ipdir/dw-fp-sum3","step":"verify","ok":true}
{"t":"2026-09-10T08:49:08.657Z","path":"/dw/ipdir/dw-fp-sum4","step":"verify","ok":true}
{"t":"2026-09-10T08:49:11.291Z","path":"/dw/ipdir/dw-gray2bin","step":"verify","ok":true}
{"t":"2026-09-10T08:49:11.472Z","path":"/dw/ipdir/dw-gray-sync","step":"verify","ok":true}
{"t":"2026-09-10T08:49:12.052Z","path":"/dw/ipdir/dw-iir-dc","step":"verify","ok":true}
{"t":"2026-09-10T08:49:12.280Z","path":"/dw/ipdir/dw-iir-sc","step":"verify","ok":true}
{"t":"2026-09-10T08:49:14.888Z","path":"/dw/ipdir/dw-inc-gray","step":"verify","ok":true}
{"t":"2026-09-10T08:49:15.131Z","path":"/dw/ipdir/dw-inv-sqrt","step":"verify","ok":true}
{"t":"2026-09-10T08:49:15.633Z","path":"/dw/ipdir/dw-lbsh","step":"verify","ok":true}
{"t":"2026-09-10T08:49:16.075Z","path":"/dw/ipdir/dw-ln","step":"verify","ok":true}
{"t":"2026-09-10T08:49:18.654Z","path":"/dw/ipdir/dw-lod","step":"verify","ok":true}
{"t":"2026-09-10T08:49:18.969Z","path":"/dw/ipdir/dw-log2","step":"verify","ok":true}
{"t":"2026-09-10T08:49:19.149Z","path":"/dw/ipdir/dw-lp-cntr-up-df","step":"verify","ok":true}
{"t":"2026-09-10T08:49:20.411Z","path":"/dw/ipdir/dw-lp-cntr-updn-df","step":"verify","ok":true}
{"t":"2026-09-10T08:49:22.222Z","path":"/dw/ipdir/dw-lp-fifo-1c-df","step":"verify","ok":true}
{"t":"2026-09-10T08:49:22.654Z","path":"/dw/ipdir/dw-lp-fifoctl-1c-df","step":"verify","ok":true}
{"t":"2026-09-10T08:49:22.678Z","path":"/dw/ipdir/dw-lp-fp-multifunc-dg","step":"verify","ok":true}
{"t":"2026-09-10T08:49:23.957Z","path":"/dw/ipdir/dw-lp-fp-multifunc","step":"verify","ok":true}
{"t":"2026-09-10T08:49:25.779Z","path":"/dw/ipdir/dw-lp-multifunc-dg","step":"verify","ok":true}
{"t":"2026-09-10T08:49:26.234Z","path":"/dw/ipdir/dw-lp-multifunc","step":"verify","ok":true}
{"t":"2026-09-10T08:49:26.264Z","path":"/dw/ipdir/dw-lp-pipe-mgr","step":"verify","ok":true}
{"t":"2026-09-10T08:49:27.681Z","path":"/dw/ipdir/dw-lp-piped-div","step":"verify","ok":true}
{"t":"2026-09-10T08:49:29.500Z","path":"/dw/ipdir/dw-lp-piped-ecc","step":"verify","ok":true}
{"t":"2026-09-10T08:49:29.816Z","path":"/dw/ipdir/dw-lp-piped-fp-add","step":"verify","ok":true}
{"t":"2026-09-10T08:49:30.713Z","path":"/dw/ipdir/dw-lp-piped-fp-div","step":"verify","ok":true}
{"t":"2026-09-10T08:49:31.200Z","path":"/dw/ipdir/dw-lp-piped-fp-mult","step":"verify","ok":true}
{"t":"2026-09-10T08:49:33.158Z","path":"/dw/ipdir/dw-lp-piped-fp-recip","step":"verify","ok":true}
{"t":"2026-09-10T08:49:33.322Z","path":"/dw/ipdir/dw-lp-piped-fp-sum3","step":"verify","ok":true}
{"t":"2026-09-10T08:49:34.598Z","path":"/dw/ipdir/dw-lp-piped-mult","step":"verify","ok":true}
{"t":"2026-09-10T08:49:34.988Z","path":"/dw/ipdir/dw-lp-piped-prod-sum","step":"verify","ok":true}
{"t":"2026-09-10T08:49:36.567Z","path":"/dw/ipdir/dw-lp-piped-sqrt","step":"verify","ok":true}
{"t":"2026-09-10T08:49:37.050Z","path":"/dw/ipdir/dw-lsd","step":"verify","ok":true}
{"t":"2026-09-10T08:49:38.275Z","path":"/dw/ipdir/dw-lza","step":"verify","ok":true}
{"t":"2026-09-10T08:49:38.879Z","path":"/dw/ipdir/dw-lzd","step":"verify","ok":true}
{"t":"2026-09-10T08:49:40.450Z","path":"/dw/ipdir/dw-minmax","step":"verify","ok":true}
{"t":"2026-09-10T08:49:40.839Z","path":"/dw/ipdir/dw-mult-dx","step":"verify","ok":true}
{"t":"2026-09-10T08:49:41.951Z","path":"/dw/ipdir/dw-mult-pipe","step":"verify","ok":true}
{"t":"2026-09-10T08:49:43.143Z","path":"/dw/ipdir/dw-mult-seq","step":"verify","ok":true}
{"t":"2026-09-10T08:49:44.254Z","path":"/dw/ipdir/dw-norm-rnd","step":"verify","ok":true}
{"t":"2026-09-10T08:49:44.346Z","path":"/dw/ipdir/dw-norm","step":"verify","ok":true}
{"t":"2026-09-10T08:49:45.733Z","path":"/dw/ipdir/dw-piped-mac","step":"verify","ok":true}
{"t":"2026-09-10T08:49:46.645Z","path":"/dw/ipdir/dw-pl-reg","step":"verify","ok":true}
{"t":"2026-09-10T08:49:48.191Z","path":"/dw/ipdir/dw-pricod","step":"verify","ok":true}
{"t":"2026-09-10T08:49:48.535Z","path":"/dw/ipdir/dw-prod-sum-pipe","step":"verify","ok":true}
{"t":"2026-09-10T08:49:49.643Z","path":"/dw/ipdir/dw-pulse-sync","step":"verify","ok":true}
{"t":"2026-09-10T08:49:50.234Z","path":"/dw/ipdir/dw-pulseack-sync","step":"verify","ok":true}
{"t":"2026-09-10T08:49:51.656Z","path":"/dw/ipdir/dw-ram-2r-2w-s-dff","step":"verify","ok":true}
{"t":"2026-09-10T08:49:52.089Z","path":"/dw/ipdir/dw-ram-2r-w-a-dff","step":"verify","ok":true}
{"t":"2026-09-10T08:49:53.223Z","path":"/dw/ipdir/dw-ram-2r-w-a-lat","step":"verify","ok":true}
{"t":"2026-09-10T08:49:53.923Z","path":"/dw/ipdir/dw-ram-2r-w-s-dff","step":"verify","ok":true}
{"t":"2026-09-10T08:49:55.060Z","path":"/dw/ipdir/dw-ram-2r-w-s-lat","step":"verify","ok":true}
{"t":"2026-09-10T08:49:56.027Z","path":"/dw/ipdir/dw-ram-r-w-2c-dff","step":"verify","ok":true}
{"t":"2026-09-10T08:49:56.985Z","path":"/dw/ipdir/dw-ram-r-w-a-dff","step":"verify","ok":true}
{"t":"2026-09-10T08:49:57.521Z","path":"/dw/ipdir/dw-ram-r-w-a-lat","step":"verify","ok":true}
{"t":"2026-09-10T08:49:58.565Z","path":"/dw/ipdir/dw-ram-r-w-s-dff","step":"verify","ok":true}
{"t":"2026-09-10T08:49:59.696Z","path":"/dw/ipdir/dw-ram-r-w-s-lat","step":"verify","ok":true}
{"t":"2026-09-10T08:50:00.475Z","path":"/dw/ipdir/dw-ram-rw-a-dff","step":"verify","ok":true}
{"t":"2026-09-10T08:50:01.506Z","path":"/dw/ipdir/dw-ram-rw-a-lat","step":"verify","ok":true}
{"t":"2026-09-10T08:50:02.604Z","path":"/dw/ipdir/dw-ram-rw-s-dff","step":"verify","ok":true}
{"t":"2026-09-10T08:50:03.362Z","path":"/dw/ipdir/dw-ram-rw-s-lat","step":"verify","ok":true}
{"t":"2026-09-10T08:50:04.109Z","path":"/dw/ipdir/dw-rash","step":"verify","ok":true}
{"t":"2026-09-10T08:50:05.172Z","path":"/dw/ipdir/dw-rbsh","step":"verify","ok":true}
{"t":"2026-09-10T08:50:06.150Z","path":"/dw/ipdir/dw-reset-sync","step":"verify","ok":true}
{"t":"2026-09-10T08:50:06.910Z","path":"/dw/ipdir/dw-shifter","step":"verify","ok":true}
{"t":"2026-09-10T08:50:07.813Z","path":"/dw/ipdir/dw-sincos","step":"verify","ok":true}
{"t":"2026-09-10T08:50:09.109Z","path":"/dw/ipdir/dw-sla","step":"verify","ok":true}
{"t":"2026-09-10T08:50:09.664Z","path":"/dw/ipdir/dw-sqrt-pipe","step":"verify","ok":true}
{"t":"2026-09-10T08:50:10.770Z","path":"/dw/ipdir/dw-sqrt-seq","step":"verify","ok":true}
{"t":"2026-09-10T08:50:11.529Z","path":"/dw/ipdir/dw-sqrt","step":"verify","ok":true}
{"t":"2026-09-10T08:50:12.663Z","path":"/dw/ipdir/dw-square","step":"verify","ok":true}
{"t":"2026-09-10T08:50:13.197Z","path":"/dw/ipdir/dw-squarep","step":"verify","ok":true}
{"t":"2026-09-10T08:50:14.553Z","path":"/dw/ipdir/dw-sra","step":"verify","ok":true}
{"t":"2026-09-10T08:50:15.322Z","path":"/dw/ipdir/dw-stack","step":"verify","ok":true}
{"t":"2026-09-10T08:50:16.558Z","path":"/dw/ipdir/dw-stackctl","step":"verify","ok":true}
{"t":"2026-09-10T08:50:16.844Z","path":"/dw/ipdir/dw-stream-sync","step":"verify","ok":true}
{"t":"2026-09-10T08:50:18.546Z","path":"/dw/ipdir/dw-sync","step":"verify","ok":true}
{"t":"2026-09-10T08:50:19.257Z","path":"/dw/ipdir/dw-tap-uc","step":"verify","ok":true}
{"t":"2026-09-10T08:50:20.364Z","path":"/dw/ipdir/dw-tap","step":"verify","ok":true}
{"t":"2026-09-10T08:50:20.437Z","path":"/dw/ipdir/dw-thermdec","step":"verify","ok":true}
{"t":"2026-09-10T08:50:21.993Z","path":"/dw/ipdir/dw01-absval","step":"verify","ok":true}
{"t":"2026-09-10T08:50:22.720Z","path":"/dw/ipdir/dw01-add","step":"verify","ok":true}
{"t":"2026-09-10T08:50:23.832Z","path":"/dw/ipdir/dw01-addsub","step":"verify","ok":true}
{"t":"2026-09-10T08:50:24.275Z","path":"/dw/ipdir/dw01-ash","step":"verify","ok":true}
{"t":"2026-09-10T08:50:25.387Z","path":"/dw/ipdir/dw01-binenc","step":"verify","ok":true}
{"t":"2026-09-10T08:50:26.263Z","path":"/dw/ipdir/dw01-bsh","step":"verify","ok":true}
{"t":"2026-09-10T08:50:27.495Z","path":"/dw/ipdir/dw01-cmp2","step":"verify","ok":true}
{"t":"2026-09-10T08:50:27.857Z","path":"/dw/ipdir/dw01-cmp6","step":"verify","ok":true}
{"t":"2026-09-10T08:50:29.036Z","path":"/dw/ipdir/dw01-csa","step":"verify","ok":true}
{"t":"2026-09-10T08:50:29.885Z","path":"/dw/ipdir/dw01-dec","step":"verify","ok":true}
{"t":"2026-09-10T08:50:31.142Z","path":"/dw/ipdir/dw01-decode","step":"verify","ok":true}
{"t":"2026-09-10T08:50:32.140Z","path":"/dw/ipdir/dw01-inc","step":"verify","ok":true}
{"t":"2026-09-10T08:50:32.921Z","path":"/dw/ipdir/dw01-incdec","step":"verify","ok":true}
{"t":"2026-09-10T08:50:33.553Z","path":"/dw/ipdir/dw01-mux-any","step":"verify","ok":true}
{"t":"2026-09-10T08:50:34.815Z","path":"/dw/ipdir/dw01-prienc","step":"verify","ok":true}
{"t":"2026-09-10T08:50:35.863Z","path":"/dw/ipdir/dw01-satrnd","step":"verify","ok":true}
{"t":"2026-09-10T08:50:37.266Z","path":"/dw/ipdir/dw02-mac","step":"verify","ok":true}
{"t":"2026-09-10T08:50:38.903Z","path":"/dw/ipdir/dw01-sub","step":"verify","ok":true}
{"t":"2026-09-10T08:50:39.230Z","path":"/dw/ipdir/dw02-mult-2-stage","step":"verify","ok":true}
{"t":"2026-09-10T08:50:39.488Z","path":"/dw/ipdir/dw02-mult-3-stage","step":"verify","ok":true}
{"t":"2026-09-10T08:50:41.320Z","path":"/dw/ipdir/dw02-mult-4-stage","step":"verify","ok":true}
{"t":"2026-09-10T08:50:42.849Z","path":"/dw/ipdir/dw02-mult-5-stage","step":"verify","ok":true}
{"t":"2026-09-10T08:50:43.111Z","path":"/dw/ipdir/dw02-mult-6-stage","step":"verify","ok":true}
{"t":"2026-09-10T08:50:43.516Z","path":"/dw/ipdir/dw02-mult","step":"verify","ok":true}
{"t":"2026-09-10T08:50:45.309Z","path":"/dw/ipdir/dw02-multp","step":"verify","ok":true}
{"t":"2026-09-10T08:50:46.804Z","path":"/dw/ipdir/dw02-prod-sum","step":"verify","ok":true}
{"t":"2026-09-10T08:50:47.112Z","path":"/dw/ipdir/dw02-prod-sum1","step":"verify","ok":true}
{"t":"2026-09-10T08:50:47.818Z","path":"/dw/ipdir/dw02-sum","step":"verify","ok":true}
{"t":"2026-09-10T08:50:49.124Z","path":"/dw/ipdir/dw02-tree","step":"verify","ok":true}
{"t":"2026-09-10T08:50:50.465Z","path":"/dw/ipdir/dw03-bictr-dcnto","step":"verify","ok":true}
{"t":"2026-09-10T08:50:50.872Z","path":"/dw/ipdir/dw03-bictr-decode","step":"verify","ok":true}
{"t":"2026-09-10T08:50:51.270Z","path":"/dw/ipdir/dw03-bictr-scnto","step":"verify","ok":true}
{"t":"2026-09-10T08:50:52.899Z","path":"/dw/ipdir/dw03-lfsr-dcnto","step":"verify","ok":true}
{"t":"2026-09-10T08:50:54.031Z","path":"/dw/ipdir/dw03-lfsr-load","step":"verify","ok":true}
{"t":"2026-09-10T08:50:54.522Z","path":"/dw/ipdir/dw03-lfsr-scnto","step":"verify","ok":true}
{"t":"2026-09-10T08:50:55.321Z","path":"/dw/ipdir/dw03-lfsr-updn","step":"verify","ok":true}
{"t":"2026-09-10T08:50:57.137Z","path":"/dw/ipdir/dw03-pipe-reg","step":"verify","ok":true}
{"t":"2026-09-10T08:50:58.263Z","path":"/dw/ipdir/dw03-reg-s-pl","step":"verify","ok":true}
{"t":"2026-09-10T08:50:58.348Z","path":"/dw/ipdir/dw03-shftreg","step":"verify","ok":true}
{"t":"2026-09-10T08:50:59.006Z","path":"/dw/ipdir/dw03-updn-ctr","step":"verify","ok":true}
{"t":"2026-09-10T08:51:01.187Z","path":"/dw/ipdir/dw04-par-gen","step":"verify","ok":true}
{"t":"2026-09-10T08:51:02.245Z","path":"/dw/ipdir/dwf-dp-absval","step":"verify","ok":true}
{"t":"2026-09-10T08:51:02.873Z","path":"/dw/ipdir/dw04-shad-reg","step":"verify","ok":true}
{"t":"2026-09-10T08:51:03.214Z","path":"/dw/ipdir/dwf-dp-blend","step":"verify","ok":true}
{"t":"2026-09-10T08:51:05.129Z","path":"/dw/ipdir/dwf-dp-count-ones","step":"verify","ok":true}
{"t":"2026-09-10T08:51:06.522Z","path":"/dw/ipdir/dwf-dp-mult-comb-ovfldet","step":"verify","ok":true}
{"t":"2026-09-10T08:51:06.776Z","path":"/dw/ipdir/dwf-dp-mult-comb-sat","step":"verify","ok":true}
{"t":"2026-09-10T08:51:06.887Z","path":"/dw/ipdir/dwf-dp-mult-comb","step":"verify","ok":true}
{"t":"2026-09-10T08:51:09.338Z","path":"/dw/ipdir/dwf-dp-mult-ovfldet","step":"verify","ok":true}
{"t":"2026-09-10T08:51:10.269Z","path":"/dw/ipdir/dwf-dp-mult-sat","step":"verify","ok":true}
{"t":"2026-09-10T08:51:10.471Z","path":"/dw/ipdir/dwf-dp-rnd","step":"verify","ok":true}
{"t":"2026-09-10T08:51:10.594Z","path":"/dw/ipdir/dwf-dp-rndsat","step":"verify","ok":true}
{"t":"2026-09-10T08:51:13.074Z","path":"/dw/ipdir/dwf-dp-sat","step":"verify","ok":true}
{"t":"2026-09-10T08:51:13.905Z","path":"/dw/ipdir/dwf-dp-sign-select","step":"verify","ok":true}
{"t":"2026-09-10T08:51:14.025Z","path":"/dw/ipdir/dwf-dp-simd-add","step":"verify","ok":true}
{"t":"2026-09-10T08:51:14.160Z","path":"/dw/ipdir/dwf-dp-simd-addc","step":"verify","ok":true}
{"t":"2026-09-10T08:51:16.594Z","path":"/dw/ipdir/dwf-dp-simd-mult","step":"verify","ok":true}
{"t":"2026-09-10T08:51:17.587Z","path":"/dw/ipdir/dwf-dp-sub-abs","step":"verify","ok":true}
{"t":"2026-09-10T08:51:17.596Z","path":"/dw/nvmipselector","step":"verify","ok":true}
{"t":"2026-09-10T08:51:19.060Z","path":"/events/ai-infra-summit","step":"verify","ok":true}
{"t":"2026-09-10T08:51:21.731Z","path":"/events/ces","step":"verify","ok":true}
{"t":"2026-09-10T08:51:22.733Z","path":"/events/embedded-world","step":"verify","ok":true}
{"t":"2026-09-10T08:51:24.446Z","path":"/events/memory-users-conference","step":"verify","ok":true}
{"t":"2026-09-10T08:51:26.186Z","path":"/events/dac-2026","step":"verify","ok":true}
{"t":"2026-09-10T08:51:26.395Z","path":"/events/tcad-virtual-asia-seminar","step":"verify","ok":true}
{"t":"2026-09-10T08:51:28.045Z","path":"/events/virtual-mask-solutions-seminar-2025","step":"verify","ok":true}
{"t":"2026-09-10T08:51:29.485Z","path":"/glossary/what-are-atomistic-simulations","step":"verify","ok":true}
{"t":"2026-09-10T08:51:31.150Z","path":"/glossary/what-are-machine-learned-force-fields","step":"verify","ok":true}
{"t":"2026-09-10T08:51:31.305Z","path":"/glossary/what-are-chiplets","step":"verify","ok":true}
{"t":"2026-09-10T08:51:33.418Z","path":"/glossary/what-are-pvt-sensors","step":"verify","ok":true}
{"t":"2026-09-10T08:51:35.521Z","path":"/glossary/what-are-s-parameters","step":"verify","ok":true}
{"t":"2026-09-10T08:51:35.884Z","path":"/glossary/what-is-3dic","step":"verify","ok":true}
{"t":"2026-09-10T08:51:37.279Z","path":"/glossary/what-is-a-data-center","step":"verify","ok":true}
{"t":"2026-09-10T08:51:39.215Z","path":"/glossary/what-is-a-digital-twin","step":"verify","ok":true}
{"t":"2026-09-10T08:51:40.593Z","path":"/glossary/what-is-a-finfet","step":"verify","ok":true}
{"t":"2026-09-10T08:51:41.289Z","path":"/glossary/what-is-a-microchip","step":"verify","ok":true}
{"t":"2026-09-10T08:51:42.235Z","path":"/glossary/what-is-a-photonic-integrated-circuit","step":"verify","ok":true}
{"t":"2026-09-10T08:51:43.804Z","path":"/glossary/what-is-a-physical-unclonable-function","step":"verify","ok":true}
{"t":"2026-09-10T08:51:45.427Z","path":"/glossary/what-is-a-process-design-kit","step":"verify","ok":true}
{"t":"2026-09-10T08:51:46.651Z","path":"/glossary/what-is-adas","step":"verify","ok":true}
{"t":"2026-09-10T08:51:47.185Z","path":"/glossary/what-is-advanced-semiconductor-packaging","step":"verify","ok":true}
{"t":"2026-09-10T08:51:48.792Z","path":"/glossary/what-is-ai-chip-design","step":"verify","ok":true}
{"t":"2026-09-10T08:51:50.186Z","path":"/glossary/what-is-ai-driven-chip-design","step":"verify","ok":true}
{"t":"2026-09-10T08:51:51.309Z","path":"/glossary/what-is-an-ai-accelerator","step":"verify","ok":true}
{"t":"2026-09-10T08:51:53.027Z","path":"/glossary/what-is-an-electronics-digital-twin","step":"verify","ok":true}
{"t":"2026-09-10T08:51:54.180Z","path":"/glossary/what-is-an-rlc-circuit","step":"verify","ok":true}
{"t":"2026-09-10T08:51:55.010Z","path":"/glossary/what-is-analog-design","step":"verify","ok":true}
{"t":"2026-09-10T08:51:56.764Z","path":"/glossary/what-is-asic-design","step":"verify","ok":true}
{"t":"2026-09-10T08:51:58.145Z","path":"/glossary/what-is-asil","step":"verify","ok":true}
{"t":"2026-09-10T08:51:59.452Z","path":"/glossary/what-is-automatic-test-equipment","step":"verify","ok":true}
{"t":"2026-09-10T08:52:00.108Z","path":"/glossary/what-is-automotive-hardware-functional-safety","step":"verify","ok":true}
{"t":"2026-09-10T08:52:02.010Z","path":"/glossary/what-is-automotive-virtualization","step":"verify","ok":true}
{"t":"2026-09-10T08:52:03.244Z","path":"/glossary/what-is-autonomous-car","step":"verify","ok":true}
{"t":"2026-09-10T08:52:04.651Z","path":"/glossary/what-is-big-data-analytics","step":"verify","ok":true}
{"t":"2026-09-10T08:52:05.528Z","path":"/glossary/what-is-butterfly-puf","step":"verify","ok":true}
{"t":"2026-09-10T08:52:06.828Z","path":"/glossary/what-is-circuit-simulation","step":"verify","ok":true}
{"t":"2026-09-10T08:52:08.273Z","path":"/glossary/what-is-common-data-model","step":"verify","ok":true}
{"t":"2026-09-10T08:52:09.503Z","path":"/glossary/what-is-custom-ic","step":"verify","ok":true}
{"t":"2026-09-10T08:52:09.925Z","path":"/glossary/what-is-density-functional-theory","step":"verify","ok":true}
{"t":"2026-09-10T08:52:12.327Z","path":"/glossary/what-is-design-for-test","step":"verify","ok":true}
{"t":"2026-09-10T08:52:12.769Z","path":"/glossary/what-is-design-planning","step":"verify","ok":true}
{"t":"2026-09-10T08:52:14.564Z","path":"/glossary/what-is-design-rule-checking","step":"verify","ok":true}
{"t":"2026-09-10T08:52:14.753Z","path":"/glossary/what-is-design-space-optimization","step":"verify","ok":true}
{"t":"2026-09-10T08:52:17.090Z","path":"/glossary/what-is-die-to-die-interface","step":"verify","ok":true}
{"t":"2026-09-10T08:52:17.435Z","path":"/glossary/what-is-eda-agentic-ai","step":"verify","ok":true}
{"t":"2026-09-10T08:52:19.846Z","path":"/glossary/what-is-edge-ai","step":"verify","ok":true}
{"t":"2026-09-10T08:52:19.871Z","path":"/glossary/what-is-electromagnetic-coupling","step":"verify","ok":true}
{"t":"2026-09-10T08:52:22.266Z","path":"/glossary/what-is-electromigration","step":"verify","ok":true}
{"t":"2026-09-10T08:52:22.369Z","path":"/glossary/what-is-electronic-design-automation","step":"verify","ok":true}
{"t":"2026-09-10T08:52:24.616Z","path":"/glossary/what-is-fault-detection","step":"verify","ok":true}
{"t":"2026-09-10T08:52:25.705Z","path":"/glossary/what-is-equivalence-checking","step":"verify","ok":true}
{"t":"2026-09-10T08:52:27.064Z","path":"/glossary/what-is-field-programmable-gate-array","step":"verify","ok":true}
{"t":"2026-09-10T08:52:27.893Z","path":"/glossary/what-is-functional-eco","step":"verify","ok":true}
{"t":"2026-09-10T08:52:29.360Z","path":"/glossary/what-is-functional-verification","step":"verify","ok":true}
{"t":"2026-09-10T08:52:30.826Z","path":"/glossary/what-is-glitch-power","step":"verify","ok":true}
{"t":"2026-09-10T08:52:32.007Z","path":"/glossary/what-is-hav-emulation","step":"verify","ok":true}
{"t":"2026-09-10T08:52:32.728Z","path":"/glossary/what-is-hav-prototyping","step":"verify","ok":true}
{"t":"2026-09-10T08:52:34.310Z","path":"/glossary/what-is-high-bandwitdth-memory-3","step":"verify","ok":true}
{"t":"2026-09-10T08:52:35.969Z","path":"/glossary/what-is-hyper-convergent-design-flow","step":"verify","ok":true}
{"t":"2026-09-10T08:52:37.162Z","path":"/glossary/what-is-ic-design","step":"verify","ok":true}
{"t":"2026-09-10T08:52:38.010Z","path":"/glossary/what-is-ide","step":"verify","ok":true}
{"t":"2026-09-10T08:52:39.521Z","path":"/glossary/what-is-integrated-circuit","step":"verify","ok":true}
{"t":"2026-09-10T08:52:40.693Z","path":"/glossary/what-is-iso-26262","step":"verify","ok":true}
{"t":"2026-09-10T08:52:41.811Z","path":"/glossary/what-is-layout-versus-schematic-checking","step":"verify","ok":true}
{"t":"2026-09-10T08:52:42.544Z","path":"/glossary/what-is-library-characterization","step":"verify","ok":true}
{"t":"2026-09-10T08:52:44.467Z","path":"/glossary/what-is-lithography","step":"verify","ok":true}
{"t":"2026-09-10T08:52:45.382Z","path":"/glossary/what-is-logic-design","step":"verify","ok":true}
{"t":"2026-09-10T08:52:47.091Z","path":"/glossary/what-is-misra","step":"verify","ok":true}
{"t":"2026-09-10T08:52:47.693Z","path":"/glossary/what-is-low-power-design","step":"verify","ok":true}
{"t":"2026-09-10T08:52:48.906Z","path":"/glossary/what-is-mixed-signal-integrated-circuit","step":"verify","ok":true}
{"t":"2026-09-10T08:52:50.970Z","path":"/glossary/what-is-model-based-design","step":"verify","ok":true}
{"t":"2026-09-10T08:52:52.526Z","path":"/glossary/what-is-moores-law","step":"verify","ok":true}
{"t":"2026-09-10T08:52:52.914Z","path":"/glossary/what-is-nodal-analysis","step":"verify","ok":true}
{"t":"2026-09-10T08:52:54.129Z","path":"/glossary/what-is-parasitic-extraction","step":"verify","ok":true}
{"t":"2026-09-10T08:52:56.011Z","path":"/glossary/what-is-pci-express","step":"verify","ok":true}
{"t":"2026-09-10T08:52:57.567Z","path":"/glossary/what-is-physical-ai","step":"verify","ok":true}
{"t":"2026-09-10T08:52:58.698Z","path":"/glossary/what-is-physical-synthesis","step":"verify","ok":true}
{"t":"2026-09-10T08:52:59.004Z","path":"/glossary/what-is-physical-design","step":"verify","ok":true}
{"t":"2026-09-10T08:53:01.121Z","path":"/glossary/what-is-place-and-route","step":"verify","ok":true}
{"t":"2026-09-10T08:53:02.992Z","path":"/glossary/what-is-post-quantum-cryptography","step":"verify","ok":true}
{"t":"2026-09-10T08:53:03.730Z","path":"/glossary/what-is-power-optimization","step":"verify","ok":true}
{"t":"2026-09-10T08:53:04.060Z","path":"/glossary/what-is-power-performance-area-ppa","step":"verify","ok":true}
{"t":"2026-09-10T08:53:06.510Z","path":"/glossary/what-is-programmable-electrical-rules-checking","step":"verify","ok":true}
{"t":"2026-09-10T08:53:07.972Z","path":"/glossary/what-is-register-transfer-level-design","step":"verify","ok":true}
{"t":"2026-09-10T08:53:08.799Z","path":"/glossary/what-is-risc-v","step":"verify","ok":true}
{"t":"2026-09-10T08:53:09.454Z","path":"/glossary/what-is-rf-circuit-design","step":"verify","ok":true}
{"t":"2026-09-10T08:53:11.690Z","path":"/glossary/what-is-robustness-analysis","step":"verify","ok":true}
{"t":"2026-09-10T08:53:13.284Z","path":"/glossary/what-is-root-of-trust","step":"verify","ok":true}
{"t":"2026-09-10T08:53:13.998Z","path":"/glossary/what-is-serdes","step":"verify","ok":true}
{"t":"2026-09-10T08:53:14.639Z","path":"/glossary/what-is-silicon-die","step":"verify","ok":true}
{"t":"2026-09-10T08:53:16.288Z","path":"/glossary/what-is-silicon-lifecycle-management","step":"verify","ok":true}
{"t":"2026-09-10T08:53:18.280Z","path":"/glossary/what-is-simulation","step":"verify","ok":true}
{"t":"2026-09-10T08:53:19.235Z","path":"/glossary/what-is-smartscaling","step":"verify","ok":true}
{"t":"2026-09-10T08:53:19.694Z","path":"/glossary/what-is-sram-puf","step":"verify","ok":true}
{"t":"2026-09-10T08:53:21.464Z","path":"/glossary/what-is-static-timing-analysis","step":"verify","ok":true}
{"t":"2026-09-10T08:53:22.804Z","path":"/glossary/what-is-synthesis","step":"verify","ok":true}
{"t":"2026-09-10T08:53:24.426Z","path":"/glossary/what-is-triple-shift-left","step":"verify","ok":true}
{"t":"2026-09-10T08:53:25.066Z","path":"/glossary/what-is-system-on-a-chip","step":"verify","ok":true}
{"t":"2026-09-10T08:53:26.209Z","path":"/glossary/what-is-ucie","step":"verify","ok":true}
{"t":"2026-09-10T08:53:28.266Z","path":"/glossary/what-is-universal-flash-storage","step":"verify","ok":true}
{"t":"2026-09-10T08:53:29.762Z","path":"/glossary/what-is-usb4","step":"verify","ok":true}
{"t":"2026-09-10T08:53:30.222Z","path":"/glossary/what-is-vehicle-electrification","step":"verify","ok":true}
{"t":"2026-09-10T08:53:31.266Z","path":"/glossary/what-is-verification","step":"verify","ok":true}
{"t":"2026-09-10T08:53:32.788Z","path":"/glossary/what-is-virtual-prototyping","step":"verify","ok":true}
{"t":"2026-09-10T08:53:34.834Z","path":"/glossary/what-is-voltage-drop","step":"verify","ok":true}
{"t":"2026-09-10T08:53:35.196Z","path":"/glossary/what-is-wiring-harness","step":"verify","ok":true}
{"t":"2026-09-10T08:53:36.318Z","path":"/implementation-and-signoff/ams-simulation/paragonx","step":"verify","ok":true}
{"t":"2026-09-10T08:53:38.082Z","path":"/implementation-and-signoff/ams-simulation/powerx","step":"verify","ok":true}
{"t":"2026-09-10T08:53:39.844Z","path":"/implementation-and-signoff/ams-simulation/primesim-hspice","step":"verify","ok":true}
{"t":"2026-09-10T08:53:40.224Z","path":"/implementation-and-signoff/ams-simulation/primesim-custom-fault","step":"verify","ok":true}
{"t":"2026-09-10T08:53:40.826Z","path":"/implementation-and-signoff/ams-simulation/primesim-pro","step":"verify","ok":true}
{"t":"2026-09-10T08:53:43.125Z","path":"/implementation-and-signoff/ams-simulation/primesim-reliability-analysis","step":"verify","ok":true}
{"t":"2026-09-10T08:53:44.667Z","path":"/implementation-and-signoff/ams-simulation/primesim-spice","step":"verify","ok":true}
{"t":"2026-09-10T08:53:45.124Z","path":"/implementation-and-signoff/ams-simulation/primesim-xa","step":"verify","ok":true}
{"t":"2026-09-10T08:53:46.137Z","path":"/implementation-and-signoff/ams-simulation/primewave","step":"verify","ok":true}
{"t":"2026-09-10T08:53:48.370Z","path":"/implementation-and-signoff/ams-simulation/primex","step":"verify","ok":true}
{"t":"2026-09-10T08:53:49.845Z","path":"/implementation-and-signoff/custom-design-platform/award-frost-sullivan","step":"verify","ok":true}
{"t":"2026-09-10T08:53:50.137Z","path":"/implementation-and-signoff/ams-simulation/velocerf","step":"verify","ok":true}
{"t":"2026-09-10T08:53:50.967Z","path":"/implementation-and-signoff/custom-design-platform/laker-flat-panel","step":"verify","ok":true}
{"t":"2026-09-10T08:53:54.270Z","path":"/implementation-and-signoff/custom-design-platform/video-whitepapers","step":"verify","ok":true}
{"t":"2026-09-10T08:53:54.896Z","path":"/implementation-and-signoff/fusion-design-platform","step":"verify","ok":true}
{"t":"2026-09-10T08:53:55.741Z","path":"/implementation-and-signoff/custom-design-platform","step":"verify","ok":true}
{"t":"2026-09-10T08:53:55.838Z","path":"/implementation-and-signoff/lynxnxt-automation-system","step":"verify","ok":true}
{"t":"2026-09-10T08:53:59.227Z","path":"/implementation-and-signoff/physical-implementation/fusion-compiler/videos","step":"verify","ok":true}
{"t":"2026-09-10T08:53:59.499Z","path":"/implementation-and-signoff/resources/videos/formality-broadcom-experience","step":"verify","ok":true}
{"t":"2026-09-10T08:54:00.390Z","path":"/implementation-and-signoff/resources/videos/qsk-video-whitepaper","step":"verify","ok":true}
{"t":"2026-09-10T08:54:01.041Z","path":"/implementation-and-signoff/resources/videos/simulation-environment","step":"verify","ok":true}
{"t":"2026-09-10T08:54:03.812Z","path":"/implementation-and-signoff/resources/videos/smarter-signoff-video","step":"verify","ok":true}
{"t":"2026-09-10T08:54:04.539Z","path":"/implementation-and-signoff/rtl-synthesis-test/dc-explorer","step":"verify","ok":true}
{"t":"2026-09-10T08:54:04.917Z","path":"/implementation-and-signoff/rtl-synthesis-test/design-compiler","step":"verify","ok":true}
{"t":"2026-09-10T08:54:05.428Z","path":"/implementation-and-signoff/rtl-synthesis-test/gensys","step":"verify","ok":true}
{"t":"2026-09-10T08:54:08.843Z","path":"/implementation-and-signoff/rtl-synthesis-test/power-compiler","step":"verify","ok":true}
{"t":"2026-09-10T08:54:09.712Z","path":"/implementation-and-signoff/signoff/exalto","step":"verify","ok":true}
{"t":"2026-09-10T08:54:09.953Z","path":"/implementation-and-signoff/rtl-synthesis-test/rtl-architect","step":"verify","ok":true}
{"t":"2026-09-10T08:54:10.744Z","path":"/implementation-and-signoff/signoff/formality-eco","step":"verify","ok":true}
{"t":"2026-09-10T08:54:13.723Z","path":"/implementation-and-signoff/signoff/formality-equivalence-checking","step":"verify","ok":true}
{"t":"2026-09-10T08:54:14.691Z","path":"/implementation-and-signoff/signoff/pathfinder-sc","step":"verify","ok":true}
{"t":"2026-09-10T08:54:14.804Z","path":"/implementation-and-signoff/signoff/primepower","step":"verify","ok":true}
{"t":"2026-09-10T08:54:15.426Z","path":"/implementation-and-signoff/signoff/primeshield","step":"verify","ok":true}
{"t":"2026-09-10T08:54:18.906Z","path":"/implementation-and-signoff/signoff/raptorqu","step":"verify","ok":true}
{"t":"2026-09-10T08:54:20.065Z","path":"/implementation-and-signoff/signoff/redhawk-sc-security","step":"verify","ok":true}
{"t":"2026-09-10T08:54:20.307Z","path":"/implementation-and-signoff/signoff/redhawk-sc-electrothermal","step":"verify","ok":true}
{"t":"2026-09-10T08:54:20.545Z","path":"/implementation-and-signoff/signoff/redhawk-sc","step":"verify","ok":true}
{"t":"2026-09-10T08:54:23.969Z","path":"/implementation-and-signoff/signoff/siliconsmart","step":"verify","ok":true}
{"t":"2026-09-10T08:54:25.396Z","path":"/implementation-and-signoff/signoff/totem","step":"verify","ok":true}
{"t":"2026-09-10T08:54:25.512Z","path":"/implementation-and-signoff/signoff/starrc","step":"verify","ok":true}
{"t":"2026-09-10T08:54:26.362Z","path":"/implementation-and-signoff/signoff","step":"verify","ok":true}
{"t":"2026-09-10T08:54:28.788Z","path":"/implementation-and-signoff/test-automation/testmax-advisor","step":"verify","ok":true}
{"t":"2026-09-10T08:54:30.075Z","path":"/implementation-and-signoff/test-automation/testmax-ale","step":"verify","ok":true}
{"t":"2026-09-10T08:54:30.132Z","path":"/implementation-and-signoff/test-automation/testmax-atpg","step":"verify","ok":true}
{"t":"2026-09-10T08:54:31.489Z","path":"/implementation-and-signoff/test-automation/testmax-dft/testmax-access","step":"verify","ok":true}
{"t":"2026-09-10T08:54:33.464Z","path":"/implementation-and-signoff/test-automation/testmax-dft","step":"verify","ok":true}
{"t":"2026-09-10T08:54:34.742Z","path":"/implementation-and-signoff/test-automation/testmax-diagnosis","step":"verify","ok":true}
{"t":"2026-09-10T08:54:35.035Z","path":"/implementation-and-signoff/test-automation/testmax-manager","step":"verify","ok":true}
{"t":"2026-09-10T08:54:35.909Z","path":"/implementation-and-signoff/test-automation/testmax-vtran","step":"verify","ok":true}
{"t":"2026-09-10T08:54:37.838Z","path":"/implementation-and-signoff/test-automation/testmax-xlbist","step":"verify","ok":true}
{"t":"2026-09-10T08:54:39.510Z","path":"/implementation-and-signoff","step":"verify","ok":true}
{"t":"2026-09-10T08:54:40.763Z","path":"/index","step":"verify","ok":true}
{"t":"2026-09-10T08:54:41.089Z","path":"/ja-jp","step":"verify","ok":true}
{"t":"2026-09-10T08:54:43.198Z","path":"/llms-txt","step":"verify","ok":true}
{"t":"2026-09-10T08:54:43.259Z","path":"/ko-kr","step":"verify","ok":true}
{"t":"2026-09-10T08:54:45.634Z","path":"/manufacturing/quantumatk/atomistic-simulation-products/machine-learned-force-fields","step":"verify","ok":true}
{"t":"2026-09-10T08:54:45.958Z","path":"/manufacturing/quantumatk/atomistic-simulation-products","step":"verify","ok":true}
{"t":"2026-09-10T08:54:48.495Z","path":"/manufacturing/quantumatk/contact-us/about-us","step":"verify","ok":true}
{"t":"2026-09-10T08:54:48.813Z","path":"/manufacturing/quantumatk/materials-modeling/battery-simulation","step":"verify","ok":true}
{"t":"2026-09-10T08:54:50.487Z","path":"/manufacturing/quantumatk/materials-modeling/polymer-simulation","step":"verify","ok":true}
{"t":"2026-09-10T08:54:50.739Z","path":"/manufacturing/quantumatk/release-notes","step":"verify","ok":true}
{"t":"2026-09-10T08:54:54.374Z","path":"/manufacturing/quantumatk","step":"verify","ok":true}
{"t":"2026-09-10T08:54:54.688Z","path":"/manufacturing/tcad/calibration-and-services","step":"verify","ok":true}
{"t":"2026-09-10T08:54:55.105Z","path":"/manufacturing/tcad/framework","step":"verify","ok":true}
{"t":"2026-09-10T08:54:55.553Z","path":"/manufacturing/tcad/extraction-continuum","step":"verify","ok":true}
{"t":"2026-09-10T08:54:59.874Z","path":"/manufacturing/tcad","step":"verify","ok":true}
{"t":"2026-09-10T08:55:00.100Z","path":"/optical-solutions","step":"verify","ok":true}
{"t":"2026-09-10T08:55:00.119Z","path":"/newsroom","step":"verify","ok":true}
{"t":"2026-09-10T08:55:00.650Z","path":"/partners/arm","step":"verify","ok":true}
{"t":"2026-09-10T08:55:05.067Z","path":"/photonic-solutions/optocompiler/optodesigner/advanced-connectors-module","step":"verify","ok":true}
{"t":"2026-09-10T08:55:05.177Z","path":"/partners","step":"verify","ok":true}
{"t":"2026-09-10T08:55:05.225Z","path":"/partners/intel-foundry-services","step":"verify","ok":true}
{"t":"2026-09-10T08:55:06.532Z","path":"/photonic-solutions/optocompiler/optodesigner/autorouting","step":"verify","ok":true}
{"t":"2026-09-10T08:55:10.107Z","path":"/photonic-solutions/optocompiler/optodesigner/design-rule-checking-module","step":"verify","ok":true}
{"t":"2026-09-10T08:55:10.162Z","path":"/photonic-solutions/optocompiler/optodesigner/lattice-filter-design-module","step":"verify","ok":true}
{"t":"2026-09-10T08:55:10.406Z","path":"/photonic-solutions/optocompiler/optsim-photonic-ic","step":"verify","ok":true}
{"t":"2026-09-10T08:55:10.996Z","path":"/photonic-solutions/optocompiler/process-design-kits","step":"verify","ok":true}
{"t":"2026-09-10T08:55:14.729Z","path":"/photonic-solutions/product-applications/advanced-modulation-formats/optsim-csrz-modulation","step":"verify","ok":true}
{"t":"2026-09-10T08:55:15.268Z","path":"/photonic-solutions/product-applications/advanced-modulation-formats/optsim-dqpsk-modulation","step":"verify","ok":true}
{"t":"2026-09-10T08:55:15.509Z","path":"/photonic-solutions/optocompiler","step":"verify","ok":true}
{"t":"2026-09-10T08:55:15.969Z","path":"/photonic-solutions/product-applications/advanced-modulation-formats/optsim-study-of-duobinary-transmitter","step":"verify","ok":true}
{"t":"2026-09-10T08:55:19.690Z","path":"/photonic-solutions/product-applications/advanced-modulation-formats/partial-dpsk","step":"verify","ok":true}
{"t":"2026-09-10T08:55:19.964Z","path":"/photonic-solutions/product-applications/automotive/swept-frequency-automotive-light-detection-lidar","step":"verify","ok":true}
{"t":"2026-09-10T08:55:21.138Z","path":"/photonic-solutions/product-applications/coherent-fiber-optic/bell-curve-analysis-coherent-wdm-systems","step":"verify","ok":true}
{"t":"2026-09-10T08:55:21.382Z","path":"/photonic-solutions/product-applications/coherent-fiber-optic/32gb-channel-coherent-wdm-systems","step":"verify","ok":true}
{"t":"2026-09-10T08:55:24.875Z","path":"/photonic-solutions/product-applications/coherent-fiber-optic/matlab-dsp-algorithm-ber-counting","step":"verify","ok":true}
{"t":"2026-09-10T08:55:24.945Z","path":"/photonic-solutions/product-applications/coherent-fiber-optic/mode-division-multiplexing-silicon-photonic-network","step":"verify","ok":true}
{"t":"2026-09-10T08:55:26.237Z","path":"/photonic-solutions/product-applications/coherent-fiber-optic/nyquist-wdm-pm-16qam","step":"verify","ok":true}
{"t":"2026-09-10T08:55:26.379Z","path":"/photonic-solutions/product-applications/coherent-fiber-optic/pm-qpsk","step":"verify","ok":true}
{"t":"2026-09-10T08:55:29.439Z","path":"/photonic-solutions/product-applications/coherent-fiber-optic/polarization-switched-qpsk","step":"verify","ok":true}
{"t":"2026-09-10T08:55:30.483Z","path":"/photonic-solutions/product-applications/fiber-sensors/fbg-based-temperature-sensor","step":"verify","ok":true}
{"t":"2026-09-10T08:55:30.987Z","path":"/photonic-solutions/product-applications/fiber-sensors/interferometric-fiber-optic-gyroscope","step":"verify","ok":true}
{"t":"2026-09-10T08:55:31.839Z","path":"/photonic-solutions/product-applications/free-space-optics/nrz-dpsk-transmission","step":"verify","ok":true}
{"t":"2026-09-10T08:55:33.921Z","path":"/photonic-solutions/product-applications/multimode-fiber-optic/25g-base-sr","step":"verify","ok":true}
{"t":"2026-09-10T08:55:35.336Z","path":"/photonic-solutions/product-applications/multimode-fiber-optic/electronic-dispersion-compensation","step":"verify","ok":true}
{"t":"2026-09-10T08:55:35.900Z","path":"/photonic-solutions/product-applications/multimode-fiber-optic/modesys-differential-mode-delay","step":"verify","ok":true}
{"t":"2026-09-10T08:55:36.573Z","path":"/photonic-solutions/product-applications/multimode-fiber-optic/modesys-encircled-flux-simulation","step":"verify","ok":true}
{"t":"2026-09-10T08:55:38.965Z","path":"/photonic-solutions/product-applications/multimode-fiber-optic/modesys-gigabit-ethernet-link-design","step":"verify","ok":true}
{"t":"2026-09-10T08:55:40.328Z","path":"/photonic-solutions/product-applications/multimode-fiber-optic/modesys-refractive-index-profile-distortions","step":"verify","ok":true}
{"t":"2026-09-10T08:55:41.150Z","path":"/photonic-solutions/product-applications/multimode-fiber-optic/pam-4-transmission-over-core-plastic-optical-fiber","step":"verify","ok":true}
{"t":"2026-09-10T08:55:41.606Z","path":"/photonic-solutions/product-applications/multimode-fiber-optic/pam4-pulse-amplitude-modulation","step":"verify","ok":true}
{"t":"2026-09-10T08:55:43.906Z","path":"/photonic-solutions/product-applications/optical-amplifiers/edfa-gain-modulation","step":"verify","ok":true}
{"t":"2026-09-10T08:55:45.181Z","path":"/photonic-solutions/product-applications/optical-amplifiers/optsim-cladding-pumped-edfa","step":"verify","ok":true}
{"t":"2026-09-10T08:55:45.994Z","path":"/photonic-solutions/product-applications/optical-amplifiers/optsim-design-40channel","step":"verify","ok":true}
{"t":"2026-09-10T08:55:46.437Z","path":"/photonic-solutions/product-applications/optical-amplifiers/optsim-er-yb-based-master-oscillator","step":"verify","ok":true}
{"t":"2026-09-10T08:55:48.641Z","path":"/photonic-solutions/product-applications/optical-amplifiers/ropa","step":"verify","ok":true}
{"t":"2026-09-10T08:55:50.273Z","path":"/photonic-solutions/product-applications/optical-networks/optsim-dwdm-ring","step":"verify","ok":true}
{"t":"2026-09-10T08:55:50.935Z","path":"/photonic-solutions/product-applications/optical-networks/optsim-optical-code-division-multiple-access","step":"verify","ok":true}
{"t":"2026-09-10T08:55:51.546Z","path":"/photonic-solutions/product-applications/optical-networks/optsim-tdm-link-demultiplexing","step":"verify","ok":true}
{"t":"2026-09-10T08:55:53.511Z","path":"/photonic-solutions/product-applications/other-applications/adc-dac-enhancing-resolution-of-conversions","step":"verify","ok":true}
{"t":"2026-09-10T08:55:55.067Z","path":"/photonic-solutions/product-applications/other-applications/deterministic-random-jitter","step":"verify","ok":true}
{"t":"2026-09-10T08:55:56.262Z","path":"/photonic-solutions/product-applications/performance-estimation/optsim-monte-carlo-analysis","step":"verify","ok":true}
{"t":"2026-09-10T08:55:56.654Z","path":"/photonic-solutions/product-applications/performance-estimation/optsim-receiver-sensitivity","step":"verify","ok":true}
{"t":"2026-09-10T08:55:58.835Z","path":"/photonic-solutions/product-applications/photonic-integrated-circuits/aim-photonics-4x4-benes-switch","step":"verify","ok":true}
{"t":"2026-09-10T08:56:00.157Z","path":"/photonic-solutions/product-applications/photonic-integrated-circuits/aim-photonics-qpsk-transmitter","step":"verify","ok":true}
{"t":"2026-09-10T08:56:01.452Z","path":"/photonic-solutions/product-applications/photonic-integrated-circuits/arbitrary-curves-feature","step":"verify","ok":true}
{"t":"2026-09-10T08:56:02.356Z","path":"/photonic-solutions/product-applications/photonic-integrated-circuits/bidirectional-interface","step":"verify","ok":true}
{"t":"2026-09-10T08:56:04.393Z","path":"/photonic-solutions/product-applications/photonic-integrated-circuits/custom-pdks-ring-resonator","step":"verify","ok":true}
{"t":"2026-09-10T08:56:05.309Z","path":"/photonic-solutions/product-applications/photonic-integrated-circuits/dxf-transfer-function","step":"verify","ok":true}
{"t":"2026-09-10T08:56:06.202Z","path":"/photonic-solutions/product-applications/photonic-integrated-circuits/estimating-impact-wtw-rtr","step":"verify","ok":true}
{"t":"2026-09-10T08:56:07.542Z","path":"/photonic-solutions/product-applications/photonic-integrated-circuits/foundry-process-tw-mzm","step":"verify","ok":true}
{"t":"2026-09-10T08:56:09.897Z","path":"/photonic-solutions/product-applications/photonic-integrated-circuits/linear-time-invariant","step":"verify","ok":true}
{"t":"2026-09-10T08:56:10.237Z","path":"/photonic-solutions/product-applications/photonic-integrated-circuits/mach-zehnder-modulator","step":"verify","ok":true}
{"t":"2026-09-10T08:56:11.826Z","path":"/photonic-solutions/product-applications/photonic-integrated-circuits/measurement-modulator-chirp-factor-fiber-dispersion","step":"verify","ok":true}
{"t":"2026-09-10T08:56:12.602Z","path":"/photonic-solutions/product-applications/photonic-integrated-circuits/modeling-crow","step":"verify","ok":true}
{"t":"2026-09-10T08:56:14.858Z","path":"/photonic-solutions/product-applications/photonic-integrated-circuits/modeling-custom-pic-elements","step":"verify","ok":true}
{"t":"2026-09-10T08:56:15.160Z","path":"/photonic-solutions/product-applications/photonic-integrated-circuits/mzi-simulation-pdaflow-interface-lionix-components","step":"verify","ok":true}
{"t":"2026-09-10T08:56:16.993Z","path":"/photonic-solutions/product-applications/photonic-integrated-circuits/optsim-circuit-multipath-interference","step":"verify","ok":true}
{"t":"2026-09-10T08:56:17.690Z","path":"/photonic-solutions/product-applications/photonic-integrated-circuits/optsim-circuit-ring-modulator-pic","step":"verify","ok":true}
{"t":"2026-09-10T08:56:19.546Z","path":"/photonic-solutions/product-applications/photonic-integrated-circuits/optsim-circuit-silicon-photonic-ring","step":"verify","ok":true}
{"t":"2026-09-10T08:56:20.345Z","path":"/photonic-solutions/product-applications/photonic-integrated-circuits/phase-aware-routing","step":"verify","ok":true}
{"t":"2026-09-10T08:56:21.752Z","path":"/photonic-solutions/product-applications/photonic-integrated-circuits/pic-transparent-components","step":"verify","ok":true}
{"t":"2026-09-10T08:56:23.635Z","path":"/photonic-solutions/product-applications/photonic-integrated-circuits/polarization-in-photonic-integrated-circuit","step":"verify","ok":true}
{"t":"2026-09-10T08:56:25.274Z","path":"/photonic-solutions/product-applications/photonic-integrated-circuits/qpsk-transceiver-pic","step":"verify","ok":true}
{"t":"2026-09-10T08:56:25.576Z","path":"/photonic-solutions/product-applications/photonic-integrated-circuits/sagnac-effect","step":"verify","ok":true}
{"t":"2026-09-10T08:56:26.649Z","path":"/photonic-solutions/product-applications/photonic-integrated-circuits/sensor-pic","step":"verify","ok":true}
{"t":"2026-09-10T08:56:28.636Z","path":"/photonic-solutions/product-applications/photonic-integrated-circuits/silicon-ring-modulator","step":"verify","ok":true}
{"t":"2026-09-10T08:56:30.336Z","path":"/photonic-solutions/product-applications/photonic-integrated-circuits/simulation-aim-photonics","step":"verify","ok":true}
{"t":"2026-09-10T08:56:31.005Z","path":"/photonic-solutions/product-applications/photonic-integrated-circuits/single-multi-ring-resonators","step":"verify","ok":true}
{"t":"2026-09-10T08:56:31.475Z","path":"/photonic-solutions/product-applications/photonic-integrated-circuits/tw-mzm-optical-isolator","step":"verify","ok":true}
{"t":"2026-09-10T08:56:33.498Z","path":"/photonic-solutions/product-applications/pon-catv-rof/ask-modulated-rf-subcarrier-fiber-optic-transmission","step":"verify","ok":true}
{"t":"2026-09-10T08:56:35.887Z","path":"/photonic-solutions/product-applications/pon-catv-rof/bdc-based-burstmode-receiver","step":"verify","ok":true}
{"t":"2026-09-10T08:56:36.011Z","path":"/photonic-solutions/product-applications/pon-catv-rof/estimating-noise-figure-of-rf-over-fiber-link","step":"verify","ok":true}
{"t":"2026-09-10T08:56:36.123Z","path":"/photonic-solutions/product-applications/pon-catv-rof/fsk-modulated-rf-subcarrier-fiber-optic-transmission","step":"verify","ok":true}
{"t":"2026-09-10T08:56:38.376Z","path":"/photonic-solutions/product-applications/pon-catv-rof/optsim-analog-catv-examples","step":"verify","ok":true}
{"t":"2026-09-10T08:56:40.651Z","path":"/photonic-solutions/product-applications/pon-catv-rof/optsim-bidirectional-modeling","step":"verify","ok":true}
{"t":"2026-09-10T08:56:41.004Z","path":"/photonic-solutions/product-applications/pon-catv-rof/optsim-ftth-system-gepon-access-architecture","step":"verify","ok":true}
{"t":"2026-09-10T08:56:41.470Z","path":"/photonic-solutions/product-applications/pon-catv-rof/rf-dual-parallel-mzm","step":"verify","ok":true}
{"t":"2026-09-10T08:56:43.225Z","path":"/photonic-solutions/product-applications/solar-energy-photovoltaics/optsim-circuit-optical-notch-filter","step":"verify","ok":true}
{"t":"2026-09-10T08:56:45.666Z","path":"/photonic-solutions/product-applications/transmission-impairments-fiber/dispersion-managed-soliton","step":"verify","ok":true}
{"t":"2026-09-10T08:56:45.730Z","path":"/photonic-solutions/product-applications/tof-lidar/time-of-flight-lidar","step":"verify","ok":true}
{"t":"2026-09-10T08:56:46.275Z","path":"/photonic-solutions/product-applications/transmission-impairments-fiber/optsim-dispersion-compensation","step":"verify","ok":true}
{"t":"2026-09-10T08:56:48.291Z","path":"/photonic-solutions/product-applications/transmission-impairments-fiber/optsim-effective-loss-stimulated-brillouin-scattering","step":"verify","ok":true}
{"t":"2026-09-10T08:56:50.123Z","path":"/photonic-solutions/product-applications/transmission-impairments-fiber/optsim-fiber-nonlinearity","step":"verify","ok":true}
{"t":"2026-09-10T08:56:50.574Z","path":"/photonic-solutions/product-applications/transmission-impairments-fiber/pmd-in-highbit-rate-systems","step":"verify","ok":true}
{"t":"2026-09-10T08:56:51.219Z","path":"/photonic-solutions/product-applications/waveguide-sensors/optsim-methane-gas-sensor","step":"verify","ok":true}
{"t":"2026-09-10T08:56:52.791Z","path":"/resources/simulating-atomic-layer-processing-2d-materials","step":"verify","ok":true}
{"t":"2026-09-10T08:56:54.742Z","path":"/resources/sram-puf-cryptographic-key-protection","step":"verify","ok":true}
{"t":"2026-09-10T08:56:55.297Z","path":"/services/design-services","step":"verify","ok":true}
{"t":"2026-09-10T08:56:56.315Z","path":"/services","step":"verify","ok":true}
{"t":"2026-09-10T08:56:56.750Z","path":"/snps/blogs/chip-design-en-us-xml","step":"verify","ok":true}
{"t":"2026-09-10T08:56:59.023Z","path":"/snps/blogs/chip-design-zh-cn-xml","step":"verify","ok":true}
{"t":"2026-09-10T08:57:00.568Z","path":"/solutions/5g","step":"verify","ok":true}
{"t":"2026-09-10T08:57:01.484Z","path":"/solutions/automotive/safety-aware-solution","step":"verify","ok":true}
{"t":"2026-09-10T08:57:01.872Z","path":"/solutions/aerospace-government","step":"verify","ok":true}
{"t":"2026-09-10T08:57:04.488Z","path":"/solutions/automotive","step":"verify","ok":true}
{"t":"2026-09-10T08:57:06.135Z","path":"/solutions/electronics-digital-twin","step":"verify","ok":true}
{"t":"2026-09-10T08:57:06.592Z","path":"/solutions/energy-efficient","step":"verify","ok":true}
{"t":"2026-09-10T08:57:07.256Z","path":"/solutions/hpc-data-center","step":"verify","ok":true}
{"t":"2026-09-10T08:57:09.667Z","path":"/solutions/medical","step":"verify","ok":true}
{"t":"2026-09-10T08:57:10.893Z","path":"/solutions/memory/dtco","step":"verify","ok":true}
{"t":"2026-09-10T08:57:11.489Z","path":"/solutions/memory/reliability","step":"verify","ok":true}
{"t":"2026-09-10T08:57:12.276Z","path":"/solutions/memory","step":"verify","ok":true}
{"t":"2026-09-10T08:57:14.520Z","path":"/solutions/multi-die-design/resources","step":"verify","ok":true}
{"t":"2026-09-10T08:57:16.407Z","path":"/solutions/multi-die-design","step":"verify","ok":true}
{"t":"2026-09-10T08:57:16.622Z","path":"/solutions/multiphysics-fusion","step":"verify","ok":true}
{"t":"2026-09-10T08:57:17.284Z","path":"/solutions/rf-design","step":"verify","ok":true}
{"t":"2026-09-10T08:57:19.218Z","path":"/solutions/risc-v","step":"verify","ok":true}
{"t":"2026-09-10T08:57:20.905Z","path":"/solutions/silicon-lifecycle-management/avalon","step":"verify","ok":true}
{"t":"2026-09-10T08:57:21.865Z","path":"/solutions/silicon-lifecycle-management/data-highway/high-speed-access-and-test","step":"verify","ok":true}
{"t":"2026-09-10T08:57:22.362Z","path":"/solutions/silicon-lifecycle-management/data-highway/synopsys-ip-shs","step":"verify","ok":true}
{"t":"2026-09-10T08:57:24.438Z","path":"/solutions/silicon-lifecycle-management/environmental-monitors/slm-ecc-ip","step":"verify","ok":true}
{"t":"2026-09-10T08:57:26.706Z","path":"/solutions/silicon-lifecycle-management/environmental-monitors/slm-pvt-monitor-ip","step":"verify","ok":true}
{"t":"2026-09-10T08:57:26.757Z","path":"/solutions/silicon-lifecycle-management/functional-monitors/clock-and-delay-monitor-ip","step":"verify","ok":true}
{"t":"2026-09-10T08:57:27.558Z","path":"/solutions/silicon-lifecycle-management/sdc-ras-video-panel","step":"verify","ok":true}
{"t":"2026-09-10T08:57:29.653Z","path":"/solutions/silicon-lifecycle-management/structural-monitors/path-margin-monitor-ip","step":"verify","ok":true}
{"t":"2026-09-10T08:57:31.386Z","path":"/solutions/silicon-lifecycle-management/yield-explorer/embedded-memories-diagnosis-flow-video","step":"verify","ok":true}
{"t":"2026-09-10T08:57:31.681Z","path":"/solutions/silicon-lifecycle-management/structural-monitors/slm-sim-ip","step":"verify","ok":true}
{"t":"2026-09-10T08:57:32.537Z","path":"/solutions/silicon-lifecycle-management/yield-explorer","step":"verify","ok":true}
{"t":"2026-09-10T08:57:35.415Z","path":"/solutions/silicon-lifecycle-management","step":"verify","ok":true}
{"t":"2026-09-10T08:57:35.781Z","path":"/startup-innovation","step":"verify","ok":true}
{"t":"2026-09-10T08:57:36.553Z","path":"/success-stories/aaroh-labs-advanced-node-semiconductor-designs","step":"verify","ok":true}
{"t":"2026-09-10T08:57:37.357Z","path":"/success-stories/achronix-accelerates-chip-design-with-synopsys-cloud","step":"verify","ok":true}
{"t":"2026-09-10T08:57:40.650Z","path":"/success-stories/achronix-achieves-first-pass-silicon-success-for-high-performance-fpgas","step":"verify","ok":true}
{"t":"2026-09-10T08:57:41.404Z","path":"/success-stories/advantest-improves-semiconductor-yield-with-test-data-analytics","step":"verify","ok":true}
{"t":"2026-09-10T08:57:41.531Z","path":"/success-stories/arm-enabling-soc-visibility-for-secure-hardware","step":"verify","ok":true}
{"t":"2026-09-10T08:57:42.176Z","path":"/success-stories/astera-labs-accelerates-hpc-systems-time-to-market","step":"verify","ok":true}
{"t":"2026-09-10T08:57:45.439Z","path":"/success-stories/aws-leveraging-high-speed-interfaces-for-testing-monitoring","step":"verify","ok":true}
{"t":"2026-09-10T08:57:46.581Z","path":"/success-stories/calligotech-next-gen-computing-with-synopsys-design-flow","step":"verify","ok":true}
{"t":"2026-09-10T08:57:46.868Z","path":"/success-stories/carnegie-technologies-iot-security-for-asset-management","step":"verify","ok":true}
{"t":"2026-09-10T08:57:47.569Z","path":"/success-stories/cerebras-uses-in-chip-sensors-in-wse-2-chip","step":"verify","ok":true}
{"t":"2026-09-10T08:57:50.002Z","path":"/success-stories/cisco-enhances-asic-slm","step":"verify","ok":true}
{"t":"2026-09-10T08:57:51.625Z","path":"/success-stories/cisco-reduces-project-schedule-with-synopsys-cloud","step":"verify","ok":true}
{"t":"2026-09-10T08:57:51.636Z","path":"/success-stories/corehw-80ghz-mmwave-pll-with-synopsys-rfic-design-flow","step":"verify","ok":true}
{"t":"2026-09-10T08:57:53.125Z","path":"/success-stories/ferrari-cuts-powertrain-prototypes-by-40-percent-with-simulation","step":"verify","ok":true}
{"t":"2026-09-10T08:57:54.667Z","path":"/success-stories/flex-logix-enhancing-efpga-security","step":"verify","ok":true}
{"t":"2026-09-10T08:57:56.319Z","path":"/success-stories/gowin-securing-iot-with-fpga","step":"verify","ok":true}
{"t":"2026-09-10T08:57:56.692Z","path":"/success-stories/google-accelerates-advanced-soc-testing","step":"verify","ok":true}
{"t":"2026-09-10T08:57:58.007Z","path":"/success-stories/guc-accelerates-chip-design-with-floorplan-automation","step":"verify","ok":true}
{"t":"2026-09-10T08:58:00.375Z","path":"/success-stories/hcltech-accelerating-silicon-success-with-synopsys-cloud-ip","step":"verify","ok":true}
{"t":"2026-09-10T08:58:01.179Z","path":"/success-stories/hcltech-speeds-asic-thermal-modeling-with-sentaurus","step":"verify","ok":true}
{"t":"2026-09-10T08:58:01.647Z","path":"/success-stories/ibm-explores-alternative-interconnect-metals","step":"verify","ok":true}
{"t":"2026-09-10T08:58:03.331Z","path":"/success-stories/impar-leveraging-chip-design-verification-in-the-cloud","step":"verify","ok":true}
{"t":"2026-09-10T08:58:05.300Z","path":"/success-stories/infineon-drives-automotive-mcu-performance-with-synopsys","step":"verify","ok":true}
{"t":"2026-09-10T08:58:06.427Z","path":"/success-stories/intel-achieves-first-ucie-connected-chiplet-based-test-chip","step":"verify","ok":true}
{"t":"2026-09-10T08:58:06.616Z","path":"/success-stories/intel-accelerates-x-propagation-debug-with-synopsys-verdi-xrca-technology","step":"verify","ok":true}
{"t":"2026-09-10T08:58:08.581Z","path":"/success-stories/intel-replicates-real-world-vulnerability","step":"verify","ok":true}
{"t":"2026-09-10T08:58:10.063Z","path":"/success-stories/intel-self-timed-sram-timing-verification-nanotime","step":"verify","ok":true}
{"t":"2026-09-10T08:58:11.054Z","path":"/success-stories/intel-sepl","step":"verify","ok":true}
{"t":"2026-09-10T08:58:11.450Z","path":"/success-stories/intelliprop-meets-design-schedule-for-memory-controller","step":"verify","ok":true}
{"t":"2026-09-10T08:58:13.541Z","path":"/success-stories/iontra-accelerates-dev-synopsys-cloud-saas","step":"verify","ok":true}
{"t":"2026-09-10T08:58:15.093Z","path":"/success-stories/keysight-validates-pcie-6-0-specification","step":"verify","ok":true}
{"t":"2026-09-10T08:58:15.919Z","path":"/success-stories/lightelligence-revolutionizes-optical-soc-design","step":"verify","ok":true}
{"t":"2026-09-10T08:58:16.413Z","path":"/success-stories/mediatek-2nm-sram-yield-hcva-primesim-xa","step":"verify","ok":true}
{"t":"2026-09-10T08:58:18.408Z","path":"/success-stories/mentium-accelerates-ai-chip-tape-out-for-space-applications","step":"verify","ok":true}
{"t":"2026-09-10T08:58:19.857Z","path":"/success-stories/microsoft-uncovers-hidden-testbench-bugs","step":"verify","ok":true}
{"t":"2026-09-10T08:58:20.766Z","path":"/success-stories/multibeam-innovation-with-e-beam-lithography","step":"verify","ok":true}
{"t":"2026-09-10T08:58:21.167Z","path":"/success-stories/neuchips-creates-ai-accelerator-chip-in-18-months","step":"verify","ok":true}
{"t":"2026-09-10T08:58:23.070Z","path":"/success-stories/neureality-accelerating-ai-chip-tape-out-with-cloud-based-emulation","step":"verify","ok":true}
{"t":"2026-09-10T08:58:24.510Z","path":"/success-stories/neureality-ml-driven-simulation-faster-coverage-bug-detection","step":"verify","ok":true}
{"t":"2026-09-10T08:58:25.849Z","path":"/success-stories/novatek-achieves-first-pass-silicon-success-for-mobile-display-soc","step":"verify","ok":true}
{"t":"2026-09-10T08:58:26.490Z","path":"/success-stories/nxp-accelerates-automotive-software-and-processor-design","step":"verify","ok":true}
{"t":"2026-09-10T08:58:27.882Z","path":"/success-stories/orbbec-achieves-first-pass-silicon-success-for-3d-camera","step":"verify","ok":true}
{"t":"2026-09-10T08:58:29.776Z","path":"/success-stories/parade-technologies-tapes-out-usb4-retimer-dut-with-synopsys","step":"verify","ok":true}
{"t":"2026-09-10T08:58:31.040Z","path":"/success-stories/rebellions-transforms-energy-efficient-ai-computing","step":"verify","ok":true}
{"t":"2026-09-10T08:58:31.213Z","path":"/success-stories/samsung-foundry-achieves-accelerated-multi-die-system-design","step":"verify","ok":true}
{"t":"2026-09-10T08:58:32.407Z","path":"/success-stories/sima-ai-enables-edge-machine-learning-applications","step":"verify","ok":true}
{"t":"2026-09-10T08:58:34.611Z","path":"/success-stories/sophic-silicon-accelerates-wireless-soc-innovation","step":"verify","ok":true}
{"t":"2026-09-10T08:58:35.995Z","path":"/success-stories/stmicroelectronics-power-aware-clock-domain-crossing","step":"verify","ok":true}
{"t":"2026-09-10T08:58:36.242Z","path":"/success-stories/synaptics-arc-hs58x3-migration-with-synopsys-qik-and-dso-ai","step":"verify","ok":true}
{"t":"2026-09-10T08:58:37.102Z","path":"/success-stories/tetramem-develops-novel-ai-accelerator-soc","step":"verify","ok":true}
{"t":"2026-09-10T08:58:39.882Z","path":"/success-stories/view-all","step":"verify","ok":true}
{"t":"2026-09-10T08:58:40.715Z","path":"/support/dw-license-notice","step":"verify","ok":true}
{"t":"2026-09-10T08:58:41.129Z","path":"/success-stories/xconn-achieves-first-pass-silicon-success-for-cxl-switch-soc","step":"verify","ok":true}
{"t":"2026-09-10T08:58:41.469Z","path":"/support/licensing-installation-computeplatforms/ansys","step":"verify","ok":true}
{"t":"2026-09-10T08:58:44.585Z","path":"/support/licensing-installation-computeplatforms/compute-platforms/compute-platforms-roadmap","step":"verify","ok":true}
{"t":"2026-09-10T08:58:45.121Z","path":"/support/licensing-installation-computeplatforms/compute-platforms/platform-notice/2004-red-hat-linux-versions","step":"verify","ok":true}
{"t":"2026-09-10T08:58:45.415Z","path":"/support/licensing-installation-computeplatforms/compute-platforms/platform-notice/2005-hp-ux-platform-end-of-life","step":"verify","ok":true}
{"t":"2026-09-10T08:58:46.531Z","path":"/support/licensing-installation-computeplatforms/compute-platforms/platform-notice/2005-qsc-solaris-aix-baseline-changes","step":"verify","ok":true}
{"t":"2026-09-10T08:58:48.945Z","path":"/support/licensing-installation-computeplatforms/compute-platforms/platform-notice/2006-ic-workbench-ev-on-hp-ux","step":"verify","ok":true}
{"t":"2026-09-10T08:58:49.595Z","path":"/support/licensing-installation-computeplatforms/compute-platforms/platform-notice/2006-proteus-products-on-hp-ux-or-red-hat-linux","step":"verify","ok":true}
{"t":"2026-09-10T08:58:49.734Z","path":"/support/licensing-installation-computeplatforms/compute-platforms/platform-notice/2006-os-platform-end-of-life-itanium-processor","step":"verify","ok":true}
{"t":"2026-09-10T08:58:50.937Z","path":"/support/licensing-installation-computeplatforms/compute-platforms/platform-notice/2007-a-foundation-red-hat-enterprise-linux-baseline-changes","step":"verify","ok":true}
{"t":"2026-09-10T08:58:53.415Z","path":"/support/licensing-installation-computeplatforms/compute-platforms/platform-notice/2007-ic-workbench-product-on-the-sun-sparc-solaris-platform","step":"verify","ok":true}
{"t":"2026-09-10T08:58:53.841Z","path":"/support/licensing-installation-computeplatforms/compute-platforms/platform-notice/2007-proteus-products-on-the-ia-64","step":"verify","ok":true}
{"t":"2026-09-10T08:58:53.914Z","path":"/support/licensing-installation-computeplatforms/compute-platforms/platform-notice/2007-proteus-products-on-the-sun-sparc-solaris-platform","step":"verify","ok":true}
{"t":"2026-09-10T08:58:55.486Z","path":"/support/licensing-installation-computeplatforms/compute-platforms/platform-notice/2007-proteus-sun-sparc-solaris-platform","step":"verify","ok":true}
{"t":"2026-09-10T08:58:57.573Z","path":"/support/licensing-installation-computeplatforms/compute-platforms/platform-notice/2007-sivl-products-on-the-ia-64-itanium-platform","step":"verify","ok":true}
{"t":"2026-09-10T08:58:58.186Z","path":"/support/licensing-installation-computeplatforms/compute-platforms/platform-notice/2011-microsoft-windows-support-changes","step":"verify","ok":true}
{"t":"2026-09-10T08:58:58.386Z","path":"/support/licensing-installation-computeplatforms/compute-platforms/platform-notice/2008-sparc-solaris-schedule-change","step":"verify","ok":true}
{"t":"2026-09-10T08:58:59.953Z","path":"/support/licensing-installation-computeplatforms/compute-platforms/platform-notice/2011-sparc-solaris-support-changes","step":"verify","ok":true}
{"t":"2026-09-10T08:59:02.092Z","path":"/support/licensing-installation-computeplatforms/compute-platforms/platform-notice/2012-i-foundation-red-hat-enterprise-linux-baseline-changes","step":"verify","ok":true}
{"t":"2026-09-10T08:59:02.502Z","path":"/support/licensing-installation-computeplatforms/compute-platforms/platform-notice/2015-end-of-support-for-synopsys-license-server-on-sparc-olaris","step":"verify","ok":true}
{"t":"2026-09-10T08:59:03.113Z","path":"/support/licensing-installation-computeplatforms/compute-platforms/platform-notice/2015-k-foundation-solaris-sparc-support-end-of-life","step":"verify","ok":true}
{"t":"2026-09-10T08:59:04.517Z","path":"/support/licensing-installation-computeplatforms/compute-platforms/platform-notice/2015-platform-name-change-for-red-hat-enterprise-linux","step":"verify","ok":true}
{"t":"2026-09-10T08:59:06.219Z","path":"/support/licensing-installation-computeplatforms/compute-platforms/platform-notice/2015-suse-port-moving-linux-executable","step":"verify","ok":true}
{"t":"2026-09-10T08:59:06.768Z","path":"/support/licensing-installation-computeplatforms/compute-platforms/platform-notice/2016-m-foundation-red-hat-enterprise-linux","step":"verify","ok":true}
{"t":"2026-09-10T08:59:07.710Z","path":"/support/licensing-installation-computeplatforms/compute-platforms/platform-notice/2017-o-foundation-suse-linux-and-windows-support-changes","step":"verify","ok":true}
{"t":"2026-09-10T08:59:08.986Z","path":"/support/licensing-installation-computeplatforms/compute-platforms/platform-notice","step":"verify","ok":true}
{"t":"2026-09-10T08:59:11.103Z","path":"/support/licensing-installation-computeplatforms/compute-platforms/release-specific-support/supported-a-foundation","step":"verify","ok":true}
{"t":"2026-09-10T08:59:11.468Z","path":"/support/licensing-installation-computeplatforms/compute-platforms/release-specific-support/supported-j-foundation","step":"verify","ok":true}
{"t":"2026-09-10T08:59:12.206Z","path":"/support/licensing-installation-computeplatforms/compute-platforms/release-specific-support/supported-m-foundation","step":"verify","ok":true}
{"t":"2026-09-10T08:59:13.383Z","path":"/support/licensing-installation-computeplatforms/compute-platforms/release-specific-support/supported-n-foundation","step":"verify","ok":true}
{"t":"2026-09-10T08:59:15.606Z","path":"/support/licensing-installation-computeplatforms/compute-platforms/release-specific-support/supported-o-foundation","step":"verify","ok":true}
{"t":"2026-09-10T08:59:16.205Z","path":"/support/licensing-installation-computeplatforms/compute-platforms/release-specific-support/supported-p-foundation","step":"verify","ok":true}
{"t":"2026-09-10T08:59:16.601Z","path":"/support/licensing-installation-computeplatforms/compute-platforms/release-specific-support/supported-q-foundation","step":"verify","ok":true}
{"t":"2026-09-10T08:59:18.394Z","path":"/support/licensing-installation-computeplatforms/compute-platforms/release-specific-support/supported-r-foundation","step":"verify","ok":true}
{"t":"2026-09-10T08:59:20.702Z","path":"/support/licensing-installation-computeplatforms/compute-platforms/release-specific-support/supported-t-foundation","step":"verify","ok":true}
{"t":"2026-09-10T08:59:20.758Z","path":"/support/licensing-installation-computeplatforms/compute-platforms/release-specific-support/supported-s-foundation","step":"verify","ok":true}
{"t":"2026-09-10T08:59:21.285Z","path":"/support/licensing-installation-computeplatforms/compute-platforms/release-specific-support/supported-u-foundation","step":"verify","ok":true}
{"t":"2026-09-10T08:59:23.213Z","path":"/support/licensing-installation-computeplatforms/compute-platforms/release-specific-support/supported-v-foundation","step":"verify","ok":true}
{"t":"2026-09-10T08:59:25.052Z","path":"/support/licensing-installation-computeplatforms/compute-platforms/release-specific-support/supported-w-foundation","step":"verify","ok":true}
{"t":"2026-09-10T08:59:25.435Z","path":"/support/licensing-installation-computeplatforms/compute-platforms/release-specific-support/supported-x-foundation","step":"verify","ok":true}
{"t":"2026-09-10T08:59:25.659Z","path":"/support/licensing-installation-computeplatforms/compute-platforms/release-specific-support/supported-y-foundation","step":"verify","ok":true}
{"t":"2026-09-10T08:59:27.624Z","path":"/support/licensing-installation-computeplatforms/compute-platforms/release-specific-support/supported-z-foundation","step":"verify","ok":true}
{"t":"2026-09-10T08:59:29.451Z","path":"/support/licensing-installation-computeplatforms/compute-platforms/release-specific-support/synopsys-k-foundation","step":"verify","ok":true}
{"t":"2026-09-10T08:59:29.951Z","path":"/support/licensing-installation-computeplatforms/compute-platforms/release-specific-support/synopsys-l-foundation","step":"verify","ok":true}
{"t":"2026-09-10T08:59:30.195Z","path":"/support/licensing-installation-computeplatforms/compute-platforms/release-specific-support","step":"verify","ok":true}
{"t":"2026-09-10T08:59:32.296Z","path":"/support/licensing-installation-computeplatforms/css","step":"verify","ok":true}
{"t":"2026-09-10T08:59:33.937Z","path":"/support/licensing-installation-computeplatforms/installation/archived-installation-guides","step":"verify","ok":true}
{"t":"2026-09-10T08:59:34.388Z","path":"/support/licensing-installation-computeplatforms/installation/installation-guide-products-not-found","step":"verify","ok":true}
{"t":"2026-09-10T08:59:35.081Z","path":"/support/licensing-installation-computeplatforms/installation","step":"verify","ok":true}
{"t":"2026-09-10T08:59:36.758Z","path":"/support/licensing-installation-computeplatforms/licensing/magma-tools","step":"verify","ok":true}
{"t":"2026-09-10T08:59:38.284Z","path":"/support/licensing-installation-computeplatforms/licensing/scl-supported-os","step":"verify","ok":true}
{"t":"2026-09-10T08:59:38.992Z","path":"/support/licensing-installation-computeplatforms/licensing/springsoft-tools","step":"verify","ok":true}
{"t":"2026-09-10T08:59:39.871Z","path":"/support/licensing-installation-computeplatforms/licensing/synplicity-users","step":"verify","ok":true}
{"t":"2026-09-10T08:59:41.595Z","path":"/support/licensing-installation-computeplatforms/licensing","step":"verify","ok":true}
{"t":"2026-09-10T08:59:43.062Z","path":"/support/licensing-installation-computeplatforms/synopsys-documentation","step":"verify","ok":true}
{"t":"2026-09-10T08:59:43.629Z","path":"/support/training/locations/locations-austin","step":"verify","ok":true}
{"t":"2026-09-10T08:59:43.690Z","path":"/support/training/badging-certification","step":"verify","ok":true}
{"t":"2026-09-10T08:59:45.418Z","path":"/support/training/locations/locations-bangalore","step":"verify","ok":true}
{"t":"2026-09-10T08:59:46.631Z","path":"/support/training/locations/locations-denmark","step":"verify","ok":true}
{"t":"2026-09-10T08:59:47.117Z","path":"/support/training/locations/locations-finland","step":"verify","ok":true}
{"t":"2026-09-10T08:59:47.172Z","path":"/support/training/locations/locations-france-grenoble","step":"verify","ok":true}
{"t":"2026-09-10T08:59:49.117Z","path":"/support/training/locations/locations-germany","step":"verify","ok":true}
{"t":"2026-09-10T08:59:50.440Z","path":"/support/training/locations/locations-hillsboro","step":"verify","ok":true}
{"t":"2026-09-10T08:59:50.710Z","path":"/support/training/locations/locations-israel","step":"verify","ok":true}
{"t":"2026-09-10T08:59:50.999Z","path":"/support/training/locations/locations-italy","step":"verify","ok":true}
{"t":"2026-09-10T08:59:53.051Z","path":"/support/training/locations/locations-longmont","step":"verify","ok":true}
{"t":"2026-09-10T08:59:54.360Z","path":"/support/training/locations/locations-mtview","step":"verify","ok":true}
{"t":"2026-09-10T08:59:54.481Z","path":"/support/training/locations/locations-marlborough","step":"verify","ok":true}
{"t":"2026-09-10T08:59:54.541Z","path":"/support/training/locations/locations-singapore","step":"verify","ok":true}
{"t":"2026-09-10T08:59:56.744Z","path":"/support/training/locations/locations-sweden","step":"verify","ok":true}
{"t":"2026-09-10T08:59:58.093Z","path":"/support/training/locations/locations-uk","step":"verify","ok":true}
{"t":"2026-09-10T08:59:58.151Z","path":"/support/training/locations/na-toc","step":"verify","ok":true}
{"t":"2026-09-10T08:59:58.204Z","path":"/support/training/locations/locations-taiwan","step":"verify","ok":true}
{"t":"2026-09-10T09:00:00.201Z","path":"/support/training/locations/naeducation-packages","step":"verify","ok":true}
{"t":"2026-09-10T09:00:02.921Z","path":"/support/training/locations","step":"verify","ok":true}
{"t":"2026-09-10T09:00:03.681Z","path":"/verification/debug/verdi","step":"verify","ok":true}
{"t":"2026-09-10T09:00:05.083Z","path":"/verification/emulation-prototyping/emulation/zebu-cloud-solution","step":"verify","ok":true}
{"t":"2026-09-10T09:00:06.388Z","path":"/verification/emulation-prototyping/hav-interface-solutions","step":"verify","ok":true}
{"t":"2026-09-10T09:00:07.984Z","path":"/verification/emulation-prototyping/prototyping","step":"verify","ok":true}
{"t":"2026-09-10T09:00:08.883Z","path":"/verification/ide","step":"verify","ok":true}
{"t":"2026-09-10T09:00:09.673Z","path":"/verification/static-and-formal-verification/vc-formal/vc-formal-training-videos","step":"verify","ok":true}
{"t":"2026-09-10T09:00:11.521Z","path":"/verification/vc-formal-services","step":"verify","ok":true}
{"t":"2026-09-10T09:00:12.822Z","path":"/verification/vc-functional-safety-manager","step":"verify","ok":true}
{"t":"2026-09-10T09:00:13.961Z","path":"/verification/verification-ip/amba/amba-ahb","step":"verify","ok":true}
{"t":"2026-09-10T09:00:15.004Z","path":"/verification/verification-ip/amba/amba-apb","step":"verify","ok":true}
{"t":"2026-09-10T09:00:16.588Z","path":"/verification/verification-ip/amba/amba-atb","step":"verify","ok":true}
{"t":"2026-09-10T09:00:18.373Z","path":"/verification/verification-ip/amba/amba-c2c","step":"verify","ok":true}
{"t":"2026-09-10T09:00:18.924Z","path":"/verification/verification-ip/amba/amba-cxs","step":"verify","ok":true}
{"t":"2026-09-10T09:00:19.556Z","path":"/verification/verification-ip/amba/amba-stream","step":"verify","ok":true}
{"t":"2026-09-10T09:00:21.885Z","path":"/verification/verification-ip/automotive/can20-fd-tt","step":"verify","ok":true}
{"t":"2026-09-10T09:00:23.216Z","path":"/verification/verification-ip/automotive/ethernet","step":"verify","ok":true}
{"t":"2026-09-10T09:00:24.044Z","path":"/verification/verification-ip/automotive/flexray","step":"verify","ok":true}
{"t":"2026-09-10T09:00:25.043Z","path":"/verification/verification-ip/automotive/lin-verification-ip","step":"verify","ok":true}
{"t":"2026-09-10T09:00:27.028Z","path":"/verification/verification-ip/bus-interface/12c","step":"verify","ok":true}
{"t":"2026-09-10T09:00:28.735Z","path":"/verification/verification-ip/bus-interface/avsbus","step":"verify","ok":true}
{"t":"2026-09-10T09:00:29.214Z","path":"/verification/verification-ip/bus-interface/12s","step":"verify","ok":true}
{"t":"2026-09-10T09:00:29.594Z","path":"/verification/verification-ip/bus-interface/cpri","step":"verify","ok":true}
{"t":"2026-09-10T09:00:32.375Z","path":"/verification/verification-ip/bus-interface/fibre-channel","step":"verify","ok":true}
{"t":"2026-09-10T09:00:34.184Z","path":"/verification/verification-ip/bus-interface/jtag","step":"verify","ok":true}
{"t":"2026-09-10T09:00:34.317Z","path":"/verification/verification-ip/bus-interface/interlaken","step":"verify","ok":true}
{"t":"2026-09-10T09:00:34.936Z","path":"/verification/verification-ip/bus-interface/ocp","step":"verify","ok":true}
{"t":"2026-09-10T09:00:38.335Z","path":"/verification/verification-ip/bus-interface/sdio","step":"verify","ok":true}
{"t":"2026-09-10T09:00:39.355Z","path":"/verification/verification-ip/bus-interface/smbus","step":"verify","ok":true}
{"t":"2026-09-10T09:00:39.479Z","path":"/verification/verification-ip/bus-interface/swd","step":"verify","ok":true}
{"t":"2026-09-10T09:00:40.103Z","path":"/verification/verification-ip/bus-interface/tilelink","step":"verify","ok":true}
{"t":"2026-09-10T09:00:43.239Z","path":"/verification/verification-ip/bus-interface/uart","step":"verify","ok":true}
{"t":"2026-09-10T09:00:44.487Z","path":"/verification/verification-ip/bus-interface/vc-verification-ip-for-jesd204","step":"verify","ok":true}
{"t":"2026-09-10T09:00:44.558Z","path":"/verification/verification-ip/display/displayport","step":"verify","ok":true}
{"t":"2026-09-10T09:00:44.945Z","path":"/verification/verification-ip/display/edp","step":"verify","ok":true}
{"t":"2026-09-10T09:00:48.292Z","path":"/verification/verification-ip/display/hdmi","step":"verify","ok":true}
{"t":"2026-09-10T09:00:49.560Z","path":"/verification/verification-ip/ethernet/ethernet-1-6t","step":"verify","ok":true}
{"t":"2026-09-10T09:00:49.885Z","path":"/verification/verification-ip/ethernet/ethernet-base-t","step":"verify","ok":true}
{"t":"2026-09-10T09:00:50.321Z","path":"/verification/verification-ip/ethernet/ethernet-avb","step":"verify","ok":true}
{"t":"2026-09-10T09:00:53.076Z","path":"/verification/verification-ip/ethernet/uec","step":"verify","ok":true}
{"t":"2026-09-10T09:00:55.130Z","path":"/verification/verification-ip/memory/gddr6","step":"verify","ok":true}
{"t":"2026-09-10T09:00:55.242Z","path":"/verification/verification-ip/memory/dfi-verification-ip","step":"verify","ok":true}
{"t":"2026-09-10T09:00:55.355Z","path":"/verification/verification-ip/memory/ddr5","step":"verify","ok":true}
{"t":"2026-09-10T09:00:58.246Z","path":"/verification/verification-ip/memory/hbm-verificationip","step":"verify","ok":true}
{"t":"2026-09-10T09:01:00.079Z","path":"/verification/verification-ip/memory/hmc-verification-ip","step":"verify","ok":true}
{"t":"2026-09-10T09:01:00.183Z","path":"/verification/verification-ip/memory/nvdimm-p","step":"verify","ok":true}
{"t":"2026-09-10T09:01:00.211Z","path":"/verification/verification-ip/memory/ip-lpddr","step":"verify","ok":true}
{"t":"2026-09-10T09:01:02.986Z","path":"/verification/verification-ip/memory/onfi","step":"verify","ok":true}
{"t":"2026-09-10T09:01:04.894Z","path":"/verification/verification-ip/memory/toggglenand","step":"verify","ok":true}
{"t":"2026-09-10T09:01:05.174Z","path":"/verification/verification-ip/memory/spi-qspi","step":"verify","ok":true}
{"t":"2026-09-10T09:01:05.452Z","path":"/verification/verification-ip/memory/sd-host-card","step":"verify","ok":true}
{"t":"2026-09-10T09:01:08.196Z","path":"/verification/verification-ip/memory/uhs-ii-sd-tran","step":"verify","ok":true}
{"t":"2026-09-10T09:01:09.817Z","path":"/verification/verification-ip/mipi/d-phy","step":"verify","ok":true}
{"t":"2026-09-10T09:01:09.852Z","path":"/verification/verification-ip/mipi/c-phy","step":"verify","ok":true}
{"t":"2026-09-10T09:01:10.176Z","path":"/verification/verification-ip/mipi/mipi-13c","step":"verify","ok":true}
{"t":"2026-09-10T09:01:12.681Z","path":"/verification/verification-ip/mipi/mipi-csi-2","step":"verify","ok":true}
{"t":"2026-09-10T09:01:14.440Z","path":"/verification/verification-ip/mipi/mipi-m-phy","step":"verify","ok":true}
{"t":"2026-09-10T09:01:14.927Z","path":"/verification/verification-ip/mipi/mipi-dsi","step":"verify","ok":true}
{"t":"2026-09-10T09:01:15.050Z","path":"/verification/verification-ip/mipi/slimbus","step":"verify","ok":true}
{"t":"2026-09-10T09:01:17.519Z","path":"/verification/verification-ip/mipi/soundwire","step":"verify","ok":true}
{"t":"2026-09-10T09:01:19.316Z","path":"/verification/verification-ip/mipi/spmi","step":"verify","ok":true}
{"t":"2026-09-10T09:01:19.657Z","path":"/verification/verification-ip/mipi/unipro","step":"verify","ok":true}
{"t":"2026-09-10T09:01:20.174Z","path":"/verification/verification-ip/mipi/ufs","step":"verify","ok":true}
{"t":"2026-09-10T09:01:22.349Z","path":"/verification/verification-ip/mipi/vc-verification-ip-for-mipi-rffe","step":"verify","ok":true}
{"t":"2026-09-10T09:01:24.473Z","path":"/verification/verification-ip/pcie","step":"verify","ok":true}
{"t":"2026-09-10T09:01:24.974Z","path":"/verification/verification-ip/storage/sas","step":"verify","ok":true}
{"t":"2026-09-10T09:01:25.018Z","path":"/verification/verification-ip/storage/nvme","step":"verify","ok":true}
{"t":"2026-09-10T09:01:27.267Z","path":"/verification/verification-ip/storage/sata","step":"verify","ok":true}
{"t":"2026-09-10T09:01:29.705Z","path":"/verification/verification-ip/subsystems/compute-express-link","step":"verify","ok":true}
{"t":"2026-09-10T09:01:29.873Z","path":"/verification/verification-ip/subsystems/usb-type-c-subsystem","step":"verify","ok":true}
{"t":"2026-09-10T09:01:29.922Z","path":"/verification/verification-ip/subsystems/vc-verification-ip-for-ucie","step":"verify","ok":true}
{"t":"2026-09-10T09:01:32.055Z","path":"/verification/verification-ip/subsystems/vc-verification-ip-usb4","step":"verify","ok":true}
{"t":"2026-09-10T09:01:34.224Z","path":"/verification/verification-ip/subsystems/verification-ip-usb2","step":"verify","ok":true}
{"t":"2026-09-10T09:01:35.001Z","path":"/verification/verification-ip/usb/usb-power-delivery","step":"verify","ok":true}
{"t":"2026-09-10T09:01:35.160Z","path":"/verification/verification-ip/ualink","step":"verify","ok":true}
{"t":"2026-09-10T09:01:36.843Z","path":"/verification/verification-ip/usb/usb","step":"verify","ok":true}
{"t":"2026-09-10T09:01:39.118Z","path":"/verification/verification-ip","step":"verify","ok":true}
{"t":"2026-09-10T09:01:39.780Z","path":"/verification/virtual-prototyping/platform-architect-models","step":"verify","ok":true}
{"t":"2026-09-10T09:01:40.739Z","path":"/verification/virtual-prototyping/automotive-ecosystem-collaboration","step":"verify","ok":true}
{"t":"2026-09-10T09:01:41.260Z","path":"/verification/virtual-prototyping/references/amg","step":"verify","ok":true}
{"t":"2026-09-10T09:01:43.528Z","path":"/verification/virtual-prototyping/references/gif","step":"verify","ok":true}
{"t":"2026-09-10T09:01:44.399Z","path":"/verification/virtual-prototyping/references/haldex","step":"verify","ok":true}
{"t":"2026-09-10T09:01:45.107Z","path":"/verification/virtual-prototyping/references/iav","step":"verify","ok":true}
{"t":"2026-09-10T09:01:46.086Z","path":"/verification/virtual-prototyping/references/mercedes-benz","step":"verify","ok":true}
{"t":"2026-09-10T09:01:47.988Z","path":"/verification/virtual-prototyping/references/renault","step":"verify","ok":true}
{"t":"2026-09-10T09:01:49.068Z","path":"/verification/virtual-prototyping/references/volvo","step":"verify","ok":true}
{"t":"2026-09-10T09:01:49.338Z","path":"/verification/virtual-prototyping/silver/silver-videos","step":"verify","ok":true}
{"t":"2026-09-10T09:01:51.957Z","path":"/verification/virtual-prototyping/virtual-prototyping-solutions-for-arm","step":"verify","ok":true}
{"t":"2026-09-10T09:01:52.720Z","path":"/verification/virtual-prototyping/virtualizer-models","step":"verify","ok":true}
{"t":"2026-09-10T09:01:53.925Z","path":"/verification/virtual-prototyping/virtualizer","step":"verify","ok":true}
{"t":"2026-09-10T09:01:54.332Z","path":"/verification","step":"verify","ok":true}
{"t":"2026-09-10T09:01:56.830Z","path":"/webinars/accelerate-coverage-closure-ai-ml-vcs-ico-technology","step":"verify","ok":true}
{"t":"2026-09-10T09:01:58.387Z","path":"/webinars/accelerate-coverage-closure-vso-ai","step":"verify","ok":true}
{"t":"2026-09-10T09:01:58.914Z","path":"/webinars/accelerated-sdv-development","step":"verify","ok":true}
{"t":"2026-09-10T09:01:59.588Z","path":"/webinars/accelerating-sdv-development-virtualization-tools-and-technology","step":"verify","ok":true}
{"t":"2026-09-10T09:02:02.213Z","path":"/webinars/advanced-usage-synopsys-virtualizer-pre-silicon-sw-development","step":"verify","ok":true}
{"t":"2026-09-10T09:02:03.640Z","path":"/webinars/ai-driven-debug-verdi","step":"verify","ok":true}
{"t":"2026-09-10T09:02:03.771Z","path":"/webinars/ai-driven-verification","step":"verify","ok":true}
{"t":"2026-09-10T09:02:04.368Z","path":"/webinars/ai-in-eda-chip-design","step":"verify","ok":true}
{"t":"2026-09-10T09:02:07.031Z","path":"/webinars/analog-design-in-cloud","step":"verify","ok":true}
{"t":"2026-09-10T09:02:08.658Z","path":"/webinars/automated-constraints-promotion-methodology","step":"verify","ok":true}
{"t":"2026-09-10T09:02:08.725Z","path":"/webinars/arm-multi-die-architecture-designs","step":"verify","ok":true}
{"t":"2026-09-10T09:02:09.207Z","path":"/webinars/automotive-margin","step":"verify","ok":true}
{"t":"2026-09-10T09:02:11.986Z","path":"/webinars/cdc-debug-ml-rca","step":"verify","ok":true}
{"t":"2026-09-10T09:02:13.520Z","path":"/webinars/clock-gating-vc-formal-part-2","step":"verify","ok":true}
{"t":"2026-09-10T09:02:13.562Z","path":"/webinars/correct-by-construction-coding-euclide","step":"verify","ok":true}
{"t":"2026-09-10T09:02:13.683Z","path":"/webinars/constraints-driven-cdc-and-rdc-verification","step":"verify","ok":true}
{"t":"2026-09-10T09:02:16.882Z","path":"/webinars/deep-dive-synopsys-ai","step":"verify","ok":true}
{"t":"2026-09-10T09:02:18.076Z","path":"/webinars/digital-cloud-instance","step":"verify","ok":true}
{"t":"2026-09-10T09:02:18.519Z","path":"/webinars/dso-ai-demo","step":"verify","ok":true}
{"t":"2026-09-10T09:02:18.628Z","path":"/webinars/efficient-and-robust-memory-verification-in-modern-socs-using-formal-equivalence-checker","step":"verify","ok":true}
{"t":"2026-09-10T09:02:21.317Z","path":"/webinars/equivalence-checking-with-formality","step":"verify","ok":true}
{"t":"2026-09-10T09:02:23.203Z","path":"/webinars/fast-accurate-functional-ecos-with-formality-eco","step":"verify","ok":true}
{"t":"2026-09-10T09:02:23.355Z","path":"/webinars/formal-datapath-validation-ai-processors","step":"verify","ok":true}
{"t":"2026-09-10T09:02:23.684Z","path":"/webinars/fab-da-ai-process-analytics","step":"verify","ok":true}
{"t":"2026-09-10T09:02:26.002Z","path":"/webinars/functional-correctness-security-risc-v-cores","step":"verify","ok":true}
{"t":"2026-09-10T09:02:28.179Z","path":"/webinars/functional-verification-to-fault-simulation","step":"verify","ok":true}
{"t":"2026-09-10T09:02:28.387Z","path":"/webinars/functional-ecos-formality","step":"verify","ok":true}
{"t":"2026-09-10T09:02:28.449Z","path":"/webinars/functional-eco-using-formality-eco","step":"verify","ok":true}
{"t":"2026-09-10T09:02:30.750Z","path":"/webinars/high-reliability-functional-safety-fpga","step":"verify","ok":true}
{"t":"2026-09-10T09:02:33.047Z","path":"/webinars/improve-vcs-simulation","step":"verify","ok":true}
{"t":"2026-09-10T09:02:33.354Z","path":"/webinars/manufacturing-test-flows-vc-z01x","step":"verify","ok":true}
{"t":"2026-09-10T09:02:33.454Z","path":"/webinars/invisible-keys-from-pufs","step":"verify","ok":true}
{"t":"2026-09-10T09:02:35.655Z","path":"/webinars/maximize-productivity-ppa","step":"verify","ok":true}
{"t":"2026-09-10T09:02:37.830Z","path":"/webinars/mitigating-ai-data-bottlenecks-pcie-7","step":"verify","ok":true}
{"t":"2026-09-10T09:02:37.858Z","path":"/webinars/migrate-analog-design","step":"verify","ok":true}
{"t":"2026-09-10T09:02:38.047Z","path":"/webinars/ml-driven-equivalence-checking-formality","step":"verify","ok":true}
{"t":"2026-09-10T09:02:40.587Z","path":"/webinars/next-generation-3dic-interposer-info-design","step":"verify","ok":true}
{"t":"2026-09-10T09:02:42.629Z","path":"/webinars/nvm-otp-tsmc-n5","step":"verify","ok":true}
{"t":"2026-09-10T09:02:42.916Z","path":"/webinars/noc-design-platform-integration-early-benchmarking-automotive-processor-socs","step":"verify","ok":true}
{"t":"2026-09-10T09:02:43.103Z","path":"/webinars/optimal-ppa-targets-dso-ai","step":"verify","ok":true}
{"t":"2026-09-10T09:02:45.068Z","path":"/webinars/optimize-atpg-tso-ai","step":"verify","ok":true}
{"t":"2026-09-10T09:02:47.320Z","path":"/webinars/path-to-1-6tbe-224g-ethernet-phy-ip","step":"verify","ok":true}
{"t":"2026-09-10T09:02:47.595Z","path":"/webinars/pcie-and-ethernet-over-optics","step":"verify","ok":true}
{"t":"2026-09-10T09:02:48.821Z","path":"/webinars/pcie-cxl-latency-power-considerations-hpc-socs","step":"verify","ok":true}
{"t":"2026-09-10T09:02:49.499Z","path":"/webinars/power-of-ai-chip-design","step":"verify","ok":true}
{"t":"2026-09-10T09:02:52.177Z","path":"/webinars/real-time-processing-automotive-safety","step":"verify","ok":true}
{"t":"2026-09-10T09:02:52.602Z","path":"/webinars/rf-mmwave-reference-flow","step":"verify","ok":true}
{"t":"2026-09-10T09:02:54.203Z","path":"/webinars/scalable-on-demand-verification","step":"verify","ok":true}
{"t":"2026-09-10T09:02:55.320Z","path":"/webinars/rtl-power-analysis","step":"verify","ok":true}
{"t":"2026-09-10T09:02:58.258Z","path":"/webinars/seamless-license-management","step":"verify","ok":true}
{"t":"2026-09-10T09:02:58.268Z","path":"/webinars/silicon-da-slm-analytics","step":"verify","ok":true}
{"t":"2026-09-10T09:02:59.427Z","path":"/webinars/silicon-lifecycle-management-automotive","step":"verify","ok":true}
{"t":"2026-09-10T09:03:00.238Z","path":"/webinars/slm-pvt-monitoring-gaa","step":"verify","ok":true}
{"t":"2026-09-10T09:03:03.410Z","path":"/webinars/soc-connectivity-verification-vc-formal","step":"verify","ok":true}
{"t":"2026-09-10T09:03:03.842Z","path":"/webinars/soc-design-verification-family","step":"verify","ok":true}
{"t":"2026-09-10T09:03:05.010Z","path":"/webinars/testmax-advisor","step":"verify","ok":true}
{"t":"2026-09-10T09:03:05.216Z","path":"/webinars/software-approach-avoid-respins","step":"verify","ok":true}
{"t":"2026-09-10T09:03:08.233Z","path":"/webinars/transition-to-pcie-7-now","step":"verify","ok":true}
{"t":"2026-09-10T09:03:09.100Z","path":"/webinars/trustworthy-automotive-semiconductors","step":"verify","ok":true}
{"t":"2026-09-10T09:03:09.987Z","path":"/webinars/ucie-interface-update","step":"verify","ok":true}
{"t":"2026-09-10T09:03:10.822Z","path":"/webinars/ucie-system-level-verification-challenges","step":"verify","ok":true}
{"t":"2026-09-10T09:03:13.688Z","path":"/webinars/verdi-euclide-ide-integration","step":"verify","ok":true}
{"t":"2026-09-10T09:03:14.064Z","path":"/webinars/verify-clock-gating-vc-formal-part-1","step":"verify","ok":true}
{"t":"2026-09-10T09:03:14.967Z","path":"/webinars/virtual-prototyping-software-defined-vehicles","step":"verify","ok":true}
{"t":"2026-09-10T09:03:15.270Z","path":"/webinars/wireline-transmitters-part-1","step":"verify","ok":true}
{"t":"2026-09-10T09:03:18.427Z","path":"/webinars/wireline-transmitters-part-2","step":"verify","ok":true}
{"t":"2026-09-10T09:03:19.491Z","path":"/webinars/wireline-transmitters-part-3","step":"verify","ok":true}
{"t":"2026-09-10T09:03:19.712Z","path":"/webinars/writing-c-cpp-models-efficient-datapath-validation","step":"verify","ok":true}
{"t":"2026-09-10T09:03:20.818Z","path":"/zh-cn","step":"verify","ok":true}
{"t":"2026-09-10T09:03:23.451Z","path":"/zh-tw","step":"verify","ok":true}
